index,search_query,camera_type,violation_code,Latitude,Longitude,inferred_activation_date,first_ticket_date,last_ticket_date,total_tickets_issued,detection_confidence,activation_year
0,"1 AV E 7ST. - E 1 4 ST, NEW YORK, NY",Speed,36,40.678155880305,-73.996009759694,2016-06-20,2016-06-20,2022-07-18,167,low_fallback,2016
1,"1 AV E102 ST. - E 110 ST, NEW YORK, NY",Speed,36,40.793632051061,-73.941619162094,2016-06-13,2016-06-13,2026-03-16,607,high_sustained,2016
2,"1 AV E117 ST. - E 124 ST, NEW YORK, NY",Speed,36,40.801281133108,-73.945310411018,2016-09-12,2016-09-12,2025-10-13,536,high_sustained,2016
3,"1 AV E92 ST. - E1 00 ST, NEW YORK, NY",Speed,36,40.782531103083,-73.950944884946,2017-01-09,2016-06-20,2026-04-06,799,high_sustained,2017
4,"1 AV. E 3 ST - E 4 ST, NEW YORK, NY",Speed,36,40.726636711796,-73.990490093027,2021-11-15,2021-11-15,2023-12-25,26,low_fallback,2021
5,"1 AVE. E33 ST- E3 8 ST, NEW YORK, NY",Speed,36,40.699532954483,-73.97261235358,2017-06-12,2017-06-12,2019-10-28,22,low_fallback,2017
6,"10 AV DYCKMAN ST - W203 ST, NEW YORK, NY",Speed,36,40.859135771732,-73.923211665763,2016-09-12,2016-06-13,2019-01-14,2067,high_sustained,2016
7,"10 AV W203 ST - D YCKMAN ST, NEW YORK, NY",Speed,36,40.864887331084,-73.926625304821,2016-10-10,2016-06-13,2018-12-17,1088,high_sustained,2016
8,"10 AV. W 39 ST - W 43 ST, NEW YORK, NY",Speed,36,40.591146108448,-73.983811949353,2019-09-30,2019-09-30,2020-03-02,19,low_fallback,2019
9,"10 AVE. W22 ST- W 29 ST, NEW YORK, NY",Speed,36,40.591146108448,-73.983811949353,2017-01-30,2017-01-30,2020-03-16,73,low_fallback,2017
10,"10 ST AND CANNON BL VD, NEW YORK, NY",Speed,36,40.567536005083,-74.119032981861,2020-02-24,2020-02-24,2026-08-17,5835,high_sustained,2020
11,"101 AV. 91 ST- WO ODHVN BV, NEW YORK, NY",Speed,36,40.621230914328,-74.037407077519,2017-02-13,2017-02-13,2023-09-04,44,low_fallback,2017
12,"101 AV. WOODHVN B V- 91 ST, NEW YORK, NY",Speed,36,40.600650066039,-74.109103125835,2017-01-16,2017-01-16,2022-12-12,35,low_fallback,2017
13,"101ST AVE AND 104TH ST, NEW YORK, NY",Speed,36,40.686228992737,-73.839062998928,2020-03-30,2020-03-30,2024-12-23,1199,high_sustained,2020
14,"101ST AVE AND 78TH ST, NEW YORK, NY",Speed,36,40.68034900384,-73.85977501695,2021-08-30,2021-08-30,2024-05-27,765,high_sustained,2021
15,"101ST AVE AND 84TH ST, NEW YORK, NY",Red Light,7,40.681607001778,-73.855352976292,2026-02-02,2026-01-26,2026-07-20,321,high_sustained,2026
16,"101ST AVE AND WOODH AVEN BLVD, NEW YORK, NY",Red Light,7,40.684196004031,-73.846255007128,2026-06-01,2026-06-01,2026-07-20,186,high_sustained,2026
17,"102ND ST AND 93RD A VE, NEW YORK, NY",Speed,36,40.690516000935,-73.843123025188,2019-12-09,2019-11-25,2026-08-24,1254,high_sustained,2019
18,"103 STREET. SEAVI EW AVE - AVENUE M, NEW YORK, NY",Speed,36,40.625981077072,-73.900778758505,2024-02-26,2024-02-26,2024-02-26,1,low_fallback,2024
19,"104TH AVE AND 203RD ST, NEW YORK, NY",Speed,36,40.709462999697,-73.75604502566,2019-08-26,2019-08-26,2024-08-19,3972,high_sustained,2019
20,"106TH ST LIBERTY AVE - 101ST AVE, NEW YORK, NY",Speed,36,40.672823814788,-73.906733758906,2024-06-03,2024-06-03,2024-06-03,2,low_fallback,2024
21,"107TH AVE AND 111TH ST, NEW YORK, NY",Red Light,7,40.682458016408,-73.830011968422,2026-02-09,2026-01-19,2026-07-20,507,high_sustained,2026
22,"107TH AVE AND 92ND ST, NEW YORK, NY",Speed,36,40.678544002901,-73.84608602796,2020-05-04,2020-04-27,2022-05-02,525,high_sustained,2020
23,"107TH AVE. 110TH ST - 114TH ST, NEW YORK, NY",Speed,36,40.678175778746,-73.848513477115,2023-07-24,2023-07-24,2026-04-06,48,low_fallback,2023
24,"108 ST 63 RD - HO RACE HRDNG EXPY, NEW YORK, NY",Speed,36,40.759228761944,-73.861252615268,2016-07-04,2016-07-04,2024-04-08,104,low_fallback,2016
25,"108 ST HORACE HRD NG EXPY - 63 RD, NEW YORK, NY",Speed,36,40.65614702265,-73.976249665744,2016-06-20,2016-06-20,2024-04-22,92,low_fallback,2016
26,"108 ST. 52 AV- PE NROD ST, NEW YORK, NY",Speed,36,40.739293290582,-73.855210487501,2017-01-02,2017-01-02,2023-05-29,64,low_fallback,2017
27,"108 ST. 64 RD - 6 7 RD, NEW YORK, NY",Speed,36,54.26546559402,-0.924824579118,2018-02-12,2018-02-12,2024-04-29,132,low_fallback,2018
28,"108 ST. 67 RD - 6 4 RD, NEW YORK, NY",Speed,36,54.265588891816,-0.925478702842,2017-01-23,2017-01-23,2024-04-22,83,low_fallback,2017
29,"108 ST. ASTORIA B LVD - NORTHRN BLVD, NEW YORK, NY",Speed,36,40.759228761944,-73.861252615268,2017-07-10,2017-07-10,2020-03-02,120,low_fallback,2017
30,"108 ST. NORTHERN BLVD - ASTORIA BLVD, NEW YORK, NY",Speed,36,40.611900617845,-74.108036218405,2018-03-05,2018-03-05,2020-08-10,78,low_fallback,2018
31,"108 ST. PENROD ST - 52 AV, NEW YORK, NY",Speed,36,40.739293290582,-73.855210487501,2017-02-06,2017-02-06,2023-11-06,94,low_fallback,2017
32,"108TH AVE AND 173RD ST, NEW YORK, NY",Speed,36,40.699746990902,-73.782859991203,2020-05-25,2020-05-25,2022-08-22,86,low_fallback,2020
33,"108TH ST AND 36TH A VE, NEW YORK, NY",Speed,36,40.754654994586,-73.860422016056,2020-08-31,2020-08-31,2026-08-24,3380,high_sustained,2020
34,"108TH ST AND HORACE HARDING EXPY N, NEW YORK, NY",Red Light,7,40.73768298176,-73.852103982983,2016-06-13,2016-06-06,2026-07-20,15278,high_sustained,2016
35,"109 AV 200 ST - F RANCS LEWIS BV, NEW YORK, NY",Speed,36,40.769711993993,-73.789309027507,2018-09-10,2018-09-10,2021-04-19,67,low_fallback,2018
36,"109 AV FRANCS LEW IS BV - 200 ST, NEW YORK, NY",Speed,36,40.773179985477,-73.795507486814,2018-10-29,2018-10-29,2019-07-22,16,low_fallback,2018
37,"109TH AVE 112TH S T - ROCKAWAY BLVD, NEW YORK, NY",Speed,36,40.651658646773,-73.759494205913,2024-03-18,2024-03-18,2024-03-18,2,low_fallback,2024
38,"109TH AVE AND 107TH ST, NEW YORK, NY",Red Light,7,40.679288986455,-73.832637012858,2026-02-02,2026-02-02,2026-07-20,549,high_sustained,2026
39,"109TH AVE AND 126TH ST, NEW YORK, NY",Speed,36,40.683999993226,-73.816023996945,2025-09-01,2025-09-01,2026-04-27,1433,high_sustained,2025
40,"109TH AVE AND 205TH PL, NEW YORK, NY",Speed,36,40.70860398035,-73.752736017924,2024-09-23,2024-09-23,2026-07-27,164,low_fallback,2024
41,"109TH AVE AND 205TH ST, NEW YORK, NY",Speed,36,40.708388984533,-73.753633971211,2021-04-26,2021-04-26,2024-10-28,859,high_sustained,2021
42,"10TH AVE AND 66TH S T, NEW YORK, NY",Speed,36,40.629375004503,-74.008753958162,2020-04-27,2020-04-27,2024-03-11,756,high_sustained,2020
43,"10TH AVE AND 71ST S T, NEW YORK, NY",Speed,36,40.626583998383,-74.011670022277,2021-11-01,2021-11-01,2026-08-24,2935,high_sustained,2021
44,"10TH AVE AND 78TH S T, NEW YORK, NY",Speed,36,40.622567013196,-74.015823003843,2019-11-25,2019-11-25,2023-04-24,2978,high_sustained,2019
45,"10TH AVE AND LITTLE W 12TH ST, NEW YORK, NY",Speed,36,40.740721002566,-74.008949005049,2019-11-25,2019-11-25,2026-08-24,4105,high_sustained,2019
46,"10TH AVE AND W 201S T ST, NEW YORK, NY",Speed,36,40.860572201601,-73.921464567036,2019-01-21,2019-01-21,2026-08-24,20734,high_sustained,2019
47,"10TH AVE AND W 22ND ST, NEW YORK, NY",Speed,36,40.747023020288,-74.004663002679,2020-11-02,2020-10-26,2026-08-24,21598,high_sustained,2020
48,"10TH AVE AND W 54TH ST, NEW YORK, NY",Speed,36,40.767192980632,-73.989971035155,2016-06-13,2016-06-13,2026-08-24,24601,high_sustained,2016
49,"10TH AVE AND WES T 34TH ST, NEW YORK, NY",Red Light,7,40.754589992927,-73.999148967675,2016-09-19,2016-09-19,2018-06-25,3657,high_sustained,2016
50,"10TH ST AND ROSS AV E, NEW YORK, NY",Speed,36,40.570861986173,-74.115875016021,2021-09-27,2021-09-27,2026-08-24,3816,high_sustained,2021
51,"11 AV. 17 ST - PR SPCT PK SW, NEW YORK, NY",Speed,36,40.743660778073,-74.008859083547,2020-02-10,2020-02-10,2021-10-04,3,low_fallback,2020
52,"11 AV. 18 ST - 16 ST, NEW YORK, NY",Speed,36,40.666001255444,-73.996483339465,2019-11-04,2019-11-04,2019-11-04,1,low_fallback,2019
53,"110TH AVE/BRINKER HOFF AVE AND 159TH ST, NEW YORK, NY",Speed,36,40.69219497996,-73.791713041156,2019-10-28,2019-10-28,2025-04-28,4706,high_sustained,2019
54,"110TH ST AND 67TH D R, NEW YORK, NY",Speed,36,40.7294980114,-73.845715966935,2019-11-25,2019-11-25,2025-03-24,307,low_fallback,2019
55,"111TH AVE AND 159TH ST, NEW YORK, NY",Speed,36,40.690621990101,-73.790573018505,2024-12-02,2024-11-25,2026-08-24,627,high_sustained,2024
56,"111TH AVE AND 198TH ST, NEW YORK, NY",Speed,36,40.703611006357,-73.758305038213,2020-03-30,2020-03-30,2026-08-24,3837,high_sustained,2020
57,"111TH ST AND 101ST AVE, NEW YORK, NY",Speed,36,40.688041998394,-73.832757963721,2024-02-12,2024-02-12,2026-08-24,5490,high_sustained,2024
58,"111TH ST AND 52ND A VE, NEW YORK, NY",Speed,36,40.744148991417,-73.851999963565,2025-02-03,2025-01-27,2026-08-10,436,high_sustained,2025
59,"111TH ST AND 54TH A VE, NEW YORK, NY",Speed,36,40.742811994042,-73.851319017751,2026-08-03,2026-08-03,2026-08-03,1,low_fallback,2026
60,"111TH ST AND 86TH A VE, NEW YORK, NY",Speed,36,40.69868500377,-73.838067983202,2024-09-30,2024-09-30,2026-08-24,1608,high_sustained,2024
61,"111TH ST AND 91ST A VE, NEW YORK, NY",Speed,36,40.694414005007,-73.835978961473,2020-09-28,2020-09-28,2026-08-24,32935,high_sustained,2020
62,"111TH ST AND CORONA AVE, NEW YORK, NY",Speed,36,40.740847988399,-73.850277985376,2019-12-30,2019-12-30,2026-08-17,2668,high_sustained,2019
63,"112 ST. 72 AV - 6 9 RD, NEW YORK, NY",Speed,36,54.265175202985,-0.923819421289,2022-04-04,2022-04-04,2022-04-11,11,low_fallback,2022
64,"112TH ST AND JAMAIC A AVE, NEW YORK, NY",Speed,36,40.69739599279,-73.836392021662,2025-02-03,2025-01-27,2026-08-24,1278,high_sustained,2025
65,"114TH ST AND 37TH A VE, NEW YORK, NY",Speed,36,40.754949995668,-73.853823027505,2021-12-27,2021-12-27,2026-08-24,9671,high_sustained,2021
66,"115 AV. 125 ST - 135 ST, NEW YORK, NY",Speed,36,40.81459438447,-73.94185614184,2025-07-28,2020-11-02,2026-08-24,229,high_sustained,2025
67,"115 AV. 135 ST- 1 25 ST, NEW YORK, NY",Speed,36,40.66238407479,-74.001042342283,2022-06-13,2022-06-13,2025-09-01,21,low_fallback,2022
68,"115TH AVE AND 141ST ST, NEW YORK, NY",Speed,36,40.682098013666,-73.801708041598,2024-11-25,2024-11-25,2026-08-24,872,high_sustained,2024
69,"115TH AVE AND 220TH ST, NEW YORK, NY",Speed,36,40.700216000294,-73.737492018257,2019-12-30,2019-12-30,2026-08-24,9608,high_sustained,2019
70,"115TH AVE AND 224TH ST, NEW YORK, NY",Speed,36,40.699155982909,-73.733978994998,2024-02-26,2024-02-26,2026-08-24,2465,high_sustained,2024
71,"115TH RD AND 229TH ST, NEW YORK, NY",Speed,36,40.696085985143,-73.730515005873,2022-02-28,2022-02-28,2026-07-13,4987,high_sustained,2022
72,"115TH ST AND 109TH AVE, NEW YORK, NY",Speed,36,40.681293015686,-73.825564027683,2020-02-03,2020-01-27,2024-04-22,470,high_sustained,2020
73,"116TH AVE AND 125TH ST, NEW YORK, NY",Speed,36,40.676746000851,-73.813483022998,2022-08-29,2022-08-29,2026-08-24,3293,high_sustained,2022
74,"116TH AVE AND 141ST ST, NEW YORK, NY",Speed,36,40.680329013001,-73.800898014475,2020-03-30,2020-03-30,2024-11-04,7356,high_sustained,2020
75,"116TH AVE AND 158TH ST, NEW YORK, NY",Speed,36,40.685587986692,-73.785847972047,2021-05-24,2021-05-24,2026-08-24,5014,high_sustained,2021
76,"116TH AVE AND 217TH ST, NEW YORK, NY",Speed,36,40.697580017474,-73.741888997025,2021-12-06,2021-12-06,2024-07-22,236,low_fallback,2021
77,"116TH AVE AND 231ST ST, NEW YORK, NY",Speed,36,40.693884017269,-73.72965301095,2022-02-28,2022-02-28,2026-08-24,10268,high_sustained,2022
78,"118TH AVE AND SPRIN GFIELD BLVD, NEW YORK, NY",Speed,36,40.694569992225,-73.74421899847,2023-12-18,2023-12-18,2026-08-24,781,high_sustained,2023
79,"119 AVE 196 ST - 189 ST, NEW YORK, NY",Speed,36,40.690056577498,-73.73591673026,2022-06-27,2022-06-27,2022-07-04,2,low_fallback,2022
80,"119TH AVE AND 189TH ST, NEW YORK, NY",Speed,36,40.688661001943,-73.760702011064,2022-08-01,2022-08-01,2026-08-24,1994,high_sustained,2022
81,"119TH AVE AND 231ST ST, NEW YORK, NY",Speed,36,40.688939993591,-73.732232960748,2026-06-01,2026-06-01,2026-08-24,124,high_sustained,2026
82,"119TH AVE. 230TH ST. - 235TH ST., NEW YORK, NY",Speed,36,40.773475468893,-73.751374241243,2023-04-03,2023-04-03,2025-10-13,792,high_sustained,2023
83,"119TH AVE. 235TH ST. - 230TH ST., NEW YORK, NY",Speed,36,40.773438896617,-73.751228446617,2023-04-03,2023-04-03,2025-12-15,4523,high_sustained,2023
84,"11TH AVE AND 74TH S T, NEW YORK, NY",Speed,36,40.623576990619,-74.011189990682,2021-11-01,2021-10-25,2026-08-24,1985,high_sustained,2021
85,"11TH AVE AND 76TH S T, NEW YORK, NY",Speed,36,40.622362997673,-74.012444007216,2019-10-28,2019-10-28,2020-02-24,595,high_sustained,2019
86,"11TH AVE AND 83RD S T, NEW YORK, NY",Speed,36,40.618453007479,-74.016537980184,2021-10-25,2021-10-25,2026-08-24,2222,high_sustained,2021
87,"11TH AVE AND W 22ND ST, NEW YORK, NY",Speed,36,40.748202982707,-74.007416960787,2024-11-04,2024-11-04,2026-08-17,91,low_fallback,2024
88,"11TH AVE AND W 38TH ST, NEW YORK, NY",Speed,36,40.758270696159,-74.00014666561,2019-11-04,2019-11-04,2026-08-24,11859,high_sustained,2019
89,"11TH AVE AND W 49TH ST, NEW YORK, NY",Speed,36,40.765268495663,-73.995097323319,2026-06-08,2026-06-08,2026-08-24,186,high_sustained,2026
90,"11TH AVE AND W 56TH ST, NEW YORK, NY",Speed,36,40.769653320671,-73.991922090758,2025-01-27,2025-01-27,2026-08-24,1707,high_sustained,2025
91,"11TH ST AND 44TH AV E, NEW YORK, NY",Speed,36,40.749984011403,-73.949182012095,2025-01-27,2025-01-27,2026-08-24,579,high_sustained,2025
92,"12 AV. 84 ST - 77 ST, NEW YORK, NY",Speed,36,40.784281139984,-73.971175268965,2019-01-21,2019-01-21,2020-02-03,123,low_fallback,2019
93,"120 AVE 189 ST - 196 ST, NEW YORK, NY",Speed,36,40.688378964362,-73.736641291388,2022-02-28,2022-02-28,2023-10-16,49,low_fallback,2022
94,"120TH AVE AND 179TH ST, NEW YORK, NY",Speed,36,40.685638990572,-73.764382001834,2024-02-26,2024-02-26,2026-08-24,2483,high_sustained,2024
95,"120TH AVE. 235TH ST - 238TH ST, NEW YORK, NY",Speed,36,40.773492710272,-73.751362040386,2023-10-16,2023-10-16,2023-10-16,2,low_fallback,2023
96,"120TH AVE. 238TH ST - 235TH ST, NEW YORK, NY",Speed,36,40.773474214975,-73.751375128578,2023-03-13,2023-03-13,2023-05-01,11,low_fallback,2023
97,"120TH ST AND 103RD AVE, NEW YORK, NY",Speed,36,40.688248989493,-73.823978003964,2024-05-13,2024-04-22,2026-08-24,1476,high_sustained,2024
98,"121ST AVE AND 233RD ST, NEW YORK, NY",Speed,36,40.685155983402,-73.732178981291,2021-07-26,2021-07-26,2026-08-24,5052,high_sustained,2021
99,"121ST ST. 97TH AV E - 103RD AVE, NEW YORK, NY",Speed,36,40.776332544891,-73.847158261394,2026-04-20,2026-04-20,2026-08-10,18,low_fallback,2026
100,"122ND AVE. 191ST ST - 197TH ST, NEW YORK, NY",Speed,36,40.678834659397,-73.781363048282,2023-08-14,2023-08-14,2023-08-21,32,low_fallback,2023
101,"122ND AVE. 197TH ST - 191ST ST, NEW YORK, NY",Speed,36,40.678834659397,-73.781363048282,2023-08-07,2023-08-07,2023-08-21,56,low_fallback,2023
102,"123RD ST AND 101ST AVE, NEW YORK, NY",Speed,36,40.690843020888,-73.822880980476,2022-01-03,2021-12-27,2026-08-24,2356,high_sustained,2022
103,"127TH ST AND 11TH A VE, NEW YORK, NY",Speed,36,40.787882996159,-73.841025034823,2025-05-26,2025-05-26,2026-08-24,4136,high_sustained,2025
104,"129TH ST AND 20TH A VE, NEW YORK, NY",Red Light,7,40.781751717805,-73.839612432681,2026-06-01,2026-06-01,2026-07-20,30,low_fallback,2026
105,"12TH AVE AND 23R D ST, NEW YORK, NY",Red Light,7,40.749331019236,-74.008176025938,2016-06-20,2016-06-06,2025-12-22,2801,high_sustained,2016
106,"12TH AVE AND 23RD S T, NEW YORK, NY",Speed,36,40.749331019236,-74.008176025938,2020-07-27,2020-07-27,2026-08-24,109111,high_sustained,2020
107,"12TH AVE AND 34T H ST, NEW YORK, NY",Red Light,7,40.75697900297,-74.004799962977,2016-05-30,2016-05-23,2026-07-20,31740,high_sustained,2016
108,"12TH AVE AND 38TH S T, NEW YORK, NY",Speed,36,40.64251799632,-73.98788695875,2020-06-01,2020-05-25,2026-08-24,2152,high_sustained,2020
109,"12TH AVE AND 42N D ST, NEW YORK, NY",Red Light,7,40.640278980434,-73.990241016257,2017-01-30,2016-05-30,2026-07-20,12716,high_sustained,2017
110,"12TH AVE AND 57TH S T, NEW YORK, NY",Speed,36,40.631878008429,-73.998973031528,2024-06-10,2024-05-27,2026-08-24,1144,high_sustained,2024
111,"12TH AVE AND 67TH S T, NEW YORK, NY",Speed,36,40.626149983437,-74.004925020973,2025-03-31,2025-03-31,2026-08-24,354,high_sustained,2025
112,"12TH AVE AND 77TH S T, NEW YORK, NY",Speed,36,40.620483984528,-74.010850020689,2020-04-27,2020-04-27,2024-03-11,2553,high_sustained,2020
113,"12TH AVE AND CHESTE R AVE, NEW YORK, NY",Speed,36,40.644449983092,-73.98440000321,2024-03-25,2024-03-25,2026-08-24,627,high_sustained,2024
114,"12TH AVE AND W 23RD ST, NEW YORK, NY",Speed,36,40.749331019236,-74.008176025938,2019-07-08,2019-07-08,2026-08-24,59271,high_sustained,2019
115,"12TH AVE AND W 5 7TH ST, NEW YORK, NY",Red Light,7,40.771558988267,-73.994197023098,2016-05-30,2016-05-30,2026-07-20,50526,high_sustained,2016
116,"12TH AVE. 65TH ST - 70TH ST, NEW YORK, NY",Speed,36,40.640528086199,-74.025678334373,2018-04-09,2018-04-09,2024-04-22,68,low_fallback,2018
117,"12TH AVE. 70TH ST - 65TH ST, NEW YORK, NY",Speed,36,40.637809336482,-74.035573114658,2019-05-20,2019-05-20,2023-03-20,29,low_fallback,2019
118,"130 AVE 220TH ST - SPRINGFIELD BLVD, NEW YORK, NY",Speed,36,40.68168479467,-73.747576459004,2022-02-28,2022-02-28,2024-02-05,186,low_fallback,2022
119,"130 AVE SPRINGFIE LD BLVD - 220TH ST, NEW YORK, NY",Speed,36,40.758910498531,-73.762229160743,2022-04-04,2022-04-04,2024-01-29,71,low_fallback,2022
120,"130TH ST AND CEDRIC RD, NEW YORK, NY",Speed,36,40.673462013096,-73.808366038747,2026-07-27,2026-07-27,2026-08-24,100,high_sustained,2026
121,"130TH ST AND LINDEN BLVD, NEW YORK, NY",Speed,36,40.681276000422,-73.811620983207,2020-11-02,2020-10-26,2024-09-23,684,high_sustained,2020
122,"130TH ST AND N COND UIT AVE, NEW YORK, NY",Red Light,7,40.667095999544,-73.810342072421,2026-04-27,2026-04-27,2026-07-20,1010,high_sustained,2026
123,"130TH ST AND S COND UIT AVE, NEW YORK, NY",Speed,36,40.666348082324,-73.810557319694,2019-08-26,2019-08-26,2025-01-27,1507,high_sustained,2019
124,"131 AVE 220 ST- S PRINGFIELD BLVD, NEW YORK, NY",Speed,36,40.758910498531,-73.762229160743,2022-05-02,2022-05-02,2024-01-08,65,low_fallback,2022
125,"131 AVE SPRINGFIE LD BLVD - 220 ST, NEW YORK, NY",Speed,36,40.758910498531,-73.762229160743,2022-09-19,2022-09-19,2023-01-02,12,low_fallback,2022
126,"133RD AVE AND 121ST ST, NEW YORK, NY",Speed,36,40.67202900102,-73.818464974788,2021-06-28,2021-06-28,2026-08-24,5353,high_sustained,2021
127,"135TH AVE AND 129TH ST, NEW YORK, NY",Speed,36,40.668731015487,-73.81082696552,2021-08-30,2021-08-30,2026-08-24,3241,high_sustained,2021
128,"135TH AVE AND 230TH ST, NEW YORK, NY",Speed,36,40.674469014944,-73.74142799235,2022-12-12,2022-07-25,2024-10-28,378,high_sustained,2022
129,"137 AV. 168 ST - 175 ST, NEW YORK, NY",Speed,36,40.848528667347,-73.921215929563,2018-01-22,2016-09-26,2019-10-28,1274,high_sustained,2018
130,"137 AV. 175 ST - 168 ST, NEW YORK, NY",Speed,36,40.705519420366,-73.792367290819,2016-10-10,2016-10-10,2019-08-12,806,low_fallback,2016
131,"137TH AVE AND 167TH ST, NEW YORK, NY",Speed,36,40.672304011263,-73.77297596716,2019-10-28,2019-10-28,2026-08-24,33038,high_sustained,2019
132,"137TH AVE AND 170TH ST, NEW YORK, NY",Speed,36,40.672714012057,-73.770310019036,2020-07-27,2020-07-27,2026-08-24,8215,high_sustained,2020
133,"137TH AVE AND SOUTH GATE ST, NEW YORK, NY",Speed,36,40.675109015161,-73.760314012766,2021-08-30,2021-08-30,2026-08-24,8277,high_sustained,2021
134,"13TH AVE AND 57TH S T, NEW YORK, NY",Speed,36,40.63054997969,-73.996774961239,2022-08-29,2022-08-29,2026-08-24,5146,high_sustained,2022
135,"13TH AVE AND 65TH S T, NEW YORK, NY",Speed,36,40.625990014815,-74.001530014911,2026-01-19,2026-01-19,2026-08-17,18,low_fallback,2026
136,"13TH AVE. 82ND ST - 85TH ST, NEW YORK, NY",Speed,36,40.628828881601,-74.039504227247,2022-10-24,2022-10-24,2023-08-28,13,low_fallback,2022
137,"13TH AVE. 85 ST - 82ND ST, NEW YORK, NY",Speed,36,40.627973426405,-74.036410919552,2022-10-24,2022-10-24,2022-10-31,4,low_fallback,2022
138,"14 AV 86 ST - CRO PSEY AV, NEW YORK, NY",Speed,36,40.607359540554,-74.016568394402,2016-10-31,2016-10-31,2019-07-01,324,low_fallback,2016
139,"14 AV CROPSEY AV - 86 ST, NEW YORK, NY",Speed,36,40.607401737744,-74.016639050807,2016-06-27,2016-06-27,2019-12-02,658,low_fallback,2016
140,"140TH AVE AND SOUTH GATE ST, NEW YORK, NY",Speed,36,40.672860485815,-73.758567978516,2020-05-04,2020-02-24,2026-08-24,971,high_sustained,2020
141,"140TH AVE AND SPRIN GFIELD BLVD, NEW YORK, NY",Red Light,7,40.672447006531,-73.756431012301,2026-05-04,2026-05-04,2026-07-20,54,low_fallback,2026
142,"141 AVE. 230 PL - 226 ST, NEW YORK, NY",Speed,36,40.670784019738,-73.763079497772,2023-09-25,2023-09-25,2023-09-25,8,low_fallback,2023
143,"143RD ST AND 119TH AVE, NEW YORK, NY",Speed,36,40.677753002698,-73.797527986484,2024-04-01,2024-04-01,2026-08-24,1827,high_sustained,2024
144,"147TH AVE AND 177TH ST, NEW YORK, NY",Speed,36,40.660658991272,-73.768962963377,2019-10-28,2019-10-28,2025-03-24,1852,high_sustained,2019
145,"147TH AVE AND 256TH ST, NEW YORK, NY",Speed,36,40.657523991846,-73.733012980657,2019-11-25,2019-11-25,2026-08-24,5783,high_sustained,2019
146,"147TH AVE AND EDGEW OOD ST, NEW YORK, NY",Speed,36,40.657271989927,-73.742989037998,2021-09-27,2021-09-27,2025-04-21,3377,high_sustained,2021
147,"147TH AVE AND SPRIN GFIELD BLVD, NEW YORK, NY",Red Light,7,40.65944290285,-73.761398211942,2026-06-29,2026-06-29,2026-07-20,1049,high_sustained,2026
148,"147TH AVE AND SPRIN GFIELD BLVD, NEW YORK, NY",Speed,36,40.65944290285,-73.761398211942,2025-06-30,2025-06-30,2026-08-24,3433,high_sustained,2025
149,"147TH AVE AND WELLE R LN, NEW YORK, NY",Speed,36,40.657573989899,-73.734745017129,2026-07-27,2026-07-27,2026-08-24,104,high_sustained,2026
150,"149TH AVE AND 126TH ST, NEW YORK, NY",Speed,36,40.667413003122,-73.814110995184,2025-06-30,2025-06-30,2026-08-24,712,high_sustained,2025
151,"149TH AVE AND 83RD ST, NEW YORK, NY",Speed,36,40.669271019599,-73.852066012962,2021-10-25,2021-10-25,2024-03-25,1475,high_sustained,2021
152,"149TH AVE AND 85TH ST, NEW YORK, NY",Speed,36,40.669551017075,-73.850129038957,2024-04-22,2024-04-22,2026-08-24,2971,high_sustained,2024
153,"149TH ST AND 15TH D R, NEW YORK, NY",Speed,36,40.786476009892,-73.816267994147,2020-03-30,2020-03-30,2024-12-23,1168,high_sustained,2020
154,"149TH ST AND 25TH D R, NEW YORK, NY",Speed,36,40.775267980422,-73.817570960996,2020-08-03,2020-07-27,2024-03-18,2025,high_sustained,2020
155,"149TH ST AND 29TH A VE, NEW YORK, NY",Speed,36,40.772339008177,-73.817352025685,2021-08-09,2021-08-02,2024-10-21,422,high_sustained,2021
156,"149TH ST AND 35TH A VE, NEW YORK, NY",Speed,36,40.766576994567,-73.817396030676,2020-05-04,2020-05-04,2025-01-13,203,low_fallback,2020
157,"149TH ST AND ASH AV E, NEW YORK, NY",Speed,36,40.759464991633,-73.814676019277,2022-08-01,2021-12-27,2024-07-22,590,high_sustained,2022
158,"14TH AVE AND 129TH ST, NEW YORK, NY",Speed,36,40.785593018302,-73.839405986406,2020-03-30,2020-03-30,2026-08-24,3956,high_sustained,2020
159,"14TH AVE AND 146TH ST, NEW YORK, NY",Speed,36,40.787240984285,-73.820643012328,2022-01-03,2021-12-27,2024-07-29,594,high_sustained,2022
160,"14TH AVE AND 49TH S T, NEW YORK, NY",Speed,36,40.633696001318,-73.9899100149,2020-04-27,2020-04-27,2026-08-24,12632,high_sustained,2020
161,"14TH AVE AND 52ND S T, NEW YORK, NY",Red Light,7,40.632016016465,-73.99166300613,2026-06-29,2026-06-29,2026-07-20,160,high_sustained,2026
162,"14TH AVE AND 67TH S T, NEW YORK, NY",Speed,36,40.623489986464,-74.000526030548,2025-04-07,2025-03-31,2026-08-24,360,high_sustained,2025
163,"14TH AVE AND 74TH S T, NEW YORK, NY",Speed,36,40.61958699516,-74.004607011566,2021-11-01,2021-10-25,2026-08-24,1768,high_sustained,2021
164,"14TH AVE AND BENSON AVE, NEW YORK, NY",Speed,36,40.611034017341,-74.013474981307,2019-12-30,2019-12-30,2026-04-27,6340,high_sustained,2019
165,"15 AV. 78 ST - 85 ST, NEW YORK, NY",Speed,36,40.631553094304,-74.037699462115,2019-01-21,2019-01-21,2019-01-28,14,low_fallback,2019
166,"15 AV. 85 ST - 78 ST, NEW YORK, NY",Speed,36,40.626184206919,-74.038300008321,2019-01-28,2019-01-28,2019-01-28,40,low_fallback,2019
167,"15 AVE. 78 ST - 8 5 ST, NEW YORK, NY",Speed,36,40.677342427012,-73.996310491129,2019-05-13,2019-05-13,2019-05-13,3,low_fallback,2019
168,"15 AVE. 85 ST - 7 8 ST, NEW YORK, NY",Speed,36,40.699520893039,-73.972631278329,2019-06-17,2019-06-17,2023-10-23,18,low_fallback,2019
169,"150 ST. 130 AV - ROCKAWAY BV, NEW YORK, NY",Speed,36,40.678959493841,-73.911213918548,2017-01-16,2017-01-16,2018-11-19,493,high_sustained,2017
170,"150 ST. 14 AV - 9 AV, NEW YORK, NY",Speed,36,40.665001740262,-73.790291071852,2017-01-02,2017-01-02,2021-05-17,32,low_fallback,2017
171,"150 ST. 9 AV - 14 AV, NEW YORK, NY",Speed,36,40.600284561794,-73.985200558782,2017-06-12,2017-06-12,2019-02-25,8,low_fallback,2017
172,"150 ST. ROCKAWAY BV - 130 AV, NEW YORK, NY",Speed,36,40.662899432081,-73.922573241369,2016-06-13,2016-06-13,2019-06-17,1410,low_fallback,2016
173,"150TH AVE. 128TH ST - 127TH ST, NEW YORK, NY",Speed,36,40.793159552423,-73.839878063088,2026-04-06,2026-04-06,2026-04-06,1,low_fallback,2026
174,"150TH ST AND 18TH A VE, NEW YORK, NY",Speed,36,40.782710020795,-73.814005969937,2020-04-27,2020-04-27,2026-08-24,3966,high_sustained,2020
175,"150TH ST AND 28TH A VE, NEW YORK, NY",Speed,36,40.772923981199,-73.815487974237,2021-10-25,2021-10-25,2026-08-24,3780,high_sustained,2021
176,"150TH ST AND 69TH R D, NEW YORK, NY",Speed,36,40.731942006728,-73.819599968297,2021-11-29,2021-11-01,2026-08-24,1411,high_sustained,2021
177,"150TH ST AND 75TH R D, NEW YORK, NY",Speed,36,40.7252700118,-73.816159029406,2022-02-07,2021-12-27,2026-08-24,6122,high_sustained,2022
178,"150TH ST AND 85TH R D, NEW YORK, NY",Speed,36,40.711470004502,-73.809178999536,2024-03-11,2024-02-26,2026-08-24,1573,high_sustained,2024
179,"150TH ST AND SUTTER AVE, NEW YORK, NY",Speed,36,40.671318006083,-73.788469998999,2019-11-04,2019-09-30,2026-08-24,32585,high_sustained,2019
180,"153 AV. 78 ST - 8 8 ST, NEW YORK, NY",Speed,36,40.699517877678,-73.972636009517,2018-11-26,2018-11-26,2023-12-04,59,low_fallback,2018
181,"153 AV. 88 ST - 7 8 ST, NEW YORK, NY",Speed,36,40.699520893039,-73.972631278329,2018-10-22,2018-10-22,2022-10-31,17,low_fallback,2018
182,"154TH ST AND 14TH R D, NEW YORK, NY",Speed,36,40.789460009332,-73.807621977202,2020-02-24,2020-02-24,2025-03-24,1462,high_sustained,2020
183,"154TH ST AND 24TH R D, NEW YORK, NY",Speed,36,40.776765994158,-73.809340015896,2021-12-27,2021-12-27,2026-08-24,5548,high_sustained,2021
184,"154TH ST AND 25TH A VE, NEW YORK, NY",Speed,36,40.775347985688,-73.809549982571,2021-12-27,2021-12-27,2026-08-24,5967,high_sustained,2021
185,"154TH ST AND 28TH A VE, NEW YORK, NY",Speed,36,40.772507987345,-73.809938986697,2024-04-15,2024-04-15,2026-05-25,70,low_fallback,2024
186,"154TH ST AND 33RD A VE, NEW YORK, NY",Speed,36,40.768558979392,-73.810480038547,2021-04-26,2021-04-26,2026-08-24,2809,high_sustained,2021
187,"154TH ST AND 35TH A VE, NEW YORK, NY",Speed,36,40.766020017101,-73.810817996883,2022-07-04,2022-07-04,2024-09-23,845,high_sustained,2022
188,"155TH AVE AND 86TH ST, NEW YORK, NY",Speed,36,40.664987992805,-73.848581991088,2020-06-29,2020-06-29,2026-08-24,4234,high_sustained,2020
189,"155TH AVE AND 88TH ST, NEW YORK, NY",Speed,36,40.665618018557,-73.847143991779,2019-12-30,2019-12-30,2026-08-24,5960,high_sustained,2019
190,"155TH ST AND 124TH AVE, NEW YORK, NY",Speed,36,40.675879982615,-73.786895039392,2024-02-12,2024-02-12,2026-08-24,3670,high_sustained,2024
191,"156 AVE. HURON ST - 99 ST, NEW YORK, NY",Speed,36,40.732632214545,-73.955212791429,2022-11-28,2022-11-28,2022-12-12,18,low_fallback,2022
192,"156TH AVE AND BRIDG ETON ST, NEW YORK, NY",Speed,36,40.663789003465,-73.8366449875,2020-03-30,2020-03-30,2026-08-24,5418,high_sustained,2020
193,"157 AV. 82 ST - 8 8 ST, NEW YORK, NY",Speed,36,40.699517877678,-73.972636009517,2016-11-14,2016-11-14,2019-12-09,213,low_fallback,2016
194,"157 AV. 88 ST - 8 2 ST, NEW YORK, NY",Speed,36,40.679189535174,-73.99522791337,2017-04-24,2016-09-12,2019-12-02,1085,high_sustained,2017
195,"157TH AVE AND 108TH AVE, NEW YORK, NY",Speed,36,40.694763991374,-73.795511971133,2020-03-02,2020-02-24,2022-02-21,542,high_sustained,2020
196,"157TH AVE AND 85TH ST, NEW YORK, NY",Speed,36,40.66145300896,-73.848144036647,2019-12-30,2019-12-30,2026-08-24,5051,high_sustained,2019
197,"157TH AVE AND 99TH ST, NEW YORK, NY",Speed,36,40.663317982416,-73.835107997914,2021-12-27,2021-12-27,2026-08-10,1334,high_sustained,2021
198,"157TH AVE AND CROSS BAY BLVD, NEW YORK, NY",Red Light,7,40.662511014688,-73.8407950354,2026-06-29,2026-06-29,2026-07-20,170,high_sustained,2026
199,"157TH ST AND 108TH AVE, NEW YORK, NY",Speed,36,40.694763991374,-73.795511971133,2022-03-21,2022-03-14,2024-12-23,488,high_sustained,2022
200,"157TH ST AND 115TH RD, NEW YORK, NY",Speed,36,40.686141988582,-73.788241005404,2022-08-01,2022-08-01,2026-08-24,2441,high_sustained,2022
201,"158TH AVE AND 86TH ST, NEW YORK, NY",Speed,36,40.659916019374,-73.846795975159,2021-08-30,2021-08-30,2026-08-24,5013,high_sustained,2021
202,"158TH ST AND BEAVER RD, NEW YORK, NY",Speed,36,40.701210010192,-73.801581977774,2023-11-20,2023-11-20,2026-08-24,300,low_fallback,2023
203,"159TH AVE AND 86TH ST, NEW YORK, NY",Speed,36,40.65823699844,-73.84639599074,2020-11-30,2020-11-30,2026-08-24,3838,high_sustained,2020
204,"159TH AVE. 85TH S T - 92ND ST, NEW YORK, NY",Speed,36,40.658204563946,-73.84662887338,2018-12-31,2018-12-31,2020-01-13,372,low_fallback,2018
205,"159TH AVE. 92ND S T - 85TH ST, NEW YORK, NY",Speed,36,40.658204563946,-73.84662887338,2018-12-31,2018-12-31,2020-10-05,76,low_fallback,2018
206,"15TH AVE AND 80TH S T, NEW YORK, NY",Speed,36,40.614803987841,-74.006010980348,2019-12-30,2019-12-30,2023-12-25,1542,high_sustained,2019
207,"15TH AVE AND BENSON AVE, NEW YORK, NY",Speed,36,40.609705988602,-74.011278000665,2024-09-30,2024-09-30,2026-08-24,1277,high_sustained,2024
208,"16 AV. 45 ST - DA HILL RD, NEW YORK, NY",Speed,36,40.646050855268,-73.981037646191,2018-03-19,2018-03-19,2025-09-22,60,low_fallback,2018
209,"16 AV. 77 ST - 82 ST, NEW YORK, NY",Speed,36,40.63201119687,-74.037256116996,2019-05-13,2019-05-13,2019-12-02,13,low_fallback,2019
210,"16 AV. 82 ST - 77 ST, NEW YORK, NY",Speed,36,40.628551007588,-74.039296549212,2018-09-24,2018-09-24,2020-03-02,24,low_fallback,2018
211,"16 AV. DAHILL RD - 45 ST, NEW YORK, NY",Speed,36,40.646792472029,-73.981330632465,2018-12-03,2018-12-03,2025-08-11,22,low_fallback,2018
212,"16 AVE. 64 ST - 5 8 ST, NEW YORK, NY",Speed,36,40.699526923761,-73.972621815955,2018-10-15,2018-10-15,2019-01-14,3,low_fallback,2018
213,"16 AVE. 84 ST- BE NSON AV, NEW YORK, NY",Speed,36,40.592237569665,-74.087854577115,2019-01-14,2019-01-14,2021-04-05,32,low_fallback,2019
214,"16 AVE. BENSON AV - 84 ST, NEW YORK, NY",Speed,36,40.592745919988,-74.089074970264,2019-05-06,2019-05-06,2019-05-06,1,low_fallback,2019
215,"160TH AVE AND 88TH ST, NEW YORK, NY",Speed,36,40.656829006344,-73.844144024814,2019-12-30,2019-12-30,2024-04-15,4700,high_sustained,2019
216,"160TH AVE. 85TH S T - 92ND ST, NEW YORK, NY",Speed,36,40.656539907846,-73.846184055481,2018-12-31,2018-12-31,2019-12-02,242,low_fallback,2018
217,"160TH AVE. 92ND S T - 85TH ST, NEW YORK, NY",Speed,36,40.656539907846,-73.846184055481,2018-12-31,2018-12-31,2019-05-06,87,low_fallback,2018
218,"160TH ST AND 109TH AVE, NEW YORK, NY",Speed,36,40.694114980611,-73.792133980334,2021-05-31,2021-05-31,2026-08-24,2380,high_sustained,2021
219,"160TH ST AND TUSKEG EE AIRMEN WAY, NEW YORK, NY",Red Light,7,40.699025015672,-73.795725039111,2026-02-23,2026-02-02,2026-07-20,1269,high_sustained,2026
220,"161ST AVE AND 90TH ST, NEW YORK, NY",Speed,36,40.655428013138,-73.84189096924,2023-08-28,2023-08-28,2026-08-24,862,high_sustained,2023
221,"162ND AVE. 88TH S T - 92ND ST, NEW YORK, NY",Speed,36,40.65350728116,-73.843080903588,2025-11-24,2023-12-11,2026-05-18,92,high_sustained,2025
222,"164TH ST AND 59TH A VE, NEW YORK, NY",Speed,36,40.740379984835,-73.804592003024,2021-09-27,2021-09-27,2026-08-24,31789,high_sustained,2021
223,"164TH ST AND 71ST A VE, NEW YORK, NY",Speed,36,40.730456984942,-73.805234978816,2016-06-13,2016-06-13,2026-08-24,31136,high_sustained,2016
224,"164TH ST AND 82ND R D, NEW YORK, NY",Speed,36,40.717805088832,-73.803673514074,2020-10-26,2020-10-26,2026-08-24,12388,high_sustained,2020
225,"164TH ST AND 86TH A VE, NEW YORK, NY",Speed,36,40.711768986989,-73.800813021977,2024-10-28,2024-10-28,2026-08-24,988,high_sustained,2024
226,"164TH ST AND GRAND CENTRAL PKWY, NEW YORK, NY",Red Light,7,40.716326018198,-73.80322198095,2026-03-30,2026-03-30,2026-07-20,2360,high_sustained,2026
227,"164TH ST AND JEWEL AVE, NEW YORK, NY",Speed,36,40.731694992041,-73.805160966611,2016-09-05,2016-09-05,2026-08-24,46264,high_sustained,2016
228,"164TH ST AND LITHON IA AVE, NEW YORK, NY",Speed,36,40.749066989286,-73.802745972668,2024-05-27,2024-05-27,2026-08-24,9631,high_sustained,2024
229,"164TH ST AND UNION TPKE, NEW YORK, NY",Red Light,7,40.721503016875,-73.804597032165,2026-03-09,2026-02-09,2026-07-20,1214,high_sustained,2026
230,"164TH ST. METCALF AVE - PIDGEON MEADO, NEW YORK, NY",Speed,36,40.830585502729,-73.872884179615,2022-02-21,2022-02-21,2024-07-08,2060,low_fallback,2022
231,"164TH ST. PIDGEON MEADOW RD - METCALF, NEW YORK, NY",Speed,36,40.753313577149,-73.80431702852,2024-05-13,2022-02-28,2026-08-24,2969,high_sustained,2024
232,"166TH ST AND 20TH A VE, NEW YORK, NY",Speed,36,40.779970018556,-73.797524968999,2021-09-27,2021-09-27,2024-06-17,560,high_sustained,2021
233,"16TH AVE AND 66TH S T, NEW YORK, NY",Speed,36,40.621395013584,-73.995566039344,2021-10-18,2021-09-27,2024-04-29,828,high_sustained,2021
234,"16TH AVE AND 74TH S T, NEW YORK, NY",Speed,36,40.616932991248,-74.000214978121,2020-04-27,2020-04-27,2024-03-11,831,high_sustained,2020
235,"16TH AVE AND 83RD S T, NEW YORK, NY",Speed,36,40.611804984795,-74.005518040622,2021-08-02,2021-07-26,2026-08-24,1975,high_sustained,2021
236,"16TH AVE AND BATH A VE, NEW YORK, NY",Speed,36,40.606699986666,-74.010823030961,2020-09-28,2020-09-28,2024-11-25,1675,high_sustained,2020
237,"17 AVE. 57 ST - 6 4 ST, NEW YORK, NY",Speed,36,40.677994676144,-73.995955976727,2017-01-23,2017-01-23,2019-10-14,11,low_fallback,2017
238,"17 AVE. 63 ST- 68 ST, NEW YORK, NY",Speed,36,40.608888058341,-74.004550225332,2018-05-07,2018-05-07,2020-03-16,16,low_fallback,2018
239,"17 AVE. 64 ST- 57 ST, NEW YORK, NY",Speed,36,40.608888058341,-74.004550225332,2018-10-08,2018-10-08,2018-10-08,2,low_fallback,2018
240,"173RD ST AND 103RD RD, NEW YORK, NY",Speed,36,40.703915981904,-73.784425982174,2022-11-14,2022-11-14,2024-08-05,270,low_fallback,2022
241,"175TH ST AND 91ST A VE, NEW YORK, NY",Speed,36,40.709244986395,-73.786353987542,2022-08-29,2022-08-29,2026-08-24,1461,high_sustained,2022
242,"175TH ST. 89TH A VE - 91ST AVE, NEW YORK, NY",Speed,36,40.726022199233,-73.722038996693,2024-03-04,2024-03-04,2024-03-11,6,low_fallback,2024
243,"17TH AVE AND 150TH PL, NEW YORK, NY",Speed,36,40.783854988769,-73.810345006087,2022-06-27,2022-06-27,2026-04-27,1631,high_sustained,2022
244,"17TH AVE AND 46TH S T, NEW YORK, NY",Speed,36,40.63123901404,-73.981322000726,2022-08-29,2022-08-29,2026-08-24,2950,high_sustained,2022
245,"17TH AVE AND 59TH S T, NEW YORK, NY",Red Light,7,40.62394998531,-73.988889015275,2026-01-26,2026-01-26,2026-07-20,992,high_sustained,2026
246,"17TH AVE AND 66TH S T, NEW YORK, NY",Speed,36,40.619921014002,-73.993101005439,2021-09-27,2021-09-27,2024-09-23,812,high_sustained,2021
247,"17TH AVE AND RUTHER FORD PL, NEW YORK, NY",Speed,36,40.606403979755,-74.007133987736,2020-12-28,2020-12-28,2024-09-16,1167,high_sustained,2020
248,"18 AVE. E 2 ST - OCEAN PKY, NEW YORK, NY",Speed,36,40.651004068749,-73.973043323012,2016-09-12,2016-09-12,2021-03-08,25,low_fallback,2016
249,"18 AVE. MCDONLD A V- 51 ST, NEW YORK, NY",Speed,36,40.654724952205,-73.981781566431,2017-01-16,2017-01-16,2019-10-07,26,low_fallback,2017
250,"18 AVE. OCEAN PKY - E 2 ST, NEW YORK, NY",Speed,36,40.54719886768,-74.144150612012,2017-09-25,2017-09-25,2022-11-28,20,low_fallback,2017
251,"180TH ST AND 106TH RD, NEW YORK, NY",Speed,36,40.703301001668,-73.777892037191,2021-12-27,2021-12-27,2026-08-24,12267,high_sustained,2021
252,"181 ST JAMAICA AV - 89TH AVE, NEW YORK, NY",Speed,36,40.679853272113,-73.893971174155,2023-10-16,2023-10-16,2023-10-16,1,low_fallback,2023
253,"183RD ST AND LIBERT Y AVE, NEW YORK, NY",Red Light,7,40.705375019789,-73.775821958564,2026-02-02,2026-02-02,2026-07-20,1517,high_sustained,2026
254,"188 ST HRCE HRDNG XPY - UNDRHILL AV, NEW YORK, NY",Speed,36,40.750799929234,-73.791348867222,2017-01-02,2017-01-02,2017-07-17,140,low_fallback,2017
255,"188 ST RADNOR RD - SOHO DR, NEW YORK, NY",Speed,36,40.724988003178,-73.777085691056,2016-09-12,2016-09-12,2019-12-09,1309,low_fallback,2016
256,"188 ST SOHO DR - RADNOR RD, NEW YORK, NY",Speed,36,40.724988003178,-73.777085691056,2018-05-21,2016-12-05,2019-12-02,1393,high_sustained,2018
257,"188 ST UNDRHILL A V - HRCE HRDNG XPY, NEW YORK, NY",Speed,36,40.674963589141,-73.967000848598,2017-05-01,2017-02-13,2017-06-05,241,high_sustained,2017
258,"188 ST- 64TH AVEN UE - 186 LANE, NEW YORK, NY",Speed,36,40.733015899857,-73.849366062714,2023-01-09,2023-01-09,2025-01-20,15,low_fallback,2023
259,"188 ST. 186 LANE - 64TH AVENUE, NEW YORK, NY",Speed,36,40.641056468605,-74.025012169573,2025-02-24,2022-10-31,2025-07-14,168,high_sustained,2025
260,"188TH ST AND 80TH R D, NEW YORK, NY",Speed,36,40.728429989297,-73.780803994174,2020-09-28,2020-09-28,2026-08-24,4675,high_sustained,2020
261,"188TH ST AND 87TH D R, NEW YORK, NY",Speed,36,40.715772980226,-73.773905017308,2019-12-30,2019-12-30,2026-08-24,6195,high_sustained,2019
262,"188TH ST AND AVON R D, NEW YORK, NY",Speed,36,40.723267994227,-73.778048024409,2020-03-30,2020-03-30,2025-01-20,1984,high_sustained,2020
263,"188TH ST AND CAMBRI DGE RD, NEW YORK, NY",Speed,36,40.719067990183,-73.775497998006,2023-12-18,2023-12-18,2026-08-24,20755,high_sustained,2023
264,"18TH AVE AND 54TH S T, NEW YORK, NY",Speed,36,40.62547100737,-73.983825004652,2020-01-27,2020-01-27,2026-08-24,5394,high_sustained,2020
265,"18TH AVE AND 76TH S T, NEW YORK, NY",Speed,36,40.612784996914,-73.99660003092,2021-02-22,2020-09-28,2023-07-31,390,high_sustained,2021
266,"19 AV. 55 ST - 58 ST, NEW YORK, NY",Speed,36,40.647616713855,-74.021855404129,2022-04-04,2022-04-04,2024-05-13,225,low_fallback,2022
267,"19 AV. 58 ST - 55 ST, NEW YORK, NY",Speed,36,40.646480311901,-74.025517693533,2022-04-04,2022-04-04,2024-05-13,115,low_fallback,2022
268,"193RD ST AND 81ST A VE, NEW YORK, NY",Speed,36,40.728427013722,-73.776718989842,2022-01-03,2021-12-27,2026-08-24,11529,high_sustained,2022
269,"193RD ST AND HILLSI DE AVE, NEW YORK, NY",Speed,36,40.716592017895,-73.769195980285,2023-11-27,2023-11-20,2026-08-24,3076,high_sustained,2023
270,"198TH ST AND 110TH AVE, NEW YORK, NY",Speed,36,40.705054998726,-73.758960000127,2023-11-20,2023-11-20,2026-08-24,1496,high_sustained,2023
271,"199TH ST AND 69TH A VE, NEW YORK, NY",Speed,36,40.737948981457,-73.774451014481,2022-07-25,2022-07-25,2026-08-24,17225,high_sustained,2022
272,"19TH AVE AND 19TH R D, NEW YORK, NY",Speed,36,40.599977993686,-74.006637024696,2026-06-08,2026-06-08,2026-08-24,1081,high_sustained,2026
273,"19TH AVE AND 55TH S T, NEW YORK, NY",Speed,36,40.623546019487,-73.982149965121,2024-05-27,2024-05-27,2026-08-24,2409,high_sustained,2024
274,"19TH AVE AND 65TH S T, NEW YORK, NY",Speed,36,40.617853994769,-73.988058033394,2020-03-23,2020-02-24,2024-02-19,355,high_sustained,2020
275,"19TH AVE AND 74TH S T, NEW YORK, NY",Speed,36,40.612787008571,-73.993333016519,2022-09-05,2022-08-29,2024-08-26,213,high_sustained,2022
276,"19TH AVE AND BENSON AVE, NEW YORK, NY",Speed,36,40.603844020797,-74.002623015085,2020-04-27,2020-04-27,2025-05-26,812,high_sustained,2020
277,"19TH ST AND PROSPEC T PARK W, NEW YORK, NY",Speed,36,40.657138005205,-73.983451004132,2021-11-29,2021-11-29,2024-03-18,712,high_sustained,2021
278,"1ST AVE AND E 116TH ST, NEW YORK, NY",Speed,36,40.796005018426,-73.935420016728,2025-08-04,2025-07-28,2026-08-24,936,high_sustained,2025
279,"1ST AVE AND E 14TH ST, NEW YORK, NY",Speed,36,40.731353010392,-73.982565036967,2023-01-16,2022-08-01,2025-01-27,541,high_sustained,2023
280,"1ST AVE AND E 22ND ST, NEW YORK, NY",Speed,36,40.736230020754,-73.979010020373,2020-11-30,2020-11-30,2026-08-24,6669,high_sustained,2020
281,"1ST AVE AND E 27TH ST, NEW YORK, NY",Speed,36,40.739426417621,-73.976720000606,2025-02-24,2025-02-24,2026-08-24,626,high_sustained,2025
282,"1ST AVE AND E 33RD ST, NEW YORK, NY",Speed,36,40.743106115024,-73.97404038998,2025-01-27,2025-01-27,2026-08-17,807,high_sustained,2025
283,"1ST AVE AND E 38TH ST, NEW YORK, NY",Speed,36,40.746301003148,-73.971679962227,2022-09-26,2022-09-26,2026-08-24,1416,high_sustained,2022
284,"1ST AVE AND E 39TH ST, NEW YORK, NY",Speed,36,40.746928011415,-73.971232033321,2019-07-29,2019-07-29,2022-09-19,9398,high_sustained,2019
285,"1ST AVE AND E 62ND ST, NEW YORK, NY",Red Light,7,40.761485994217,-73.960608976875,2026-06-29,2026-06-29,2026-07-20,150,high_sustained,2026
286,"1ST AVE AND E 75TH ST, NEW YORK, NY",Speed,36,40.769754993156,-73.954575012417,2022-08-29,2022-08-29,2026-08-24,5532,high_sustained,2022
287,"1ST AVE AND E 84TH ST, NEW YORK, NY",Speed,36,40.775561011758,-73.950333015039,2019-11-25,2019-11-25,2026-08-24,16299,high_sustained,2019
288,"1ST AVE AND E 96TH ST, NEW YORK, NY",Red Light,7,40.783291682966,-73.944711021122,2026-01-12,2026-01-12,2026-07-20,1846,high_sustained,2026
289,"2 AV E112 ST. - E 105 ST, NEW YORK, NY",Speed,36,40.798035795048,-73.94830811823,2016-10-24,2016-10-24,2021-08-02,373,low_fallback,2016
290,"2 ST. 51 AV - 56 AV, NEW YORK, NY",Speed,36,40.743019757072,-73.959713575285,2021-11-29,2021-11-29,2022-03-14,4,low_fallback,2021
291,"20 AV. 52 ST - 59 ST, NEW YORK, NY",Speed,36,40.65063383323,-74.022545024091,2016-09-26,2016-09-26,2022-08-15,124,low_fallback,2016
292,"20 AV. 59 ST - 52 ST, NEW YORK, NY",Speed,36,40.643968518287,-74.022143975995,2018-01-22,2018-01-22,2023-02-06,39,low_fallback,2018
293,"20 AV. 65 ST - 71 ST, NEW YORK, NY",Speed,36,40.63610240381,-74.033859099277,2020-10-19,2020-10-19,2020-10-19,2,low_fallback,2020
294,"20 AV. 71 ST - 65 ST, NEW YORK, NY",Speed,36,40.718600992448,-73.845367028306,2020-10-12,2020-10-12,2020-10-12,1,low_fallback,2020
295,"209TH ST. 14TH A VE - CROSS ISLAND PK, NEW YORK, NY",Speed,36,40.78614824437,-73.783431490709,2022-04-18,2022-04-18,2022-07-04,6,low_fallback,2022
296,"209TH ST. CROSS I SLAND PKWY - 14TH AV, NEW YORK, NY",Speed,36,40.78614824437,-73.783431490709,2022-06-27,2022-06-27,2022-06-27,1,low_fallback,2022
297,"20TH AVE AND 129TH ST, NEW YORK, NY",Red Light,7,40.781751717805,-73.839612432681,2026-01-26,2026-01-26,2026-07-20,738,high_sustained,2026
298,"20TH AVE AND 129TH ST, NEW YORK, NY",Speed,36,40.781751717805,-73.839612432681,2026-07-27,2026-07-27,2026-08-24,81,high_sustained,2026
299,"20TH AVE AND 23RD S T, NEW YORK, NY",Speed,36,40.783347003527,-73.911421035375,2024-12-30,2024-12-30,2026-08-24,525,high_sustained,2024
300,"20TH AVE AND 27TH S T, NEW YORK, NY",Speed,36,40.781394984006,-73.908663975964,2019-08-26,2019-08-26,2026-08-24,10770,high_sustained,2019
301,"20TH AVE AND 36TH S T, NEW YORK, NY",Speed,36,40.777971982387,-73.903805992521,2021-09-27,2021-09-27,2026-08-24,2558,high_sustained,2021
302,"20TH AVE AND 54TH S T, NEW YORK, NY",Speed,36,40.622764993749,-73.979354013679,2024-03-25,2024-03-25,2026-04-27,1340,high_sustained,2024
303,"20TH AVE AND 77TH S T, NEW YORK, NY",Red Light,7,40.609682016359,-73.992975025435,2026-02-02,2026-01-26,2026-07-20,600,high_sustained,2026
304,"20TH AVE AND 77TH S T, NEW YORK, NY",Speed,36,40.609682016359,-73.992975025435,2026-08-03,2022-09-05,2026-08-24,96,high_sustained,2026
305,"20TH AVE AND 84TH S T, NEW YORK, NY",Speed,36,40.605763015619,-73.997070004231,2020-05-25,2020-05-25,2026-08-17,375,low_fallback,2020
306,"20TH AVE. 54TH ST - 60TH ST, NEW YORK, NY",Speed,36,40.647981464902,-74.021242813006,2023-01-23,2023-01-23,2023-09-04,16,low_fallback,2023
307,"20TH ST. 10TH AVE - 8TH AVE, NEW YORK, NY",Speed,36,40.740717565986,-74.008526054215,2019-07-01,2019-07-01,2019-07-01,22,low_fallback,2019
308,"21 ST. 20 AV - 23 AV, NEW YORK, NY",Speed,36,40.74169627891,-73.990569503042,2019-10-14,2019-10-14,2020-12-28,81,low_fallback,2019
309,"21 ST. 23 AV - 20 AV, NEW YORK, NY",Speed,36,40.591140450254,-73.983368693843,2019-12-16,2019-04-01,2020-12-21,202,high_sustained,2019
310,"21 ST. 30 RD - 33 RD, NEW YORK, NY",Speed,36,41.099235201766,-74.010491442872,2019-09-23,2019-09-23,2020-12-28,117,low_fallback,2019
311,"21 ST. 33 RD - 30 RD, NEW YORK, NY",Speed,36,43.120762388708,-75.293154804415,2020-01-13,2019-04-01,2020-12-14,296,high_sustained,2020
312,"21 ST. 43 AV - 46 RD, NEW YORK, NY",Speed,36,40.600301744696,-73.984177463681,2022-11-21,2022-11-21,2024-02-26,8,low_fallback,2022
313,"21 ST. 46 RD - 43 AV, NEW YORK, NY",Speed,36,40.660018794912,-73.991219385614,2022-05-09,2022-05-09,2023-11-27,21,low_fallback,2022
314,"210TH ST AND 69TH A VE, NEW YORK, NY",Speed,36,40.740683996464,-73.764320981579,2021-09-27,2021-09-27,2022-06-13,3808,high_sustained,2021
315,"212TH ST AND 15TH A VE, NEW YORK, NY",Speed,36,40.785679016628,-73.781617038782,2022-06-27,2022-06-27,2026-08-24,6987,high_sustained,2022
316,"21ST AVE AND 20TH S T, NEW YORK, NY",Speed,36,40.770479985872,-73.893203974652,2022-07-11,2022-07-11,2024-10-28,275,low_fallback,2022
317,"21ST AVE AND 36TH S T, NEW YORK, NY",Speed,36,40.776199000318,-73.905973971778,2021-09-27,2021-09-27,2024-02-12,698,high_sustained,2021
318,"21ST AVE AND 74TH S T, NEW YORK, NY",Speed,36,40.610137991891,-73.988911981689,2021-09-13,2021-08-30,2023-12-25,712,high_sustained,2021
319,"21ST AVE AND 78TH S T, NEW YORK, NY",Speed,36,40.607791981012,-73.991360000331,2025-06-30,2025-06-30,2026-08-24,517,high_sustained,2025
320,"21ST AVE AND BENSON AVE, NEW YORK, NY",Speed,36,40.601571980213,-73.99782496225,2020-09-28,2020-09-28,2024-08-26,1643,high_sustained,2020
321,"21ST AVE AND STEINW AY ST, NEW YORK, NY",Speed,36,40.774685019057,-73.903820996128,2024-04-08,2024-04-08,2026-06-22,114,low_fallback,2024
322,"21ST ST AND 21ST AV E, NEW YORK, NY",Speed,36,40.782285980313,-73.914608002601,2024-08-12,2024-07-29,2026-08-24,340,high_sustained,2024
323,"21ST ST AND 28TH AV E, NEW YORK, NY",Speed,36,40.771140982756,-73.926812975633,2025-03-31,2025-03-31,2026-06-08,1119,high_sustained,2025
324,"21ST ST AND 36TH AV E, NEW YORK, NY",Speed,36,40.759922601636,-73.936824488424,2019-11-18,2019-11-18,2026-08-24,37101,high_sustained,2019
325,"21ST ST AND 37TH AV E, NEW YORK, NY",Speed,36,40.758700981158,-73.937923020654,2020-07-27,2020-07-27,2026-08-24,10848,high_sustained,2020
326,"21ST ST AND 39TH AV E, NEW YORK, NY",Speed,36,40.756483003849,-73.940037020454,2026-07-27,2026-07-27,2026-08-24,229,high_sustained,2026
327,"21ST ST AND 41ST AV E, NEW YORK, NY",Red Light,7,40.753990016297,-73.942429969992,2026-02-16,2026-01-26,2026-07-20,828,high_sustained,2026
328,"222ND ST AND 97TH A VE, NEW YORK, NY",Speed,36,40.717549985609,-73.731521001892,2021-06-28,2021-06-28,2026-08-24,15585,high_sustained,2021
329,"222ND ST AND PAU LDING AVE, NEW YORK, NY",Red Light,7,40.883026984931,-73.853247023119,2016-05-30,2016-05-30,2026-07-20,23096,high_sustained,2016
330,"225 ST. 144 AV - 146 AV, NEW YORK, NY",Speed,36,40.600826242287,-73.980023560105,2021-11-22,2021-11-22,2022-12-12,141,low_fallback,2021
331,"225 ST. 146 AV - 144 AV, NEW YORK, NY",Speed,36,40.66340008993,-73.753696076348,2021-11-22,2021-11-22,2022-08-29,174,low_fallback,2021
332,"225TH ST AND N COND UIT AVE, NEW YORK, NY",Red Light,7,40.666403989618,-73.751757011633,2026-03-30,2026-03-30,2026-07-20,850,high_sustained,2026
333,"23 AV. 87 ST - 94 ST, NEW YORK, NY",Speed,36,40.624750383051,-74.039625519077,2021-02-22,2019-06-10,2021-09-27,2895,high_sustained,2021
334,"23 AV. 94 ST - 87 ST, NEW YORK, NY",Speed,36,40.767446868479,-73.875833234692,2019-05-06,2019-05-06,2021-10-04,4672,low_fallback,2019
335,"230 ST. GODWIN TE RR.- RIVERDALE AV, NEW YORK, NY",Speed,36,40.904545259926,-73.904856903881,2019-07-01,2018-09-24,2020-02-24,336,high_sustained,2019
336,"230 ST. RIVERDALE AV- GODWIN TERR., NEW YORK, NY",Speed,36,40.660958350944,-73.908031812826,2018-09-17,2018-09-17,2019-07-01,17,low_fallback,2018
337,"231ST ST AND LINDEN BLVD, NEW YORK, NY",Speed,36,40.691960999133,-73.730675016404,2019-07-08,2019-07-08,2024-08-26,749,high_sustained,2019
338,"233RD ST AND 120TH AVE, NEW YORK, NY",Speed,36,40.686773020163,-73.731339030774,2019-11-04,2019-11-04,2025-03-10,262,low_fallback,2019
339,"234TH ST. LINDEN BLVD. - 119TH AVE, NEW YORK, NY",Speed,36,40.652403906292,-73.950338211819,2023-04-10,2023-04-10,2023-04-10,14,low_fallback,2023
340,"234TH ST. LINDEN BLVD. - 119TH ST., NEW YORK, NY",Speed,36,40.652403906292,-73.950338211819,2023-03-27,2023-03-27,2023-03-27,9,low_fallback,2023
341,"23RD AVE AND 212TH ST, NEW YORK, NY",Speed,36,40.781414010926,-73.778174004414,2020-11-30,2020-11-30,2026-08-24,5772,high_sustained,2020
342,"23RD AVE AND 41ST S T, NEW YORK, NY",Speed,36,40.770573988916,-73.907494029918,2020-03-30,2020-03-30,2024-12-23,1529,high_sustained,2020
343,"23RD AVE AND 94T H ST, NEW YORK, NY",Red Light,7,40.768189002186,-73.876261969039,2016-05-30,2016-05-23,2026-07-20,15020,high_sustained,2016
344,"23RD AVE AND 98TH S T, NEW YORK, NY",Speed,36,40.76856698411,-73.872501009085,2021-09-27,2021-09-27,2026-08-24,19984,high_sustained,2021
345,"23RD AVE AND BENSON AVE, NEW YORK, NY",Speed,36,40.598875982966,-73.993353971277,2022-12-12,2022-12-12,2024-01-22,110,low_fallback,2022
346,"23RD AVE AND FRANCI S LEWIS BLVD, NEW YORK, NY",Speed,36,40.77675199638,-73.80008295821,2020-01-27,2019-11-25,2026-07-13,345,high_sustained,2020
347,"242 ST 136TH AVE- MERRICK BLVD, NEW YORK, NY",Speed,36,40.708468725931,-73.795701097707,2022-07-11,2022-07-11,2022-07-11,1,low_fallback,2022
348,"242 ST MERRICK BL VD - 136TH AVE, NEW YORK, NY",Speed,36,40.708468725931,-73.795701097707,2022-08-29,2022-08-29,2022-08-29,2,low_fallback,2022
349,"243RD ST AND 141ST AVE, NEW YORK, NY",Speed,36,40.663424013491,-73.737001006369,2024-02-26,2024-02-26,2026-07-13,356,high_sustained,2024
350,"249TH ST AND MAYDA RD, NEW YORK, NY",Speed,36,40.658159004831,-73.738128959079,2020-02-03,2020-01-27,2021-09-20,409,high_sustained,2020
351,"24TH AVE 29 ST - 35 ST, NEW YORK, NY",Speed,36,40.598111509097,-73.990580975239,2023-08-21,2023-08-21,2023-12-11,8,low_fallback,2023
352,"24TH AVE 35 ST - 29 ST, NEW YORK, NY",Speed,36,40.598111509097,-73.990580975239,2022-07-04,2022-07-04,2024-01-29,5,low_fallback,2022
353,"24TH AVE AND BENSON AVE, NEW YORK, NY",Speed,36,40.597552983369,-73.991161013949,2022-10-24,2022-10-24,2023-07-31,38,low_fallback,2022
354,"24TH AVENUE BENSO N AVE - 86TH ST, NEW YORK, NY",Speed,36,40.598111509097,-73.990580975239,2024-01-29,2024-01-29,2024-01-29,2,low_fallback,2024
355,"25TH AVE AND BENSON AVE, NEW YORK, NY",Speed,36,40.596227008196,-73.988959004166,2020-11-02,2020-10-26,2024-09-30,1078,high_sustained,2020
356,"260TH ST AND 75TH A VE, NEW YORK, NY",Speed,36,40.748107009916,-73.713506028854,2022-01-03,2021-12-27,2026-08-24,4139,high_sustained,2022
357,"26TH AVE AND 125TH ST, NEW YORK, NY",Speed,36,40.774362986337,-73.843624011541,2021-09-27,2021-09-27,2026-08-24,7708,high_sustained,2021
358,"26TH AVE AND 172ND ST, NEW YORK, NY",Speed,36,40.773370988096,-73.793671975748,2021-09-27,2021-09-27,2026-08-24,8230,high_sustained,2021
359,"26TH AVE AND 210TH PL, NEW YORK, NY",Speed,36,40.777710006003,-73.779501027325,2021-12-27,2021-12-27,2026-08-03,10310,high_sustained,2021
360,"26TH AVE AND 210TH ST, NEW YORK, NY",Speed,36,40.777415004921,-73.780391017804,2021-12-27,2021-12-27,2026-08-24,22400,high_sustained,2021
361,"26TH AVE AND BATH A VE, NEW YORK, NY",Speed,36,40.593009991847,-73.9887310164,2020-06-29,2020-06-29,2024-08-26,2392,high_sustained,2020
362,"26TH AVE AND BENSON AVE, NEW YORK, NY",Speed,36,40.594893992224,-73.986753976898,2019-08-26,2019-08-26,2019-09-16,103,high_sustained,2019
363,"26TH AVE AND HARWAY AVE, NEW YORK, NY",Speed,36,40.591411018088,-73.99035501014,2019-09-16,2019-09-16,2026-08-24,10811,high_sustained,2019
364,"27TH AVE AND HARWAY AVE, NEW YORK, NY",Speed,36,40.590100004613,-73.988162974821,2024-09-30,2024-09-30,2026-08-10,193,low_fallback,2024
365,"28TH AVE AND 210TH PL, NEW YORK, NY",Speed,36,40.775960996177,-73.779107999885,2020-04-27,2020-04-27,2026-08-10,8631,high_sustained,2020
366,"28TH AVE AND 214TH PL, NEW YORK, NY",Speed,36,40.777547019896,-73.773781970969,2024-04-22,2024-04-22,2026-08-24,418,high_sustained,2024
367,"28TH AVE AND HARWAY AVE, NEW YORK, NY",Speed,36,40.588771011955,-73.985961970867,2019-07-29,2019-07-29,2026-08-24,3204,high_sustained,2019
368,"29 AV. 166 ST - U TOPIA PKWY, NEW YORK, NY",Speed,36,40.791167470346,-73.794961373242,2019-03-25,2019-03-25,2019-07-08,37,low_fallback,2019
369,"29 AV. UTOPIA PKW Y - 166 ST, NEW YORK, NY",Speed,36,40.761103914603,-73.793504725721,2019-04-29,2019-04-29,2019-06-10,4,low_fallback,2019
370,"29TH AVE AND 158TH ST, NEW YORK, NY",Speed,36,40.771200997183,-73.806310041717,2021-12-27,2021-12-27,2026-08-24,1962,high_sustained,2021
371,"29TH ST 20TH AVE - 21ST AVE, NEW YORK, NY",Speed,36,40.783961094129,-73.917076129712,2023-12-25,2023-12-25,2023-12-25,1,low_fallback,2023
372,"2ND AVE AND 26TH ST, NEW YORK, NY",Red Light,7,40.739775984893,-73.979500026433,2016-05-30,2016-05-23,2022-03-28,5357,high_sustained,2016
373,"2ND AVE AND E 17TH ST, NEW YORK, NY",Speed,36,40.734264003455,-73.98356198053,2022-02-28,2022-02-28,2026-08-17,9453,high_sustained,2022
374,"2ND AVE AND E 28TH ST, NEW YORK, NY",Speed,36,40.74101499782,-73.978611041782,2020-11-30,2020-11-30,2026-08-17,11978,high_sustained,2020
375,"2ND AVE AND E 35TH ST, NEW YORK, NY",Speed,36,40.745460004893,-73.975426002394,2022-08-01,2021-12-27,2024-05-13,528,high_sustained,2022
376,"2ND AVE AND E 56TH ST, NEW YORK, NY",Speed,36,40.758624999206,-73.965776001087,2024-07-08,2024-07-08,2026-08-24,3453,high_sustained,2024
377,"2ND AVE AND E 76TH ST, NEW YORK, NY",Speed,36,40.771382004382,-73.956473010572,2020-02-24,2020-02-24,2026-08-24,6811,high_sustained,2020
378,"2ND AVE AND E 7TH S T, NEW YORK, NY",Speed,36,40.727980006825,-73.988107989537,2020-12-14,2020-11-30,2026-08-24,6668,high_sustained,2020
379,"2ND AVE AND E 86TH ST, NEW YORK, NY",Speed,36,40.777877015424,-73.951733966336,2025-03-03,2025-02-24,2026-08-24,426,high_sustained,2025
380,"2ND AVE AND E HO USTON ST, NEW YORK, NY",Red Light,7,40.723593002522,-73.991080966774,2019-01-14,2019-01-14,2026-07-20,12564,high_sustained,2019
381,"3 AV CAROLL ST - 8 ST, NEW YORK, NY",Speed,36,40.845113750941,-73.789881092398,2016-09-26,2016-09-26,2019-06-17,480,low_fallback,2016
382,"3 AV E92 ST. - E1 00 ST, NEW YORK, NY",Speed,36,40.782531103083,-73.950944884946,2017-01-02,2016-06-20,2021-10-25,490,high_sustained,2017
383,"3 AV. E. TREMNT A V - E175 ST, NEW YORK, NY",Speed,36,40.844571568705,-73.898819698879,2016-06-20,2016-06-20,2021-11-01,125,low_fallback,2016
384,"3 AV. E124 ST - E 128 ST, NEW YORK, NY",Speed,36,40.805685823227,-73.942139453228,2016-06-13,2016-06-13,2019-03-18,124,low_fallback,2016
385,"3 AV. E168 ST - S T. PAULS PL, NEW YORK, NY",Speed,36,40.807410682166,-73.932850732624,2017-10-30,2016-06-27,2020-08-24,276,high_sustained,2017
386,"3 AV. E171 ST - E 174 ST, NEW YORK, NY",Speed,36,40.840028915098,-73.913871372865,2016-06-20,2016-06-20,2020-08-03,309,low_fallback,2016
387,"3 AV. E174 ST - E 171 ST, NEW YORK, NY",Speed,36,40.838440582547,-73.905944383659,2016-10-17,2016-09-26,2020-01-27,196,high_sustained,2016
388,"3 AV. E175 ST - E . TREMNT AV, NEW YORK, NY",Speed,36,40.850633768195,-73.894154046625,2016-09-05,2016-09-05,2021-10-25,162,low_fallback,2016
389,"3 AV. ST. PAULS P L - E168 ST, NEW YORK, NY",Speed,36,40.637671990527,-74.077918624706,2016-09-12,2016-09-12,2019-11-04,243,low_fallback,2016
390,"3 AVE 8 ST - CARO LL ST, NEW YORK, NY",Speed,36,40.844973402707,-73.789442799487,2017-10-23,2016-08-01,2019-08-26,275,high_sustained,2017
391,"3 ST. 3 AV - BOND ST, NEW YORK, NY",Speed,36,40.726811027245,-73.994627393687,2021-10-18,2021-10-18,2022-05-30,11,low_fallback,2021
392,"3 ST. BOND ST - 3 AV, NEW YORK, NY",Speed,36,40.726811027245,-73.994627393687,2022-02-28,2022-02-28,2022-04-04,7,low_fallback,2022
393,"30TH AVE 86TH ST - 84TH ST, NEW YORK, NY",Speed,36,40.625284384296,-74.039492576401,2025-01-27,2025-01-27,2025-01-27,1,low_fallback,2025
394,"30TH AVE AND 70TH S T, NEW YORK, NY",Speed,36,40.760045019332,-73.897558960085,2022-01-03,2021-12-27,2026-08-24,9872,high_sustained,2022
395,"30TH AVE AND 80TH S T, NEW YORK, NY",Speed,36,40.761023019795,-73.888252030075,2022-06-27,2022-06-27,2026-08-24,4423,high_sustained,2022
396,"30TH AVE AND 95TH S T, NEW YORK, NY",Speed,36,40.76106501313,-73.87389600923,2022-01-03,2021-12-27,2024-07-01,494,high_sustained,2022
397,"31 AV 68 ST - 76 ST, NEW YORK, NY",Speed,36,40.756941871139,-73.898798643564,2019-03-04,2017-03-13,2020-02-17,332,high_sustained,2019
398,"31 AV 76 ST - 68 ST, NEW YORK, NY",Speed,36,40.632721269798,-74.035820548439,2017-07-17,2017-01-02,2020-02-24,532,high_sustained,2017
399,"31 AV. 48 ST - HO BART ST, NEW YORK, NY",Speed,36,40.759302117791,-73.90659983693,2020-10-05,2020-10-05,2025-02-03,10,low_fallback,2020
400,"31 AV. HOBART ST - 48 ST, NEW YORK, NY",Speed,36,40.759302117791,-73.90659983693,2020-12-21,2020-12-21,2024-01-22,19,low_fallback,2020
401,"31ST AVE AND 100TH ST, NEW YORK, NY",Speed,36,40.760997999814,-73.869156964994,2021-11-01,2021-11-01,2024-06-24,434,high_sustained,2021
402,"31ST AVE AND 37TH S T, NEW YORK, NY",Speed,36,40.76206401026,-73.918675991669,2020-03-30,2020-03-30,2025-04-14,249,low_fallback,2020
403,"31ST AVE AND 57TH S T, NEW YORK, NY",Speed,36,40.757252001556,-73.904854987704,2021-12-27,2021-12-27,2026-08-24,9501,high_sustained,2021
404,"31ST AVE AND 58TH S T, NEW YORK, NY",Speed,36,40.757377017642,-73.903688981153,2022-01-03,2021-12-27,2026-08-24,1721,high_sustained,2022
405,"31ST AVE AND 72ND S T, NEW YORK, NY",Speed,36,40.758247017282,-73.895345970008,2020-02-24,2020-02-24,2026-08-24,4064,high_sustained,2020
406,"31ST AVE AND 82ND S T, NEW YORK, NY",Speed,36,40.759234992209,-73.88604499115,2022-06-27,2022-06-27,2026-08-24,1120,high_sustained,2022
407,"31ST ST AND 21ST AV E, NEW YORK, NY",Speed,36,40.777973994044,-73.908479993189,2021-06-07,2021-05-31,2026-08-24,1556,high_sustained,2021
408,"31ST ST AND 34TH AV E, NEW YORK, NY",Speed,36,40.759668001327,-73.927237016115,2020-02-03,2020-01-27,2026-08-24,5263,high_sustained,2020
409,"32ND AVE AND 153RD ST, NEW YORK, NY",Speed,36,40.770009006732,-73.811268021265,2022-05-30,2022-04-18,2026-08-24,2995,high_sustained,2022
410,"32ND AVE AND 169TH ST, NEW YORK, NY",Speed,36,40.768820997686,-73.796227031293,2019-09-30,2019-09-30,2025-03-24,3056,high_sustained,2019
411,"32ND AVE AND 56TH S T, NEW YORK, NY",Speed,36,40.755623984502,-73.90529503762,2019-12-30,2019-12-30,2026-08-24,3539,high_sustained,2019
412,"32ND AVE AND 72ND S T, NEW YORK, NY",Speed,36,40.756703992727,-73.895040030542,2021-12-27,2021-12-27,2026-08-24,4603,high_sustained,2021
413,"32ND AVE AND 89TH S T, NEW YORK, NY",Speed,36,40.758356987852,-73.87925196154,2021-12-27,2021-12-27,2026-04-27,2105,high_sustained,2021
414,"32ND AVE. 201ST S T - 204TH ST, NEW YORK, NY",Speed,36,40.768977906535,-73.798234480605,2022-11-14,2022-11-14,2022-11-14,1,low_fallback,2022
415,"32ND AVE. 204TH S T - 201ST ST, NEW YORK, NY",Speed,36,40.768977906535,-73.798234480605,2022-11-14,2022-11-14,2023-03-13,5,low_fallback,2022
416,"32ND AVENUE 204 S T - 210 ST, NEW YORK, NY",Speed,36,40.768977906535,-73.798234480605,2022-04-18,2022-04-18,2022-12-26,19,low_fallback,2022
417,"32ND AVENUE 210 S T - 204 ST, NEW YORK, NY",Speed,36,40.776908276964,-73.751139852102,2022-09-05,2022-09-05,2023-10-30,7,low_fallback,2022
418,"33 ST. 30 AV - 28 AV, NEW YORK, NY",Speed,36,40.600315784384,-73.984717006788,2021-03-08,2021-03-08,2026-08-24,5310,high_sustained,2021
419,"33RD ST AND BROADWA Y, NEW YORK, NY",Speed,36,40.65662745342,-74.003728568015,2019-08-26,2019-08-26,2026-08-24,21310,high_sustained,2019
420,"34 AV. 77 ST - 81 ST, NEW YORK, NY",Speed,36,40.628759642601,-74.036272112585,2016-07-11,2016-07-11,2019-12-16,50,low_fallback,2016
421,"34 AV. 81 ST - 77 ST, NEW YORK, NY",Speed,36,40.712841834242,-73.830256586223,2016-06-20,2016-06-20,2020-01-06,116,low_fallback,2016
422,"34TH AVE 106TH ST . - 110TH ST, NEW YORK, NY",Speed,36,40.753817097635,-73.914720823017,2022-06-06,2022-06-06,2023-12-25,21,low_fallback,2022
423,"34TH AVE 110TH ST - 106TH ST, NEW YORK, NY",Speed,36,40.753817097635,-73.914720823017,2022-05-09,2022-05-09,2023-09-18,8,low_fallback,2022
424,"34TH AVE AND 14TH S T, NEW YORK, NY",Speed,36,40.763508002629,-73.935446000628,2019-12-30,2019-12-30,2024-04-15,2272,high_sustained,2019
425,"34TH AVE AND 31ST S T, NEW YORK, NY",Red Light,7,40.759668001327,-73.927237016115,2026-01-12,2026-01-05,2026-07-20,314,high_sustained,2026
426,"34TH AVE AND 31ST S T, NEW YORK, NY",Speed,36,40.759668001327,-73.927237016115,2026-07-27,2026-07-27,2026-08-24,6,low_fallback,2026
427,"34TH AVE AND 64TH S T, NEW YORK, NY",Speed,36,40.752263805248,-73.899019171437,2020-09-28,2020-09-28,2024-07-29,480,high_sustained,2020
428,"34TH AVE AND 65TH S T, NEW YORK, NY",Speed,36,40.752330818564,-73.898501505097,2022-04-11,2022-04-11,2024-07-15,147,low_fallback,2022
429,"34TH AVE AND 85TH S T, NEW YORK, NY",Speed,36,40.754067004078,-73.882245977354,2020-03-02,2020-02-24,2022-10-10,328,high_sustained,2020
430,"34TH ST AND 43RD AV E, NEW YORK, NY",Red Light,7,40.74629999732,-73.930397999441,2026-05-04,2026-04-27,2026-07-20,110,high_sustained,2026
431,"35 AV. 200 ST - 2 05 ST, NEW YORK, NY",Speed,36,40.769711993993,-73.789309027507,2018-10-01,2018-10-01,2021-10-25,118,low_fallback,2018
432,"35 AV. 205 ST - 2 00 ST, NEW YORK, NY",Speed,36,40.765784820898,-73.782072343762,2018-12-31,2018-12-31,2021-07-26,4,low_fallback,2018
433,"35 AV. 31 ST - ST EINWAY ST, NEW YORK, NY",Speed,36,40.760435364563,-73.917626745029,2019-01-28,2019-01-28,2023-04-17,4,low_fallback,2019
434,"35 AV. 91 ST- 97 ST, NEW YORK, NY",Speed,36,40.751625313774,-73.87596063962,2017-03-06,2017-03-06,2019-10-07,10,low_fallback,2017
435,"35 AV. STEINWAY S T - 31 ST, NEW YORK, NY",Speed,36,40.594358125941,-74.160863819312,2017-11-20,2017-11-20,2024-05-06,18,low_fallback,2017
436,"35 AVE. LINDEN PL - UNION ST, NEW YORK, NY",Speed,36,40.814712963963,-73.812055210401,2018-01-15,2018-01-15,2021-06-28,5,low_fallback,2018
437,"35 AVE. UNION ST- LINDEN PL, NEW YORK, NY",Speed,36,40.684871455809,-74.004496619931,2017-12-11,2017-12-11,2023-06-12,14,low_fallback,2017
438,"35 AVE. UNION ST- PARSONS BLVD, NEW YORK, NY",Speed,36,40.684871455809,-74.004496619931,2024-02-12,2024-02-12,2024-02-12,1,low_fallback,2024
439,"35TH AVE AND 159TH ST, NEW YORK, NY",Speed,36,40.76565397939,-73.806094040073,2020-11-30,2020-11-30,2024-10-28,1720,high_sustained,2020
440,"35TH AVE AND 212TH ST, NEW YORK, NY",Speed,36,40.768607007698,-73.775634036295,2020-01-27,2020-01-27,2026-08-24,5560,high_sustained,2020
441,"35TH AVE AND 21ST S T, NEW YORK, NY",Speed,36,40.761359008384,-73.93538699203,2021-09-27,2021-09-27,2026-03-30,1616,high_sustained,2021
442,"35TH AVE AND 82ND S T, NEW YORK, NY",Speed,36,40.751784989029,-73.884686033188,2022-11-14,2022-11-14,2026-08-24,471,high_sustained,2022
443,"35TH AVE AND 88TH S T, NEW YORK, NY",Speed,36,40.752372979537,-73.879094968494,2020-04-06,2020-03-30,2026-08-17,512,high_sustained,2020
444,"36 AVE. 215 ST - 221 ST, NEW YORK, NY",Speed,36,40.774407892383,-73.74716829683,2023-08-07,2023-08-07,2024-01-01,26,low_fallback,2023
445,"36 AVE. 221 ST - 215 ST, NEW YORK, NY",Speed,36,40.768720833943,-73.763796944993,2023-09-18,2023-09-18,2023-09-18,4,low_fallback,2023
446,"36TH AVE AND 14TH S T, NEW YORK, NY",Speed,36,40.760203018207,-73.937483976566,2023-06-19,2021-08-02,2024-10-28,322,high_sustained,2023
447,"36TH AVE AND 215TH PL, NEW YORK, NY",Speed,36,40.768753020451,-73.768960029711,2025-12-29,2025-12-29,2026-08-24,103,low_fallback,2025
448,"36TH AVE AND 22ND S T, NEW YORK, NY",Speed,36,40.759469014946,-73.935898958676,2022-08-29,2022-08-29,2024-10-21,204,low_fallback,2022
449,"36TH ST AND DITMARS BLVD, NEW YORK, NY",Speed,36,40.774364997993,-73.908200037623,2022-01-03,2021-12-27,2026-08-24,2738,high_sustained,2022
450,"37 AV 30 ST - 9 S T, NEW YORK, NY",Speed,36,40.60065198252,-73.984482564956,2018-04-09,2018-04-09,2023-05-15,46,low_fallback,2018
451,"37 AV 9 ST - 30 S T, NEW YORK, NY",Speed,36,40.762599684702,-73.789568598285,2018-07-09,2018-07-09,2021-10-04,6,low_fallback,2018
452,"37 ST. 3 AVE - 5 AVE, NEW YORK, NY",Speed,36,40.730314995502,-73.989084984171,2022-07-04,2022-07-04,2023-03-20,2,low_fallback,2022
453,"37TH ST AND FT HAMI LTON PKWY, NEW YORK, NY",Speed,36,40.64412899811,-73.989062017756,2019-09-30,2019-09-30,2026-08-24,47794,high_sustained,2019
454,"38 AVE. 215 ST - 219 ST, NEW YORK, NY",Speed,36,40.766363088398,-73.76842593484,2023-05-15,2023-05-15,2024-04-15,3,low_fallback,2023
455,"38 AVE. 219 ST - 215 ST, NEW YORK, NY",Speed,36,40.784903183703,-73.777151504434,2024-02-12,2024-02-12,2024-02-12,1,low_fallback,2024
456,"38TH AVE AND 28TH S T, NEW YORK, NY",Speed,36,40.755011015923,-73.934331039868,2024-08-26,2024-08-26,2026-08-24,189,low_fallback,2024
457,"39 ST. GREENPOINT AV - 47 AV, NEW YORK, NY",Speed,36,40.738891610288,-73.926879863221,2021-11-08,2021-11-08,2021-11-08,16,low_fallback,2021
458,"39TH AVE AND 203RD ST, NEW YORK, NY",Speed,36,40.762504018267,-73.782517003726,2024-10-28,2024-10-28,2026-01-12,400,high_sustained,2024
459,"39TH AVE AND FRANCI S LEWIS BLVD, NEW YORK, NY",Speed,36,40.762252980267,-73.785417980415,2026-03-23,2026-03-23,2026-08-24,266,high_sustained,2026
460,"39TH ST AND 10TH AV E, NEW YORK, NY",Speed,36,40.644622985574,-73.992901013229,2020-12-28,2020-11-30,2024-11-25,1689,high_sustained,2020
461,"39TH ST AND 14TH AV E, NEW YORK, NY",Red Light,7,40.639286018274,-73.984081993803,2026-03-16,2026-01-19,2026-07-20,188,high_sustained,2026
462,"39TH ST AND 47TH AV E, NEW YORK, NY",Speed,36,40.742018982182,-73.926550035331,2021-11-29,2021-11-29,2024-05-27,891,high_sustained,2021
463,"39TH ST AND NEW UTR ECHT AVE, NEW YORK, NY",Speed,36,40.645598010461,-73.994533975606,2023-08-28,2022-08-29,2024-10-21,324,high_sustained,2023
464,"39TH ST AND NORT HERN BLVD, NEW YORK, NY",Red Light,7,40.752323987313,-73.924478028866,2016-05-30,2016-05-23,2026-07-20,12146,high_sustained,2016
465,"3RD AVE AND 36TH ST, NEW YORK, NY",Red Light,7,40.655629011176,-74.006574998613,2016-08-01,2016-08-01,2025-10-13,12229,high_sustained,2016
466,"3RD AVE AND E 112TH ST, NEW YORK, NY",Speed,36,40.795398000998,-73.941878021668,2019-07-08,2019-07-08,2026-08-24,30143,high_sustained,2019
467,"3RD AVE AND E 119TH ST, NEW YORK, NY",Speed,36,40.799883995578,-73.93858996869,2024-09-30,2024-09-30,2026-08-24,2080,high_sustained,2024
468,"3RD AVE AND E 13 5TH ST, NEW YORK, NY",Red Light,7,40.809417991345,-73.929631977309,2016-05-30,2016-05-23,2026-05-11,44370,high_sustained,2016
469,"3RD AVE AND E 147TH ST, NEW YORK, NY",Speed,36,40.815105112649,-73.919420220852,2022-07-11,2021-09-27,2025-02-24,2156,high_sustained,2022
470,"3RD AVE AND E 169TH ST, NEW YORK, NY",Speed,36,40.832740008287,-73.905030001842,2020-08-31,2020-08-31,2024-06-24,1781,high_sustained,2020
471,"3RD AVE AND E 16TH ST, NEW YORK, NY",Speed,36,40.734620988711,-73.986215020524,2020-02-24,2020-02-24,2026-08-24,15999,high_sustained,2020
472,"3RD AVE AND E 19TH ST, NEW YORK, NY",Speed,36,40.736369998537,-73.984934014261,2022-05-16,2021-10-25,2024-11-25,755,high_sustained,2022
473,"3RD AVE AND E 25TH ST, NEW YORK, NY",Speed,36,40.740106986249,-73.98221500869,2025-02-24,2025-02-24,2026-08-24,1523,high_sustained,2025
474,"3RD AVE AND E 31ST ST, NEW YORK, NY",Speed,36,40.743823103022,-73.979494326738,2021-11-29,2021-11-29,2026-08-24,8733,high_sustained,2021
475,"3RD AVE AND E 66TH ST, NEW YORK, NY",Speed,36,40.765899988248,-73.963408029621,2020-02-24,2020-02-24,2026-08-24,10214,high_sustained,2020
476,"3RD AVE AND E 82ND ST, NEW YORK, NY",Speed,36,40.776233994763,-73.955872866305,2021-04-26,2021-04-26,2026-08-24,6449,high_sustained,2021
477,"3RD AVE AND E 93RD ST, NEW YORK, NY",Speed,36,40.783263016857,-73.950754960045,2021-11-01,2021-10-25,2026-08-24,10404,high_sustained,2021
478,"3RD AVE AND E TREMO NT AVE, NEW YORK, NY",Speed,36,40.846655979215,-73.896186004344,2021-12-20,2021-11-29,2026-08-24,1965,high_sustained,2021
479,"3RD AVE AND FRANKLI N AVE, NEW YORK, NY",Speed,36,40.826837011067,-73.907604000488,2020-03-16,2020-02-24,2025-04-28,954,high_sustained,2020
480,"3RD AVE AND WAKEMAN PL, NEW YORK, NY",Speed,36,40.638121017552,-74.024754005496,2025-03-17,2025-03-17,2026-08-24,354,high_sustained,2025
481,"3RD AVE. 60TH ST - 57TH ST, NEW YORK, NY",Speed,36,40.643469048496,-74.022655654412,2023-04-10,2023-04-10,2024-05-27,406,high_sustained,2023
482,"3RD AVE. 61ST ST - 57TH ST, NEW YORK, NY",Speed,36,40.642887411662,-74.023260630427,2024-05-27,2024-05-27,2024-08-19,361,high_sustained,2024
483,"4 AV 17 ST - 24 S T, NEW YORK, NY",Speed,36,40.742968903269,-73.990326008755,2017-01-09,2017-01-09,2018-05-07,25,low_fallback,2017
484,"4 AV 24 ST - 17 S T, NEW YORK, NY",Speed,36,40.660279259238,-73.996172602368,2016-07-18,2016-07-18,2018-05-28,174,low_fallback,2016
485,"4 AV 27 ST - 33 S T, NEW YORK, NY",Speed,36,40.659769704048,-73.999852357148,2016-09-19,2016-06-27,2018-06-18,2448,high_sustained,2016
486,"4 AV 33 ST - 27 S T, NEW YORK, NY",Speed,36,40.65662745342,-74.003728568015,2016-07-04,2016-06-13,2018-09-10,532,high_sustained,2016
487,"4 AV. 65 ST - OVI NGTN AV, NEW YORK, NY",Speed,36,40.637319381166,-74.03341935175,2016-07-11,2016-07-11,2019-07-08,222,low_fallback,2016
488,"4 AV. 74 ST - SEN ATOR ST, NEW YORK, NY",Speed,36,40.638866698629,-74.030484528365,2019-01-28,2019-01-28,2019-05-20,80,low_fallback,2019
489,"4 AV. BERGEN ST- SACKETT ST, NEW YORK, NY",Speed,36,40.687720868083,-73.993169532427,2016-09-19,2016-09-19,2019-12-16,729,low_fallback,2016
490,"4 AV. E8 ST - E13 ST, NEW YORK, NY",Speed,36,40.731063059406,-73.984019297168,2016-09-26,2016-08-01,2019-04-29,762,high_sustained,2016
491,"4 AV. OVINGTN AV - 65 ST, NEW YORK, NY",Speed,36,40.63783099643,-74.035482095104,2016-07-11,2016-07-11,2019-06-17,538,high_sustained,2016
492,"4 AV. SACKETT ST- BERGEN ST, NEW YORK, NY",Speed,36,40.685591697478,-74.004771067745,2017-10-02,2016-06-20,2019-12-23,1241,high_sustained,2017
493,"4 AV. SENATOR ST - 74 ST, NEW YORK, NY",Speed,36,40.638899661924,-74.030581583065,2019-01-21,2019-01-21,2019-06-10,49,low_fallback,2019
494,"4 AVE. 11 ST- 5 S T, NEW YORK, NY",Speed,36,40.658589080283,-73.975456177246,2017-11-06,2017-11-06,2018-11-26,155,low_fallback,2017
495,"4 AVE. 39 ST- 33 ST, NEW YORK, NY",Speed,36,40.737999245663,-73.987888103224,2016-07-11,2016-07-11,2016-07-11,6,low_fallback,2016
496,"4 AVE. 5 ST- 11 S T, NEW YORK, NY",Speed,36,40.671410140156,-73.994263533716,2017-11-27,2016-09-26,2019-04-01,1859,high_sustained,2017
497,"4 AVE. 59 ST - 64 ST, NEW YORK, NY",Speed,36,40.737999245663,-73.987888103224,2016-09-19,2016-06-20,2020-11-16,1740,high_sustained,2016
498,"4 AVE. 64 ST - 59 ST, NEW YORK, NY",Speed,36,40.737999245663,-73.987888103224,2016-06-13,2016-06-13,2020-11-09,340,low_fallback,2016
499,"4 AVE. 72 ST - 77 ST, NEW YORK, NY",Speed,36,40.737999245663,-73.987888103224,2016-10-31,2016-10-31,2019-01-07,267,low_fallback,2016
500,"4 AVE. 77 ST - 72 ST, NEW YORK, NY",Speed,36,40.737999245663,-73.987888103224,2016-11-07,2016-11-07,2019-06-24,185,low_fallback,2016
501,"40 ST. 10 AV - 12 AV, NEW YORK, NY",Speed,36,40.628002761224,-73.999795799144,2021-08-16,2021-08-16,2021-08-16,3,low_fallback,2021
502,"40TH AVE. 12 ST - 22ND ST, NEW YORK, NY",Speed,36,40.663796726668,-73.999141030738,2023-01-30,2023-01-30,2023-02-20,3,low_fallback,2023
503,"40TH AVE. 22ND ST - 12TH ST, NEW YORK, NY",Speed,36,40.66370789676,-73.998994856208,2023-02-13,2023-02-13,2023-02-13,1,low_fallback,2023
504,"40TH ST AND FORT HA MILTON PKWY, NEW YORK, NY",Speed,36,40.642687981316,-73.991209964264,2021-11-01,2021-11-01,2024-11-25,716,high_sustained,2021
505,"41ST AVE AND 72ND S T, NEW YORK, NY",Speed,36,40.744910319683,-73.893882238257,2021-12-27,2021-12-27,2024-08-05,192,low_fallback,2021
506,"41ST ST AND 31ST AV E, NEW YORK, NY",Speed,36,40.76094900759,-73.916291004939,2025-02-24,2025-02-24,2026-08-24,1059,high_sustained,2025
507,"41ST ST AND FORT HA MILTON PKWY, NEW YORK, NY",Speed,36,40.642198981085,-73.991932987232,2025-02-03,2025-01-27,2026-08-24,959,high_sustained,2025
508,"42ND ST AND 12TH AV E, NEW YORK, NY",Speed,36,40.640278980434,-73.990241016257,2024-11-11,2024-10-28,2026-08-24,678,high_sustained,2024
509,"43RD AVE AND 34TH S T, NEW YORK, NY",Red Light,7,40.74629999732,-73.930397999441,2026-01-19,2026-01-12,2026-07-20,1115,high_sustained,2026
510,"43RD AVE AND 46TH S T, NEW YORK, NY",Speed,36,40.744909984407,-73.918335015848,2021-06-21,2021-06-21,2024-05-27,294,low_fallback,2021
511,"43RD ST AND 21ST AV E, NEW YORK, NY",Speed,36,40.773160015593,-73.901665002993,2024-04-15,2024-04-15,2026-08-24,3923,high_sustained,2024
512,"45 AV. 167TH ST - 168TH ST, NEW YORK, NY",Speed,36,40.766934274334,-73.798376613827,2019-11-25,2019-11-25,2022-11-28,3,low_fallback,2019
513,"45 AV. 168TH ST - 167TH ST, NEW YORK, NY",Speed,36,40.766934274334,-73.798376613827,2019-07-29,2019-07-29,2022-10-31,30,low_fallback,2019
514,"45TH AVE AND 97TH P L, NEW YORK, NY",Speed,36,40.744933998559,-73.866914973532,2022-09-26,2022-09-26,2026-08-24,2462,high_sustained,2022
515,"45TH ST AND 17TH AV E, NEW YORK, NY",Speed,36,40.63179397985,-73.980718000783,2024-03-25,2024-03-25,2026-08-24,1050,high_sustained,2024
516,"46TH AVE AND 163RD ST, NEW YORK, NY",Speed,36,40.753698996619,-73.803960007524,2020-03-30,2020-03-30,2023-06-19,454,high_sustained,2020
517,"46TH AVE AND 170TH ST, NEW YORK, NY",Speed,36,40.753868981616,-73.797333023416,2024-02-26,2024-02-26,2026-08-24,13883,high_sustained,2024
518,"46TH AVE AND 196TH ST, NEW YORK, NY",Speed,36,40.753834992998,-73.78524698959,2020-03-30,2020-03-30,2024-10-07,182,high_sustained,2020
519,"46TH AVE AND 215TH ST, NEW YORK, NY",Speed,36,40.758536989223,-73.766966980773,2026-08-03,2026-08-03,2026-08-24,34,low_fallback,2026
520,"46TH ST AND 25TH AV E, NEW YORK, NY",Speed,36,40.765711018241,-73.906908973077,2020-02-24,2020-02-24,2026-08-24,8690,high_sustained,2020
521,"47TH AVE AND 197TH ST, NEW YORK, NY",Speed,36,40.752882012517,-73.783290988665,2022-02-28,2022-02-28,2026-08-24,4287,high_sustained,2022
522,"47TH AVE AND 36TH S T, NEW YORK, NY",Speed,36,40.742328986871,-73.929297958468,2024-01-01,2024-01-01,2026-08-24,376,high_sustained,2024
523,"48TH AVE AND 206TH ST, NEW YORK, NY",Speed,36,40.753513002188,-73.77477396921,2020-02-24,2020-02-24,2024-12-30,1766,high_sustained,2020
524,"48TH AVE AND 38TH S T, NEW YORK, NY",Speed,36,40.740277013155,-73.927810003016,2023-07-03,2021-11-29,2023-08-28,839,high_sustained,2023
525,"48TH ST AND 50TH AV E, NEW YORK, NY",Speed,36,40.737255001784,-73.917976018934,2019-12-30,2019-12-30,2026-08-24,8253,high_sustained,2019
526,"48TH ST AND NEW UTR ECHT AVE, NEW YORK, NY",Speed,36,40.637462996243,-73.994646041652,2020-05-25,2020-05-25,2026-06-29,297,low_fallback,2020
527,"48TH ST AND SKILLMA N AVE, NEW YORK, NY",Speed,36,40.746356994261,-73.916154966651,2021-04-26,2021-04-26,2021-05-03,9,low_fallback,2021
528,"4AVE. 86 ST - 92 ST, NEW YORK, NY",Speed,36,40.596751002873,-73.985275995911,2017-05-15,2016-06-13,2021-08-02,1056,high_sustained,2017
529,"4AVE. 92 ST - 86 ST, NEW YORK, NY",Speed,36,40.596751002873,-73.985275995911,2017-10-02,2016-09-12,2021-04-12,390,high_sustained,2017
530,"4TH AVE AND 18TH ST, NEW YORK, NY",Red Light,7,40.664448994521,-73.994013040324,2016-05-30,2016-05-30,2026-07-20,33941,high_sustained,2016
531,"4TH AVE AND 60TH ST, NEW YORK, NY",Red Light,7,40.640883986205,-74.018488029958,2016-05-30,2016-05-23,2026-07-20,13084,high_sustained,2016
532,"4TH AVE AND BAY RID GE PKWY, NEW YORK, NY",Speed,36,40.630822014357,-74.025073020731,2019-07-08,2019-07-08,2026-08-10,17591,high_sustained,2019
533,"4TH AVE AND E 11TH ST, NEW YORK, NY",Speed,36,40.731986011719,-73.990201034579,2020-01-20,2020-01-20,2026-08-24,20440,high_sustained,2020
534,"4TH AVE AND PACIFIC ST, NEW YORK, NY",Speed,36,40.683789984641,-73.97881203982,2020-03-16,2019-12-30,2021-05-31,755,high_sustained,2020
535,"4TH AVE AND ST MARK S PL, NEW YORK, NY",Speed,36,40.681880000365,-73.980102014719,2022-09-26,2022-09-26,2024-04-01,2130,high_sustained,2022
536,"4TH AVE AND UNION S T, NEW YORK, NY",Red Light,7,40.677440986353,-73.983103993341,2026-02-02,2026-02-02,2026-07-20,574,high_sustained,2026
537,"4TH AVE AND WARREN ST, NEW YORK, NY",Speed,36,40.681243017633,-73.980537035493,2024-05-13,2024-05-13,2026-08-24,2626,high_sustained,2024
538,"5 AV 17 ST - 20 S T, NEW YORK, NY",Speed,36,40.732696073604,-73.977631161459,2016-12-05,2016-12-05,2020-02-17,22,low_fallback,2016
539,"5 AV 20 ST - 17 S T, NEW YORK, NY",Speed,36,40.737264557154,-73.991237708363,2018-03-12,2018-03-12,2020-03-16,6,low_fallback,2018
540,"5 AVE. 88 ST- 94 ST, NEW YORK, NY",Speed,36,40.785045852286,-73.95783387343,2016-07-18,2016-07-18,2020-01-27,34,low_fallback,2016
541,"5 AVE. 94 ST- 88 ST, NEW YORK, NY",Speed,36,40.785045852286,-73.95783387343,2016-10-24,2016-10-24,2020-03-09,25,low_fallback,2016
542,"50 AV. 65 ST - 63 ST, NEW YORK, NY",Speed,36,40.640442969015,-74.025538196016,2022-08-01,2022-08-01,2022-10-10,2,low_fallback,2022
543,"50 ST. 12 AVE- 9 AVE, NEW YORK, NY",Speed,36,40.740418778774,-74.008395612266,2016-10-17,2016-10-17,2021-08-23,71,low_fallback,2016
544,"51 AV. 64 ST - 66 ST, NEW YORK, NY",Speed,36,40.640971645346,-74.024632000889,2022-02-07,2022-02-07,2022-02-07,2,low_fallback,2022
545,"51 AV. 66 ST - 64 ST, NEW YORK, NY",Speed,36,40.618447930926,-73.990657841123,2022-05-30,2022-05-30,2022-12-19,4,low_fallback,2022
546,"51ST AVE AND 71ST S T, NEW YORK, NY",Speed,36,40.735734985553,-73.8932499913,2020-03-30,2020-03-30,2026-08-24,3507,high_sustained,2020
547,"51ST AVE AND 72ND S T, NEW YORK, NY",Speed,36,40.736060287215,-73.891429693388,2022-08-29,2022-08-29,2026-08-24,2650,high_sustained,2022
548,"51ST AVE AND GORSLI NE ST, NEW YORK, NY",Speed,36,40.737272980966,-73.884705982117,2022-06-27,2022-06-27,2026-08-17,4153,high_sustained,2022
549,"53RD AVE AND 192ND ST, NEW YORK, NY",Speed,36,40.746527985086,-73.786377959785,2021-08-30,2021-08-30,2025-04-28,2720,high_sustained,2021
550,"53RD AVE AND CLEARV IEW EXPWY, NEW YORK, NY",Speed,36,40.749741983949,-73.774687970884,2019-07-29,2019-07-29,2025-01-27,4794,high_sustained,2019
551,"53RD ST AND 14TH AV E, NEW YORK, NY",Speed,36,40.631449986543,-73.992231969718,2025-03-03,2025-02-24,2026-08-24,717,high_sustained,2025
552,"56 RD. 64 ST - 61 ST, NEW YORK, NY",Speed,36,40.766364261865,-73.967759494655,2021-09-20,2021-09-20,2022-01-10,11,low_fallback,2021
553,"56TH AVE AND 223RD ST, NEW YORK, NY",Speed,36,40.75383398717,-73.756795038356,2020-07-27,2020-07-27,2024-06-24,2477,high_sustained,2020
554,"56TH AVE AND 226TH ST, NEW YORK, NY",Speed,36,40.7544780107,-73.754630998594,2020-01-27,2020-01-27,2026-08-24,7200,high_sustained,2020
555,"56TH AVE AND 94TH S T, NEW YORK, NY",Speed,36,40.736838002101,-73.868239984786,2019-12-30,2019-12-30,2026-08-17,6456,high_sustained,2019
556,"57 AV. 80 ST - VA N HORN ST, NEW YORK, NY",Speed,36,40.733374671814,-73.877668646704,2018-11-05,2018-11-05,2019-09-09,67,low_fallback,2018
557,"57 AV. VAN HORN S T - 80 ST, NEW YORK, NY",Speed,36,40.763508016826,-73.725421007264,2018-09-24,2018-09-24,2021-07-26,316,low_fallback,2018
558,"57TH AVE AND 74TH S T, NEW YORK, NY",Speed,36,40.728613008153,-73.887204040721,2021-08-30,2021-08-30,2026-08-24,12613,high_sustained,2021
559,"57TH AVE AND 80TH S T, NEW YORK, NY",Red Light,7,40.728989020329,-73.882388972623,2026-02-02,2026-02-02,2026-07-20,469,high_sustained,2026
560,"57TH AVE AND 85TH S T, NEW YORK, NY",Speed,36,40.731383981524,-73.877811028565,2024-04-22,2024-04-22,2026-08-24,4321,high_sustained,2024
561,"57TH AVE AND 94TH S T, NEW YORK, NY",Speed,36,40.736155002721,-73.867540012052,2021-08-30,2021-08-30,2026-08-24,6357,high_sustained,2021
562,"58 AV 184 ST - UN DERHILL AV, NEW YORK, NY",Speed,36,40.67506668655,-73.966962291844,2017-05-01,2017-01-09,2019-09-16,439,high_sustained,2017
563,"58 AV UNDERHILL A V - 184 ST, NEW YORK, NY",Speed,36,40.679129395019,-73.965486406333,2017-05-15,2017-02-13,2019-11-18,1230,high_sustained,2017
564,"58 ST. 39 AV - WO ODSIDE AV, NEW YORK, NY",Speed,36,40.605760908383,-73.971930272312,2022-03-14,2022-03-14,2026-08-03,251,low_fallback,2022
565,"58TH AVE 206TH S T - 210TH ST, NEW YORK, NY",Speed,36,40.775108536044,-73.779645920201,2024-01-22,2024-01-22,2024-02-12,6,low_fallback,2024
566,"58TH AVE 210TH ST - 206TH ST, NEW YORK, NY",Speed,36,40.772724954435,-73.778927001198,2023-08-07,2023-08-07,2023-08-07,2,low_fallback,2023
567,"58TH AVE AND 185TH ST, NEW YORK, NY",Speed,36,40.741865006621,-73.79018996553,2019-12-30,2019-12-30,2025-01-13,8825,high_sustained,2019
568,"58TH AVE AND 186TH ST, NEW YORK, NY",Speed,36,40.742104980509,-73.78931397283,2020-06-29,2020-06-29,2026-08-24,3156,high_sustained,2020
569,"58TH AVE AND 189TH ST, NEW YORK, NY",Speed,36,40.742849000144,-73.78658700445,2025-02-24,2025-01-27,2026-08-24,714,high_sustained,2025
570,"58TH AVE AND 196TH ST, NEW YORK, NY",Speed,36,40.744313989181,-73.781272039647,2020-10-26,2020-10-26,2026-08-24,11944,high_sustained,2020
571,"58TH AVE AND 197TH ST, NEW YORK, NY",Speed,36,40.744803995241,-73.779503960991,2022-02-28,2022-02-28,2026-08-24,2950,high_sustained,2022
572,"58TH AVE AND 219TH ST, NEW YORK, NY",Speed,36,40.750236013322,-73.759671036973,2023-07-17,2021-10-25,2024-06-24,380,high_sustained,2023
573,"58TH AVE. 233RD S T - 220TH ST, NEW YORK, NY",Speed,36,40.766149499832,-73.763380182323,2023-07-17,2023-07-17,2023-07-17,4,low_fallback,2023
574,"58TH ST AND 11TH AV E, NEW YORK, NY",Speed,36,40.632644994479,-74.001754985192,2025-03-31,2025-03-31,2026-08-24,482,high_sustained,2025
575,"58TH ST AND 47TH AV E, NEW YORK, NY",Speed,36,40.740736006173,-73.907811033497,2021-10-25,2021-10-25,2026-08-24,25248,high_sustained,2021
576,"5TH AVE AND 40TH ST, NEW YORK, NY",Red Light,7,40.650731004146,-74.004500980491,2016-09-26,2016-09-26,2019-05-06,14870,high_sustained,2016
577,"5TH AVE AND E 135TH ST, NEW YORK, NY",Speed,36,40.81273999103,-73.937626971834,2020-10-26,2020-10-26,2026-08-24,16509,high_sustained,2020
578,"5TH AVE AND E 91ST ST, NEW YORK, NY",Speed,36,40.784716019772,-73.958083006534,2021-09-27,2021-09-27,2026-08-24,4301,high_sustained,2021
579,"5TH AVE AND W 125TH ST, NEW YORK, NY",Red Light,7,40.806407002176,-73.942255039672,2026-06-29,2026-06-29,2026-07-20,334,high_sustained,2026
580,"5TH AVE AND W 126TH ST, NEW YORK, NY",Speed,36,40.807078979354,-73.941761010299,2021-08-30,2021-08-30,2026-08-24,4156,high_sustained,2021
581,"5TH AVE. W 14TH S T - W 9TH ST, NEW YORK, NY",Speed,36,40.591239519007,-73.984033602808,2024-03-11,2024-03-11,2024-07-08,2,low_fallback,2024
582,"6 AV. CANAL ST - PRINCE ST, NEW YORK, NY",Speed,36,40.714191220751,-73.989747549682,2016-06-13,2016-06-13,2020-01-27,228,low_fallback,2016
583,"6 AVE. 47 ST - 54 ST, NEW YORK, NY",Speed,36,40.741222114647,-73.994033324529,2017-04-03,2017-04-03,2019-05-13,6,low_fallback,2017
584,"6 AVE. 54 ST - 47 ST, NEW YORK, NY",Speed,36,40.741222114647,-73.994033324529,2017-01-16,2017-01-16,2020-01-27,12,low_fallback,2017
585,"60 ST. 17 AVE- 19 AV, NEW YORK, NY",Speed,36,40.600522482116,-73.985273900435,2016-09-12,2016-09-12,2016-10-24,27,low_fallback,2016
586,"60 ST. 18 AV - 16 AV, NEW YORK, NY",Speed,36,40.591112706154,-73.983771025196,2017-09-25,2017-09-25,2018-10-22,4,low_fallback,2017
587,"60 ST. 19 AVE- 17 AV, NEW YORK, NY",Speed,36,40.600564643089,-73.985279851586,2016-11-28,2016-11-28,2021-08-30,22,low_fallback,2016
588,"60 ST. 2 AVE - 5 AVE, NEW YORK, NY",Speed,36,40.72571668342,-73.989340967494,2017-02-13,2017-02-13,2022-02-21,4,low_fallback,2017
589,"60 ST. 5 AVE - 2 AVE, NEW YORK, NY",Speed,36,40.73217984323,-73.996635905465,2017-06-12,2017-06-12,2020-09-21,12,low_fallback,2017
590,"60TH AVE.69TH PL - 71ST ST, NEW YORK, NY",Speed,36,40.636059530376,-74.033714511447,2024-01-22,2024-01-22,2024-01-22,1,low_fallback,2024
591,"60TH PL AND GROVE S T, NEW YORK, NY",Speed,36,40.709639983582,-73.902234972409,2020-02-03,2020-01-27,2026-08-17,2925,high_sustained,2020
592,"60TH ST AND 13TH AV E, NEW YORK, NY",Speed,36,40.628845980684,-73.998547985218,2020-05-25,2020-05-25,2026-08-24,6626,high_sustained,2020
593,"60TH ST AND 17TH AV E, NEW YORK, NY",Speed,36,40.623373980924,-73.989483040753,2021-08-30,2021-08-30,2026-08-24,6259,high_sustained,2021
594,"60TH ST AND 21ST AV E, NEW YORK, NY",Speed,36,40.61805298115,-73.980684976084,2022-08-29,2022-08-29,2026-08-24,4233,high_sustained,2022
595,"60TH ST AND NEW UTR ECHT AVE, NEW YORK, NY",Red Light,7,40.62764300994,-73.996558959594,2026-03-02,2026-01-12,2026-07-20,468,high_sustained,2026
596,"61ST ST AND 10TH AV E, NEW YORK, NY",Speed,36,40.632269988131,-74.005779975097,2021-11-01,2021-11-01,2024-03-11,206,low_fallback,2021
597,"61ST ST AND 38TH AV E, NEW YORK, NY",Speed,36,40.74766599608,-73.902471006803,2020-03-02,2020-02-24,2026-08-24,3147,high_sustained,2020
598,"62 ST. 20 AV - BA Y PKWY, NEW YORK, NY",Speed,36,40.618151628288,-73.983949169448,2021-09-13,2021-09-13,2021-09-20,14,low_fallback,2021
599,"62ND DR AND QUEENS BLVD, NEW YORK, NY",Speed,36,40.731114000422,-73.86448003066,2022-02-28,2022-02-28,2026-08-24,5163,high_sustained,2022
600,"62ND DRIVE 99 ST - 97 ST., NEW YORK, NY",Speed,36,40.73573006076,-73.850784545407,2022-12-12,2022-12-12,2023-03-06,3,low_fallback,2022
601,"63 DR. ALDERTN ST - QUEENS BV, NEW YORK, NY",Speed,36,40.733693270644,-73.849668871083,2017-11-27,2017-11-27,2024-01-08,37,low_fallback,2017
602,"63 DR. QUEENS BV- ALDERTN ST, NEW YORK, NY",Speed,36,40.733693270644,-73.849668871083,2019-09-30,2019-09-30,2021-06-14,10,low_fallback,2019
603,"63RD RD AND 108TH S T, NEW YORK, NY",Speed,36,40.734294010668,-73.850302963448,2020-04-27,2020-04-27,2026-08-24,7996,high_sustained,2020
604,"63RD ST AND 18TH AV E, NEW YORK, NY",Speed,36,40.620307000643,-73.988997980016,2025-03-31,2025-03-31,2026-08-24,377,high_sustained,2025
605,"64TH AVE AND 211TH ST, NEW YORK, NY",Speed,36,40.744755003017,-73.765210972058,2019-09-09,2019-09-02,2024-12-23,519,high_sustained,2019
606,"64TH AVE AND 214TH ST, NEW YORK, NY",Speed,36,40.745476014328,-73.762575031148,2021-07-26,2021-07-26,2024-10-28,872,high_sustained,2021
607,"64TH AVE AND SPRING FIELD BLVD, NEW YORK, NY",Speed,36,40.74733700638,-73.75580697961,2021-11-01,2021-11-01,2024-07-29,847,high_sustained,2021
608,"64TH ST AND 13TH AV E, NEW YORK, NY",Speed,36,40.62658601004,-74.000905982219,2019-10-28,2019-10-28,2023-12-25,1322,high_sustained,2019
609,"64TH ST AND 18TH AV E, NEW YORK, NY",Red Light,7,40.619744994035,-73.989558980795,2026-01-12,2026-01-12,2026-07-20,277,high_sustained,2026
610,"64TH ST AND FLUSHIN G AVE, NEW YORK, NY",Speed,36,40.722618019545,-73.901521001897,2020-02-24,2020-02-24,2024-12-16,767,high_sustained,2020
611,"65 ST. 11 AV - 13 AV, NEW YORK, NY",Speed,36,40.742449518639,-74.00841222797,2019-05-06,2019-05-06,2019-05-06,19,low_fallback,2019
612,"65 ST. 13 AV - 11 AV, NEW YORK, NY",Speed,36,40.642166346152,-73.984585822048,2016-10-17,2016-10-17,2019-05-27,489,low_fallback,2016
613,"65TH PL. 50TH AV E - LAUREL HILL BLVD, NEW YORK, NY",Speed,36,40.702604544079,-73.889854360848,2024-01-01,2024-01-01,2024-04-15,3,low_fallback,2024
614,"65TH ST AND 11TH AV E, NEW YORK, NY",Speed,36,40.628639995413,-74.005935040305,2020-08-03,2020-08-03,2026-08-24,36832,high_sustained,2020
615,"65TH ST AND 13TH AV E, NEW YORK, NY",Speed,36,40.625990014815,-74.001530014911,2020-12-28,2020-12-28,2026-08-24,35157,high_sustained,2020
616,"65TH ST AND 16TH AV E, NEW YORK, NY",Red Light,7,40.621993020467,-73.994909987783,2016-05-30,2016-05-30,2022-11-28,6932,high_sustained,2016
617,"65TH ST AND 16TH AV E, NEW YORK, NY",Speed,36,40.621993020467,-73.994909987783,2016-06-13,2016-06-13,2026-08-24,144921,high_sustained,2016
618,"65TH ST AND 18TH AV E, NEW YORK, NY",Speed,36,40.619137012688,-73.990177984345,2021-08-30,2021-08-30,2026-08-24,18523,high_sustained,2021
619,"65TH ST AND 20TH AV E, NEW YORK, NY",Red Light,7,40.616526007939,-73.985859963105,2026-01-05,2026-01-05,2026-07-20,1530,high_sustained,2026
620,"65TH ST AND 21ST AV E, NEW YORK, NY",Speed,36,40.615188004735,-73.983656025484,2021-05-24,2021-05-24,2026-08-24,26057,high_sustained,2021
621,"65TH ST AND W 2ND S T, NEW YORK, NY",Speed,36,40.610683989064,-73.976215996768,2019-07-08,2019-07-08,2026-08-24,25622,high_sustained,2019
622,"66 AV. YELLOWSTNE BV- 110 ST, NEW YORK, NY",Speed,36,40.728945811619,-73.848865634691,2021-01-25,2021-01-25,2021-09-20,2,low_fallback,2021
623,"67TH AVE AND 180TH ST, NEW YORK, NY",Speed,36,40.735127004206,-73.791992996722,2023-09-11,2023-08-14,2026-08-17,733,high_sustained,2023
624,"67TH AVE AND 213TH ST, NEW YORK, NY",Speed,36,40.743166003722,-73.762467994244,2021-11-01,2021-10-25,2024-10-21,497,high_sustained,2021
625,"67TH AVE AND UTOPIA PKWY, NEW YORK, NY",Speed,36,40.734813018113,-73.793150034637,2024-07-29,2024-07-29,2026-08-24,111,low_fallback,2024
626,"69 AV 190 LN - 19 9 ST, NEW YORK, NY",Speed,36,40.674648169871,-73.997443058529,2016-06-20,2016-06-20,2022-01-17,43,low_fallback,2016
627,"69 AV 199 ST - 19 0 LN, NEW YORK, NY",Speed,36,40.752258503694,-73.781034999425,2016-09-26,2016-09-26,2019-09-16,71,low_fallback,2016
628,"69 LN. ELIOT AVE - 60TH AVE, NEW YORK, NY",Speed,36,40.732052254302,-73.868840495085,2023-05-01,2023-05-01,2025-04-07,7,low_fallback,2023
629,"69 LN. ELIOT AVE - CALDWELL AVE, NEW YORK, NY",Speed,36,40.724527737671,-73.891271105014,2025-04-21,2025-04-21,2026-08-10,42,low_fallback,2025
630,"69TH AVE AND 172ND ST, NEW YORK, NY",Speed,36,40.732828015803,-73.797661007288,2020-01-27,2020-01-27,2024-06-24,2966,high_sustained,2020
631,"69TH AVE AND 179TH ST, NEW YORK, NY",Speed,36,40.733113000511,-73.792039013371,2024-09-02,2024-09-02,2026-08-10,104,low_fallback,2024
632,"69TH AVE AND 195TH LN, NEW YORK, NY",Speed,36,40.73687098489,-73.778361004674,2022-07-18,2022-06-27,2024-04-29,385,high_sustained,2022
633,"69TH AVE AND 197TH ST, NEW YORK, NY",Speed,36,40.737500004814,-73.776065033756,2022-08-22,2022-06-27,2024-04-22,144,high_sustained,2022
634,"69TH ST AND 43RD AV E, NEW YORK, NY",Speed,36,40.741737014959,-73.895736985791,2021-09-27,2021-09-27,2026-08-24,9818,high_sustained,2021
635,"69TH ST AND 51ST AV E, NEW YORK, NY",Speed,36,40.735227000311,-73.896019036833,2022-01-03,2022-01-03,2026-08-17,1397,high_sustained,2022
636,"69TH ST AND 53RD AV E, NEW YORK, NY",Speed,36,40.731493994003,-73.895794988561,2020-06-29,2020-06-29,2024-10-28,2022,high_sustained,2020
637,"69TH ST AND JUNIPER VALLEY RD, NEW YORK, NY",Speed,36,40.714765307826,-73.887158275529,2020-08-03,2020-08-03,2024-10-21,1154,high_sustained,2020
638,"69TH ST AND NORTHER N BLVD, NEW YORK, NY",Speed,36,40.754335015432,-73.897507998113,2022-01-17,2021-12-27,2024-07-22,742,high_sustained,2022
639,"69TH ST. 34TH AVE - 32ND AVE, NEW YORK, NY",Speed,36,40.7753809861,-73.753162509333,2026-03-09,2026-03-09,2026-03-09,2,low_fallback,2026
640,"6TH AVE AND DOWNING ST, NEW YORK, NY",Speed,36,40.729711582293,-74.002187575215,2022-06-27,2022-06-27,2026-08-24,6746,high_sustained,2022
641,"6TH AVE AND W 25TH ST, NEW YORK, NY",Speed,36,40.744176986974,-73.991872972805,2021-10-25,2021-10-25,2026-08-24,15639,high_sustained,2021
642,"7 AV 92 ST - POLY PL, NEW YORK, NY",Speed,36,40.609729974361,-74.02515680032,2016-09-12,2016-09-12,2020-02-10,3297,low_fallback,2016
643,"7 AV POLY PL - 92 ST, NEW YORK, NY",Speed,36,40.609785374943,-74.024878020691,2017-10-16,2016-09-19,2019-12-09,1046,high_sustained,2017
644,"7 AV. 22 ST - PRO SPECT AV, NEW YORK, NY",Speed,36,40.640000533611,-74.088798116003,2018-07-30,2018-07-30,2021-12-27,31,low_fallback,2018
645,"7 AVE. 2 ST - 7 S T, NEW YORK, NY",Speed,36,40.80289687234,-73.952871086031,2017-04-03,2017-04-03,2021-04-26,7,low_fallback,2017
646,"7 AVE. 46TH ST - 41ST ST, NEW YORK, NY",Speed,36,40.651350304293,-74.014489650175,2026-03-16,2026-01-12,2026-08-17,629,high_sustained,2026
647,"7 AVE. 7 ST - 2 S T, NEW YORK, NY",Speed,36,40.80289687234,-73.952871086031,2016-10-31,2016-10-31,2023-09-18,15,low_fallback,2016
648,"71 AV. MAIN ST- 1 41 ST, NEW YORK, NY",Speed,36,42.79645748101,-77.816540085625,2022-10-03,2022-10-03,2022-10-03,2,low_fallback,2022
649,"71ST AVE AND 162ND ST, NEW YORK, NY",Speed,36,40.730410004375,-73.8071339828,2022-01-03,2022-01-03,2026-08-24,1990,high_sustained,2022
650,"71ST AVE AND LOUBET ST, NEW YORK, NY",Speed,36,40.712654996064,-73.849528978509,2020-01-27,2020-01-27,2026-08-24,10104,high_sustained,2020
651,"71ST AVE AND SUTTON PL, NEW YORK, NY",Speed,36,40.730386996051,-73.808081976049,2021-05-31,2021-05-24,2024-07-29,1163,high_sustained,2021
652,"73 AVE. 182 ST - 190 ST, NEW YORK, NY",Speed,36,40.865797688011,-73.904351658581,2019-01-14,2019-01-14,2020-02-24,197,low_fallback,2019
653,"73 AVE. 190 ST - 182 ST, NEW YORK, NY",Speed,36,40.856088300542,-73.901060181271,2019-04-29,2019-04-29,2020-03-16,34,low_fallback,2019
654,"73RD AVE AND 153RD ST, NEW YORK, NY",Speed,36,40.726613002236,-73.814237981017,2019-10-28,2019-10-28,2026-08-17,13144,high_sustained,2019
655,"73RD AVE AND 162ND ST, NEW YORK, NY",Speed,36,40.727599007416,-73.807045972816,2021-08-30,2021-05-31,2024-07-29,1404,high_sustained,2021
656,"73RD AVE AND 164TH ST, NEW YORK, NY",Speed,36,40.727798999626,-73.805228021836,2022-01-03,2021-12-27,2026-08-24,1654,high_sustained,2022
657,"73RD AVE AND 170TH ST, NEW YORK, NY",Speed,36,40.728584006768,-73.79954802515,2025-01-27,2025-01-27,2026-08-24,1001,high_sustained,2025
658,"73RD AVE AND 175TH ST, NEW YORK, NY",Speed,36,40.729662003335,-73.795121961178,2020-01-27,2020-01-27,2024-12-30,5607,high_sustained,2020
659,"73RD AVE AND 177TH ST, NEW YORK, NY",Speed,36,40.730273002167,-73.792648964465,2020-08-03,2020-07-27,2024-07-29,1325,high_sustained,2020
660,"73RD AVE AND 196TH PL, NEW YORK, NY",Speed,36,40.735343005851,-73.776022034593,2020-06-29,2020-06-29,2026-08-24,13128,high_sustained,2020
661,"73RD AVE AND 198TH ST, NEW YORK, NY",Speed,36,40.735834981657,-73.774375996447,2019-10-28,2019-10-28,2026-08-24,6694,high_sustained,2019
662,"73RD AVE AND 214TH ST, NEW YORK, NY",Speed,36,40.740320012318,-73.759873962849,2021-05-31,2021-05-24,2024-09-23,1181,high_sustained,2021
663,"73RD AVE AND PARSON S BLVD, NEW YORK, NY",Speed,36,40.727168009955,-73.810888991603,2020-06-29,2020-06-29,2023-05-22,184,low_fallback,2020
664,"73RD AVE. 185TH S T - 189TH ST, NEW YORK, NY",Speed,36,40.753414259069,-73.791424349475,2025-02-17,2025-02-17,2025-02-17,6,low_fallback,2025
665,"73RD ST AND CATAMAR AN WAY, NEW YORK, NY",Speed,36,40.588575587882,-73.800983928983,2022-05-09,2022-02-28,2024-11-25,516,high_sustained,2022
666,"74 ST 57 AV - GRA ND AV, NEW YORK, NY",Speed,36,40.763508016826,-73.725421007264,2016-07-11,2016-07-11,2022-08-15,47,low_fallback,2016
667,"74 ST GRAND AV - 57 AV, NEW YORK, NY",Speed,36,40.694939508426,-73.964540173283,2016-07-04,2016-07-04,2022-07-11,79,low_fallback,2016
668,"74TH ST AND 15TH AV E, NEW YORK, NY",Speed,36,40.618240987239,-74.002396033147,2023-11-13,2023-10-30,2026-08-10,285,high_sustained,2023
669,"75 RD. 164 ST - P ARSNS BV, NEW YORK, NY",Speed,36,40.796035757745,-73.827421999229,2019-10-28,2019-10-28,2021-04-05,3,low_fallback,2019
670,"75TH AVE AND 196TH ST, NEW YORK, NY",Speed,36,40.733008981092,-73.775908962719,2023-01-09,2023-01-09,2026-08-24,7432,high_sustained,2023
671,"75TH AVE AND BELL B LVD, NEW YORK, NY",Speed,36,40.738717015245,-73.757342041357,2020-09-28,2020-09-28,2024-10-28,1642,high_sustained,2020
672,"75TH ST AND 31ST AV E, NEW YORK, NY",Speed,36,40.758548011425,-73.892542977767,2024-10-28,2024-10-28,2026-08-24,332,high_sustained,2024
673,"76 ST. 11 AV - F T HAMILTON PKWY, NEW YORK, NY",Speed,36,40.63322577655,-73.978138470081,2022-07-18,2022-07-18,2022-07-25,7,low_fallback,2022
674,"76TH ST AND NORTHER N BLVD, NEW YORK, NY",Red Light,7,40.755031006762,-73.890955026211,2026-06-01,2026-06-01,2026-07-20,88,high_sustained,2026
675,"77 ST. ROOSEVELT AV - 37 AV, NEW YORK, NY",Speed,36,40.604721438421,-74.132677714402,2022-02-21,2022-02-21,2022-05-02,12,low_fallback,2022
676,"77TH AVE 82ND ST- 86TH ST, NEW YORK, NY",Speed,36,40.628124005454,-74.036448520625,2023-11-13,2023-11-13,2024-01-22,8,low_fallback,2023
677,"77TH AVE 86TH ST - 82ND ST, NEW YORK, NY",Speed,36,40.625010755261,-74.03732784811,2024-04-15,2024-04-15,2024-04-15,1,low_fallback,2024
678,"77TH ST AND 16TH AV E, NEW YORK, NY",Speed,36,40.615154016118,-74.002055979335,2024-04-15,2024-04-15,2026-08-24,2910,high_sustained,2024
679,"77TH ST AND 20TH AV E, NEW YORK, NY",Red Light,7,40.609682016359,-73.992975025435,2026-03-30,2026-03-30,2026-07-20,257,high_sustained,2026
680,"77TH ST AND 30TH AV E, NEW YORK, NY",Speed,36,40.760722989571,-73.891069020094,2020-07-27,2020-07-27,2026-08-24,28452,high_sustained,2020
681,"77TH ST. 4TH AVE - 6TH AVE, NEW YORK, NY",Speed,36,40.554965635906,-73.932080221036,2024-03-11,2024-03-11,2024-03-11,4,low_fallback,2024
682,"78TH AVE AND 81ST S T, NEW YORK, NY",Speed,36,40.705433986478,-73.86776003701,2025-03-03,2025-03-03,2026-06-29,41,low_fallback,2025
683,"78TH AVE. 62ND ST - 64TH LANE, NEW YORK, NY",Speed,36,40.642226116944,-74.023916529106,2023-06-26,2023-06-26,2023-06-26,2,low_fallback,2023
684,"78TH ST AND RIDGE B LVD, NEW YORK, NY",Speed,36,40.629926994736,-74.031361040674,2020-04-27,2020-04-27,2026-08-24,2816,high_sustained,2020
685,"7TH AVE AND BAY RID GE PKWY, NEW YORK, NY",Speed,36,40.627081003332,-74.018643011348,2021-09-27,2021-09-27,2026-08-24,6314,high_sustained,2021
686,"7TH AVE AND W 22ND ST, NEW YORK, NY",Speed,36,40.743437619295,-73.996106672099,2020-02-03,2020-01-27,2026-08-24,4942,high_sustained,2020
687,"8 AV 15 ST - 12 S T, NEW YORK, NY",Speed,36,40.665583294882,-73.989335921878,2016-10-17,2016-10-17,2025-08-25,206,low_fallback,2016
688,"80 ST. 5 AV - 3 A V, NEW YORK, NY",Speed,36,40.735879154287,-73.993933076967,2021-11-08,2021-11-08,2022-03-21,11,low_fallback,2021
689,"80TH AVE AND 255TH ST, NEW YORK, NY",Speed,36,40.743888984781,-73.715622040311,2021-08-30,2021-08-30,2023-06-26,2560,high_sustained,2021
690,"80TH ST AND 20TH AV E, NEW YORK, NY",Speed,36,40.608005007081,-73.994701026936,2026-07-27,2026-07-27,2026-08-24,205,high_sustained,2026
691,"80TH ST AND 57TH AV E, NEW YORK, NY",Red Light,7,40.728989020329,-73.882388972623,2026-06-01,2026-06-01,2026-07-20,352,high_sustained,2026
692,"80TH ST AND 62ND AV E, NEW YORK, NY",Speed,36,40.723112007008,-73.877681025247,2022-08-29,2022-08-29,2026-08-24,4572,high_sustained,2022
693,"80TH ST AND 78TH AV E, NEW YORK, NY",Speed,36,40.705374013961,-73.86860501667,2020-04-27,2020-04-27,2025-03-24,1757,high_sustained,2020
694,"80TH ST AND JUNIPER BLVD N, NEW YORK, NY",Speed,36,40.721639013254,-73.876499009261,2021-08-30,2021-08-30,2026-08-24,7836,high_sustained,2021
695,"80TH ST AND JUNIPER VALLEY RD, NEW YORK, NY",Speed,36,40.716012996024,-73.87207898026,2021-12-27,2021-12-27,2026-08-24,11576,high_sustained,2021
696,"81 ST. 10 AVENUE - 13 AVENUE, NEW YORK, NY",Speed,36,40.641062227376,-73.984306125894,2021-06-14,2021-06-14,2021-09-27,14,low_fallback,2021
697,"81ST AVE AND 192ND ST, NEW YORK, NY",Speed,36,40.728166001257,-73.777646028333,2023-04-17,2023-04-17,2026-08-17,324,high_sustained,2023
698,"81ST AVE AND 252ND ST, NEW YORK, NY",Speed,36,40.741404001946,-73.717725981827,2023-07-17,2023-07-17,2026-08-24,5359,high_sustained,2023
699,"81ST ST AND 20TH AV E, NEW YORK, NY",Speed,36,40.607424979381,-73.995291029101,2025-03-31,2025-03-31,2026-08-24,1287,high_sustained,2025
700,"81ST ST AND 21ST AV E, NEW YORK, NY",Speed,36,40.606115013643,-73.993104022924,2024-10-28,2024-10-28,2025-06-16,11796,high_sustained,2024
701,"81ST ST. 21ST AVE - DITMARS BLVD, NEW YORK, NY",Speed,36,40.784021972421,-73.916940785988,2024-07-29,2024-07-29,2025-07-21,893,high_sustained,2024
702,"81ST. DITMARS AVE - 21ST AVE, NEW YORK, NY",Speed,36,40.849523805477,-73.78899194011,2023-09-11,2023-09-11,2023-09-11,374,low_fallback,2023
703,"81ST. DITMARS BLV D - 21ST AVE, NEW YORK, NY",Speed,36,40.768214311255,-73.88803809607,2024-07-22,2024-07-22,2024-10-21,5928,high_sustained,2024
704,"82ND AVE AND 252ND ST, NEW YORK, NY",Speed,36,40.739618991846,-73.717066996599,2021-08-30,2021-08-30,2026-08-24,3707,high_sustained,2021
705,"82ND AVE AND 260TH ST, NEW YORK, NY",Speed,36,40.741197010847,-73.70975102005,2024-02-12,2024-02-12,2026-08-24,1368,high_sustained,2024
706,"82ND AVE AND LITTLE NECK PKWY, NEW YORK, NY",Speed,36,40.739885997372,-73.715850028077,2021-06-28,2021-06-28,2024-10-28,848,high_sustained,2021
707,"83RD AVE AND 135TH ST, NEW YORK, NY",Speed,36,40.712513006624,-73.822158041327,2023-01-16,2022-07-25,2024-08-26,375,high_sustained,2023
708,"83RD ST AND 14TH AV E, NEW YORK, NY",Speed,36,40.614462006192,-74.009924993855,2020-05-04,2020-04-27,2024-01-22,839,high_sustained,2020
709,"83RD ST AND 23RD AV E, NEW YORK, NY",Speed,36,40.602297014837,-73.989812030452,2020-02-24,2020-02-24,2024-02-26,1137,high_sustained,2020
710,"84 AVE 169 ST - H OMELAWN ST, NEW YORK, NY",Speed,36,40.715372116983,-73.792881317838,2023-07-31,2023-07-31,2023-07-31,2,low_fallback,2023
711,"84TH ST AND 133RD A VE, NEW YORK, NY",Speed,36,40.674064001382,-73.852253013222,2019-07-08,2019-07-08,2025-01-27,1683,high_sustained,2019
712,"85TH AVE AND 248TH ST, NEW YORK, NY",Speed,36,40.733122011057,-73.718554030041,2020-11-02,2020-10-26,2023-04-10,347,high_sustained,2020
713,"85TH AVE AND 253RD ST, NEW YORK, NY",Speed,36,40.733880992389,-73.713962004387,2023-06-05,2023-05-29,2026-08-24,653,high_sustained,2023
714,"85TH ST. 12TH AVE - 14TH AVE, NEW YORK, NY",Speed,36,40.698086863949,-73.967018951034,2022-10-31,2022-10-31,2022-10-31,4,low_fallback,2022
715,"86 ST. 3 AV - COL ONIAL RD, NEW YORK, NY",Speed,36,40.724940645177,-73.721662988383,2017-04-17,2016-06-20,2019-05-06,859,high_sustained,2017
716,"86 ST. COLONIAL R D - 3 AV, NEW YORK, NY",Speed,36,40.629651574959,-74.038553931838,2016-11-21,2016-06-20,2019-01-21,428,high_sustained,2016
717,"86TH AVE AND 250TH ST, NEW YORK, NY",Speed,36,40.731891002847,-73.71616401417,2021-01-04,2020-12-28,2024-08-26,1104,high_sustained,2021
718,"86TH ST AND 14TH AV E, NEW YORK, NY",Speed,36,40.612738980266,-74.011715033097,2023-11-20,2023-11-20,2026-08-24,3319,high_sustained,2023
719,"86TH ST AND 17TH AV E, NEW YORK, NY",Speed,36,40.608597020902,-74.004864000718,2020-06-29,2020-06-29,2026-08-24,6448,high_sustained,2020
720,"86TH ST AND 7TH AVE, NEW YORK, NY",Red Light,7,40.618476979722,-74.021217009994,2016-05-30,2016-05-30,2026-07-20,10822,high_sustained,2016
721,"86TH ST AND BAY 14T H ST, NEW YORK, NY",Speed,36,40.609099013083,-74.00568098482,2019-08-26,2019-08-26,2026-08-24,23294,high_sustained,2019
722,"86TH ST AND GELSTON AVE, NEW YORK, NY",Speed,36,40.621000016397,-74.025335709576,2021-07-26,2021-07-26,2026-08-24,4655,high_sustained,2021
723,"86TH ST AND RIDGE B LVD, NEW YORK, NY",Speed,36,40.62410500861,-74.033740998261,2019-08-26,2019-08-26,2026-08-24,5788,high_sustained,2019
724,"86TH ST AND W 12TH ST, NEW YORK, NY",Speed,36,40.595416017154,-73.983048002228,2021-09-27,2021-09-27,2024-09-30,1081,high_sustained,2021
725,"87TH AVE. 252ND S T - LITTLE NECK PKWY, NEW YORK, NY",Speed,36,40.731902154071,-73.711173309152,2026-05-25,2026-05-25,2026-06-01,8,low_fallback,2026
726,"88 AV. 150 ST - P ARSNS BV, NEW YORK, NY",Speed,36,40.709231240074,-73.80503121475,2018-11-26,2018-11-26,2021-01-04,4,low_fallback,2018
727,"88TH ST AND 76TH AV E, NEW YORK, NY",Speed,36,40.707390993232,-73.862294030312,2022-01-03,2021-12-27,2026-08-17,1502,high_sustained,2022
728,"8TH AVE AND 57TH ST, NEW YORK, NY",Red Light,7,40.637194984889,-74.00776900072,2017-05-01,2016-07-18,2021-05-17,4969,high_sustained,2017
729,"8TH AVE AND W 17TH ST, NEW YORK, NY",Speed,36,40.741665014411,-74.001127013006,2021-11-29,2021-11-29,2026-08-17,5720,high_sustained,2021
730,"8TH AVE AND W 27TH ST, NEW YORK, NY",Speed,36,40.747804004116,-73.996647975406,2021-10-25,2021-10-25,2023-08-07,4650,high_sustained,2021
731,"8TH AVE AND W 28TH ST, NEW YORK, NY",Speed,36,40.748423007665,-73.996193005702,2023-08-14,2023-08-14,2026-08-24,6163,high_sustained,2023
732,"8TH AVE. 14TH ST - 12TH ST, NEW YORK, NY",Speed,36,40.670235358362,-73.997339743475,2023-02-20,2023-02-20,2023-03-27,12,low_fallback,2023
733,"8TH ST AND ALLISON AVE, NEW YORK, NY",Speed,36,40.569582991567,-74.119374041501,2020-12-28,2020-12-28,2025-02-17,247,low_fallback,2020
734,"9 AVE. W30 ST- W2 3 ST, NEW YORK, NY",Speed,36,40.67859601261,-73.995761002412,2016-10-24,2016-06-27,2020-01-27,346,high_sustained,2016
735,"91ST ST AND 35TH AV E, NEW YORK, NY",Speed,36,40.752663999215,-73.876317038143,2025-03-31,2025-03-31,2026-08-17,1109,high_sustained,2025
736,"92ND ST AND BATTERY AVE, NEW YORK, NY",Speed,36,40.615595993873,-74.024829023529,2022-07-25,2022-07-25,2026-08-24,21277,high_sustained,2022
737,"93RD AVE AND 218TH ST, NEW YORK, NY",Speed,36,40.721517014653,-73.739480960062,2020-05-25,2020-05-25,2025-03-24,1759,high_sustained,2020
738,"94TH AVE AND LIVERP OOL ST, NEW YORK, NY",Speed,36,40.698431996023,-73.808545998208,2021-11-01,2021-10-25,2026-08-24,3159,high_sustained,2021
739,"94TH ST AND 24TH AV E, NEW YORK, NY",Speed,36,40.766051994062,-73.875866007933,2019-12-30,2019-12-30,2026-08-24,7843,high_sustained,2019
740,"94TH ST AND JACKSON MILL RD, NEW YORK, NY",Speed,36,40.767809008606,-73.876186028997,2020-03-30,2020-03-30,2025-03-17,1045,high_sustained,2020
741,"95TH AVE AND BRISBI N ST, NEW YORK, NY",Speed,36,40.697321603399,-73.809830860146,2021-10-25,2021-10-25,2026-08-24,6938,high_sustained,2021
742,"97 ST 63RD ROAD - HORACE HARDING EXPY, NEW YORK, NY",Speed,36,40.760253558202,-73.731857026622,2023-05-01,2023-05-01,2023-07-24,3,low_fallback,2023
743,"99 STREET 62ND RO AD - 63RD ROAD, NEW YORK, NY",Speed,36,40.73431330559,-73.850238407537,2023-01-09,2023-01-09,2023-01-09,1,low_fallback,2023
744,"99 STREET 63RD DR IVE - 62ND ROAD, NEW YORK, NY",Speed,36,40.735629699498,-73.85357622087,2023-10-16,2023-10-16,2023-10-16,1,low_fallback,2023
745,"9TH AVE AND W 18TH ST, NEW YORK, NY",Speed,36,40.743447007026,-74.003548963928,2022-02-28,2022-02-28,2023-05-15,1040,high_sustained,2022
746,"9TH AVE AND W 28TH ST, NEW YORK, NY",Speed,36,40.749631007551,-73.999031034298,2021-04-05,2021-04-05,2026-08-24,24666,high_sustained,2021
747,"ABERDEEN RD. 188 ST - CHEVY CHASE ST, NEW YORK, NY",Speed,36,40.725020180471,-73.78173932303,2023-03-20,2023-03-20,2025-11-03,21,low_fallback,2023
748,"ABERDEEN RD. CHEV Y CHASE ST - 188 ST, NEW YORK, NY",Speed,36,40.725020180471,-73.78173932303,2023-03-20,2023-03-20,2024-04-15,22,low_fallback,2023
749,"ACADEMY ST. BROAD WAY - POST AVE, NEW YORK, NY",Speed,36,40.860874997853,-73.921560958923,2023-04-24,2023-04-24,2023-04-24,1,low_fallback,2023
750,"ADAM C POWELL JR BLVD AND W 117TH ST, NEW YORK, NY",Speed,36,40.805794373246,-73.956525920778,2019-09-30,2019-09-30,2026-08-24,9954,high_sustained,2019
751,"ADAM CLAYTN PWL J R BV W147 ST - W151, NEW YORK, NY",Speed,36,40.822616837339,-73.937386887825,2016-07-04,2016-06-20,2019-01-21,2536,high_sustained,2016
752,"ADAM CLAYTN PWL J R BV W151 ST - W147, NEW YORK, NY",Speed,36,40.826205441469,-73.938184151303,2016-08-01,2016-08-01,2019-07-01,306,low_fallback,2016
753,"ADAM CLAYTON POWE LL JR BLVD AND W 112TH, NEW YORK, NY",Speed,36,40.800702991337,-73.954481973292,2025-01-13,2024-12-30,2026-08-10,522,high_sustained,2025
754,"ADAM CLAYTON POWE LL JR BLVD AND W 138TH, NEW YORK, NY",Speed,36,40.81720000171,-73.942226038288,2024-12-30,2024-12-30,2026-08-24,2373,high_sustained,2024
755,"ADAM CLAYTON POWE LL JR BLVD AND W 149TH, NEW YORK, NY",Speed,36,40.824222988833,-73.937311979913,2019-01-28,2019-01-28,2026-08-24,10250,high_sustained,2019
756,"ADAMS ST AND JOHNSO N ST, NEW YORK, NY",Speed,36,40.695035020213,-73.989011977794,2021-11-29,2021-11-29,2026-08-24,98486,high_sustained,2021
757,"ADAMS ST. TILLRY ST- FULTON ST, NEW YORK, NY",Speed,36,40.702500547752,-73.988562595888,2018-07-16,2018-07-16,2018-07-23,3,low_fallback,2018
758,"ADEE AVE AND COLDEN AVE, NEW YORK, NY",Speed,36,40.869563008132,-73.859480979787,2021-12-13,2021-09-27,2025-02-24,736,high_sustained,2021
759,"ADEE AVE AND PEARSA LL AVE, NEW YORK, NY",Speed,36,40.869380995105,-73.851839031024,2021-05-24,2021-05-24,2026-08-24,9262,high_sustained,2021
760,"ADM CLAYTN PWL JR BV. W118 ST- W124 S, NEW YORK, NY",Speed,36,40.803646757642,-73.94998835118,2017-10-09,2017-09-25,2019-09-23,414,high_sustained,2017
761,"ADM CLAYTN PWL JR BV. W124 ST- W118 S, NEW YORK, NY",Speed,36,40.807335130315,-73.94692736396,2018-01-08,2018-01-08,2018-01-08,2,low_fallback,2018
762,"ALBANY AV. CLARKS ON AV - SNYDER AV, NEW YORK, NY",Speed,36,40.656262799918,-73.935932343204,2020-02-17,2020-02-17,2021-07-19,18,low_fallback,2020
763,"ALBANY AV. SNYDER AV - CLARKSON AV, NEW YORK, NY",Speed,36,40.656262799918,-73.935932343204,2020-02-17,2020-02-17,2022-06-06,32,low_fallback,2020
764,"ALBANY AVE AND AVE I, NEW YORK, NY",Speed,36,40.629973011385,-73.936774029367,2021-11-29,2021-11-29,2026-08-24,5509,high_sustained,2021
765,"ALBANY AVE AND FOST ER AVE, NEW YORK, NY",Speed,36,40.63926300995,-73.937764015951,2024-07-29,2024-07-29,2026-08-24,581,high_sustained,2024
766,"ALBANY AVE AND LENO X RD, NEW YORK, NY",Red Light,7,40.654787007093,-73.939422962228,2026-02-09,2026-01-12,2026-07-20,907,high_sustained,2026
767,"ALBANY AVE AND LENO X RD, NEW YORK, NY",Speed,36,40.654787007093,-73.939422962228,2022-06-27,2022-06-27,2026-08-24,2862,high_sustained,2022
768,"ALBANY AVE AND WINT HROP ST, NEW YORK, NY",Speed,36,40.657771006533,-73.939623960266,2024-03-25,2024-03-25,2026-08-17,711,high_sustained,2024
769,"ALBANY AVE. ATLAN TIC AV- PARK PL, NEW YORK, NY",Speed,36,40.677792432806,-73.935836614045,2016-07-11,2016-07-11,2023-08-07,99,low_fallback,2016
770,"ALBEMARLE RD AND E 3RD ST, NEW YORK, NY",Speed,36,40.645348984117,-73.97776798996,2021-05-03,2021-05-03,2022-07-25,153,low_fallback,2021
771,"ALDERTON ST AND ASQ UITH CRESCENT, NEW YORK, NY",Speed,36,40.724066999147,-73.860725021856,2026-03-23,2026-03-23,2026-08-24,332,high_sustained,2026
772,"ALDERTON ST. 64 R D - 67 RD, NEW YORK, NY",Speed,36,40.724487309681,-73.859924298646,2023-09-11,2023-09-11,2025-09-08,7,low_fallback,2023
773,"ALDERTON ST. 67 R D - 64 RD, NEW YORK, NY",Speed,36,40.716197314074,-73.858516055093,2022-06-20,2022-06-20,2025-08-04,34,low_fallback,2022
774,"ALEXANDER AVE AND 1 37TH ST, NEW YORK, NY",Speed,36,40.809370004949,-73.925625008496,2016-09-12,2016-09-05,2018-11-12,1033,high_sustained,2016
775,"ALLEN AVE AND PLUMB 2ND ST, NEW YORK, NY",Speed,36,40.595976012105,-73.93130098187,2025-04-28,2025-04-28,2026-08-24,818,high_sustained,2025
776,"ALLEN ST AND GRAND ST, NEW YORK, NY",Speed,36,40.717433980069,-73.991433006707,2024-12-30,2024-12-30,2026-08-24,1767,high_sustained,2024
777,"ALLERTON AVE AND BARNES AVE, NEW YORK, NY",Red Light,7,40.865509980761,-73.863524996612,2016-05-23,2016-05-23,2026-07-20,28578,high_sustained,2016
778,"ALLERTON AVE AND LU RTING AVE, NEW YORK, NY",Speed,36,40.865457007133,-73.856792987258,2020-04-27,2020-04-27,2026-08-24,5923,high_sustained,2020
779,"ALLERTON AVE AND MI CKLE AVE, NEW YORK, NY",Speed,36,40.865158988566,-73.840764022358,2020-09-28,2020-09-28,2026-08-24,15910,high_sustained,2020
780,"ALLERTON AVE AND WHITE PLAINS RD, NEW YORK, NY",Red Light,7,40.865433998809,-73.867389975985,2016-05-30,2016-05-23,2026-07-20,25384,high_sustained,2016
781,"ALLERTON AVE AND YO UNG AVE, NEW YORK, NY",Speed,36,40.865299008258,-73.84812299807,2021-06-28,2021-06-28,2026-08-24,2930,high_sustained,2021
782,"AMBOY RD AND ARBUTU S AVE, NEW YORK, NY",Speed,36,40.534107005472,-74.186283002694,2023-11-20,2023-11-20,2026-08-17,2948,high_sustained,2023
783,"AMBOY RD AND CEDARV IEW AVE, NEW YORK, NY",Speed,36,40.565724005255,-74.129414974772,2019-10-28,2019-10-28,2026-08-24,8945,high_sustained,2019
784,"AMBOY RD AND CHISHO LM ST, NEW YORK, NY",Speed,36,40.53062801274,-74.194549989977,2020-05-25,2020-05-25,2026-08-17,7548,high_sustained,2020
785,"AMBOY RD AND IDAHO AVE, NEW YORK, NY",Speed,36,40.524142012244,-74.213512034255,2020-10-26,2020-10-26,2026-08-24,5144,high_sustained,2020
786,"AMBOY RD AND QUEENS DALE ST, NEW YORK, NY",Speed,36,40.528197009362,-74.199270007293,2024-08-26,2024-08-26,2026-08-24,26266,high_sustained,2024
787,"AMBOY RD AND RICHMO ND AVE, NEW YORK, NY",Red Light,7,40.543303000994,-74.16423801061,2026-02-02,2026-02-02,2026-07-20,1696,high_sustained,2026
788,"AMBOY RD AND SHERWO OD PL, NEW YORK, NY",Speed,36,40.548805007967,-74.154343006273,2019-07-15,2019-07-08,2025-05-12,1000,high_sustained,2019
789,"AMBOY RD AND WOLVER INE ST, NEW YORK, NY",Speed,36,40.566955013465,-74.127861975752,2024-02-26,2024-02-26,2026-08-24,3082,high_sustained,2024
790,"AMBOY RD AND WOOD A VE, NEW YORK, NY",Speed,36,40.510820988804,-74.241989969389,2019-12-30,2019-12-30,2026-08-24,3321,high_sustained,2019
791,"AMBOY RD AND WOODHU LL AVE, NEW YORK, NY",Speed,36,40.529926992268,-74.196042974571,2019-12-30,2019-12-30,2026-08-24,48919,high_sustained,2019
792,"AMITY PL AND AMADOR ST, NEW YORK, NY",Speed,36,40.62325399398,-74.162089980283,2020-01-06,2019-12-30,2022-12-19,573,high_sustained,2020
793,"AMSTERDAM AV W144 ST - W148 ST, NEW YORK, NY",Speed,36,40.854119150055,-73.926503777055,2016-07-18,2016-06-20,2020-08-03,307,high_sustained,2016
794,"AMSTERDAM AV W148 ST - W144 ST, NEW YORK, NY",Speed,36,40.854119150055,-73.926503777055,2016-08-01,2016-06-13,2020-09-28,131,high_sustained,2016
795,"AMSTERDAM AV W163 ST - W167 ST, NEW YORK, NY",Speed,36,40.854119150055,-73.926503777055,2016-09-12,2016-09-12,2023-12-04,98,low_fallback,2016
796,"AMSTERDAM AV W166 ST - W170 ST, NEW YORK, NY",Speed,36,40.854119150055,-73.926503777055,2016-06-20,2016-06-20,2024-03-25,119,low_fallback,2016
797,"AMSTERDAM AV W167 ST - W163 ST, NEW YORK, NY",Speed,36,40.854119150055,-73.926503777055,2016-09-12,2016-09-12,2022-11-28,70,low_fallback,2016
798,"AMSTERDAM AV W170 ST - W166 ST, NEW YORK, NY",Speed,36,40.854119150055,-73.926503777055,2016-06-20,2016-06-20,2024-03-18,17,low_fallback,2016
799,"AMSTERDAM AV W186 ST - W190 ST, NEW YORK, NY",Speed,36,40.854119150055,-73.926503777055,2017-05-29,2016-06-20,2021-09-27,435,high_sustained,2017
800,"AMSTERDAM AV W190 ST - W186 ST, NEW YORK, NY",Speed,36,40.854119150055,-73.926503777055,2016-09-26,2016-09-26,2020-03-16,32,low_fallback,2016
801,"AMSTERDAM AV W64 ST - W68 ST, NEW YORK, NY",Speed,36,40.854119150055,-73.926503777055,2016-06-20,2016-06-20,2020-10-05,1023,high_sustained,2016
802,"AMSTERDAM AV. W14 9 ST- W156 ST, NEW YORK, NY",Speed,36,40.674581056506,-73.997583330541,2016-06-20,2016-06-20,2021-08-23,187,low_fallback,2016
803,"AMSTERDAM AV. W15 6 ST - W149 ST, NEW YORK, NY",Speed,36,40.675240807429,-73.994298825911,2016-10-03,2016-10-03,2020-11-30,112,low_fallback,2016
804,"AMSTERDAM AVE AND 96TH STREET, NEW YORK, NY",Red Light,7,40.794051993077,-73.9703629976,2016-05-30,2016-05-30,2026-07-20,5506,high_sustained,2016
805,"AMSTERDAM AVE AND W 102ND ST, NEW YORK, NY",Speed,36,40.797876990772,-73.967586995087,2021-11-01,2021-10-25,2026-08-24,3171,high_sustained,2021
806,"AMSTERDAM AVE AND W 119TH ST, NEW YORK, NY",Speed,36,40.808770992238,-73.959634999726,2022-06-27,2021-08-02,2024-05-27,709,high_sustained,2022
807,"AMSTERDAM AVE AND W 129TH ST, NEW YORK, NY",Speed,36,40.815110979981,-73.955000980736,2016-09-05,2016-09-05,2026-08-24,12006,high_sustained,2016
808,"AMSTERDAM AVE AND W 130TH ST, NEW YORK, NY",Speed,36,40.81574301739,-73.95454098189,2016-09-05,2016-09-05,2019-01-14,4839,high_sustained,2016
809,"AMSTERDAM AVE AND W 147TH ST, NEW YORK, NY",Speed,36,40.826526000549,-73.946664004562,2021-05-31,2021-05-31,2024-07-29,878,high_sustained,2021
810,"AMSTERDAM AVE AND W 165TH ST, NEW YORK, NY",Red Light,7,40.83788800558,-73.93837698453,2026-02-02,2026-01-26,2026-07-20,538,high_sustained,2026
811,"AMSTERDAM AVE AND W 177TH ST, NEW YORK, NY",Speed,36,40.845535989313,-73.932786003655,2020-10-26,2020-10-26,2026-08-24,11401,high_sustained,2020
812,"AMSTERDAM AVE AND W 181ST ST, NEW YORK, NY",Red Light,7,40.848158183903,-73.930865793457,2026-01-19,2026-01-12,2026-07-20,2125,high_sustained,2026
813,"AMSTERDAM AVE AND W 189TH ST, NEW YORK, NY",Speed,36,40.85311700164,-73.927242967266,2022-12-12,2022-12-05,2026-08-17,782,high_sustained,2022
814,"AMSTERDAM AVE AND W 190TH ST, NEW YORK, NY",Speed,36,40.853714002694,-73.926798977855,2020-04-27,2020-04-27,2022-10-03,1714,high_sustained,2020
815,"AMSTERDAM AVE AND W 62ND ST, NEW YORK, NY",Speed,36,40.772286998468,-73.986251984717,2020-09-28,2020-09-28,2026-08-24,34481,high_sustained,2020
816,"AMSTERDAM AVE AND W 83RD ST, NEW YORK, NY",Speed,36,40.785735007741,-73.976450019505,2021-08-30,2021-08-30,2026-08-24,7953,high_sustained,2021
817,"AMSTERDAM AVE AND W 91ST ST, NEW YORK, NY",Speed,36,40.79086598977,-73.972695010702,2019-10-28,2019-10-28,2026-08-17,6080,high_sustained,2019
818,"AMSTERDAM AVE W 1 82ND ST - W 183RD ST, NEW YORK, NY",Speed,36,40.782957915581,-73.971545600319,2024-02-12,2024-02-12,2024-02-12,1,low_fallback,2024
819,"AMSTERDM AV. LA S ALLE ST - W120 ST, NEW YORK, NY",Speed,36,40.854119150055,-73.926503777055,2016-12-19,2016-12-19,2018-05-14,51,low_fallback,2016
820,"AMSTERDM AV. W120 ST - LA SALLE ST, NEW YORK, NY",Speed,36,40.813817566955,-73.959951488673,2017-02-13,2017-02-13,2019-03-18,97,low_fallback,2017
821,"AMSTERDM AV. W130 ST- W136 ST, NEW YORK, NY",Speed,36,40.854119150055,-73.926503777055,2016-11-14,2016-11-14,2017-01-16,6,low_fallback,2016
822,"AMSTERDM AV. W136 ST- W130 ST, NEW YORK, NY",Speed,36,40.854119150055,-73.926503777055,2017-05-01,2017-05-01,2017-05-01,1,low_fallback,2017
823,"AMSTRDAM AV. W.18 0 ST - W184 ST, NEW YORK, NY",Speed,36,40.771492769382,-73.986931772337,2016-11-07,2016-11-07,2021-09-13,34,low_fallback,2016
824,"AMSTRDAM AV. W.18 4 ST - W180 ST, NEW YORK, NY",Speed,36,40.677733724321,-73.995652289128,2016-11-14,2016-11-14,2019-09-23,36,low_fallback,2016
825,"AMSTRDM AV. W107 ST - W116 ST, NEW YORK, NY",Speed,36,40.803839250271,-73.953986185855,2016-09-05,2016-09-05,2021-06-28,43,low_fallback,2016
826,"AMSTRDM AV. W116 ST - W107 ST, NEW YORK, NY",Speed,36,40.802200562958,-73.949939249397,2016-11-14,2016-11-14,2020-01-06,15,low_fallback,2016
827,"AMSTRDM AV. W157 ST- W163 ST, NEW YORK, NY",Speed,36,40.833482154891,-73.943512519297,2016-06-20,2016-06-20,2024-07-01,150,low_fallback,2016
828,"AMSTRDM AV. W163 ST- W157 ST, NEW YORK, NY",Speed,36,40.833482154891,-73.943512519297,2017-05-08,2017-05-08,2022-08-29,9,low_fallback,2017
829,"ANTHONY AVE E 130 ST, NEW YORK, NY",Red Light,7,40.724543778182,-73.932211669766,2017-12-25,2017-12-25,2017-12-25,1,low_fallback,2017
830,"ANTIN PL AND WALLAC E AVE, NEW YORK, NY",Speed,36,40.85157699457,-73.864837015916,2022-01-03,2022-01-03,2024-11-25,148,low_fallback,2022
831,"ANTIN PL. BRADY A V - HOLLAND AV, NEW YORK, NY",Speed,36,40.867835674359,-73.865332688185,2018-02-12,2018-02-12,2018-04-16,3,low_fallback,2018
832,"APOLLO ST AND MEEK ER AVE, NEW YORK, NY",Red Light,7,40.724202492612,-73.937628899672,2026-01-19,2026-01-19,2026-07-20,1621,high_sustained,2026
833,"ARCHER AVE AND GUY R BREWER BLVD, NEW YORK, NY",Red Light,7,40.703302007496,-73.796096022146,2025-09-01,2025-09-01,2026-07-20,654,high_sustained,2025
834,"ARDEN AVE AND EDGEG ROVE AVE, NEW YORK, NY",Speed,36,40.545752989382,-74.178878010334,2019-07-08,2019-07-08,2026-08-24,11173,high_sustained,2019
835,"ARDEN AVE AND RENSS ELAER AVE, NEW YORK, NY",Speed,36,40.547708990307,-74.182782971385,2025-06-30,2025-06-30,2026-08-17,194,low_fallback,2025
836,"ARDEN AVE AND SANDB ORN ST, NEW YORK, NY",Speed,36,40.535333990369,-74.165689001868,2024-07-15,2024-07-15,2026-08-24,2495,high_sustained,2024
837,"ARDEN AVE AND SHIRL EY AVE, NEW YORK, NY",Speed,36,40.532935005861,-74.163944979275,2023-09-18,2023-09-11,2026-08-24,3056,high_sustained,2023
838,"ARDEN AVE ANNADAL E RD - VAN BRUNT ST, NEW YORK, NY",Speed,36,40.686004466933,-74.004686284627,2023-11-27,2023-11-27,2023-11-27,3,low_fallback,2023
839,"ARDEN AVE VANBRUN T ST- ANNADALE RD, NEW YORK, NY",Speed,36,40.542358727131,-74.177415644594,2023-12-18,2023-12-18,2024-05-27,8,low_fallback,2023
840,"ARLENE ST AND COMME RCE ST, NEW YORK, NY",Speed,36,40.611245995672,-74.164671019728,2023-10-16,2023-08-28,2026-08-24,7412,high_sustained,2023
841,"ARLENE ST AND SOMME R AVE, NEW YORK, NY",Speed,36,40.60763800545,-74.165514993558,2020-09-28,2020-09-28,2026-08-24,15160,high_sustained,2020
842,"ARLENE ST. COMMER CE ST - SOMMER AV, NEW YORK, NY",Speed,36,40.731573327841,-74.004853387505,2016-11-28,2016-06-13,2020-08-24,6805,high_sustained,2016
843,"ARLENE ST. SOMMER AV - COMMERCE ST, NEW YORK, NY",Speed,36,40.731573327841,-74.004853387505,2016-07-18,2016-07-18,2020-03-16,5178,high_sustained,2016
844,"ARMSTRONG AVE AND A MBOY RD, NEW YORK, NY",Speed,36,40.54624747976,-74.158843417726,2019-09-30,2019-09-30,2025-07-28,11782,high_sustained,2019
845,"ARMSTRONG AVE AND O LD AMBOY RD, NEW YORK, NY",Speed,36,40.546817994,-74.159008960314,2020-06-29,2020-06-29,2024-05-27,678,high_sustained,2020
846,"ARTHUR KILL RD AND GIFFORDS LN, NEW YORK, NY",Red Light,7,40.563733009884,-74.155879995858,2016-05-30,2016-05-23,2026-05-25,30679,high_sustained,2016
847,"ARTHUR KILL RD AND MILES AVE, NEW YORK, NY",Speed,36,40.56494700283,-74.155117997041,2020-05-04,2020-04-27,2025-04-28,2015,high_sustained,2020
848,"ARTHUR KILL RD AND RICHMOND AVE, NEW YORK, NY",Red Light,7,40.561075988487,-74.16983200897,2016-05-30,2016-05-23,2026-03-23,40481,high_sustained,2016
849,"ARTHUR KILL RD AND STORER AVE, NEW YORK, NY",Speed,36,40.539208986116,-74.237488971202,2020-01-13,2019-12-30,2025-03-24,2442,high_sustained,2020
850,"ASHLAND AVE AND MYR TLE AVE, NEW YORK, NY",Speed,36,40.693484996768,-73.979200960127,2021-10-11,2021-09-27,2024-04-15,667,high_sustained,2021
851,"ASHLAND PL AND WILL OUGHBY ST, NEW YORK, NY",Speed,36,40.691935979152,-73.978991999281,2021-10-04,2021-09-27,2026-08-17,1476,high_sustained,2021
852,"ASTOR AV. BRNXWD AV- YATES AV, NEW YORK, NY",Speed,36,40.85957500658,-73.864660225767,2018-04-09,2018-04-09,2021-12-13,9,low_fallback,2018
853,"ASTOR AV. YATES A V- BRNXWD AV, NEW YORK, NY",Speed,36,40.85957500658,-73.864660225767,2018-07-09,2018-07-09,2021-11-29,20,low_fallback,2018
854,"ASTOR AVE AND WILLI AMSBRIDGE RD, NEW YORK, NY",Speed,36,40.859711002959,-73.85736496833,2022-01-03,2021-12-27,2024-11-25,987,high_sustained,2022
855,"ASTOR AVE AND WILSO N AVE, NEW YORK, NY",Speed,36,40.859823991014,-73.849265032378,2024-05-20,2024-05-20,2026-08-24,2213,high_sustained,2024
856,"ASTOR AVE AND WOODH ULL AVE, NEW YORK, NY",Speed,36,40.859406991331,-73.841865991169,2020-11-30,2020-11-30,2026-08-24,1780,high_sustained,2020
857,"ASTORIA BLVD AND 10 2ND ST, NEW YORK, NY",Speed,36,40.761553007533,-73.867267013466,2020-02-24,2020-02-24,2026-08-24,14125,high_sustained,2020
858,"ASTORIA BLVD AND 108TH ST, NEW YORK, NY",Red Light,7,40.760406991821,-73.861433041217,2016-05-30,2016-05-23,2026-07-20,26510,high_sustained,2016
859,"ASTORIA BLVD AND 11 0TH ST, NEW YORK, NY",Speed,36,40.760132987406,-73.860344986366,2021-06-28,2021-06-28,2026-08-24,63863,high_sustained,2021
860,"ASTORIA BLVD AND 31 ST DR, NEW YORK, NY",Speed,36,40.760406991821,-73.861433041217,2021-06-28,2021-06-28,2026-08-24,63109,high_sustained,2021
861,"ASTORIA BLVD AND 32 ND ST, NEW YORK, NY",Red Light,7,40.769850504943,-73.91764049135,2026-01-26,2026-01-26,2026-07-20,3732,high_sustained,2026
862,"ASTORIA BLVD AND 81 ST ST, NEW YORK, NY",Speed,36,40.765256006627,-73.888097970694,2019-07-08,2019-07-08,2026-08-24,82137,high_sustained,2019
863,"ASTORIA BLVD AND 94TH ST, NEW YORK, NY",Red Light,7,40.763085009886,-73.875329985225,2016-05-30,2016-05-23,2026-07-20,20632,high_sustained,2016
864,"ASTORIA BLVD AND 95 TH ST, NEW YORK, NY",Speed,36,40.762900985201,-73.874208989495,2022-07-25,2022-07-25,2026-08-24,30807,high_sustained,2022
865,"ASTORIA BLVD AND 97 TH ST, NEW YORK, NY",Speed,36,40.762570989673,-73.872300011046,2025-12-29,2025-12-29,2026-08-24,516,high_sustained,2025
866,"ASTORIA BLVD AND 99 TH ST, NEW YORK, NY",Red Light,7,40.762252016348,-73.870398995406,2026-01-19,2026-01-19,2026-07-20,4152,high_sustained,2026
867,"ASTORIA BLVD AND KE ARNEY ST, NEW YORK, NY",Speed,36,40.761922984739,-73.868406030288,2024-07-29,2024-07-29,2026-08-24,16428,high_sustained,2024
868,"ASTORIA BLVD AND STEINWAY ST, NEW YORK, NY",Red Light,7,40.769429314309,-73.910277827601,2016-05-30,2016-05-23,2026-07-20,44683,high_sustained,2016
869,"ASTORIA BLVD N AND 42ND ST, NEW YORK, NY",Speed,36,40.76906298323,-73.907990992958,2021-12-27,2021-12-27,2026-08-24,222535,high_sustained,2021
870,"ASTORIA BLVD N AND 43RD ST, NEW YORK, NY",Red Light,7,40.768899997123,-73.906915008047,2026-06-01,2026-06-01,2026-07-20,582,high_sustained,2026
871,"ASTORIA BLVD S AND 44TH ST, NEW YORK, NY",Red Light,7,40.76823799441,-73.907115000257,2026-01-26,2026-01-26,2026-07-20,3313,high_sustained,2026
872,"ASTORIA BLVD S AND 44TH ST, NEW YORK, NY",Speed,36,40.76823799441,-73.907115000257,2022-01-03,2022-01-03,2026-08-24,57534,high_sustained,2022
873,"ASTORIA BLVD S AND 77TH ST, NEW YORK, NY",Red Light,7,40.76573100908,-73.891878041388,2016-06-06,2016-06-06,2026-07-20,137532,high_sustained,2016
874,"ASTORIA BV. 100 S T- 95 ST, NEW YORK, NY",Speed,36,40.773904467158,-73.936784247889,2016-08-08,2016-08-08,2020-02-24,822,low_fallback,2016
875,"ASTORIA BV. 95 ST - 100 ST, NEW YORK, NY",Speed,36,40.77398910393,-73.93666604,2016-07-11,2016-06-20,2020-02-10,846,high_sustained,2016
876,"ATKINS AV. NEWLOT S AV- LINDEN BV, NEW YORK, NY",Speed,36,40.65442088701,-73.910113695813,2018-10-22,2018-10-22,2024-03-11,13,low_fallback,2018
877,"ATLANTIC AVE AND 10 2ND ST, NEW YORK, NY",Speed,36,40.68979100822,-73.842771991083,2021-08-30,2021-08-30,2026-08-24,8076,high_sustained,2021
878,"ATLANTIC AVE AND 10 4TH ST, NEW YORK, NY",Red Light,7,40.690289982916,-73.841045989581,2026-01-12,2026-01-12,2026-07-20,1534,high_sustained,2026
879,"ATLANTIC AVE AND 10 4TH ST, NEW YORK, NY",Speed,36,40.690289982916,-73.841045989581,2021-08-30,2021-08-30,2026-08-24,25513,high_sustained,2021
880,"ATLANTIC AVE AND 11 1TH ST, NEW YORK, NY",Red Light,7,40.692207007991,-73.834871963521,2025-08-04,2025-07-28,2026-07-20,2484,high_sustained,2025
881,"ATLANTIC AVE AND 11 1TH ST, NEW YORK, NY",Speed,36,40.692207007991,-73.834871963521,2019-07-08,2019-07-08,2026-08-24,13227,high_sustained,2019
882,"ATLANTIC AVE AND 11 2TH ST, NEW YORK, NY",Speed,36,40.692476989093,-73.833921958615,2020-06-29,2020-06-29,2026-08-24,12647,high_sustained,2020
883,"ATLANTIC AVE AND 11 8TH ST, NEW YORK, NY",Speed,36,40.693913018654,-73.828907987955,2021-09-27,2021-09-27,2026-08-24,8549,high_sustained,2021
884,"ATLANTIC AVE AND 12 0TH ST, NEW YORK, NY",Speed,36,40.694429008614,-73.827010995628,2021-08-30,2021-08-30,2026-08-24,7751,high_sustained,2021
885,"ATLANTIC AVE AND 13 0TH ST, NEW YORK, NY",Red Light,7,40.695897015136,-73.818922961978,2026-03-09,2025-09-01,2026-07-20,1551,high_sustained,2026
886,"ATLANTIC AVE AND 13 2ND ST, NEW YORK, NY",Speed,36,40.696428008702,-73.817062011835,2019-10-28,2019-10-28,2026-08-24,135192,high_sustained,2019
887,"ATLANTIC AVE AND 6T H AVE, NEW YORK, NY",Red Light,7,40.682967007478,-73.973727996449,2026-03-16,2026-01-12,2026-07-20,598,high_sustained,2026
888,"ATLANTIC AVE AND 6T H AVE, NEW YORK, NY",Speed,36,40.682967007478,-73.973727996449,2024-10-28,2024-10-28,2026-08-24,5821,high_sustained,2024
889,"ATLANTIC AVE AND 75 TH ST, NEW YORK, NY",Speed,36,40.683688982708,-73.864305016522,2021-10-25,2021-10-25,2026-08-24,22103,high_sustained,2021
890,"ATLANTIC AVE AND 84 TH ST, NEW YORK, NY",Red Light,7,40.685639996401,-73.857336972774,2026-06-29,2026-06-29,2026-07-20,508,high_sustained,2026
891,"ATLANTIC AVE AND 84 TH ST, NEW YORK, NY",Speed,36,40.685639996401,-73.857336972774,2026-07-27,2026-07-27,2026-08-24,79,high_sustained,2026
892,"ATLANTIC AVE AND 85 TH ST, NEW YORK, NY",Speed,36,40.685881981946,-73.856494004771,2016-09-05,2016-09-05,2026-08-24,25398,high_sustained,2016
893,"ATLANTIC AVE AND 86 TH ST, NEW YORK, NY",Speed,36,40.686119986086,-73.85565698792,2016-07-04,2016-06-13,2026-08-24,14653,high_sustained,2016
894,"ATLANTIC AVE AND 95 TH ST, NEW YORK, NY",Speed,36,40.688332012244,-73.847875983383,2021-09-27,2021-09-27,2026-08-24,12307,high_sustained,2021
895,"ATLANTIC AVE AND AL BANY AVE, NEW YORK, NY",Red Light,7,40.677859704326,-73.938626010874,2026-01-26,2026-01-26,2026-07-20,2793,high_sustained,2026
896,"ATLANTIC AVE AND BE AR ST, NEW YORK, NY",Speed,36,40.592996999898,-74.09427895867,2020-05-25,2020-05-25,2022-05-23,83,low_fallback,2020
897,"ATLANTIC AVE AND BEDFORD AVE, NEW YORK, NY",Red Light,7,40.678792987335,-73.953013966769,2016-05-30,2016-05-23,2026-07-20,111916,high_sustained,2016
898,"ATLANTIC AVE AND BR OOKLYN AVE, NEW YORK, NY",Speed,36,40.678245020415,-73.944151026171,2016-09-05,2016-09-05,2026-08-24,42923,high_sustained,2016
899,"ATLANTIC AVE AND CL ASSON AVE, NEW YORK, NY",Speed,36,40.679893992227,-73.958273024279,2021-08-30,2021-08-30,2026-08-24,137035,high_sustained,2021
900,"ATLANTIC AVE AND CL ERMONT AVE, NEW YORK, NY",Speed,36,40.681945002024,-73.968730035223,2018-11-26,2018-11-26,2026-08-24,172634,high_sustained,2018
901,"ATLANTIC AVE AND CL INTON ST, NEW YORK, NY",Speed,36,40.69024199652,-73.994364996438,2025-03-31,2025-03-31,2026-08-24,1289,high_sustained,2025
902,"ATLANTIC AVE AND EA STERN PKWY, NEW YORK, NY",Red Light,7,40.676138019504,-73.908162989611,2026-01-05,2025-09-01,2026-07-20,3889,high_sustained,2026
903,"ATLANTIC AVE AND ES SEX ST, NEW YORK, NY",Speed,36,40.678418986815,-73.882823993397,2016-09-05,2016-09-05,2026-08-24,138968,high_sustained,2016
904,"ATLANTIC AVE AND FO RBELL ST, NEW YORK, NY",Speed,36,40.683402992172,-73.865309000884,2021-10-25,2021-10-25,2026-08-24,22552,high_sustained,2021
905,"ATLANTIC AVE AND FT GREENE PL, NEW YORK, NY",Red Light,7,40.683412296084,-73.975917768653,2016-05-30,2016-05-30,2026-07-20,14174,high_sustained,2016
906,"ATLANTIC AVE AND HI NSDALE ST, NEW YORK, NY",Speed,36,40.675543700659,-73.901633319399,2023-06-19,2023-06-19,2026-08-24,31223,high_sustained,2023
907,"ATLANTIC AVE AND KINGSTON AVE, NEW YORK, NY",Red Light,7,40.678094020429,-73.941372006173,2016-05-23,2016-05-23,2026-07-20,60850,high_sustained,2016
908,"ATLANTIC AVE AND LE FFERTS BLVD, NEW YORK, NY",Red Light,7,40.69414100642,-73.828045993032,2026-02-02,2026-01-19,2026-07-20,1100,high_sustained,2026
909,"ATLANTIC AVE AND LO GAN ST, NEW YORK, NY",Red Light,7,40.680093984436,-73.877392017225,2016-05-30,2016-05-23,2026-07-20,20518,high_sustained,2016
910,"ATLANTIC AVE AND LOGAN ST, NEW YORK, NY",Red Light,7,40.680093984436,-73.877392017225,2016-05-23,2016-05-23,2018-07-23,14988,high_sustained,2016
911,"ATLANTIC AVE AND MO NACO PL, NEW YORK, NY",Speed,36,40.676309010329,-73.909092961768,2026-02-02,2026-02-02,2026-08-24,1376,high_sustained,2026
912,"ATLANTIC AVE AND NE VINS ST, NEW YORK, NY",Speed,36,40.686083985812,-73.982653968959,2024-05-27,2024-05-27,2026-08-24,5601,high_sustained,2024
913,"ATLANTIC AVE AND NE W YORK AVE, NEW YORK, NY",Speed,36,40.678311279359,-73.946929459435,2016-06-13,2016-06-13,2026-08-24,48301,high_sustained,2016
914,"ATLANTIC AVE AND NOSTRAND AVE, NEW YORK, NY",Red Light,7,40.678547984305,-73.949685010104,2016-05-30,2016-05-23,2016-09-05,2143,high_sustained,2016
915,"ATLANTIC AVE AND PENNSYLVANIA AVE, NEW YORK, NY",Red Light,7,40.675783003995,-73.896890000392,2016-05-30,2016-05-23,2026-07-20,93572,high_sustained,2016
916,"ATLANTIC AVE AND PI NE ST, NEW YORK, NY",Speed,36,40.681471005399,-73.872548031561,2021-06-28,2021-06-28,2025-11-03,30527,high_sustained,2021
917,"ATLANTIC AVE AND PL EASANT PL, NEW YORK, NY",Speed,36,40.676354985068,-73.909995022188,2021-04-26,2021-04-26,2026-02-02,27554,high_sustained,2021
918,"ATLANTIC AVE AND PR ESCOTT PL, NEW YORK, NY",Speed,36,40.676979981678,-73.920946984515,2019-07-08,2019-07-08,2026-08-24,16852,high_sustained,2019
919,"ATLANTIC AVE AND RA LPH AVE, NEW YORK, NY",Speed,36,40.67702997973,-73.921817026065,2020-06-29,2020-06-29,2026-08-24,48935,high_sustained,2020
920,"ATLANTIC AVE AND RO CKAWAY AVE, NEW YORK, NY",Red Light,7,40.676272004226,-73.910936980467,2016-05-30,2016-05-23,2026-07-20,60970,high_sustained,2016
921,"ATLANTIC AVE AND S PORTLAND AVE, NEW YORK, NY",Speed,36,40.683098016625,-73.973787005047,2024-04-29,2024-04-29,2026-08-24,11755,high_sustained,2024
922,"ATLANTIC AVE AND SA RATOGA AVE, NEW YORK, NY",Red Light,7,40.676721986698,-73.916458978279,2025-08-04,2025-07-28,2026-07-20,2085,high_sustained,2025
923,"ATLANTIC AVE AND SC HENECTADY AVE, NEW YORK, NY",Speed,36,40.67755891973,-73.933081465742,2024-05-27,2024-05-27,2026-08-24,10389,high_sustained,2024
924,"ATLANTIC AVE AND SH EFFIELD AVE, NEW YORK, NY",Speed,36,40.675713015104,-73.897918962826,2021-08-30,2021-08-30,2026-08-24,30054,high_sustained,2021
925,"ATLANTIC AVE AND SH EPHERD AVE, NEW YORK, NY",Speed,36,40.678668013159,-73.881948000696,2016-09-05,2016-09-05,2026-08-24,131639,high_sustained,2016
926,"ATLANTIC AVE AND WA RWICK ST, NEW YORK, NY",Red Light,7,40.677302014398,-73.886855018272,2026-01-12,2026-01-12,2026-07-20,3457,high_sustained,2026
927,"ATLANTIC AVE AND WA VERLY AVE, NEW YORK, NY",Speed,36,40.68140600374,-73.965500990844,2026-07-27,2026-07-27,2026-08-24,514,high_sustained,2026
928,"ATLANTIC AVE AND WOODHAVEN BLVD, NEW YORK, NY",Red Light,7,40.68815398062,-73.849093035725,2016-05-30,2016-05-23,2026-07-20,19291,high_sustained,2016
929,"ATLANTIC AVE CLIN TON ST - HICKS ST, NEW YORK, NY",Speed,36,40.680986599096,-73.963490352191,2024-04-08,2024-04-08,2025-01-13,9,low_fallback,2024
930,"ATLANTIC AVE HICK S ST - CLINTON ST, NEW YORK, NY",Speed,36,40.680986599096,-73.963490352191,2023-07-03,2023-07-03,2026-05-04,108,high_sustained,2023
931,"ATLANTIC AVE NEVI NS ST - 4TH AVE, NEW YORK, NY",Speed,36,40.677792432806,-73.935836614045,2024-01-22,2024-01-22,2025-08-11,23,low_fallback,2024
932,"ATLNTIC AVE. CLIN TN AV- CUMBRLND ST, NEW YORK, NY",Speed,36,40.7130466,-74.0072301,2016-07-18,2016-06-20,2018-09-10,3350,high_sustained,2016
933,"ATLNTIC AVE. CUMB RLND ST- CLINTN AV, NEW YORK, NY",Speed,36,40.680986599096,-73.963490352191,2016-10-17,2016-06-13,2018-05-14,940,high_sustained,2016
934,"AUDUBON AV W180 S T - W 184 ST, NEW YORK, NY",Speed,36,40.854896653957,-73.927834899987,2020-02-17,2020-02-17,2022-12-19,7,low_fallback,2020
935,"AUDUBON AV W184 S T - W180 ST, NEW YORK, NY",Speed,36,40.854896653957,-73.927834899987,2022-05-23,2022-05-23,2022-12-12,4,low_fallback,2022
936,"AUDUBON AV. W 184 ST - W 190 ST, NEW YORK, NY",Speed,36,40.844393452091,-73.935699050285,2024-02-26,2024-02-26,2024-02-26,1,low_fallback,2024
937,"AUDUBON AV. W 190 ST - W 184 ST, NEW YORK, NY",Speed,36,40.844614566697,-73.935543314524,2023-10-16,2023-10-16,2024-02-05,3,low_fallback,2023
938,"AUSTIN ST AND 81ST AVE, NEW YORK, NY",Speed,36,40.711659016419,-73.831968975175,2024-02-19,2024-02-19,2026-07-27,141,low_fallback,2024
939,"AUSTIN ST. 71 RD- 75 RD, NEW YORK, NY",Speed,36,40.719736416451,-73.843618541758,2017-05-01,2017-05-01,2017-05-01,1,low_fallback,2017
940,"AUSTIN ST. 75 RD- 71 RD, NEW YORK, NY",Speed,36,40.719736416451,-73.843618541758,2016-09-05,2016-09-05,2021-10-18,52,low_fallback,2016
941,"AUSTIN ST. ASCAN AV- 71 RD, NEW YORK, NY",Speed,36,40.719736416451,-73.843618541758,2022-02-07,2022-02-07,2022-12-12,9,low_fallback,2022
942,"AUTUMN AVE AND GLEN ST, NEW YORK, NY",Speed,36,40.68115500765,-73.869569019354,2022-09-05,2022-09-05,2023-12-18,266,high_sustained,2022
943,"AV OF AMERICAS. P RINCE ST - W4ST, NEW YORK, NY",Speed,36,40.722362497227,-73.993253011253,2016-11-14,2016-11-14,2019-07-29,45,low_fallback,2016
944,"AVE B. E96 ST - E 91 ST, NEW YORK, NY",Speed,36,40.782879559825,-73.953752312926,2017-10-02,2017-10-02,2021-10-04,31,low_fallback,2017
945,"AVE D AND E 101ST S T, NEW YORK, NY",Speed,36,40.651878989605,-73.904561034359,2021-08-30,2021-08-30,2026-01-26,20146,high_sustained,2021
946,"AVE D AND ROCKAWAY AVE, NEW YORK, NY",Red Light,7,40.650965990802,-73.90596600897,2026-06-01,2026-06-01,2026-07-20,320,high_sustained,2026
947,"AVE D AND ROCKAWAY AVE, NEW YORK, NY",Speed,36,40.650965990802,-73.90596600897,2026-02-02,2026-02-02,2026-08-24,2222,high_sustained,2026
948,"AVE H AND BROOKLYN AVE, NEW YORK, NY",Red Light,7,40.632015010636,-73.941755981157,2026-01-26,2026-01-26,2026-07-20,555,high_sustained,2026
949,"AVE I AND ALBANY AV E, NEW YORK, NY",Red Light,7,40.629973011385,-73.936774029367,2026-03-02,2026-01-19,2026-07-20,756,high_sustained,2026
950,"AVE I AND NOSTRAND AVE, NEW YORK, NY",Speed,36,40.629169983151,-73.947330030588,2023-07-10,2022-08-29,2024-02-26,232,high_sustained,2023
951,"AVE I. E14 ST - E 7 ST, NEW YORK, NY",Speed,36,40.728077835683,-73.988339310132,2018-04-23,2018-04-23,2022-05-30,10,low_fallback,2018
952,"AVE I. E7 ST - E1 4 ST, NEW YORK, NY",Speed,36,40.678155880305,-73.996009759694,2016-11-28,2016-11-28,2022-03-14,43,low_fallback,2016
953,"AVE J AND NEW YORK AVE, NEW YORK, NY",Red Light,7,40.627092989454,-73.944023034509,2025-09-01,2025-09-01,2026-07-20,2045,high_sustained,2025
954,"AVE J. E. 99TH ST - E. 95TH ST, NEW YORK, NY",Speed,36,40.663262745674,-73.925211613032,2023-09-11,2023-09-11,2023-12-18,15,low_fallback,2023
955,"AVE J. E103 ST - E98 ST, NEW YORK, NY",Speed,36,40.788403512277,-73.943183781267,2018-11-26,2018-11-26,2024-01-29,87,low_fallback,2018
956,"AVE J. E98 ST - E 103 ST, NEW YORK, NY",Speed,36,40.788403512277,-73.943183781267,2017-12-18,2017-12-18,2023-06-19,10,low_fallback,2017
957,"AVE K AND E 101ST S T, NEW YORK, NY",Speed,36,40.642352998556,-73.893950969863,2020-05-25,2020-05-25,2024-04-22,1277,high_sustained,2020
958,"AVE K AND SCHENECTA DY AVE, NEW YORK, NY",Speed,36,40.625701006793,-73.93052699693,2024-09-30,2024-09-30,2026-08-24,1140,high_sustained,2024
959,"AVE K. E93 ST - E 101 ST, NEW YORK, NY",Speed,36,40.790428999248,-73.951841003239,2018-10-29,2018-10-29,2020-03-02,36,low_fallback,2018
960,"AVE L. E 28 ST - E 23 ST, NEW YORK, NY",Speed,36,40.740517573776,-73.987826944323,2020-11-02,2020-11-02,2024-02-05,9,low_fallback,2020
961,"AVE L. E23 ST - E 28 ST, NEW YORK, NY",Speed,36,40.742361278578,-73.981784840082,2020-10-12,2020-10-12,2020-10-12,2,low_fallback,2020
962,"AVE M AND CONEY ISL AND AVE, NEW YORK, NY",Red Light,7,40.616421003647,-73.974463969457,2026-06-29,2026-06-29,2026-07-20,194,high_sustained,2026
963,"AVE M AND OCEAN PKW Y, NEW YORK, NY",Red Light,7,40.617037010666,-73.968838999965,2026-06-29,2026-06-29,2026-07-20,17,low_fallback,2026
964,"AVE M. E 55 ST- E 53 ST, NEW YORK, NY",Speed,36,40.75761981372,-73.969263468144,2019-06-17,2019-06-17,2023-04-17,17,low_fallback,2019
965,"AVE N AND E 100TH S T, NEW YORK, NY",Speed,36,40.636985982134,-73.889226007224,2024-08-26,2024-08-26,2026-08-24,1975,high_sustained,2024
966,"AVE N AND MCDONALD AVE, NEW YORK, NY",Red Light,7,40.614033104206,-73.973920612584,2026-01-26,2026-01-12,2026-07-20,341,high_sustained,2026
967,"AVE N AND MCDONALD AVE, NEW YORK, NY",Speed,36,40.614033104206,-73.973920612584,2026-08-03,2026-08-03,2026-08-03,1,low_fallback,2026
968,"AVE O AND OCEAN PKW Y, NEW YORK, NY",Speed,36,40.611990015307,-73.967885977574,2020-03-16,2019-09-30,2026-07-13,634,high_sustained,2020
969,"AVE OF THE AMERIC AS AND WATTS ST, NEW YORK, NY",Speed,36,40.723568471467,-74.004528694999,2020-01-27,2020-01-27,2026-08-24,32723,high_sustained,2020
970,"AVE P. E15 ST - O CEAN AV, NEW YORK, NY",Speed,36,40.662347860943,-73.96273638772,2019-11-04,2019-11-04,2019-11-04,4,low_fallback,2019
971,"AVE R AND BURNETT S T, NEW YORK, NY",Speed,36,40.609229016401,-73.940829026485,2019-12-30,2019-12-30,2026-08-24,11428,high_sustained,2019
972,"AVE S AND KIMBALL S T, NEW YORK, NY",Speed,36,40.611609015899,-73.928472005729,2021-08-30,2021-08-30,2024-01-22,748,high_sustained,2021
973,"AVE S AND MCDONALD AVE, NEW YORK, NY",Red Light,7,40.60179900406,-73.972559978241,2026-02-16,2026-01-26,2026-07-20,340,high_sustained,2026
974,"AVE S. E 38 ST - E 33 ST, NEW YORK, NY",Speed,36,40.745452004639,-73.979538301073,2021-08-02,2021-08-02,2021-08-02,4,low_fallback,2021
975,"AVE T AND HOMECREST AVE, NEW YORK, NY",Speed,36,40.600780016091,-73.959610021654,2020-06-01,2020-05-25,2025-05-26,1393,high_sustained,2020
976,"AVE T. E69 ST - E 74 ST, NEW YORK, NY",Speed,36,40.771626533856,-73.960998701995,2016-09-19,2016-09-19,2022-12-12,123,low_fallback,2016
977,"AVE T. E74 ST - E 69 ST, NEW YORK, NY",Speed,36,40.768207436898,-73.962958062438,2016-10-03,2016-10-03,2022-06-13,111,low_fallback,2016
978,"AVE U AND GERRITSEN AVE, NEW YORK, NY",Red Light,7,40.601722980198,-73.93503201843,2026-06-01,2026-06-01,2026-07-20,245,high_sustained,2026
979,"AVE U AND OCEAN PKW Y, NEW YORK, NY",Red Light,7,40.597827993612,-73.965539966694,2026-06-29,2026-06-29,2026-07-20,27,low_fallback,2026
980,"AVE U AND PEARSON S T, NEW YORK, NY",Speed,36,40.61261999915,-73.918344990312,2019-10-28,2019-10-28,2026-08-24,53287,high_sustained,2019
981,"AVE W AND BATCHELDE R ST, NEW YORK, NY",Speed,36,40.596281993481,-73.938182021462,2021-05-31,2021-05-24,2024-03-25,795,high_sustained,2021
982,"AVE X AND NOSTRAND AVE, NEW YORK, NY",Red Light,7,40.593806985111,-73.940668010125,2026-06-29,2026-06-29,2026-07-20,5,low_fallback,2026
983,"AVE X. BRIGHAM ST - HARING ST, NEW YORK, NY",Speed,36,40.598021380918,-73.934664182572,2017-10-09,2016-10-17,2024-04-01,171,high_sustained,2017
984,"AVE X. E. 4TH ST - W. 3RD ST, NEW YORK, NY",Speed,36,40.729432967214,-73.998103122603,2020-02-24,2020-02-24,2020-02-24,1,low_fallback,2020
985,"AVE X. HARING ST- BRIGHAM ST, NEW YORK, NY",Speed,36,40.598021380918,-73.934664182572,2017-05-01,2016-09-12,2024-02-05,309,high_sustained,2017
986,"AVE X. W. 3RD ST - E. 4TH ST, NEW YORK, NY",Speed,36,40.726636711796,-73.990490093027,2018-10-29,2018-10-29,2020-11-30,16,low_fallback,2018
987,"AVE Y AND HOMECREST AVE, NEW YORK, NY",Speed,36,40.589780989378,-73.957529968562,2020-05-25,2020-05-25,2026-08-24,2252,high_sustained,2020
988,"AVE Y AND OCEAN PKW Y, NEW YORK, NY",Red Light,7,40.588854998624,-73.965929976649,2026-03-30,2026-03-30,2026-07-20,44,low_fallback,2026
989,"AVE Z AND CONEY ISL AND AVE, NEW YORK, NY",Red Light,7,40.584592401679,-73.98488635263,2026-06-01,2026-06-01,2026-07-20,181,high_sustained,2026
990,"AVE Z AND HUBBARD S T, NEW YORK, NY",Speed,36,40.587017014896,-73.962968985533,2022-09-12,2022-08-29,2024-10-28,396,high_sustained,2022
991,"AVE Z. BATCHELDER ST - NOSTRAND AVE, NEW YORK, NY",Speed,36,40.599692020645,-73.93883639699,2023-12-11,2023-12-11,2023-12-11,1,low_fallback,2023
992,"AVE Z. E15 ST - E 22 ST, NEW YORK, NY",Speed,36,40.739217492583,-73.986127594228,2017-09-11,2017-09-11,2020-03-02,12,low_fallback,2017
993,"AVE Z. E22 ST - E 15 ST, NEW YORK, NY",Speed,36,40.736434161251,-73.992525474307,2020-08-31,2020-08-31,2020-08-31,1,low_fallback,2020
994,"AVENUE B -- E92 S T - E96 ST, NEW YORK, NY",Speed,36,40.724849123454,-73.981356629027,2017-09-04,2017-09-04,2017-09-04,2,low_fallback,2017
995,"AVENUE B -- E96 S T - E92 ST, NEW YORK, NY",Speed,36,40.724849123454,-73.981356629027,2018-10-22,2018-10-22,2019-07-22,15,low_fallback,2018
996,"AVENUE C AND E 14TH ST, NEW YORK, NY",Speed,36,40.728437994015,-73.975688020687,2023-07-03,2023-06-19,2026-08-17,436,high_sustained,2023
997,"AVENUE C. DAHILL RD- OCEAN PKY, NEW YORK, NY",Speed,36,40.613308381103,-73.974901736635,2018-09-24,2018-09-24,2024-03-25,37,low_fallback,2018
998,"AVENUE C. OCEAN P KY- DAHILL RD, NEW YORK, NY",Speed,36,40.613308381103,-73.974901736635,2022-01-03,2022-01-03,2023-12-18,10,low_fallback,2022
999,"AVENUE D. E42 ST- E48 ST, NEW YORK, NY",Speed,36,40.72448429471,-73.975456423442,2017-01-16,2017-01-16,2018-12-03,12,low_fallback,2017
1000,"AVENUE J. E14 ST- E19 ST, NEW YORK, NY",Speed,36,40.623591009352,-73.975824017066,2018-10-15,2018-10-15,2018-10-15,5,low_fallback,2018
1001,"AVENUE J. E19 ST - E14 ST, NEW YORK, NY",Speed,36,40.623591009352,-73.975824017066,2017-01-23,2017-01-23,2019-04-29,6,low_fallback,2017
1002,"AVENUE N. MCDONLD AV- OCEAN PKY, NEW YORK, NY",Speed,36,40.6151271,-73.9742785,2021-06-21,2021-06-21,2022-08-22,4,low_fallback,2021
1003,"AVENUE P BAY PKWY - W 9 ST, NEW YORK, NY",Speed,36,40.733541498213,-73.997505805525,2016-09-26,2016-09-26,2018-10-15,41,low_fallback,2016
1004,"AVENUE P W 9 ST - BAY PKWY, NEW YORK, NY",Speed,36,40.607128439934,-73.988406650415,2016-09-12,2016-09-12,2019-05-20,66,low_fallback,2016
1005,"AVENUE P. E3 ST- W4 ST, NEW YORK, NY",Speed,36,40.607616441399,-73.983914344058,2016-10-17,2016-10-17,2019-06-10,95,low_fallback,2016
1006,"AVENUE R. E13 ST- E19 ST, NEW YORK, NY",Speed,36,40.603213684628,-73.981174151273,2019-02-04,2019-02-04,2019-05-20,6,low_fallback,2019
1007,"AVENUE R. E19 ST- E13 ST, NEW YORK, NY",Speed,36,40.603213684628,-73.981174151273,2018-10-15,2018-10-15,2020-08-31,8,low_fallback,2018
1008,"AVENUE S LAKE ST - W 8 ST, NEW YORK, NY",Speed,36,40.601719894132,-73.973249200441,2018-07-23,2016-09-05,2019-09-09,150,high_sustained,2018
1009,"AVENUE S W 8 ST - LAKE ST, NEW YORK, NY",Speed,36,40.604081683588,-73.973151214545,2016-11-28,2016-11-28,2020-11-30,87,low_fallback,2016
1010,"AVENUE T. E16TH S T - E23RD ST, NEW YORK, NY",Speed,36,40.615230243723,-73.918545069126,2018-06-04,2018-06-04,2018-06-04,8,low_fallback,2018
1011,"AVENUE T. W9TH ST - STILLWELL AV, NEW YORK, NY",Speed,36,40.861106820591,-73.825512671876,2018-03-05,2018-03-05,2019-10-07,35,low_fallback,2018
1012,"AVENUE U AND FLATBU SH AVE, NEW YORK, NY",Red Light,7,40.609782012463,-73.922668040694,2026-01-12,2026-01-12,2026-07-20,11618,high_sustained,2026
1013,"AVENUE U. HENDRIC KSON ST - E. 38 TH S, NEW YORK, NY",Speed,36,40.617728837426,-73.910343841815,2022-11-07,2022-11-07,2023-02-27,37,low_fallback,2022
1014,"AVENUE W. E.1 ST - E.5 ST, NEW YORK, NY",Speed,36,40.591230208202,-73.984137191874,2018-06-04,2018-06-04,2020-09-07,25,low_fallback,2018
1015,"AVENUE W. E.5 ST - E.1 ST, NEW YORK, NY",Speed,36,40.640419377312,-73.979721643953,2017-01-02,2017-01-02,2019-05-20,39,low_fallback,2017
1016,"AVENUE Y E 16 - O CEAN AV, NEW YORK, NY",Speed,36,40.56290575795,-73.915423897056,2016-10-17,2016-10-17,2019-06-17,26,low_fallback,2016
1017,"AVENUE Y OCEAN AV - E 16 ST, NEW YORK, NY",Speed,36,40.586691000772,-73.985540486865,2016-09-19,2016-09-19,2020-03-16,59,low_fallback,2016
1018,"AVENUE Z. E12 ST- E6 ST, NEW YORK, NY",Speed,36,40.584592401679,-73.98488635263,2016-09-19,2016-09-19,2022-02-07,6,low_fallback,2016
1019,"AVENUE Z. E6 ST- E12 ST, NEW YORK, NY",Speed,36,40.584592401679,-73.98488635263,2019-01-14,2019-01-14,2021-08-09,10,low_fallback,2019
1020,"B 20TH ST AND BROOK HAVEN AVE, NEW YORK, NY",Speed,36,40.599956976327,-73.760545756353,2022-01-17,2022-01-17,2023-06-26,70,low_fallback,2022
1021,"B 67TH ST AND BEACH CHANNEL DR, NEW YORK, NY",Speed,36,40.58993400102,-73.804583034387,2024-04-22,2024-04-22,2024-07-29,171,high_sustained,2024
1022,"B 73RD ST AND ROCKA WAY BEACH BLVD, NEW YORK, NY",Speed,36,40.589713923464,-73.799025174291,2022-04-18,2022-02-28,2024-10-21,464,high_sustained,2022
1023,"B E 52 ST. CLARENDON RD - FOSTER AV, NEW YORK, NY",Speed,36,40.644317311265,-73.931485689234,2023-03-27,2023-03-27,2024-09-09,12,low_fallback,2023
1024,"B TARGEE ST. WAVERLY PL - OSGOOD AVE, NEW YORK, NY",Speed,36,40.730155042676,-73.994420784697,2022-09-05,2022-09-05,2024-01-29,784,high_sustained,2022
1025,"BAILEY AVE AND W 19 3RD ST, NEW YORK, NY",Speed,36,40.870797997746,-73.906840995842,2016-06-13,2016-06-13,2026-08-24,93512,high_sustained,2016
1026,"BAILEY AVE AND W 22 5TH ST, NEW YORK, NY",Speed,36,40.677226613474,-73.996066500275,2016-06-13,2016-06-13,2026-08-24,24110,high_sustained,2016
1027,"BAILEY AVE AND W 23 0TH ST, NEW YORK, NY",Speed,36,40.876199002786,-73.904016965024,2020-03-30,2020-03-30,2025-05-12,521,high_sustained,2020
1028,"BAINBRDG AV BDFRD PK BV - MOSHLU PWY, NEW YORK, NY",Speed,36,40.868188402702,-73.888787146406,2016-11-14,2016-11-14,2023-03-13,24,low_fallback,2016
1029,"BAINBRDG AV MOSHL U PWY - BDFRD PK BV, NEW YORK, NY",Speed,36,40.868188402702,-73.888787146406,2016-12-05,2016-12-05,2024-05-06,73,low_fallback,2016
1030,"BAINBRIDGE AVE AND E 211TH ST, NEW YORK, NY",Speed,36,40.882160002776,-73.878128032143,2026-02-02,2026-02-02,2026-04-27,216,high_sustained,2026
1031,"BAINBRIDGE AVE AND E 212TH ST, NEW YORK, NY",Speed,36,40.883437991554,-73.877731987218,2025-06-30,2025-06-30,2026-01-26,1095,high_sustained,2025
1032,"BAINBRIDGE AVE AND E 213TH ST, NEW YORK, NY",Speed,36,40.884501990343,-73.87759502692,2024-06-24,2024-06-24,2026-02-02,8488,high_sustained,2024
1033,"BAINBRIDGE AVE AND JEROME AVE, NEW YORK, NY",Speed,36,40.887142792757,-73.877981097381,2026-02-02,2026-02-02,2026-08-24,1202,high_sustained,2026
1034,"BAINBRIDGE ST AND P ATCHEN AVE, NEW YORK, NY",Red Light,7,40.681571001504,-73.925800022635,2026-01-19,2026-01-19,2026-07-20,675,high_sustained,2026
1035,"BAINBRIDGE ST AND P ATCHEN AVE, NEW YORK, NY",Speed,36,40.681571001504,-73.925800022635,2026-07-27,2026-07-27,2026-08-24,9,low_fallback,2026
1036,"BAISLEY BLVD AND 13 2ND AVE, NEW YORK, NY",Speed,36,40.670976988352,-73.786043018934,2025-05-26,2025-05-26,2026-08-24,3200,high_sustained,2025
1037,"BAISLEY BLVD AND 15 5TH ST, NEW YORK, NY",Speed,36,40.674701989943,-73.784353981625,2016-09-05,2016-09-05,2026-08-24,38942,high_sustained,2016
1038,"BAISLEY BLVD AND 16 0TH ST, NEW YORK, NY",Speed,36,40.67643700199,-73.782217015411,2016-06-13,2016-06-13,2026-08-24,34597,high_sustained,2016
1039,"BAISLEY BLVD AND 16 7TH ST, NEW YORK, NY",Speed,36,40.679978020806,-73.776382959344,2020-10-26,2020-10-26,2026-08-24,24963,high_sustained,2020
1040,"BAISLEY BLVD AND GU Y R BREWER BLVD, NEW YORK, NY",Red Light,7,40.67837271871,-73.779486191356,2026-02-02,2026-01-26,2026-07-20,514,high_sustained,2026
1041,"BAISLEY BLVD AND RO CKAWAY BLVD, NEW YORK, NY",Red Light,7,40.672380579949,-73.78576381774,2026-06-29,2026-06-29,2026-07-20,15,low_fallback,2026
1042,"BARD AVE AND HARVES T AVE, NEW YORK, NY",Speed,36,40.627873009363,-74.105234022301,2024-05-27,2024-05-27,2026-08-24,4323,high_sustained,2024
1043,"BARD AVE BAKER PL - BIRCH AVE, NEW YORK, NY",Speed,36,40.626617337575,-74.10389124064,2023-09-25,2023-09-25,2024-04-29,14,low_fallback,2023
1044,"BARD AVE BIRCH AV E - BAKER AVE, NEW YORK, NY",Speed,36,40.621012797431,-74.109200057188,2023-05-01,2023-05-01,2023-11-20,200,low_fallback,2023
1045,"BARD AVE BIRCH AV E - BAKER PL, NEW YORK, NY",Speed,36,40.621012797431,-74.109200057188,2024-04-15,2024-02-19,2024-04-29,59,high_sustained,2024
1046,"BARNWELL AV. POYE R ST - QUEENS BV, NEW YORK, NY",Speed,36,40.739400531619,-73.883422589361,2018-11-26,2018-11-26,2019-01-28,4,low_fallback,2018
1047,"BARNWELL AV. QUEE NS BV - POYER ST, NEW YORK, NY",Speed,36,40.739400531619,-73.883422589361,2018-09-24,2018-09-24,2022-02-28,10,low_fallback,2018
1048,"BARTOW AVE AND C O-OP CITY BLVD, NEW YORK, NY",Red Light,7,40.869579981486,-73.826266012074,2016-05-30,2016-05-23,2026-07-20,13030,high_sustained,2016
1049,"BARTOW AVE AND EDSO N AVE, NEW YORK, NY",Red Light,7,40.868380992146,-73.833174963404,2026-02-02,2026-02-02,2026-07-20,2348,high_sustained,2026
1050,"BARTOW AVE AND ELY AVE, NEW YORK, NY",Speed,36,40.867786002749,-73.834825024863,2020-11-30,2020-11-30,2026-08-24,11982,high_sustained,2020
1051,"BARTOW AVE AND WICK HAM AVE, NEW YORK, NY",Speed,36,40.867244992809,-73.836497968918,2021-05-24,2021-05-24,2026-08-24,11807,high_sustained,2021
1052,"BATCHELDER ST AND A VE V, NEW YORK, NY",Speed,36,40.599692020645,-73.93883639699,2024-09-30,2024-09-30,2026-08-17,149,low_fallback,2024
1053,"BATCHELDER ST. AV E V - AVE Y, NEW YORK, NY",Speed,36,40.599692020645,-73.93883639699,2024-05-20,2024-05-20,2024-05-20,3,low_fallback,2024
1054,"BATCHELDER ST. AV E X - AVE Y, NEW YORK, NY",Speed,36,40.599692020645,-73.93883639699,2019-08-05,2019-08-05,2022-08-15,19,low_fallback,2019
1055,"BATCHELDER ST. AV E Y - AVE X, NEW YORK, NY",Speed,36,40.599692020645,-73.93883639699,2020-09-28,2020-09-28,2020-09-28,4,low_fallback,2020
1056,"BATH AVE AND 15TH A VE, NEW YORK, NY",Speed,36,40.608040001526,-74.013011964975,2022-07-04,2022-06-27,2023-12-25,274,high_sustained,2022
1057,"BATH AVE AND 23RD A VE, NEW YORK, NY",Speed,36,40.597084015886,-73.995224979704,2020-02-17,2020-01-27,2024-01-22,1241,high_sustained,2020
1058,"BATH AVE AND BAY 17 TH ST, NEW YORK, NY",Speed,36,40.604352006039,-74.006918991919,2022-04-18,2022-04-18,2024-11-25,151,low_fallback,2022
1059,"BATH AVE AND BAY 23 RD ST, NEW YORK, NY",Speed,36,40.601860988234,-74.00230399985,2026-03-30,2026-03-30,2026-08-17,26,low_fallback,2026
1060,"BATHGATE AVE AND E 176TH ST, NEW YORK, NY",Speed,36,40.845642020388,-73.89770396701,2020-03-23,2020-03-09,2025-05-26,588,high_sustained,2020
1061,"BATTERY ST WEST ST, NEW YORK, NY",Red Light,7,40.706412916493,-74.017835944051,2018-01-15,2018-01-15,2018-01-15,1,low_fallback,2018
1062,"BAY 37TH ST AND HAR WAY AVE, NEW YORK, NY",Speed,36,40.593676688426,-73.994026199912,2024-10-28,2024-10-28,2026-08-17,206,high_sustained,2024
1063,"BAY PKWY AND 60TH S T, NEW YORK, NY",Speed,36,40.616705003482,-73.978455976573,2016-09-05,2016-09-05,2026-08-24,21159,high_sustained,2016
1064,"BAY PKWY AND 63RD S T, NEW YORK, NY",Speed,36,40.615008003365,-73.980222965581,2016-06-13,2016-06-13,2026-08-24,29808,high_sustained,2016
1065,"BAY PKWY AND 65T H ST, NEW YORK, NY",Red Light,7,40.613850001532,-73.981431971295,2016-06-20,2016-06-20,2026-07-20,21693,high_sustained,2016
1066,"BAY PKWY AND 76TH S T, NEW YORK, NY",Speed,36,40.607564999074,-73.987960970955,2020-12-28,2020-12-28,2026-08-24,5559,high_sustained,2020
1067,"BAY PKWY AND 81ST S T, NEW YORK, NY",Speed,36,40.604766994065,-73.990876029241,2024-10-28,2024-10-28,2026-08-24,2795,high_sustained,2024
1068,"BAY PKWY AND 86TH S T, NEW YORK, NY",Speed,36,40.601941999328,-73.993812964295,2020-05-25,2020-05-25,2026-08-24,29225,high_sustained,2020
1069,"BAY PKWY AND BENSON AVE, NEW YORK, NY",Speed,36,40.600228989776,-73.995585988274,2019-07-29,2019-07-29,2026-08-24,63642,high_sustained,2019
1070,"BAY PKWY AND E 2ND ST, NEW YORK, NY",Speed,36,40.622072019904,-73.974224959488,2022-07-25,2022-07-25,2026-08-24,48958,high_sustained,2022
1071,"BAY PKWY AND STI LLWELL AVE, NEW YORK, NY",Red Light,7,40.608165981531,-73.987354037346,2017-02-27,2016-05-30,2021-10-25,1461,high_sustained,2017
1072,"BAY PKWY AND STILLW ELL AVE, NEW YORK, NY",Speed,36,40.608165981531,-73.987354037346,2020-08-31,2020-08-31,2026-08-24,7565,high_sustained,2020
1073,"BAY PWY. 82 ST- B AYRIDGE PWY, NEW YORK, NY",Speed,36,40.632705679458,-74.033808221125,2017-03-20,2017-03-20,2020-10-05,156,low_fallback,2017
1074,"BAY PWY. BAYRIDGE PWY- 82 ST, NEW YORK, NY",Speed,36,40.632705679458,-74.033808221125,2016-09-12,2016-09-12,2020-02-10,489,low_fallback,2016
1075,"BAY RIDGE AV. 4 A VE - COLONIAL RD, NEW YORK, NY",Speed,36,40.724901940203,-73.72180557865,2018-04-16,2018-04-16,2020-02-10,9,low_fallback,2018
1076,"BAY RIDGE AV. COL ONIAL RD - 4 AVE, NEW YORK, NY",Speed,36,40.638878993056,-74.036138474027,2018-09-24,2018-09-24,2018-09-24,2,low_fallback,2018
1077,"BAY RIDGE AVE AND 1 2TH AVE, NEW YORK, NY",Speed,36,40.625030999363,-74.006089015867,2020-08-10,2020-08-10,2023-12-25,908,high_sustained,2020
1078,"BAY RIDGE AVE AND 5 TH AVE, NEW YORK, NY",Speed,36,40.633467007723,-74.021010982814,2020-12-28,2020-11-30,2024-07-29,629,high_sustained,2020
1079,"BAY RIDGE AVE AND C OLONIAL RD, NEW YORK, NY",Speed,36,40.637358012906,-74.031269007377,2025-02-24,2025-02-24,2026-08-17,224,low_fallback,2025
1080,"BAY RIDGE AVE. BL ISS PLACE - SHORE RD, NEW YORK, NY",Speed,36,40.638878993056,-74.036138474027,2023-05-22,2023-05-22,2023-05-22,6,low_fallback,2023
1081,"BAY RIDGE AVE. BL ISS TERRACE - SHORE, NEW YORK, NY",Speed,36,40.638878993056,-74.036138474027,2023-06-05,2023-06-05,2025-07-07,18,low_fallback,2023
1082,"BAY RIDGE AVE. SH ORE RD - BLISS TERRA, NEW YORK, NY",Speed,36,40.638878993056,-74.036138474027,2023-06-05,2023-06-05,2023-11-20,4,low_fallback,2023
1083,"BAY RIDGE PKWY AND 13TH AVE, NEW YORK, NY",Red Light,7,40.620308006471,-74.007424001585,2026-06-29,2026-06-29,2026-07-20,449,high_sustained,2026
1084,"BAY RIDGE PKWY AND 14TH AVE, NEW YORK, NY",Speed,36,40.618977002156,-74.005222997631,2022-07-25,2022-07-25,2026-08-24,16525,high_sustained,2022
1085,"BAY RIDGE PKWY AND 20TH AVE, NEW YORK, NY",Speed,36,40.610850998485,-73.991771970872,2019-07-08,2019-07-08,2026-08-24,12088,high_sustained,2019
1086,"BAY RIDGE PKWY AND 3RD AVE, NEW YORK, NY",Speed,36,40.631463020403,-74.027784985503,2020-11-16,2020-10-26,2024-05-27,1465,high_sustained,2020
1087,"BAY RIDGE PKWY AND 7TH AVE, NEW YORK, NY",Speed,36,40.627081003332,-74.018643011348,2019-07-08,2019-07-08,2026-08-24,9434,high_sustained,2019
1088,"BAY RIDGE PKWY AND COLONIAL RD, NEW YORK, NY",Speed,36,40.632735016119,-74.03316197639,2021-12-06,2021-11-29,2024-02-26,516,high_sustained,2021
1089,"BAY RIDGE PKWY AND FT HAMILTON PKWY, NEW YORK, NY",Red Light,7,40.625776988746,-74.016496992678,2026-02-02,2026-02-02,2026-07-20,1567,high_sustained,2026
1090,"BAY RIDGE PKWY AND NEW UTRECHT AVE, NEW YORK, NY",Speed,36,40.615801811505,-73.999975590967,2025-03-31,2025-03-31,2026-08-24,1175,high_sustained,2025
1091,"BAY ST AND HANNA H ST, NEW YORK, NY",Red Light,7,40.63593799278,-74.075836005656,2017-08-07,2017-08-07,2026-07-20,16066,high_sustained,2017
1092,"BAY ST AND MARYLAND AVE, NEW YORK, NY",Speed,36,40.613357983815,-74.06558602772,2019-12-30,2019-12-30,2025-02-17,2262,high_sustained,2019
1093,"BAY ST AND ST MARYS AVE, NEW YORK, NY",Speed,36,40.616283393752,-74.067753001148,2025-06-30,2025-06-30,2026-08-24,1570,high_sustained,2025
1094,"BAY ST AND STUYVESA NT PL, NEW YORK, NY",Speed,36,40.641962988601,-74.076172036154,2019-07-29,2019-07-29,2025-03-24,993,high_sustained,2019
1095,"BAY ST AND VAN DUZE R ST, NEW YORK, NY",Speed,36,40.635059988422,-74.075501986814,2020-08-31,2020-08-31,2026-08-24,22934,high_sustained,2020
1096,"BAYCHESTER AV. BU SSING AVE - NEREID A, NEW YORK, NY",Speed,36,40.880054875151,-73.83157990989,2019-04-08,2019-04-08,2020-09-07,253,low_fallback,2019
1097,"BAYCHESTER AV. NE REID AV - BUSSING AV, NEW YORK, NY",Speed,36,40.894338561629,-73.848434916146,2019-02-11,2019-02-11,2020-08-17,143,low_fallback,2019
1098,"BAYCHESTER AVE AND ALDRICH ST, NEW YORK, NY",Speed,36,40.870069987546,-73.832370971251,2016-06-20,2016-06-20,2026-01-26,28617,high_sustained,2016
1099,"BAYCHESTER AVE AND BOSTON RD, NEW YORK, NY",Red Light,7,40.881267288179,-73.838738786913,2026-06-29,2026-06-29,2026-07-20,343,high_sustained,2026
1100,"BAYCHESTER AVE AND CAMP ST, NEW YORK, NY",Speed,36,40.900846994901,-73.846691033732,2024-09-02,2024-08-26,2026-08-24,536,high_sustained,2024
1101,"BAYCHESTER AVE AND CRAWFORD AVE, NEW YORK, NY",Speed,36,40.884739994483,-73.840444001295,2016-06-13,2016-06-13,2026-08-24,109805,high_sustained,2016
1102,"BAYCHESTER AVE AND DONIZETTI PL, NEW YORK, NY",Speed,36,40.876020007243,-73.83393101107,2016-06-13,2016-06-13,2026-08-24,106090,high_sustained,2016
1103,"BAYCHESTER AVE AND EDENWALD AVE, NEW YORK, NY",Speed,36,40.892905015914,-73.843659969905,2024-02-26,2024-02-26,2026-08-24,2065,high_sustained,2024
1104,"BAYCHESTER AVE AND GIVAN AVE, NEW YORK, NY",Red Light,7,40.877493000998,-73.836544991395,2026-02-16,2026-02-16,2026-07-20,2245,high_sustained,2026
1105,"BAYCHESTER AVE AND PITMAN AVE, NEW YORK, NY",Speed,36,40.896688984193,-73.845104004184,2020-11-30,2020-11-30,2026-08-24,4297,high_sustained,2020
1106,"BAYCHESTER AVE AND STRANG AVE, NEW YORK, NY",Speed,36,40.890158014786,-73.842607035228,2020-10-26,2020-10-26,2026-08-24,8636,high_sustained,2020
1107,"BAYSIDE AVE AND 148 TH ST, NEW YORK, NY",Speed,36,40.771274003559,-73.818745014173,2021-07-26,2021-07-26,2026-08-24,5240,high_sustained,2021
1108,"BEACH 9TH ST AND BO LTON RD, NEW YORK, NY",Speed,36,40.607583020165,-73.746471970224,2021-09-27,2021-09-27,2026-08-24,16493,high_sustained,2021
1109,"BEACH 9TH ST AND CA FFREY ST, NEW YORK, NY",Speed,36,40.601960984339,-73.745403026112,2019-12-02,2019-11-25,2026-08-24,1750,high_sustained,2019
1110,"BEACH 9TH ST AND JA RVIS CT, NEW YORK, NY",Speed,36,40.597875980007,-73.744553017311,2026-08-03,2026-07-27,2026-08-24,110,high_sustained,2026
1111,"BEACH CHANNEL DR AND B 135TH ST, NEW YORK, NY",Speed,36,40.58993400102,-73.804583034387,2022-07-25,2022-07-25,2026-08-24,97480,high_sustained,2022
1112,"BEACH CHANNEL DR AND B 139TH ST, NEW YORK, NY",Speed,36,40.58993400102,-73.804583034387,2025-05-26,2025-05-26,2026-08-24,15418,high_sustained,2025
1113,"BEACH CHANNEL DR AND B 140TH ST, NEW YORK, NY",Red Light,7,40.58993400102,-73.804583034387,2016-05-23,2016-05-23,2026-07-20,98786,high_sustained,2016
1114,"BEACH CHANNEL DR AND B 25TH ST, NEW YORK, NY",Speed,36,40.58993400102,-73.804583034387,2024-04-01,2024-04-01,2026-08-24,596,high_sustained,2024
1115,"BEACH CHANNEL DR AND B 46TH ST, NEW YORK, NY",Speed,36,40.58993400102,-73.804583034387,2020-03-02,2020-03-02,2024-12-30,1674,high_sustained,2020
1116,"BEACH CHANNEL DR AND B 51ST ST, NEW YORK, NY",Speed,36,40.58993400102,-73.804583034387,2019-07-29,2019-07-29,2024-07-15,1535,high_sustained,2019
1117,"BEACH CHANNEL DR AND B 68TH ST, NEW YORK, NY",Speed,36,40.58993400102,-73.804583034387,2019-11-25,2019-11-25,2024-07-08,3345,high_sustained,2019
1118,"BEACH CHANNEL DR AND B 83RD ST, NEW YORK, NY",Speed,36,40.589996991023,-73.809103981503,2021-10-11,2021-08-30,2024-10-21,569,high_sustained,2021
1119,"BEACH CHANNEL DR AND BEACH 104TH ST, NEW YORK, NY",Speed,36,40.585067007032,-73.826227958233,2016-06-13,2016-06-13,2026-08-24,104939,high_sustained,2016
1120,"BEACH CHANNEL DR AND BEACH 53RD ST, NEW YORK, NY",Speed,36,40.595150017457,-73.783593994465,2024-03-25,2024-03-25,2026-07-20,98,low_fallback,2024
1121,"BEACH CHANNEL DR AND HASSOCK ST, NEW YORK, NY",Red Light,7,40.609514001109,-73.75371896371,2016-05-30,2016-05-30,2026-07-20,17161,high_sustained,2016
1122,"BEACH CHANNEL DR AND MCBRIDE ST, NEW YORK, NY",Speed,36,40.602674703394,-73.758272767886,2021-12-27,2021-12-27,2026-08-24,8955,high_sustained,2021
1123,"BEACH CHANNEL DR AND MOTT AVE, NEW YORK, NY",Speed,36,40.605338891319,-73.755323427615,2020-01-13,2020-01-13,2020-11-16,49,low_fallback,2020
1124,"BEACH CHANNEL DR AND ROCKAWAY FWY, NEW YORK, NY",Speed,36,40.590460007354,-73.801287018601,2021-12-27,2021-12-27,2026-08-24,8878,high_sustained,2021
1125,"BEDELL ST AND 130TH AVE, NEW YORK, NY",Speed,36,40.678259018193,-73.77111996234,2019-07-29,2019-07-29,2026-08-24,8421,high_sustained,2019
1126,"BEDELL ST AND 133RD AVE, NEW YORK, NY",Speed,36,40.676557994763,-73.768382013668,2020-01-27,2020-01-27,2026-08-24,22628,high_sustained,2020
1127,"BEDELL ST. 130 AV - BAISLEY BV, NEW YORK, NY",Speed,36,40.520873560323,-74.21720037237,2019-04-01,2019-04-01,2019-08-12,50,low_fallback,2019
1128,"BEDFORD AV. AVE K - AVE M, NEW YORK, NY",Speed,36,40.693835379491,-73.95600938316,2019-05-20,2019-05-20,2019-05-20,3,low_fallback,2019
1129,"BEDFORD AV. AVE M - AVE K, NEW YORK, NY",Speed,36,40.693835379491,-73.95600938316,2018-10-15,2018-10-15,2020-02-03,153,low_fallback,2018
1130,"BEDFORD AV. HANCO CK ST - GATS AV, NEW YORK, NY",Speed,36,40.693835379491,-73.95600938316,2018-03-05,2018-03-05,2019-08-26,162,low_fallback,2018
1131,"BEDFORD AV. HYLAN BV - MASON AV, NEW YORK, NY",Speed,36,40.693835379491,-73.95600938316,2016-10-03,2016-06-13,2024-04-15,1445,high_sustained,2016
1132,"BEDFORD AV. MASON AV - HYLAN BV, NEW YORK, NY",Speed,36,40.693835379491,-73.95600938316,2016-09-12,2016-06-27,2025-01-06,613,high_sustained,2016
1133,"BEDFORD AV. RODNE Y ST - CLYMER ST, NEW YORK, NY",Speed,36,40.693835379491,-73.95600938316,2018-03-19,2018-03-19,2019-11-18,144,low_fallback,2018
1134,"BEDFORD AVE AND ATLANTIC AVE, NEW YORK, NY",Red Light,7,40.678792987335,-73.953013966769,2017-06-05,2017-06-05,2026-07-20,40439,high_sustained,2017
1135,"BEDFORD AVE AND AVE I, NEW YORK, NY",Speed,36,40.628644982646,-73.952068991005,2025-06-30,2025-06-30,2026-08-24,839,high_sustained,2025
1136,"BEDFORD AVE AND AVE J, NEW YORK, NY",Red Light,7,40.626259995916,-73.951619972452,2026-06-29,2026-06-29,2026-07-20,125,high_sustained,2026
1137,"BEDFORD AVE AND AVE J, NEW YORK, NY",Speed,36,40.626259995916,-73.951619972452,2020-01-27,2020-01-27,2026-08-24,4939,high_sustained,2020
1138,"BEDFORD AVE AND AVE O, NEW YORK, NY",Speed,36,40.61402501567,-73.949302962958,2021-05-24,2021-05-24,2026-08-24,11781,high_sustained,2021
1139,"BEDFORD AVE AND AVE X, NEW YORK, NY",Speed,36,40.59327900903,-73.945373023835,2019-09-30,2019-09-30,2020-12-14,1906,high_sustained,2019
1140,"BEDFORD AVE AND AVE Y, NEW YORK, NY",Speed,36,40.591161991745,-73.944973039415,2021-02-22,2021-02-22,2026-08-17,1015,high_sustained,2021
1141,"BEDFORD AVE AND BEV ERLEY RD, NEW YORK, NY",Speed,36,40.644759987781,-73.954736028777,2022-08-29,2022-08-29,2026-08-24,4870,high_sustained,2022
1142,"BEDFORD AVE AND CLY MER ST, NEW YORK, NY",Speed,36,40.706482017742,-73.963751017099,2019-12-30,2019-12-30,2026-08-24,16284,high_sustained,2019
1143,"BEDFORD AVE AND FAR RAGUT RD, NEW YORK, NY",Red Light,7,40.635826010553,-73.953423003644,2026-05-04,2026-01-26,2026-07-20,118,high_sustained,2026
1144,"BEDFORD AVE AND GAT ES AVE, NEW YORK, NY",Speed,36,40.685779010265,-73.954393041299,2019-09-30,2019-09-30,2026-08-24,40599,high_sustained,2019
1145,"BEDFORD AVE AND LAC ONIA AVE, NEW YORK, NY",Speed,36,40.576914013632,-74.098481980198,2024-06-24,2024-06-24,2026-08-24,1045,high_sustained,2024
1146,"BEDFORD AVE AND LOR IMER ST, NEW YORK, NY",Speed,36,40.723493006417,-73.951650985494,2021-11-29,2021-11-29,2026-08-17,3753,high_sustained,2021
1147,"BEDFORD AVE AND MON TGOMERY ST, NEW YORK, NY",Speed,36,40.665711015773,-73.956852962243,2021-11-01,2021-11-01,2023-12-25,839,high_sustained,2021
1148,"BEDFORD AVE AND PUT NAM AVE, NEW YORK, NY",Red Light,7,40.683580017967,-73.95394796224,2025-09-01,2025-09-01,2026-07-20,2161,high_sustained,2025
1149,"BEDFORD AVE AND ST JOHNS PL, NEW YORK, NY",Speed,36,40.671876995206,-73.954634021015,2024-05-27,2024-05-27,2026-08-24,2047,high_sustained,2024
1150,"BEDFORD AVE AND TIL DEN AVE, NEW YORK, NY",Speed,36,40.646628020632,-73.955642028691,2020-09-28,2020-09-28,2024-11-25,3266,high_sustained,2020
1151,"BEDFORD AVE AND VOO RHIES AVE, NEW YORK, NY",Speed,36,40.586785003816,-73.944147002857,2021-05-24,2021-05-24,2026-08-24,4928,high_sustained,2021
1152,"BEDFORD AVE SULLI VAN PL - LINCOLN RD, NEW YORK, NY",Speed,36,40.693835379491,-73.95600938316,2023-07-31,2023-07-31,2025-05-19,3,low_fallback,2023
1153,"BEDFORD AVE. BERG EN ST - LINCOLN PL, NEW YORK, NY",Speed,36,40.693835379491,-73.95600938316,2024-01-01,2024-01-01,2024-01-01,2,low_fallback,2024
1154,"BEDFORD AVE. FENI MORE ST - CLARKSON A, NEW YORK, NY",Speed,36,40.693835379491,-73.95600938316,2023-04-24,2023-04-24,2023-04-24,2,low_fallback,2023
1155,"BEDFORD AVE. JEFF RSN AV- GREENE AV, NEW YORK, NY",Speed,36,40.693835379491,-73.95600938316,2016-09-12,2016-09-12,2019-08-12,952,low_fallback,2016
1156,"BEDFORD AVE. LINC OLN PL - BERGEN ST, NEW YORK, NY",Speed,36,40.693835379491,-73.95600938316,2023-05-08,2023-05-08,2024-01-01,27,low_fallback,2023
1157,"BEDFORD PARK BLVD AND BRIGGS AVE, NEW YORK, NY",Speed,36,40.870785005796,-73.886237020551,2016-06-13,2016-06-13,2019-06-24,3292,high_sustained,2016
1158,"BEDFORD PARK BLVD AND MARION AVE, NEW YORK, NY",Speed,36,40.868706000442,-73.884735989331,2016-06-13,2016-06-13,2026-08-24,28094,high_sustained,2016
1159,"BEDFRD AV. CAMPUS RD- FARRAGT RD, NEW YORK, NY",Speed,36,40.632500921045,-73.949721229157,2016-09-19,2016-09-19,2023-01-16,196,low_fallback,2016
1160,"BEDFRD AV. FARRAG T RD- CAMPUS RD, NEW YORK, NY",Speed,36,40.632500921045,-73.949721229157,2016-09-26,2016-09-26,2023-08-21,546,low_fallback,2016
1161,"BEDFRD AVE. LEXNG TN AVE- DEKALB AV, NEW YORK, NY",Speed,36,40.882411420327,-73.880295965614,2016-09-19,2016-09-19,2019-08-19,249,low_fallback,2016
1162,"BELL BLVD AND 18TH AVE, NEW YORK, NY",Speed,36,40.783565980747,-73.777320978128,2019-08-26,2019-08-26,2026-08-24,60854,high_sustained,2019
1163,"BELL BLVD AND 24TH AVE, NEW YORK, NY",Speed,36,40.779396109646,-73.775589109294,2025-01-27,2025-01-27,2026-08-03,172,low_fallback,2025
1164,"BELL BLVD AND 29TH AVE, NEW YORK, NY",Speed,36,40.775315002899,-73.775172025792,2024-12-30,2024-12-30,2026-08-24,362,high_sustained,2024
1165,"BELL BLVD AND 33RD RD, NEW YORK, NY",Speed,36,40.771040986651,-73.774250016443,2022-01-10,2021-12-27,2026-08-24,17396,high_sustained,2022
1166,"BELL BLVD AND 45TH DR, NEW YORK, NY",Speed,36,40.758954994734,-73.768623999212,2021-08-30,2021-08-30,2026-08-24,8390,high_sustained,2021
1167,"BELL BLVD AND 64TH AVE, NEW YORK, NY",Speed,36,40.745966020388,-73.760797983855,2021-09-27,2021-09-27,2026-08-24,12272,high_sustained,2021
1168,"BELL BLVD AND 67TH AVE, NEW YORK, NY",Speed,36,40.744284987796,-73.759988040552,2021-08-30,2021-08-30,2026-08-24,16731,high_sustained,2021
1169,"BELL BLVD AND 75TH AVE, NEW YORK, NY",Speed,36,40.738717015245,-73.757342041357,2019-07-29,2019-07-29,2026-08-24,9419,high_sustained,2019
1170,"BELL BLVD AND UNION TPKE, NEW YORK, NY",Speed,36,40.734346020377,-73.75526500575,2024-10-28,2024-10-28,2026-08-24,1357,high_sustained,2024
1171,"BELL BV 73 AV - K INGSBURY AV, NEW YORK, NY",Speed,36,40.737456229088,-73.748235068657,2016-11-21,2016-06-20,2019-06-24,1909,high_sustained,2016
1172,"BELL BV KINGSBURY AV - 73 AV, NEW YORK, NY",Speed,36,40.737456229088,-73.748235068657,2016-12-05,2016-06-13,2019-07-29,2835,high_sustained,2016
1173,"BELL BV. 34 RD - 39 AV, NEW YORK, NY",Speed,36,40.769553659842,-73.77416628123,2017-05-01,2017-05-01,2021-12-06,44,low_fallback,2017
1174,"BELL BV. 39 AV - 34 RD, NEW YORK, NY",Speed,36,40.783986557883,-73.777622181272,2019-04-15,2019-04-15,2021-11-15,16,low_fallback,2019
1175,"BELMONT AVE AND ESS EX ST, NEW YORK, NY",Speed,36,40.672725998178,-73.881396974382,2020-02-03,2020-01-27,2024-01-08,942,high_sustained,2020
1176,"BEMENT AVE AND DELA FIELD AVE, NEW YORK, NY",Speed,36,40.63135501958,-74.111565041408,2020-01-27,2020-01-27,2026-08-24,5207,high_sustained,2020
1177,"BEMENT AVE. CASTL ETON AVE - HENDERSON, NEW YORK, NY",Speed,36,40.632737437686,-74.091205291075,2023-11-20,2023-11-20,2024-01-08,5,low_fallback,2023
1178,"BENSON AVE AND BAY 10TH ST, NEW YORK, NY",Speed,36,40.609259987534,-74.01054701489,2021-08-30,2021-08-30,2023-12-25,838,high_sustained,2021
1179,"BENSON AVE AND BAY 26TH ST, NEW YORK, NY",Speed,36,40.602016011533,-73.998576986603,2025-03-31,2025-03-31,2026-08-24,85,low_fallback,2025
1180,"BERGEN ST AND CLASS ON AVE, NEW YORK, NY",Speed,36,40.677516004386,-73.959115992281,2022-08-29,2022-08-29,2026-08-24,3064,high_sustained,2022
1181,"BERGEN ST. ROCKWY AV- SARATGA AV, NEW YORK, NY",Speed,36,40.686859386627,-73.990777249814,2016-08-08,2016-08-08,2017-12-11,15,low_fallback,2016
1182,"BERRY ST AND N 13TH ST, NEW YORK, NY",Speed,36,40.721944994629,-73.955458967926,2020-09-14,2020-05-25,2024-04-29,767,high_sustained,2020
1183,"BEVERLEY RD AND BED FORD AVE, NEW YORK, NY",Speed,36,40.644759987781,-73.954736028777,2020-03-09,2020-02-03,2023-06-12,359,high_sustained,2020
1184,"BEVERLEY RD AND E 2 9TH ST, NEW YORK, NY",Speed,36,40.645068986642,-73.949936970114,2025-04-28,2025-04-28,2026-08-17,99,low_fallback,2025
1185,"BEVERLEY RD AND E 5 8TH ST, NEW YORK, NY",Speed,36,40.6467969998,-73.922123971359,2022-08-01,2022-08-01,2023-11-06,552,high_sustained,2022
1186,"BEVERLEY RD AND OCE AN AVE, NEW YORK, NY",Red Light,7,40.64482758783,-73.960066164825,2026-01-12,2026-01-12,2026-07-20,2345,high_sustained,2026
1187,"BEVERLEY RD AND OCE AN AVE, NEW YORK, NY",Speed,36,40.64482758783,-73.960066164825,2026-07-27,2026-07-27,2026-08-17,8,low_fallback,2026
1188,"BEVERLEY RD AND OCE AN PKWY, NEW YORK, NY",Red Light,7,40.643300991805,-73.974161005567,2026-04-27,2026-04-27,2026-07-20,941,high_sustained,2026
1189,"BEVERLEY RD AND WES TMINSTER RD, NEW YORK, NY",Speed,36,40.644001006449,-73.967790004782,2022-08-29,2022-08-29,2026-08-24,2580,high_sustained,2022
1190,"BEVERLY RD. OCEAN AV- RUGBY RD, NEW YORK, NY",Speed,36,40.777179071674,-73.750390072385,2018-11-05,2018-11-05,2020-03-09,4,low_fallback,2018
1191,"BEVERLY RD. RUGBY RD- OCEAN AV, NEW YORK, NY",Speed,36,40.777179071674,-73.750390072385,2018-12-03,2018-12-03,2022-01-24,3,low_fallback,2018
1192,"BLAKE AV. HERZL S T- OSBORN ST, NEW YORK, NY",Speed,36,40.658231382589,-73.905883700846,2020-08-10,2020-08-10,2020-08-10,2,low_fallback,2020
1193,"BLEECKER ST AND WIL SON AVE, NEW YORK, NY",Speed,36,40.697062979777,-73.919328019917,2025-04-28,2025-04-28,2026-08-24,446,high_sustained,2025
1194,"BLOOMINGDALE RD AND IDAHO AVE, NEW YORK, NY",Speed,36,40.525508011005,-74.215619999084,2020-05-25,2020-05-25,2026-08-24,5140,high_sustained,2020
1195,"BLOOMINGDALE RD AND JADE CT, NEW YORK, NY",Speed,36,40.538743413304,-74.217667278935,2024-11-25,2024-11-25,2026-08-24,3441,high_sustained,2024
1196,"BLOOMINGDALE RD AND SARCONA CT, NEW YORK, NY",Speed,36,40.52665800812,-74.215862990457,2019-12-30,2019-12-30,2026-08-24,27387,high_sustained,2019
1197,"BLOOMINGDALE RD AND SHIEL AVE, NEW YORK, NY",Speed,36,40.544344997287,-74.21900695852,2021-05-24,2021-05-24,2026-08-17,15653,high_sustained,2021
1198,"BOERUM PL AND SCHER MERHORN ST, NEW YORK, NY",Speed,36,40.690391990678,-73.989802977997,2016-06-13,2016-06-13,2026-08-24,60729,high_sustained,2016
1199,"BOERUM ST AND LORIM ER ST, NEW YORK, NY",Speed,36,40.70543298065,-73.947980969189,2025-03-31,2025-03-31,2026-08-24,192,low_fallback,2025
1200,"BOND ST AND CARROLL ST, NEW YORK, NY",Speed,36,40.678688003998,-73.990433967668,2021-12-06,2021-11-29,2022-05-23,144,high_sustained,2021
1201,"BOND ST AND PRESIDE NT ST, NEW YORK, NY",Speed,36,40.759197423764,-73.997177879205,2022-10-24,2022-09-26,2023-08-28,272,high_sustained,2022
1202,"BOOTH MEMORIAL AV E AND 135TH ST, NEW YORK, NY",Speed,36,40.747733009396,-73.829911972317,2020-02-24,2020-02-24,2026-08-24,11328,high_sustained,2020
1203,"BOOTH MEMORIAL AV E AND 159TH ST, NEW YORK, NY",Speed,36,40.742146009925,-73.809156033122,2019-08-26,2019-08-26,2025-01-27,4042,high_sustained,2019
1204,"BOOTH MEMORIAL AV E AND 162ND ST, NEW YORK, NY",Speed,36,40.74205900577,-73.806371983982,2022-08-29,2022-08-29,2026-08-24,3216,high_sustained,2022
1205,"BOOTH MEMORIAL AV E AND 174TH ST, NEW YORK, NY",Speed,36,40.741699003029,-73.795655972229,2020-08-31,2020-08-31,2026-04-27,23779,high_sustained,2020
1206,"BOOTH MEMORIAL AV E AND 175TH ST, NEW YORK, NY",Speed,36,40.741530987779,-73.794705967323,2022-01-03,2021-12-27,2026-04-27,4572,high_sustained,2022
1207,"BOOTH MEMORIAL AVE AND KISSENA BLVD, NEW YORK, NY",Red Light,7,40.74296798126,-73.814318028192,2016-05-30,2016-05-30,2023-06-19,6381,high_sustained,2016
1208,"BORDEN AVE AND G REENPOINT AVE, NEW YORK, NY",Red Light,7,40.736826015979,-73.931603987669,2016-05-23,2016-05-23,2026-07-20,69298,high_sustained,2016
1209,"BORDEN AVE AND MAUR ICE AVE, NEW YORK, NY",Red Light,7,40.727739991028,-73.906733036929,2025-09-01,2025-09-01,2026-07-20,4733,high_sustained,2025
1210,"BORINQUEN PL AND S 1ST ST, NEW YORK, NY",Speed,36,40.710738390084,-73.952862924874,2021-09-27,2021-09-27,2026-08-24,3941,high_sustained,2021
1211,"BOSTON RD AND ALLER TON AVE, NEW YORK, NY",Speed,36,40.865538018227,-73.862267962593,2021-06-28,2021-06-28,2026-08-24,12936,high_sustained,2021
1212,"BOSTON RD AND ARNOW AVE, NEW YORK, NY",Speed,36,40.867745015243,-73.859451978402,2019-12-30,2019-12-30,2026-08-24,18917,high_sustained,2019
1213,"BOSTON RD AND BAYCH ESTER AVE, NEW YORK, NY",Red Light,7,40.881267288179,-73.838738786913,2026-06-29,2026-06-29,2026-07-20,354,high_sustained,2026
1214,"BOSTON RD AND BOLLE R AVE, NEW YORK, NY",Speed,36,40.882055019439,-73.836568041628,2024-06-24,2024-06-24,2026-08-24,39545,high_sustained,2024
1215,"BOSTON RD AND CAULD WELL AVE, NEW YORK, NY",Speed,36,40.826728004416,-73.905607012057,2022-08-01,2021-10-25,2025-03-24,961,high_sustained,2022
1216,"BOSTON RD AND DE RE IMER AVE, NEW YORK, NY",Speed,36,40.881603989229,-73.837845024577,2016-06-13,2016-06-13,2026-07-20,46423,high_sustained,2016
1217,"BOSTON RD AND DYRE AVE, NEW YORK, NY",Red Light,7,40.884711998927,-73.831298003826,2026-06-29,2026-06-29,2026-07-20,1098,high_sustained,2026
1218,"BOSTON RD AND E 173 RD ST, NEW YORK, NY",Speed,36,40.836131410131,-73.889864205331,2018-12-03,2018-12-03,2026-08-24,16491,high_sustained,2018
1219,"BOSTON RD AND EASTC HESTER RD, NEW YORK, NY",Red Light,7,40.877038911393,-73.846373191963,2026-01-05,2026-01-05,2026-07-20,1472,high_sustained,2026
1220,"BOSTON RD AND ELY A VE, NEW YORK, NY",Speed,36,40.880317995735,-73.841275989004,2016-06-13,2016-06-13,2026-08-24,25938,high_sustained,2016
1221,"BOSTON RD AND FISH AVE, NEW YORK, NY",Speed,36,40.875884010864,-73.849891998735,2021-11-08,2021-11-08,2026-08-24,14489,high_sustained,2021
1222,"BOSTON RD AND LURTI NG AVE, NEW YORK, NY",Speed,36,40.870290012504,-73.856634988383,2024-09-30,2024-09-30,2026-08-24,4366,high_sustained,2024
1223,"BOSTON RD AND MATTH EWS AVE, NEW YORK, NY",Speed,36,40.865294984945,-73.862598963949,2021-06-28,2021-06-28,2026-08-24,12156,high_sustained,2021
1224,"BOSTON RD AND PE LHAM PKWY, NEW YORK, NY",Red Light,7,40.857926998687,-73.868184999501,2016-05-30,2016-05-23,2026-07-20,18892,high_sustained,2016
1225,"BOSTON RD AND PEARS ALL AVE, NEW YORK, NY",Speed,36,40.874456111749,-73.85214321029,2025-06-30,2025-06-30,2026-08-24,896,high_sustained,2025
1226,"BOSTON RD AND RADCL IFF AVE, NEW YORK, NY",Speed,36,40.866847020046,-73.860507008555,2020-07-27,2020-07-27,2026-08-24,18046,high_sustained,2020
1227,"BOSTON RD AND WARIN G AVE, NEW YORK, NY",Speed,36,40.861339020013,-73.866731996586,2020-07-27,2020-07-27,2026-08-24,21619,high_sustained,2020
1228,"BOSTON RD AND WHITE PLAINS RD, NEW YORK, NY",Speed,36,40.858837985834,-73.86759902065,2019-07-08,2019-07-08,2026-08-24,21733,high_sustained,2019
1229,"BOSTON RD E172 ST - E174 ST, NEW YORK, NY",Speed,36,40.863351679818,-73.865209756105,2017-07-17,2016-06-20,2018-10-22,866,high_sustained,2017
1230,"BOSTON RD E174 ST - E172 ST, NEW YORK, NY",Speed,36,40.863351679818,-73.865209756105,2016-07-25,2016-06-20,2018-10-22,1794,high_sustained,2016
1231,"BOSTON RD. E164 S T - E169 ST, NEW YORK, NY",Speed,36,40.863351679818,-73.865209756105,2016-07-25,2016-07-25,2018-09-10,134,low_fallback,2016
1232,"BOSTON RD. E169 S T - E164 ST, NEW YORK, NY",Speed,36,40.863351679818,-73.865209756105,2017-07-31,2016-06-13,2018-10-15,191,high_sustained,2017
1233,"BRADDOCK AVE AND 22 1ST PL, NEW YORK, NY",Speed,36,40.729442984205,-73.740515035456,2021-06-28,2021-06-28,2026-08-24,22621,high_sustained,2021
1234,"BRADDOCK AVE AND 22 2ND ST, NEW YORK, NY",Speed,36,40.728386990134,-73.735420011792,2019-12-30,2019-12-30,2026-08-24,22134,high_sustained,2019
1235,"BRADDOCK AVE AND 23 8TH ST, NEW YORK, NY",Speed,36,40.726985996928,-73.730023993985,2024-02-12,2024-02-12,2026-08-24,11443,high_sustained,2024
1236,"BRADDOCK AVE AND 92 ND AVE, NEW YORK, NY",Red Light,7,40.727494987998,-73.731542962478,2026-06-01,2026-06-01,2026-07-20,500,high_sustained,2026
1237,"BRADDOCK AVE AND PO NTIAC ST, NEW YORK, NY",Speed,36,40.728175011803,-73.734505965251,2020-06-29,2020-06-29,2026-08-24,27412,high_sustained,2020
1238,"BRADLEY AVE AND WES TWOOD AVE, NEW YORK, NY",Speed,36,40.605583894349,-74.131779090563,2020-07-27,2020-07-27,2020-07-27,4,low_fallback,2020
1239,"BRADLEY AVE AND WIL LOWBROOK RD, NEW YORK, NY",Speed,36,40.603719004711,-74.131563005099,2019-12-02,2019-12-02,2020-08-03,4500,high_sustained,2019
1240,"BRIELLE AV. GOWER ST- WELLBROOK AV, NEW YORK, NY",Speed,36,40.602153739215,-74.13036504237,2016-09-19,2016-06-13,2020-08-10,3560,high_sustained,2016
1241,"BRIELLE AV. WELLB ROOK AV- GOWER ST, NEW YORK, NY",Speed,36,40.602153739215,-74.13036504237,2016-07-11,2016-06-13,2020-09-28,2762,high_sustained,2016
1242,"BRIELLE AVE AND MEL BA ST, NEW YORK, NY",Speed,36,40.598726994637,-74.1239570147,2022-03-28,2022-03-28,2026-08-24,18739,high_sustained,2022
1243,"BRIELLE AVE AND SUF FOLK AVE, NEW YORK, NY",Speed,36,40.598329985793,-74.127152028553,2020-08-31,2020-08-31,2026-08-24,6920,high_sustained,2020
1244,"BRIGHTON 11TH ST AND OCEANVIEW AVE, NEW YORK, NY",Speed,36,40.580210993337,-73.957541032675,2022-04-11,2022-03-28,2026-08-24,1024,high_sustained,2022
1245,"BRIGHTON AVE AND WE BSTER AVE, NEW YORK, NY",Speed,36,40.635685990861,-74.089703026269,2020-06-01,2020-05-25,2026-05-25,534,high_sustained,2020
1246,"BRINKERHOFF AVE AND 167TH ST, NEW YORK, NY",Speed,36,40.694749993596,-73.785663989273,2020-09-28,2020-09-28,2021-05-03,833,high_sustained,2020
1247,"BRNXDALE AV. SACK T AV - MORRIS PK AV, NEW YORK, NY",Speed,36,40.850978845536,-73.849862895081,2017-01-09,2017-01-09,2017-02-06,8,low_fallback,2017
1248,"BRNXWD AV. BOSTON RD - ASTOR AV, NEW YORK, NY",Speed,36,40.863351679818,-73.865209756105,2016-09-19,2016-09-19,2021-10-04,76,low_fallback,2016
1249,"BRNXWOOD AV. BOST ON RD - TILDEN ST, NEW YORK, NY",Speed,36,40.876865992731,-73.862056722966,2016-06-20,2016-06-20,2020-03-02,310,low_fallback,2016
1250,"BRNXWOOD AV. E222 ST - E231 ST, NEW YORK, NY",Speed,36,40.877364100025,-73.839115400287,2016-11-21,2016-11-21,2019-09-23,139,low_fallback,2016
1251,"BRNXWOOD AV. E231 ST - E222 ST, NEW YORK, NY",Speed,36,40.877364100025,-73.839115400287,2017-01-09,2016-10-17,2019-11-18,383,high_sustained,2017
1252,"BRNXWOOD AV. TILD EN ST - BOSTON RD, NEW YORK, NY",Speed,36,40.863351679818,-73.865209756105,2020-02-10,2016-06-20,2020-02-24,528,high_sustained,2020
1253,"BROAD ST AND QUINN ST, NEW YORK, NY",Speed,36,40.624942318827,-74.078554508313,2020-11-02,2020-11-02,2025-01-27,1366,high_sustained,2020
1254,"BROADWAY AND 252ND ST, NEW YORK, NY",Speed,36,40.897881016553,-73.897001982619,2019-07-08,2019-07-08,2026-08-24,77499,high_sustained,2019
1255,"BROADWAY AND 35TH S T, NEW YORK, NY",Speed,36,40.760476016794,-73.922199995221,2025-06-30,2025-06-30,2026-08-24,113,low_fallback,2025
1256,"BROADWAY AND 37TH A VE, NEW YORK, NY",Red Light,7,40.759723992441,-73.920597962067,2026-01-12,2026-01-12,2026-07-20,4678,high_sustained,2026
1257,"BROADWAY AND 9TH AV E, NEW YORK, NY",Speed,36,40.872894018364,-73.911883967888,2024-05-27,2024-05-27,2026-08-24,24205,high_sustained,2024
1258,"BROADWAY AND ACADEM Y ST, NEW YORK, NY",Red Light,7,40.866336017319,-73.925017991068,2026-01-26,2026-01-26,2026-07-20,2917,high_sustained,2026
1259,"BROADWAY AND COLONI AL CT, NEW YORK, NY",Speed,36,40.625905986235,-74.114755026118,2025-06-23,2025-06-23,2026-08-24,1893,high_sustained,2025
1260,"BROADWAY AND E 8TH ST, NEW YORK, NY",Speed,36,40.730595914987,-73.992419137616,2022-01-03,2021-12-27,2026-08-24,4426,high_sustained,2022
1261,"BROADWAY AND FOREST AVE, NEW YORK, NY",Red Light,7,40.628937008152,-74.116193025427,2026-03-30,2026-03-30,2026-07-20,242,high_sustained,2026
1262,"BROADWAY AND GLENWO OD PL, NEW YORK, NY",Speed,36,40.624574018002,-74.114067961515,2021-12-27,2021-12-27,2026-08-24,10516,high_sustained,2021
1263,"BROADWAY AND MANHAT TAN COLLEGE PKWY, NEW YORK, NY",Speed,36,40.890476988112,-73.897670020302,2021-02-15,2021-02-15,2026-08-24,23768,high_sustained,2021
1264,"BROADWAY AND PENN S T, NEW YORK, NY",Speed,36,40.706330011928,-73.951881990746,2020-06-01,2020-05-25,2026-04-06,2842,high_sustained,2020
1265,"BROADWAY AND SHE RMAN AVE, NEW YORK, NY",Red Light,7,40.862134211167,-73.929992566784,2016-05-30,2016-05-30,2026-07-20,23473,high_sustained,2016
1266,"BROADWAY AND STEINW AY ST, NEW YORK, NY",Red Light,7,40.758967986684,-73.919001963883,2026-02-02,2026-02-02,2026-07-20,676,high_sustained,2026
1267,"BROADWAY AND TIEMAN N PL, NEW YORK, NY",Speed,36,40.815168982751,-73.958856991473,2020-08-31,2020-08-31,2026-08-24,7156,high_sustained,2020
1268,"BROADWAY AND VAN CO RTLANDT PARK SOUTH, NEW YORK, NY",Speed,36,40.886522992927,-73.899699027603,2021-03-01,2021-03-01,2026-08-24,3496,high_sustained,2021
1269,"BROADWAY AND VIETOR AVE, NEW YORK, NY",Speed,36,40.742392018783,-73.88190097822,2021-06-07,2021-05-24,2026-07-20,2846,high_sustained,2021
1270,"BROADWAY AND W 120T H ST, NEW YORK, NY",Speed,36,40.810485007619,-73.961957038362,2019-08-26,2019-08-26,2026-08-24,45525,high_sustained,2019
1271,"BROADWAY AND W 122N D ST, NEW YORK, NY",Red Light,7,40.811788016377,-73.96099202985,2026-01-12,2026-01-12,2026-07-20,1046,high_sustained,2026
1272,"BROADWAY AND W 122N D ST, NEW YORK, NY",Speed,36,40.811788016377,-73.96099202985,2026-07-27,2026-07-27,2026-08-24,267,high_sustained,2026
1273,"BROADWAY AND W 133R D ST, NEW YORK, NY",Speed,36,40.818848009603,-73.956115019487,2020-11-30,2020-11-30,2026-08-24,5921,high_sustained,2020
1274,"BROADWAY AND W 146T H ST, NEW YORK, NY",Speed,36,40.827066004661,-73.949872010364,2020-11-02,2020-10-26,2026-08-24,3912,high_sustained,2020
1275,"BROADWAY AND W 155T H ST, NEW YORK, NY",Speed,36,40.832818001897,-73.945932012957,2020-11-30,2020-11-30,2026-08-24,13783,high_sustained,2020
1276,"BROADWAY AND W 167T H ST, NEW YORK, NY",Speed,36,40.840375104845,-73.939885936649,2022-07-25,2022-07-25,2026-08-24,8800,high_sustained,2022
1277,"BROADWAY AND W 168T H ST, NEW YORK, NY",Speed,36,40.841120989454,-73.939870974952,2020-04-27,2020-04-27,2024-12-23,1891,high_sustained,2020
1278,"BROADWAY AND W 176T H ST, NEW YORK, NY",Speed,36,40.846936018601,-73.938227032282,2021-08-30,2021-08-30,2026-08-24,2410,high_sustained,2021
1279,"BROADWAY AND W 192N D ST, NEW YORK, NY",Speed,36,40.8578350073,-73.932062980687,2024-02-05,2024-01-29,2026-08-24,3612,high_sustained,2024
1280,"BROADWAY AND W 196T H ST, NEW YORK, NY",Red Light,7,40.860656020632,-73.930764037152,2026-01-26,2026-01-19,2026-07-20,489,high_sustained,2026
1281,"BROADWAY AND W 196T H ST, NEW YORK, NY",Speed,36,40.860656020632,-73.930764037152,2016-06-13,2016-06-13,2026-08-24,56846,high_sustained,2016
1282,"BROADWAY AND W 204T H ST, NEW YORK, NY",Speed,36,40.867019016699,-73.923113035934,2021-05-24,2021-05-24,2024-02-12,6592,high_sustained,2021
1283,"BROADWAY AND W 207T H ST, NEW YORK, NY",Speed,36,40.867698998595,-73.92122098893,2024-05-13,2024-05-13,2026-08-24,2057,high_sustained,2024
1284,"BROADWAY AND W 228T H ST, NEW YORK, NY",Speed,36,40.875576981751,-73.908317971001,2019-07-29,2019-07-29,2026-08-24,56839,high_sustained,2019
1285,"BROADWAY AND W 230T H ST, NEW YORK, NY",Speed,36,40.876683015785,-73.906523992264,2022-09-19,2020-07-06,2024-06-24,643,high_sustained,2022
1286,"BROADWAY AND W 251S T ST, NEW YORK, NY",Speed,36,40.895797987886,-73.896712974597,2020-06-29,2020-06-29,2026-08-24,32910,high_sustained,2020
1287,"BROADWAY AND W 68TH ST, NEW YORK, NY",Speed,36,40.775534985948,-73.982287009238,2020-08-31,2020-08-31,2026-08-24,23044,high_sustained,2020
1288,"BROADWAY AND W 80TH ST, NEW YORK, NY",Speed,36,40.784567995362,-73.979577978132,2020-07-06,2020-07-06,2026-08-24,5263,high_sustained,2020
1289,"BROADWAY AND W 92ND ST, NEW YORK, NY",Speed,36,40.792139997143,-73.973755992005,2021-05-31,2021-05-24,2026-08-24,14596,high_sustained,2021
1290,"BROADWAY AND W 97TH ST, NEW YORK, NY",Red Light,7,40.795288994347,-73.971192973652,2026-01-05,2026-01-05,2026-07-20,464,high_sustained,2026
1291,"BROADWAY AND WINEGA R LN, NEW YORK, NY",Speed,36,40.63573800057,-74.117449975627,2019-12-02,2019-11-25,2025-03-24,2622,high_sustained,2019
1292,"BROADWAY AVE AND 63 RD ST, NEW YORK, NY",Speed,36,40.523674911096,-74.170352164817,2020-02-03,2020-01-27,2026-08-24,1855,high_sustained,2020
1293,"BROADWAY AVE AND W 80TH ST, NEW YORK, NY",Speed,36,40.784567995362,-73.979577978132,2020-01-27,2020-01-27,2020-07-06,1077,high_sustained,2020
1294,"BROADWAY. 21 ST - CRESCENT ST, NEW YORK, NY",Speed,36,40.68877294226,-73.873419246577,2023-09-11,2023-09-11,2024-01-15,4,low_fallback,2023
1295,"BROADWAY. 21 ST - CRESENT ST, NEW YORK, NY",Speed,36,40.68877294226,-73.873419246577,2020-10-12,2020-10-12,2022-08-15,5,low_fallback,2020
1296,"BROADWAY. 48ST - 51ST, NEW YORK, NY",Speed,36,40.755686010586,-73.912514035549,2021-10-18,2021-10-18,2023-05-15,6,low_fallback,2021
1297,"BROADWAY. 51 ST - 48 ST, NEW YORK, NY",Speed,36,40.706807578788,-74.012555184921,2021-09-13,2021-09-13,2024-01-08,6,low_fallback,2021
1298,"BROADWAY. CRESCEN T ST - 21 ST, NEW YORK, NY",Speed,36,40.68877294226,-73.873419246577,2023-04-03,2023-04-03,2025-02-10,3,low_fallback,2023
1299,"BROADWAY. CRESENT ST - 21 ST, NEW YORK, NY",Speed,36,40.68877294226,-73.873419246577,2022-05-09,2022-05-09,2022-05-09,2,low_fallback,2022
1300,"BROADWAY. DYCKMAN ST - W207 ST, NEW YORK, NY",Speed,36,40.860425572486,-73.924001201162,2016-10-17,2016-07-25,2021-04-05,679,high_sustained,2016
1301,"BROADWAY. FOREST AV - COLONIAL CT, NEW YORK, NY",Speed,36,40.629785508211,-74.038854462113,2021-10-04,2021-10-04,2021-11-15,325,high_sustained,2021
1302,"BROADWAY. MYRTLE AV - DELFAFIELD AV, NEW YORK, NY",Speed,36,40.710150424181,-74.009668113919,2020-10-05,2020-10-05,2020-10-05,6,low_fallback,2020
1303,"BROADWAY. W165 S T - W172 ST, NEW YORK, NY",Speed,36,40.717563364701,-74.007512305947,2017-09-25,2017-09-25,2018-01-22,5,low_fallback,2017
1304,"BROADWAY. W172 ST - W165 ST, NEW YORK, NY",Speed,36,40.717834767716,-74.00747464666,2016-09-05,2016-09-05,2021-01-11,32,low_fallback,2016
1305,"BROADWAY. W207 ST - DYCKMAN ST, NEW YORK, NY",Speed,36,40.865016370483,-73.926715158823,2016-06-27,2016-06-27,2021-03-15,437,high_sustained,2016
1306,"BRONX AND PELHAM PKWY AND EASTCHESTER R, NEW YORK, NY",Red Light,7,40.857285992642,-73.843736999595,2026-06-29,2026-06-29,2026-07-20,165,high_sustained,2026
1307,"BRONX BLVD AND NERE ID AVE, NEW YORK, NY",Speed,36,40.8998230197,-73.857813986883,2019-07-08,2019-07-08,2026-08-24,10108,high_sustained,2019
1308,"BRONX BLVD AND ROSE WOOD ST, NEW YORK, NY",Speed,36,40.873248195682,-73.870378208286,2022-09-26,2022-09-26,2026-08-24,10739,high_sustained,2022
1309,"BRONX PARK E AND AL LERTON AVE, NEW YORK, NY",Red Light,7,40.865315981612,-73.870404024548,2026-05-11,2026-02-23,2026-07-20,1688,high_sustained,2026
1310,"BRONX PARK E AND BR ADY AVE, NEW YORK, NY",Speed,36,40.852426416638,-73.86874348571,2025-04-07,2025-01-27,2026-08-24,505,high_sustained,2025
1311,"BRONX PARK E AND BU RKE AVE, NEW YORK, NY",Speed,36,40.871509998511,-73.870578032858,2021-01-25,2021-01-25,2022-09-05,5352,high_sustained,2021
1312,"BRONX PARK E AND MA CE AVE, NEW YORK, NY",Speed,36,40.863273018442,-73.87044802954,2020-11-30,2020-11-30,2026-08-24,14949,high_sustained,2020
1313,"BRONX PARK EAST AND ADEE AVE, NEW YORK, NY",Speed,36,40.869668997298,-73.870520030088,2022-09-26,2022-09-26,2026-08-24,9279,high_sustained,2022
1314,"BRONX PARK EAST AND ALLERTON AVE, NEW YORK, NY",Speed,36,40.865315981612,-73.870404024548,2023-04-17,2023-04-17,2026-08-24,4990,high_sustained,2023
1315,"BRONX PARK EAST AND BOSTON RD, NEW YORK, NY",Speed,36,40.855484512102,-73.869812094546,2019-08-26,2019-08-26,2026-08-24,12277,high_sustained,2019
1316,"BRONX PARK EAST AND LYDIG AVE, NEW YORK, NY",Speed,36,40.854249019574,-73.869372966638,2020-07-27,2020-07-27,2026-08-24,7855,high_sustained,2020
1317,"BRONX PARK EAST AND MACE AVE, NEW YORK, NY",Speed,36,40.863273018442,-73.87044802954,2020-09-28,2020-09-28,2022-10-31,2739,high_sustained,2020
1318,"BRONX RIVER AVE AND BRUCKNER BLVD, NEW YORK, NY",Red Light,7,40.822823001455,-73.882675968987,2026-06-29,2026-06-29,2026-07-20,164,high_sustained,2026
1319,"BRONX RIVER AVE AND COLGATE AVE, NEW YORK, NY",Speed,36,40.829564105174,-73.882531884072,2019-09-30,2019-09-30,2026-08-24,30616,high_sustained,2019
1320,"BRONX RIVER AVE AND E 172ND ST, NEW YORK, NY",Speed,36,40.83129501009,-73.88174599683,2020-06-29,2020-06-29,2026-08-24,3824,high_sustained,2020
1321,"BRONX RIVER AVE AND E 174TH ST, NEW YORK, NY",Red Light,7,40.834416011737,-73.879345000665,2026-06-29,2026-06-29,2026-07-20,297,high_sustained,2026
1322,"BRONX RIVER AVE AND E 174TH ST, NEW YORK, NY",Speed,36,40.834416011737,-73.879345000665,2020-12-28,2020-12-28,2026-02-02,55522,high_sustained,2020
1323,"BRONX RIVER AVE AND HARROD AVE, NEW YORK, NY",Speed,36,40.836088997701,-73.875223032141,2026-02-02,2026-02-02,2026-08-24,2058,high_sustained,2026
1324,"BRONX RIVER AVE. BRUCKNER BLVD - WATS, NEW YORK, NY",Speed,36,40.830484741342,-73.88220775233,2025-05-19,2025-05-19,2025-05-19,4,low_fallback,2025
1325,"BRONX RIVER AVE. WATSON AVE - BRUCKNE, NEW YORK, NY",Speed,36,40.830484741342,-73.88220775233,2024-09-16,2023-07-10,2026-08-17,551,high_sustained,2024
1326,"BRONX RIVER PKWY OFF RAMP AND BR, NEW YORK, NY",Red Light,7,40.872532401319,-73.871474819032,2016-10-24,2016-10-03,2026-07-20,74826,high_sustained,2016
1327,"BRONXDALE AVE AND B ARNES AVE, NEW YORK, NY",Speed,36,40.849651000858,-73.86384803516,2020-07-27,2020-07-27,2025-04-21,5678,high_sustained,2020
1328,"BRONXDALE AVE AND CRUGER AVE, NEW YORK, NY",Red Light,7,40.850956985192,-73.866808020448,2016-10-10,2016-10-10,2026-07-20,19678,high_sustained,2016
1329,"BRONXDALE AVE AND V AN NEST AVE, NEW YORK, NY",Speed,36,40.845276988505,-73.858646980421,2021-10-25,2021-10-25,2026-08-24,12836,high_sustained,2021
1330,"BRONXDALE AVE AND W ALLACE AVE, NEW YORK, NY",Speed,36,40.850061001652,-73.864914967616,2019-12-30,2019-12-30,2026-08-24,5323,high_sustained,2019
1331,"BRONXWOOD AVE AND A DEE AVE, NEW YORK, NY",Speed,36,40.869605001467,-73.861433963227,2021-09-27,2021-09-27,2026-08-24,2362,high_sustained,2021
1332,"BRONXWOOD AVE AND A RNOW AVE, NEW YORK, NY",Speed,36,40.867781979436,-73.861498000967,2022-01-10,2022-01-03,2025-02-17,565,high_sustained,2022
1333,"BRONXWOOD AVE AND E 223RD ST, NEW YORK, NY",Speed,36,40.884565986173,-73.85549597156,2020-09-28,2020-09-28,2026-08-24,4256,high_sustained,2020
1334,"BRONXWOOD AVE AND E 232ND ST, NEW YORK, NY",Speed,36,40.890927012493,-73.851978002978,2019-11-25,2019-11-25,2026-08-24,5225,high_sustained,2019
1335,"BRONXWOOD AVE AND E GUN HILL RD, NEW YORK, NY",Red Light,7,40.87549999397,-73.860511031868,2026-04-27,2026-04-27,2026-07-20,419,high_sustained,2026
1336,"BRONXWOOD AVE AND E GUN HILL RD, NEW YORK, NY",Speed,36,40.87549999397,-73.860511031868,2022-08-08,2022-01-03,2024-05-20,322,high_sustained,2022
1337,"BRONXWOOD AVE AND M AGENTA ST, NEW YORK, NY",Speed,36,40.874475012941,-73.861087036254,2020-08-31,2020-08-31,2024-05-27,1321,high_sustained,2020
1338,"BRONXWOOD AVE AND W ARING AVE, NEW YORK, NY",Speed,36,40.861243592045,-73.861730012047,2021-11-29,2021-11-29,2025-05-26,1619,high_sustained,2021
1339,"BROOK AV. E145 ST - E138 ST, NEW YORK, NY",Speed,36,40.838877878116,-73.904905502447,2018-04-30,2018-04-30,2022-09-26,71,low_fallback,2018
1340,"BROOK AVE AND E 157 TH ST, NEW YORK, NY",Speed,36,40.820266981991,-73.911878016736,2021-11-29,2021-11-29,2026-08-24,3179,high_sustained,2021
1341,"BROOKLN AV. EMPIR E BV- MIDWOOD ST, NEW YORK, NY",Speed,36,40.660778119392,-73.940090937221,2019-02-11,2019-02-11,2019-04-01,13,low_fallback,2019
1342,"BROOKLYN AVE AND FE NIMORE ST, NEW YORK, NY",Speed,36,40.65901001946,-73.945259029952,2024-05-27,2024-05-27,2026-08-24,1999,high_sustained,2024
1343,"BROOKLYN AVE AND FO STER AVE, NEW YORK, NY",Speed,36,40.638960800431,-73.94249677376,2022-08-29,2022-08-29,2026-06-15,1443,high_sustained,2022
1344,"BROOKLYN AVE AND NE WKIRK AVE, NEW YORK, NY",Speed,36,40.640348005407,-73.94264303797,2021-08-30,2021-08-30,2024-01-22,836,high_sustained,2021
1345,"BROOKLYN AVE AND ST ERLING ST, NEW YORK, NY",Speed,36,40.663437005441,-73.945556000781,2019-11-25,2019-11-25,2026-08-24,15911,high_sustained,2019
1346,"BROOKLYN AVE. FEN IMORE ST - WINTHORP, NEW YORK, NY",Speed,36,40.670885919983,-73.944831398122,2022-10-17,2022-10-17,2024-04-08,176,low_fallback,2022
1347,"BROOKVILLE BLVD AND 128TH AVE, NEW YORK, NY",Speed,36,40.681708003712,-73.727123017296,2023-07-17,2023-07-17,2026-08-24,41594,high_sustained,2023
1348,"BROOKVILLE BLVD AND 135TH AVE, NEW YORK, NY",Speed,36,40.672197980188,-73.734594981063,2021-09-27,2021-09-27,2026-08-24,22070,high_sustained,2021
1349,"BROOKVILLE BLVD AND FRANCIS LEWIS BLVD, NEW YORK, NY",Speed,36,40.667603984786,-73.73736796609,2020-07-27,2020-07-27,2026-08-24,4152,high_sustained,2020
1350,"BROOKVILLE BLVD AND MERRICK BLVD, NEW YORK, NY",Red Light,7,40.673217387252,-73.733808171811,2026-01-26,2026-01-26,2026-07-20,1122,high_sustained,2026
1351,"BROOKVILLE BLVD AND N CONDUIT AVE, NEW YORK, NY",Speed,36,40.666393009325,-73.738518969034,2019-12-30,2019-12-30,2026-08-24,16757,high_sustained,2019
1352,"BROOKVILLE BV. 13 6 AV- FRNCS LWS BV, NEW YORK, NY",Speed,36,40.734259028002,-73.999159641194,2016-11-21,2016-06-20,2019-06-03,959,high_sustained,2016
1353,"BROOKVILLE BV. FR NCS LWS BV- 136 AV, NEW YORK, NY",Speed,36,40.64740098511,-73.745085042753,2018-04-16,2016-09-12,2019-12-09,448,high_sustained,2018
1354,"BRUCKNER BLVD AND B RONX RIVER AVE, NEW YORK, NY",Red Light,7,40.822823001455,-73.882675968987,2026-01-12,2026-01-12,2026-07-20,2682,high_sustained,2026
1355,"BRUCKNER BLVD AND B ROOK AVE, NEW YORK, NY",Speed,36,40.804352010975,-73.921595995278,2019-12-30,2019-12-30,2026-08-24,93163,high_sustained,2019
1356,"BRUCKNER BLVD AND B ROWN PL, NEW YORK, NY",Speed,36,40.804693992624,-73.92239998743,2020-06-29,2020-06-29,2026-08-24,26682,high_sustained,2020
1357,"BRUCKNER BLVD AND BRONX RIVER PKWY R, NEW YORK, NY",Red Light,7,40.824586009059,-73.872502014913,2016-09-26,2016-09-26,2026-07-20,66980,high_sustained,2016
1358,"BRUCKNER BLVD AND E 138TH ST, NEW YORK, NY",Red Light,7,40.804710002059,-73.91247497588,2022-03-28,2022-03-28,2026-07-20,26160,high_sustained,2022
1359,"BRUCKNER BLVD AND E 149TH ST, NEW YORK, NY",Red Light,7,40.809445986901,-73.903015998147,2026-01-19,2026-01-12,2026-07-20,1591,high_sustained,2026
1360,"BRUCKNER BLVD AND E 149TH ST, NEW YORK, NY",Speed,36,40.809445986901,-73.903015998147,2021-11-29,2021-11-29,2026-08-24,131089,high_sustained,2021
1361,"BRUCKNER BLVD AND E DISON AVE, NEW YORK, NY",Speed,36,40.833907984585,-73.827080984519,2021-09-27,2021-09-27,2026-08-24,6173,high_sustained,2021
1362,"BRUCKNER BLVD AND F TELEY AVE, NEW YORK, NY",Speed,36,40.824449006852,-73.870423973478,2019-07-01,2019-07-01,2026-08-24,159423,high_sustained,2019
1363,"BRUCKNER BLVD AND H OLLYWOOD AVE, NEW YORK, NY",Speed,36,40.835227002779,-73.825486997992,2021-11-29,2021-11-29,2023-03-13,53901,high_sustained,2021
1364,"BRUCKNER BLVD AND HUNTS POINT AVE, NEW YORK, NY",Red Light,7,40.820244979495,-73.890711029009,2016-05-30,2016-05-30,2024-01-08,10821,high_sustained,2016
1365,"BRUCKNER BLVD AND J ARVIS AVE, NEW YORK, NY",Speed,36,40.843003984002,-73.826231981547,2020-06-29,2020-06-29,2026-08-24,6484,high_sustained,2020
1366,"BRUCKNER BLVD AND L ONGWOOD AVE, NEW YORK, NY",Red Light,7,40.815843013495,-73.89540296695,2025-09-01,2025-09-01,2026-07-20,3964,high_sustained,2025
1367,"BRUCKNER BLVD AND M ORRISON AVE, NEW YORK, NY",Speed,36,40.824097008828,-73.873441039526,2016-09-05,2016-06-13,2019-06-17,5705,high_sustained,2016
1368,"BRUCKNER BLVD AND R EVERE AVE, NEW YORK, NY",Speed,36,40.832751994409,-73.829290035101,2024-07-08,2024-07-08,2026-08-24,55389,high_sustained,2024
1369,"BRUCKNER BLVD AND W ATERBURY AVE, NEW YORK, NY",Speed,36,40.838744007442,-73.82590098019,2023-04-17,2023-04-17,2026-08-24,59300,high_sustained,2023
1370,"BRUCKNER BLVD AND W HITE PLAINS RD, NEW YORK, NY",Speed,36,40.825615013403,-73.859418031694,2021-11-22,2021-11-22,2026-08-24,360152,high_sustained,2021
1371,"BRUCKNER BLVD AND WHITE PLAINS RD, NEW YORK, NY",Red Light,7,40.825615013403,-73.859418031694,2016-05-30,2016-05-30,2026-07-20,16359,high_sustained,2016
1372,"BRUCKNER BLVD. LI NCOLN AVE - WILLIS A, NEW YORK, NY",Speed,36,40.848869387177,-73.82689964945,2023-08-28,2023-08-28,2024-01-01,4,low_fallback,2023
1373,"BRUCKNER BLVD. WI LLIS AVE - LINCOLN A, NEW YORK, NY",Speed,36,40.848869387177,-73.82689964945,2023-01-02,2023-01-02,2026-01-05,117,low_fallback,2023
1374,"BRUCKNR BV. BROWN PL - CYPRESS AV, NEW YORK, NY",Speed,36,40.806473159811,-73.913995006781,2016-09-19,2016-09-19,2019-10-21,102,low_fallback,2016
1375,"BRUSH AVE AND LAFAY ETTE AVE, NEW YORK, NY",Speed,36,40.824423986871,-73.839016982279,2020-08-31,2020-08-31,2026-08-24,23013,high_sustained,2020
1376,"BRYANT AV. E165 S T- BRCKNR BV, NEW YORK, NY",Speed,36,40.813479186205,-73.885238740017,2018-10-22,2018-10-22,2018-10-22,1,low_fallback,2018
1377,"BTH MEMORIAL AV 1 85 ST - FRSH MDW LN, NEW YORK, NY",Speed,36,40.626270610503,-74.038664425507,2018-07-16,2018-07-16,2020-08-24,751,high_sustained,2018
1378,"BTH MEMORIAL AV F RSH MDW LN - 185 ST, NEW YORK, NY",Speed,36,40.713707450149,-73.776850527986,2018-07-09,2017-07-31,2020-03-02,695,high_sustained,2018
1379,"BUEL AVE AND JEFFER SON ST, NEW YORK, NY",Speed,36,40.588394999778,-74.099640023941,2020-01-27,2020-01-27,2026-08-24,2999,high_sustained,2020
1380,"BUFFALO AVE AND EAS TERN PKWY, NEW YORK, NY",Red Light,7,40.668465309156,-73.925604305195,2026-06-01,2026-06-01,2026-07-20,2332,high_sustained,2026
1381,"BUFFALO AVE AND ST MARKS AVE, NEW YORK, NY",Red Light,7,40.673858980031,-73.925088985788,2022-06-06,2022-03-28,2026-07-20,543,high_sustained,2022
1382,"BUFFALO AVE AND STE RLING PL, NEW YORK, NY",Speed,36,40.671166000269,-73.925330971333,2020-02-17,2020-01-27,2024-02-26,1164,high_sustained,2020
1383,"BUFFALO ST. DURNT AVE- S RAILRD AVE, NEW YORK, NY",Speed,36,40.545505120038,-74.124232193264,2017-05-15,2017-05-15,2024-03-25,133,low_fallback,2017
1384,"BUFFALO ST. S RAI LRD AVE- DURNT AVE, NEW YORK, NY",Speed,36,40.7130466,-74.0072301,2017-05-01,2017-05-01,2024-01-01,404,low_fallback,2017
1385,"BURGHER AVE AND BEA R ST, NEW YORK, NY",Speed,36,40.59355598902,-74.093786018944,2022-12-05,2022-12-05,2026-08-17,2355,high_sustained,2022
1386,"BURGHER AVE. HYLA N BLVD - N. RAILROAD, NEW YORK, NY",Speed,36,40.593816107649,-74.094285835846,2023-11-27,2023-11-27,2023-11-27,8,low_fallback,2023
1387,"BURGHER AVE. N RA ILROAD AVE - HYLAN B, NEW YORK, NY",Speed,36,40.597686442046,-74.08766547657,2023-04-10,2023-04-10,2023-04-24,4,low_fallback,2023
1388,"BURKE AVE AND MATTH EWS AVE, NEW YORK, NY",Speed,36,40.87135598104,-73.86239201476,2021-05-24,2021-05-24,2026-08-24,4302,high_sustained,2021
1389,"BURKE AVE. EASTCH ESTER RD - FISH AVE, NEW YORK, NY",Speed,36,40.882504420261,-73.849216265503,2023-04-24,2023-04-24,2024-02-05,4,low_fallback,2023
1390,"BUSHWICK AV. COVE RT ST- PILLING ST, NEW YORK, NY",Speed,36,40.697327009727,-73.932290507449,2019-07-01,2019-07-01,2021-07-26,22,low_fallback,2019
1391,"BUSHWICK AV. DECA TUR ST- PILLING ST, NEW YORK, NY",Speed,36,40.697327009727,-73.932290507449,2024-03-04,2024-03-04,2024-03-04,3,low_fallback,2024
1392,"BUSHWICK AV. HART ST- VAN BUREN ST, NEW YORK, NY",Speed,36,40.841387536598,-73.870314550206,2016-06-13,2016-06-13,2019-12-09,74,low_fallback,2016
1393,"BUSHWICK AV. JOHN SN AV - MAUJR ST, NEW YORK, NY",Speed,36,40.697327009727,-73.932290507449,2016-06-20,2016-06-20,2019-09-09,30,low_fallback,2016
1394,"BUSHWICK AV. MAUJ R ST - JOHNSN AV, NEW YORK, NY",Speed,36,40.697327009727,-73.932290507449,2016-07-25,2016-07-25,2019-12-09,74,low_fallback,2016
1395,"BUSHWICK AV. PILL ING ST- COVERT ST, NEW YORK, NY",Speed,36,40.697327009727,-73.932290507449,2018-04-30,2018-04-30,2021-08-02,27,low_fallback,2018
1396,"BUSHWICK AV. PILL ING ST- DECATUR ST, NEW YORK, NY",Speed,36,40.697327009727,-73.932290507449,2022-05-23,2022-05-23,2025-09-15,5,low_fallback,2022
1397,"BUSHWICK AV. VAN BUREN ST- HART ST, NEW YORK, NY",Speed,36,40.841387536598,-73.870314550206,2016-06-20,2016-06-20,2019-08-12,11,low_fallback,2016
1398,"BUSHWICK AVE AND BE AVER ST, NEW YORK, NY",Speed,36,40.699061393132,-73.935458405845,2021-11-29,2021-11-29,2023-08-14,61,low_fallback,2021
1399,"BUSHWICK AVE AND CO OPER ST, NEW YORK, NY",Red Light,7,40.684924014232,-73.910117984708,2026-01-05,2026-01-05,2026-07-20,2406,high_sustained,2026
1400,"BUSHWICK AVE AND EA STERN PKWY, NEW YORK, NY",Red Light,7,40.681507005674,-73.904112015806,2026-01-12,2026-01-12,2026-07-20,3512,high_sustained,2026
1401,"BUSHWICK AVE AND FL USHING AVE, NEW YORK, NY",Red Light,7,40.701891291282,-73.937039232784,2026-06-29,2026-06-29,2026-07-20,381,high_sustained,2026
1402,"BUSHWICK AVE AND JE FFERSON AVE, NEW YORK, NY",Speed,36,40.688362983376,-73.916151027156,2020-05-25,2020-05-25,2026-08-24,4630,high_sustained,2020
1403,"BUSHWICK AVE AND ME NAHAN ST, NEW YORK, NY",Speed,36,40.692209019648,-73.922911032067,2019-12-30,2019-12-30,2024-01-29,2892,high_sustained,2019
1404,"BUSHWICK AVE AND ST AGG ST, NEW YORK, NY",Speed,36,40.709803011599,-73.940192001844,2020-02-03,2020-01-27,2026-08-24,4993,high_sustained,2020
1405,"BUSHWICK AVE. JOH NSON AV- VARET ST, NEW YORK, NY",Speed,36,40.697327009727,-73.932290507449,2019-06-03,2019-06-03,2019-06-03,1,low_fallback,2019
1406,"BUSHWICK AVE. VAR ET ST- JOHNSON AV, NEW YORK, NY",Speed,36,40.697327009727,-73.932290507449,2018-02-05,2018-02-05,2018-10-15,19,low_fallback,2018
1407,"BUSSING AVE AND GRA CE AVE, NEW YORK, NY",Speed,36,40.894981003783,-73.84637000684,2020-01-06,2019-12-30,2024-02-12,502,high_sustained,2020
1408,"BWAY W184 ST - W1 89 ST, NEW YORK, NY",Speed,36,40.623308839287,-74.039865628737,2016-07-04,2016-07-04,2024-07-22,351,low_fallback,2016
1409,"BWAY W189 ST - W1 84 ST, NEW YORK, NY",Speed,36,40.78406747796,-73.970330201277,2016-07-11,2016-07-11,2024-05-06,107,low_fallback,2016
1410,"BWAY. CASTLETN AV - MARKHM RD, NEW YORK, NY",Speed,36,40.63899802481,-74.116517404244,2016-12-19,2016-12-19,2019-11-11,293,low_fallback,2016
1411,"BWAY. MARKHM RD- CASTLETN AV, NEW YORK, NY",Speed,36,40.645393055767,-74.08013343823,2017-10-02,2017-10-02,2019-10-07,253,low_fallback,2017
1412,"CADMAN PLAZA AND CL ARK ST, NEW YORK, NY",Speed,36,40.697035990049,-73.991423032243,2020-03-30,2020-03-30,2026-08-24,15711,high_sustained,2020
1413,"CADMAN PLAZA AND PROSPECT ST, NEW YORK, NY",Red Light,7,40.700736600301,-73.989726702678,2016-09-19,2016-09-19,2026-07-20,85374,high_sustained,2016
1414,"CANAL ST AND 6TH AV E, NEW YORK, NY",Speed,36,40.721737584435,-74.00524118636,2022-08-29,2022-08-29,2026-08-24,17827,high_sustained,2022
1415,"CANAL ST AND LAIGHT ST, NEW YORK, NY",Speed,36,40.721737584435,-74.00524118636,2021-12-27,2021-12-27,2026-08-24,5101,high_sustained,2021
1416,"CANAL ST AND WATER ST, NEW YORK, NY",Speed,36,40.626980001399,-74.077901977151,2025-06-16,2025-04-28,2026-08-24,311,high_sustained,2025
1417,"CARLTON AVE AND MYR TLE AVE, NEW YORK, NY",Speed,36,40.693251015941,-73.972858038718,2021-08-30,2021-08-30,2026-08-24,5576,high_sustained,2021
1418,"CARPENTER AVE AND E 227TH ST, NEW YORK, NY",Speed,36,40.890139993695,-73.862552025291,2022-01-03,2022-01-03,2026-08-24,2413,high_sustained,2022
1419,"CARROL ST AND NEW Y ORK AVE, NEW YORK, NY",Speed,36,40.667034979289,-73.947990021644,2022-08-01,2022-07-25,2026-08-24,1580,high_sustained,2022
1420,"CARROLL ST. ROGER S AV- NEW YORK AV, NEW YORK, NY",Speed,36,40.681551174601,-73.998289024423,2018-07-16,2018-07-16,2019-07-01,15,low_fallback,2018
1421,"CARSON ST AND 139TH AVE, NEW YORK, NY",Speed,36,40.672317003213,-73.75282897323,2023-09-04,2023-09-04,2026-08-24,3800,high_sustained,2023
1422,"CARY AVE AND BROADW AY, NEW YORK, NY",Speed,36,40.632678019177,-74.116847987341,2024-11-25,2024-11-25,2026-07-27,143,low_fallback,2024
1423,"CASTLE HILL AV LA CMBE AV - LAFAYTTE A, NEW YORK, NY",Speed,36,40.819735338957,-73.848235738147,2016-09-12,2016-09-12,2019-05-27,38,low_fallback,2016
1424,"CASTLE HILL AV LA FAYTTE AV - LACMBE, NEW YORK, NY",Speed,36,40.819735338957,-73.848235738147,2016-09-26,2016-09-05,2019-12-16,330,high_sustained,2016
1425,"CASTLE HILL AV. B RUCKNR BV - WATSON A, NEW YORK, NY",Speed,36,40.819735338957,-73.848235738147,2016-10-24,2016-07-11,2026-05-11,511,high_sustained,2016
1426,"CASTLE HILL AV. W ATSON AV - BRUCKNR B, NEW YORK, NY",Speed,36,40.827595323904,-73.866986972079,2016-06-20,2016-06-20,2025-12-22,185,low_fallback,2016
1427,"CASTLE HILL AVE AND CINCINNATUS AVE, NEW YORK, NY",Speed,36,40.820395895662,-73.848389291134,2019-12-30,2019-12-30,2025-04-28,2131,high_sustained,2019
1428,"CASTLE HILL AVE AND GLOVER ST, NEW YORK, NY",Speed,36,40.838786000776,-73.852668001248,2016-06-13,2016-06-13,2026-08-24,23019,high_sustained,2016
1429,"CASTLE HILL AVE AND HERMANY AVE, NEW YORK, NY",Speed,36,40.824740990449,-73.849365028483,2024-08-26,2024-08-26,2026-08-24,1717,high_sustained,2024
1430,"CASTLE HILL AVE AND LACOMBE AVE, NEW YORK, NY",Speed,36,40.816910909869,-73.847540120523,2025-06-02,2025-06-02,2026-08-24,549,high_sustained,2025
1431,"CASTLE HILL AVE AND LYON AVE, NEW YORK, NY",Speed,36,40.835625017451,-73.852070958285,2025-08-25,2025-06-30,2026-08-24,174,high_sustained,2025
1432,"CASTLETN AV. BRDW AY- OAKLAND AV, NEW YORK, NY",Speed,36,40.625580329875,-74.109221859439,2017-03-27,2017-03-27,2018-09-24,15,low_fallback,2017
1433,"CASTLETN AV. HART BV- HAVNWD RD, NEW YORK, NY",Speed,36,40.634060624746,-74.100605143827,2016-07-11,2016-06-20,2019-11-04,723,high_sustained,2016
1434,"CASTLETN AV. HAVN WD RD- HART BV, NEW YORK, NY",Speed,36,40.634060624746,-74.100605143827,2016-07-18,2016-06-20,2019-10-21,281,high_sustained,2016
1435,"CASTLETN AV. OAKL AND AV- BRDWAY, NEW YORK, NY",Speed,36,40.634571994019,-74.117214025053,2016-09-12,2016-09-12,2019-11-18,421,high_sustained,2016
1436,"CASTLETON AVE AND H ART BLVD, NEW YORK, NY",Speed,36,40.634301007089,-74.100467988337,2020-09-28,2020-09-28,2026-08-24,2579,high_sustained,2020
1437,"CASTLETON AVE AND R ECTOR ST, NEW YORK, NY",Speed,36,40.633673998822,-74.128448960431,2020-03-02,2020-03-02,2026-08-17,3683,high_sustained,2020
1438,"CASTLETON AVE AND S HARPE AVE, NEW YORK, NY",Speed,36,40.636096997483,-74.137320031476,2021-05-31,2021-05-24,2026-08-24,2303,high_sustained,2021
1439,"CATON AV. CONEY I SLND AV - OCEAN PWY, NEW YORK, NY",Speed,36,40.600793125256,-73.961450756731,2018-07-09,2018-07-09,2020-08-10,4,low_fallback,2018
1440,"CATON AV. E18 ST - RUGBY RD, NEW YORK, NY",Speed,36,40.649442467603,-73.967019669886,2023-04-24,2023-04-24,2023-05-01,2,low_fallback,2023
1441,"CATON AV. E18 ST - STRATFORD RD, NEW YORK, NY",Speed,36,40.648437889116,-73.969669322646,2016-09-19,2016-09-19,2019-11-18,67,low_fallback,2016
1442,"CATON AV. OCEAN P WY- CONEY ISLND AV, NEW YORK, NY",Speed,36,40.600793125256,-73.961450756731,2019-02-11,2019-02-11,2021-11-01,4,low_fallback,2019
1443,"CATON AV. STRATFO RD RD - E18 ST, NEW YORK, NY",Speed,36,40.642175854891,-73.968394715679,2016-10-24,2016-10-24,2022-04-25,61,low_fallback,2016
1444,"CATON AV. STRATFO RD RD - ST PAULS PL, NEW YORK, NY",Speed,36,40.642175854891,-73.968394715679,2024-01-22,2024-01-22,2024-02-26,4,low_fallback,2024
1445,"CATON AVE AND E 8TH ST, NEW YORK, NY",Speed,36,40.647662012208,-73.972950072015,2022-08-01,2022-06-27,2026-07-27,549,high_sustained,2022
1446,"CATON AVE AND MCDON ALD AVE, NEW YORK, NY",Red Light,7,40.647286000032,-73.980285997493,2026-01-05,2026-01-05,2026-07-20,1620,high_sustained,2026
1447,"CATON AVE. E2 ST - E5 ST, NEW YORK, NY",Speed,36,40.647860421132,-73.975055382123,2019-05-06,2019-05-06,2022-04-04,8,low_fallback,2019
1448,"CATON AVE. E5 ST - E2 ST, NEW YORK, NY",Speed,36,40.647860421132,-73.975055382123,2022-03-14,2022-03-14,2022-03-14,1,low_fallback,2022
1449,"CEBRA AVE AND VICTO RY BLVD, NEW YORK, NY",Red Light,7,40.633968999905,-74.085752970579,2026-06-01,2026-06-01,2026-07-20,38,high_sustained,2026
1450,"CEBRA AVE CATLIN AVE - ST PAULS AVE, NEW YORK, NY",Speed,36,40.853851221396,-73.829717341138,2023-01-30,2023-01-30,2023-08-07,63,high_sustained,2023
1451,"CENTERVILLE ST AND SUTTER AVE, NEW YORK, NY",Speed,36,40.676969001385,-73.835258033981,2021-08-30,2021-08-30,2026-08-24,6866,high_sustained,2021
1452,"CENTRAL AVE 71 ST - 73 RD PL, NEW YORK, NY",Speed,36,40.701125227241,-73.93014092647,2024-01-15,2024-01-15,2024-01-22,5,low_fallback,2024
1453,"CENTRAL AVE 73RD PL - 71 ST, NEW YORK, NY",Speed,36,40.701085161744,-73.930074625616,2023-11-13,2023-11-13,2024-04-22,4,low_fallback,2023
1454,"CENTRAL AVE AND 66T H ST, NEW YORK, NY",Speed,36,40.702762003384,-73.888945967839,2020-04-27,2020-04-27,2025-03-24,2702,high_sustained,2020
1455,"CENTRAL AVE AND B 9 TH ST, NEW YORK, NY",Speed,36,40.773450993362,-73.025867013738,2020-05-25,2020-05-25,2026-08-24,9245,high_sustained,2020
1456,"CENTRAL AVE AND BLE ECKER ST, NEW YORK, NY",Speed,36,40.69558499879,-73.920760990084,2022-08-01,2021-09-27,2024-01-29,416,high_sustained,2022
1457,"CENTRAL AVE AND SUY DAM ST, NEW YORK, NY",Speed,36,40.699161012051,-73.927060996148,2021-09-27,2021-09-27,2025-05-05,1811,high_sustained,2021
1458,"CENTRAL AVE AND WOO DBINE ST, NEW YORK, NY",Speed,36,40.693021016518,-73.916255968584,2022-01-03,2021-12-27,2024-02-19,792,high_sustained,2022
1459,"CENTRAL PARK W AND W 92ND ST, NEW YORK, NY",Speed,36,40.789116016025,-73.966557026825,2026-06-08,2026-06-08,2026-08-24,1099,high_sustained,2026
1460,"CENTRAL PARK W AND W 97TH ST, NEW YORK, NY",Speed,36,40.792383994345,-73.964176985419,2020-11-30,2020-11-30,2026-08-24,17363,high_sustained,2020
1461,"CENTRAL PARK WEST AND W 97TH ST, NEW YORK, NY",Speed,36,40.792383994345,-73.964176985419,2020-09-28,2020-09-28,2026-08-24,75979,high_sustained,2020
1462,"CENTRAL PK N. 5 A V - FREDERICK D BLVD, NEW YORK, NY",Speed,36,40.801015227641,-73.959139841976,2021-07-12,2021-07-12,2023-10-23,24,low_fallback,2021
1463,"CENTRAL PK N. FRE DERICK D BLVD - 5 AV, NEW YORK, NY",Speed,36,40.801015227641,-73.959139841976,2021-10-25,2021-10-25,2024-01-08,50,low_fallback,2021
1464,"CHAMBERS ST AND WES T ST, NEW YORK, NY",Speed,36,40.717508306595,-74.013579629368,2025-01-27,2025-01-27,2026-08-24,16989,high_sustained,2025
1465,"CHARLOTTE ST AND E 170TH ST, NEW YORK, NY",Speed,36,40.833655982666,-73.892163026096,2023-07-10,2021-12-27,2024-05-20,382,high_sustained,2023
1466,"CHELSEA ST. AMBOY RD - HYLAN BLVD, NEW YORK, NY",Speed,36,40.716734637421,-73.777231887468,2022-04-11,2022-04-11,2024-09-30,7,low_fallback,2022
1467,"CHESTER ST. DUMON T AV- SUTTER AV, NEW YORK, NY",Speed,36,40.879234603697,-73.846579383107,2017-05-08,2017-05-08,2019-07-01,5,low_fallback,2017
1468,"CHRYSTIE ST AND E H OUSTON ST, NEW YORK, NY",Speed,36,40.723593002522,-73.991080966774,2022-08-01,2022-07-25,2026-08-24,1970,high_sustained,2022
1469,"CHRYSTIE ST AND E HOUSTON ST, NEW YORK, NY",Red Light,7,40.723593002522,-73.991080966774,2018-07-02,2018-07-02,2026-07-20,12908,high_sustained,2018
1470,"CHURCH AV. BEDFRD AV- LLOYD ST, NEW YORK, NY",Speed,36,40.651587276139,-73.933674536502,2018-03-12,2018-03-12,2024-12-09,54,low_fallback,2018
1471,"CHURCH AV. E42 ST - E48 ST, NEW YORK, NY",Speed,36,40.651587276139,-73.933674536502,2016-06-13,2016-06-13,2025-08-18,53,low_fallback,2016
1472,"CHURCH AV. E48 ST - E42 ST, NEW YORK, NY",Speed,36,40.651587276139,-73.933674536502,2019-02-25,2019-02-25,2025-03-31,26,low_fallback,2019
1473,"CHURCH AV. LLOYD ST- BEDFRD AV, NEW YORK, NY",Speed,36,40.651587276139,-73.933674536502,2023-01-02,2023-01-02,2024-02-26,5,low_fallback,2023
1474,"CHURCH AVE AND E 4T H ST, NEW YORK, NY",Speed,36,40.644001006449,-73.976574993681,2022-10-24,2022-10-24,2026-08-24,1137,high_sustained,2022
1475,"CHURCH AVE AND E 92 ND ST, NEW YORK, NY",Speed,36,40.653741993314,-73.918474993631,2022-08-01,2022-07-25,2026-08-24,1764,high_sustained,2022
1476,"CHURCH AVE AND RUGB Y RD, NEW YORK, NY",Speed,36,40.648037018556,-73.966654005445,2020-04-27,2020-04-27,2026-08-24,4684,high_sustained,2020
1477,"CHURCH AVE AND WOOD S PL, NEW YORK, NY",Speed,36,40.651587276139,-73.933674536502,2025-03-03,2025-03-03,2026-08-24,652,high_sustained,2025
1478,"CITY ISLAND AV. F ORDHAM ST - PILOT ST, NEW YORK, NY",Speed,36,40.846998580479,-73.786397971205,2019-03-18,2019-03-18,2020-03-09,58,low_fallback,2019
1479,"CITY ISLAND AV. P ILOT ST - FORDHAM ST, NEW YORK, NY",Speed,36,40.847194369975,-73.786766988375,2023-08-07,2019-04-15,2024-05-06,103,high_sustained,2023
1480,"CITY ISLAND AVE AND CAROLL ST, NEW YORK, NY",Speed,36,40.845836019537,-73.785965989244,2020-07-27,2020-07-27,2026-08-24,4204,high_sustained,2020
1481,"CITY ISLAND AVE AND PILOT ST, NEW YORK, NY",Speed,36,40.841229996104,-73.784253985521,2025-01-20,2024-12-30,2026-08-24,3978,high_sustained,2025
1482,"CITY ISLAND. FORD HAM ST - PILOT ST, NEW YORK, NY",Speed,36,40.847194369975,-73.786766988375,2019-02-04,2019-02-04,2019-02-11,10,low_fallback,2019
1483,"CITY ISLAND. PILO T ST - FORDHAM ST, NEW YORK, NY",Speed,36,40.847194369975,-73.786766988375,2019-02-04,2019-02-04,2019-02-11,33,low_fallback,2019
1484,"CLAREMNT PKY. 3 A VE- WEBSTR AVE, NEW YORK, NY",Speed,36,40.62918393902,-73.978984539387,2016-06-13,2016-06-13,2021-06-28,275,low_fallback,2016
1485,"CLAREMNT PKY. WEB STR AV- 3 AVE, NEW YORK, NY",Speed,36,40.807410682166,-73.932850732624,2016-06-27,2016-06-27,2021-06-14,88,low_fallback,2016
1486,"CLAREMONT PKWY AND BATHGATE AVE, NEW YORK, NY",Speed,36,40.838468997198,-73.901758964128,2021-06-28,2021-06-28,2026-08-24,4366,high_sustained,2021
1487,"CLAREMONT PKWY AND CROTONA AVE, NEW YORK, NY",Red Light,7,40.836479007656,-73.897771022235,2026-01-19,2026-01-19,2026-07-20,1584,high_sustained,2026
1488,"CLAREMONT PKWY AND THIRD AVE, NEW YORK, NY",Speed,36,40.838199980016,-73.901184971398,2022-07-11,2022-01-03,2024-08-26,775,high_sustained,2022
1489,"CLAREMONT PKWY AND WEBSTER AVE, NEW YORK, NY",Red Light,7,40.839680517483,-73.905339713164,2026-04-27,2026-04-27,2026-07-20,1901,high_sustained,2026
1490,"CLARENDON RD AND E 32ND ST, NEW YORK, NY",Speed,36,40.643363017888,-73.946873971236,2021-08-30,2021-08-30,2026-08-24,2387,high_sustained,2021
1491,"CLARENDON RD AND E 46TH ST, NEW YORK, NY",Speed,36,40.644189012537,-73.93349201136,2019-09-30,2019-09-30,2026-08-24,13245,high_sustained,2019
1492,"CLARENDON RD AND E 48TH ST, NEW YORK, NY",Speed,36,40.644313986713,-73.931538022091,2020-06-29,2020-06-29,2026-08-24,10618,high_sustained,2020
1493,"CLARENDON RD AND E 57TH ST, NEW YORK, NY",Speed,36,40.64485101525,-73.922853029297,2022-06-27,2022-06-27,2026-08-24,2953,high_sustained,2022
1494,"CLARENDON RD AND E 59TH ST, NEW YORK, NY",Speed,36,40.644959099891,-73.921090734154,2020-08-31,2020-08-31,2026-08-24,4179,high_sustained,2020
1495,"CLARKE AVE AND MCKI NLEY AVE, NEW YORK, NY",Speed,36,40.568428007219,-74.141300010561,2023-11-13,2023-11-13,2026-08-24,33453,high_sustained,2023
1496,"CLARKSON AV E 91 ST - E 96 ST, NEW YORK, NY",Speed,36,40.655072764015,-73.95664469152,2016-09-26,2016-09-26,2023-09-25,64,low_fallback,2016
1497,"CLARKSON AV E 96 ST - E 91 ST, NEW YORK, NY",Speed,36,40.656608981386,-73.9272920014,2017-03-20,2017-03-20,2022-04-25,22,low_fallback,2017
1498,"CLARKSON AVE AND E 40TH ST, NEW YORK, NY",Speed,36,40.655978117444,-73.940538928816,2021-10-25,2021-10-25,2023-06-19,205,low_fallback,2021
1499,"CLARKSON AVE AND E 42ND ST, NEW YORK, NY",Speed,36,40.65614378576,-73.938585358643,2021-11-22,2021-10-25,2023-12-25,912,high_sustained,2021
1500,"CLARKSON AVE AND E 49TH ST, NEW YORK, NY",Speed,36,40.656574196488,-73.931909005126,2019-09-30,2019-09-30,2026-08-24,6580,high_sustained,2019
1501,"CLASSON AV. LINCO LN PL- ST. MARKS PL, NEW YORK, NY",Speed,36,40.727365278433,-73.984752207562,2018-04-30,2018-04-30,2022-08-15,24,low_fallback,2018
1502,"CLASSON AV. PARK PL- PACIFIC ST, NEW YORK, NY",Speed,36,40.688155808095,-73.990020672737,2018-02-12,2018-02-12,2020-08-31,7,low_fallback,2018
1503,"CLASSON AVE AND FLUSHING AVE, NEW YORK, NY",Red Light,7,40.698207486746,-73.961894174089,2016-05-30,2016-05-30,2026-07-20,70552,high_sustained,2016
1504,"CLASSON AVE AND FUL TON ST, NEW YORK, NY",Red Light,7,40.681746015643,-73.958579969573,2026-01-12,2025-09-01,2026-07-20,885,high_sustained,2026
1505,"CLASSON AVE AND QUI NCY ST, NEW YORK, NY",Speed,36,40.68595000109,-73.959422015566,2020-03-30,2020-03-30,2024-03-25,1354,high_sustained,2020
1506,"CLAWSON ST CANNON BV - STERLING AV, NEW YORK, NY",Speed,36,40.569341963073,-74.114173800104,2017-05-22,2017-05-22,2024-03-25,165,low_fallback,2017
1507,"CLAY AVE AND CLAREM ONT PKWY, NEW YORK, NY",Speed,36,40.839544688742,-73.90575218662,2021-12-27,2021-12-27,2026-08-24,7296,high_sustained,2021
1508,"CLAY AVE AND E 168T H ST, NEW YORK, NY",Speed,36,40.832577986099,-73.910513023804,2021-11-01,2021-10-25,2024-06-24,1005,high_sustained,2021
1509,"CLAY AVE AND E 170T H ST, NEW YORK, NY",Speed,36,40.837318203802,-73.907825198913,2026-02-02,2026-02-02,2026-08-24,812,high_sustained,2026
1510,"CLAY AVE AND E 171S T ST, NEW YORK, NY",Speed,36,40.838649291936,-73.906530865425,2021-12-27,2021-12-27,2026-02-02,11756,high_sustained,2021
1511,"CLEARVIEW EXPRESS WAY AND 56TH AVE, NEW YORK, NY",Speed,36,40.748137017129,-73.773951033956,2021-10-25,2021-10-25,2026-08-24,7357,high_sustained,2021
1512,"CLEARVIEW EXPWY AND 56TH AVE, NEW YORK, NY",Speed,36,40.748137017129,-73.773951033956,2021-12-27,2021-12-27,2026-08-24,27596,high_sustained,2021
1513,"CLEARVIEW EXPWY S VC RD AND 204TH ST, NEW YORK, NY",Speed,36,40.754016749823,-73.776298156486,2021-10-25,2021-10-25,2026-08-24,9499,high_sustained,2021
1514,"CLERMNT AVE. ATLA NTC AV- FULTON ST, NEW YORK, NY",Speed,36,40.709217941279,-74.005751661472,2020-07-27,2020-07-27,2022-10-03,14,low_fallback,2020
1515,"CLERMNT AVE. FULT ON ST- ATLANTC AV, NEW YORK, NY",Speed,36,40.709217941279,-74.005751661472,2016-07-11,2016-07-11,2024-02-19,21,low_fallback,2016
1516,"CLINTON AV WILLOU GHBY AV - FLUSHING A, NEW YORK, NY",Speed,36,40.709384135993,-73.917594175705,2016-09-26,2016-09-26,2017-10-23,98,low_fallback,2016
1517,"CLINTONVILLE ST AND LOCKE AVE, NEW YORK, NY",Speed,36,40.784680983417,-73.80910599316,2023-01-30,2023-01-23,2026-08-17,1467,high_sustained,2023
1518,"CLOVE RD AND BAR D AVE, NEW YORK, NY",Red Light,7,40.620771106622,-74.110044396534,2016-05-23,2016-05-23,2026-07-20,49652,high_sustained,2016
1519,"CLOVE RD AND CHE SHIRE PL, NEW YORK, NY",Red Light,7,40.618260014159,-74.105254977059,2016-05-30,2016-05-30,2026-07-20,40364,high_sustained,2016
1520,"CLOVE RD AND HOWARD AVE, NEW YORK, NY",Red Light,7,40.61242000694,-74.099355961242,2026-06-01,2026-06-01,2026-07-20,684,high_sustained,2026
1521,"CLOVE RD AND LITTLE CLOVE RD, NEW YORK, NY",Speed,36,40.611546989815,-74.098665040964,2020-03-30,2019-07-08,2026-06-15,590,high_sustained,2020
1522,"CLOVE RD AND LUDWIG ST, NEW YORK, NY",Speed,36,40.626558014483,-74.120089017842,2019-09-30,2019-09-30,2026-08-24,5517,high_sustained,2019
1523,"CLOVE RD AND NIAGAR A ST, NEW YORK, NY",Speed,36,40.615766984697,-74.103027989205,2024-06-24,2024-06-24,2026-08-24,58277,high_sustained,2024
1524,"CLOVE RD AND RHINE AVE, NEW YORK, NY",Speed,36,40.608132998742,-74.090179034551,2024-03-25,2024-03-25,2026-08-24,4969,high_sustained,2024
1525,"CLOVE RD AND VICTOR Y BLVD, NEW YORK, NY",Red Light,7,40.616430286605,-74.103494023021,2026-03-30,2026-03-30,2026-07-20,1525,high_sustained,2026
1526,"CLOVE RD. SCHOHRI E ST- HOWRD AV, NEW YORK, NY",Speed,36,40.664716133249,-73.949809114111,2016-10-17,2016-09-12,2019-06-24,1074,high_sustained,2016
1527,"CLOVE RD. VICTORY BLVD - BROADWAY, NEW YORK, NY",Speed,36,40.626387216068,-74.091696683535,2024-06-03,2023-05-01,2026-08-24,9499,high_sustained,2024
1528,"CLYMER ST AND JULIA NA PL, NEW YORK, NY",Speed,36,40.705641019487,-73.965096983111,2022-08-29,2022-08-29,2026-08-24,7293,high_sustained,2022
1529,"CO-OP CITY BLVD AND CARVER PL, NEW YORK, NY",Speed,36,40.8788900128,-73.826703966515,2024-08-05,2024-08-05,2026-08-24,4614,high_sustained,2024
1530,"CO-OP CITY BLVD AND DREISER LOOP, NEW YORK, NY",Speed,36,40.87819397956,-73.829560016203,2019-11-25,2019-11-25,2026-08-24,6293,high_sustained,2019
1531,"COHANCY ST AND ALBE RT RD, NEW YORK, NY",Red Light,7,40.667145054632,-73.834702900534,2026-06-29,2026-06-29,2026-07-20,65,high_sustained,2026
1532,"COLGATE AVE AND LAF AYETTE AVE, NEW YORK, NY",Speed,36,40.819192002909,-73.87975403754,2023-07-17,2019-12-30,2026-08-17,610,high_sustained,2023
1533,"COLLEGE AVE AND LOC KWOOD PL, NEW YORK, NY",Speed,36,40.621160990848,-74.133975987385,2020-05-25,2020-05-25,2026-08-24,6124,high_sustained,2020
1534,"COLLEGE AVE AND NEA L DOW AVE, NEW YORK, NY",Speed,36,40.621276996388,-74.134872012834,2019-12-30,2019-12-30,2026-08-24,13836,high_sustained,2019
1535,"COLLEGE POINT BLV D AND 25TH AVE, NEW YORK, NY",Speed,36,40.776669979457,-73.846288031827,2020-02-03,2020-01-27,2026-08-17,3033,high_sustained,2020
1536,"COLLEGE POINT BLV D AND 25TH RD, NEW YORK, NY",Speed,36,40.775706982601,-73.846390961598,2022-08-29,2022-08-29,2026-08-24,2790,high_sustained,2022
1537,"COLLEGE POINT BLV D AND 36TH RD, NEW YORK, NY",Speed,36,40.761037017573,-73.835243030375,2020-12-28,2020-12-28,2026-08-24,22226,high_sustained,2020
1538,"COLLEGE POINT BLV D AND 39TH AVE, NEW YORK, NY",Speed,36,40.758974985573,-73.834593013783,2020-10-26,2020-10-26,2026-08-24,12423,high_sustained,2020
1539,"COLLEGE POINT BLV D AND ROOSEVELT AVE, NEW YORK, NY",Red Light,7,40.758266002293,-73.834367037674,2025-07-28,2025-07-28,2026-07-20,2166,high_sustained,2025
1540,"COLONIAL RD AND 72N D ST, NEW YORK, NY",Speed,36,40.634791013149,-74.032315990903,2020-03-30,2020-03-30,2024-09-30,1583,high_sustained,2020
1541,"COLONIAL RD AND 81S T ST, NEW YORK, NY",Speed,36,40.628375001544,-74.034937012026,2026-02-02,2026-02-02,2026-08-24,356,high_sustained,2026
1542,"COLONIAL RD AND 82N D ST, NEW YORK, NY",Speed,36,40.627630981909,-74.035245968977,2020-08-31,2020-08-31,2023-12-25,777,high_sustained,2020
1543,"COLONIAL RD AND 87T H ST, NEW YORK, NY",Speed,36,40.623998013616,-74.036724033783,2025-03-31,2025-03-31,2026-08-24,368,high_sustained,2025
1544,"COLONIAL RD AND E 8 2ND ST, NEW YORK, NY",Speed,36,40.627630981909,-74.035245968977,2022-07-18,2022-07-18,2026-01-26,4557,high_sustained,2022
1545,"COLUMBIA ST AND E H OUSTON ST, NEW YORK, NY",Speed,36,40.719993980937,-73.978711037887,2021-11-29,2021-07-12,2024-04-22,388,high_sustained,2021
1546,"COLUMBIA ST AND LOR RAINE ST, NEW YORK, NY",Speed,36,40.674625002162,-74.00771099795,2021-08-30,2021-08-30,2023-08-14,149,low_fallback,2021
1547,"COLUMBIA ST AND W 9 TH ST, NEW YORK, NY",Speed,36,40.677194013576,-74.006468967538,2023-06-19,2022-10-03,2023-07-31,66,high_sustained,2023
1548,"COLUMBS AV. W86 S T- W81 ST, NEW YORK, NY",Speed,36,40.74209147776,-74.010392938379,2016-09-19,2016-09-19,2024-03-04,73,low_fallback,2016
1549,"COLUMBUS AV. W100 ST - W96 ST, NEW YORK, NY",Speed,36,40.774610436944,-73.980825959538,2016-09-05,2016-09-05,2019-07-15,50,low_fallback,2016
1550,"COLUMBUS AV. W80 ST - W74 ST, NEW YORK, NY",Speed,36,40.774610436944,-73.980825959538,2017-05-22,2017-05-22,2024-06-24,282,low_fallback,2017
1551,"COLUMBUS AVE AND W 100TH ST, NEW YORK, NY",Speed,36,40.795470001546,-73.965623031354,2019-09-30,2019-09-30,2026-08-24,15262,high_sustained,2019
1552,"COLUMBUS AVE AND W 62ND ST, NEW YORK, NY",Speed,36,40.771111394638,-73.983409262255,2020-12-28,2020-12-28,2026-08-24,23867,high_sustained,2020
1553,"COMMERCE AVE AND GL EASON AVE, NEW YORK, NY",Speed,36,40.833034003541,-73.842163967826,2021-10-25,2021-10-25,2026-08-24,43052,high_sustained,2021
1554,"COMMERCE AVE AND HA LSEY ST, NEW YORK, NY",Speed,36,40.837716008927,-73.841168030091,2021-06-28,2021-06-28,2026-08-24,11986,high_sustained,2021
1555,"COMMERCE AVE AND WA TERBURY AVE, NEW YORK, NY",Speed,36,40.835678996907,-73.840035970248,2024-08-26,2024-08-26,2026-08-24,1073,high_sustained,2024
1556,"COMMONWEALTH BLVD AND 246TH ST, NEW YORK, NY",Speed,36,40.732872020794,-73.721135991496,2023-06-26,2023-06-26,2026-08-24,40458,high_sustained,2023
1557,"COMMONWEALTH BLVD AND 84TH RD, NEW YORK, NY",Speed,36,40.733593996024,-73.721416030881,2021-07-26,2021-07-26,2026-08-24,5600,high_sustained,2021
1558,"COMMONWEATLH BLVD AND 88TH RD, NEW YORK, NY",Speed,36,40.728464019824,-73.719285015817,2020-01-27,2020-01-27,2026-08-24,6681,high_sustained,2020
1559,"CONCOURSE VILLAGE E AND E 156TH ST, NEW YORK, NY",Speed,36,40.82266500258,-73.920067974329,2024-12-23,2024-11-25,2026-08-24,401,high_sustained,2024
1560,"CONDUIT BLVD AND GL ENMORE AVE, NEW YORK, NY",Speed,36,40.677156001645,-73.868849013871,2019-07-08,2019-07-08,2026-08-24,204762,high_sustained,2019
1561,"CONDUIT BLVD AND LI BERTY AVE, NEW YORK, NY",Speed,36,40.677977009061,-73.872079986088,2023-06-26,2023-06-26,2026-08-24,22153,high_sustained,2023
1562,"CONDUIT BLVD AND LI NCOLN AVE, NEW YORK, NY",Speed,36,40.676720016951,-73.867528025931,2020-05-25,2020-05-25,2026-08-24,151247,high_sustained,2020
1563,"CONEY ISLAND AV. AVE I- CARY CT, NEW YORK, NY",Speed,36,40.600793125256,-73.961450756731,2017-11-06,2017-11-06,2018-09-17,23,low_fallback,2017
1564,"CONEY ISLAND AV. CARY CT- AVE I, NEW YORK, NY",Speed,36,40.600793125256,-73.961450756731,2016-12-05,2016-12-05,2019-04-29,18,low_fallback,2016
1565,"CONEY ISLAND AV. DITMAS AV- GLENWD RD, NEW YORK, NY",Speed,36,40.63949289033,-73.968871647141,2017-05-29,2016-09-26,2025-01-27,763,high_sustained,2017
1566,"CONEY ISLAND AV. GLENWD RD- DITMAS AV, NEW YORK, NY",Speed,36,40.63949289033,-73.968871647141,2016-09-05,2016-06-13,2024-11-25,516,high_sustained,2016
1567,"CONEY ISLAND AVE AND 1 CT, NEW YORK, NY",Speed,36,40.604664986303,-73.961737013404,2024-12-02,2024-11-25,2026-08-24,1010,high_sustained,2024
1568,"CONEY ISLAND AVE AND 1ST CT, NEW YORK, NY",Speed,36,40.604664986303,-73.961737013404,2025-03-31,2025-03-31,2026-01-26,1802,high_sustained,2025
1569,"CONEY ISLAND AVE AND AVE C, NEW YORK, NY",Speed,36,40.64140299365,-73.969341997974,2021-08-30,2021-08-30,2026-08-24,5774,high_sustained,2021
1570,"CONEY ISLAND AVE AND AVE H, NEW YORK, NY",Speed,36,40.629538996438,-73.966142038799,2024-11-25,2024-11-25,2026-08-24,1887,high_sustained,2024
1571,"CONEY ISLAND AVE AND AVE L, NEW YORK, NY",Speed,36,40.619979016772,-73.964329033142,2016-09-05,2016-09-05,2026-08-24,29115,high_sustained,2016
1572,"CONEY ISLAND AVE AND AVE M, NEW YORK, NY",Red Light,7,40.617583007839,-73.96385998184,2026-06-29,2026-06-29,2026-07-20,641,high_sustained,2026
1573,"CONEY ISLAND AVE AND AVE P, NEW YORK, NY",Red Light,7,40.609977017441,-73.96243598031,2016-05-30,2016-05-23,2026-07-20,24969,high_sustained,2016
1574,"CONEY ISLAND AVE AND AVE P, NEW YORK, NY",Speed,36,40.609977017441,-73.96243598031,2021-10-25,2021-10-25,2026-08-24,9062,high_sustained,2021
1575,"CONEY ISLAND AVE AND AVE S, NEW YORK, NY",Speed,36,40.6029979934,-73.961614972894,2026-02-02,2026-02-02,2026-08-24,851,high_sustained,2026
1576,"CONEY ISLAND AVE AND AVE T, NEW YORK, NY",Speed,36,40.600586980861,-73.961435013433,2020-03-30,2020-03-30,2026-08-24,5896,high_sustained,2020
1577,"CONEY ISLAND AVE AND AVE U, NEW YORK, NY",Speed,36,40.598297003004,-73.961258993466,2022-08-29,2022-08-29,2026-08-24,9144,high_sustained,2022
1578,"CONEY ISLAND AVE AND AVE V, NEW YORK, NY",Red Light,7,40.596156013476,-73.961085990985,2026-01-19,2026-01-19,2026-07-20,4613,high_sustained,2026
1579,"CONEY ISLAND AVE AND AVE Z, NEW YORK, NY",Red Light,7,40.587300993776,-73.960402027685,2026-01-12,2026-01-12,2026-07-20,1970,high_sustained,2026
1580,"CONEY ISLAND AVE AND CATON PL, NEW YORK, NY",Speed,36,40.650020009209,-73.971982968027,2016-09-05,2016-06-20,2026-08-24,24171,high_sustained,2016
1581,"CONEY ISLAND AVE AND CORTELYOU RD, NEW YORK, NY",Speed,36,40.639277594462,-73.968808908932,2021-08-30,2021-08-30,2026-08-24,3009,high_sustained,2021
1582,"CONEY ISLAND AVE AND DESMOND CT, NEW YORK, NY",Speed,36,40.590865984834,-73.960679971595,2019-08-26,2019-08-26,2026-08-24,16334,high_sustained,2019
1583,"CONEY ISLAND AVE AND DORCHESTER RD, NEW YORK, NY",Red Light,7,40.637289197481,-73.968221169882,2016-05-23,2016-05-23,2026-07-20,18257,high_sustained,2016
1584,"CONEY ISLAND AVE AND DUNNE CT, NEW YORK, NY",Speed,36,40.590176992393,-73.96062498631,2020-06-29,2020-06-29,2026-08-17,12217,high_sustained,2020
1585,"CONEY ISLAND AVE AND GRAVESEND NECK RD, NEW YORK, NY",Speed,36,40.594348791332,-73.96095741259,2019-12-30,2019-12-30,2026-08-24,16150,high_sustained,2019
1586,"CONEY ISLAND AVE AND KERMIT PL, NEW YORK, NY",Speed,36,40.648804004606,-73.971626988599,2016-06-13,2016-06-13,2025-11-17,75571,high_sustained,2016
1587,"CONEY ISLAND AVE AND LOCUST AVE, NEW YORK, NY",Speed,36,40.618068990585,-73.963956038451,2016-09-05,2016-06-13,2026-08-24,42978,high_sustained,2016
1588,"CONEY ISLAND AVE AND QUENTIN RD, NEW YORK, NY",Speed,36,40.607839003488,-73.962021998112,2021-10-25,2021-10-25,2026-08-24,3580,high_sustained,2021
1589,"CONEY ISLAND AVE AVE H - GLENWOOD RD, NEW YORK, NY",Speed,36,40.600793125256,-73.961450756731,2022-03-28,2022-03-28,2023-09-18,49,low_fallback,2022
1590,"CONEY ISLAND AVE GLENWOOD RD - AVE H, NEW YORK, NY",Speed,36,40.600793125256,-73.961450756731,2022-02-14,2022-02-14,2023-03-27,27,low_fallback,2022
1591,"CONEY ISLND AV. A VE J- AVE H, NEW YORK, NY",Speed,36,40.600793125256,-73.961450756731,2022-08-22,2022-08-22,2022-08-22,8,low_fallback,2022
1592,"CONVENT AVE AND W 1 31ST ST, NEW YORK, NY",Speed,36,40.815875996284,-73.952864014522,2022-07-25,2022-07-25,2026-08-24,2875,high_sustained,2022
1593,"COOPER AV. ST FEL IX AV - 62 ST, NEW YORK, NY",Speed,36,40.696398353022,-73.897766910138,2022-12-05,2022-12-05,2022-12-05,1,low_fallback,2022
1594,"COOPER AVE AND 67TH PL, NEW YORK, NY",Speed,36,40.700104981987,-73.884915026783,2022-08-15,2022-01-10,2026-08-24,1982,high_sustained,2022
1595,"COOPER AVE AND 69TH DR, NEW YORK, NY",Speed,36,40.70829401757,-73.872157015778,2019-08-26,2019-08-26,2026-08-24,11171,high_sustained,2019
1596,"COOPER AVE AND 79TH PL, NEW YORK, NY",Speed,36,40.708415010343,-73.871927016355,2020-06-29,2020-06-29,2026-08-24,6023,high_sustained,2020
1597,"COOPER SQ E.4TH S T- E.7TH ST, NEW YORK, NY",Speed,36,40.728077835683,-73.988339310132,2018-05-07,2018-05-07,2022-10-03,209,low_fallback,2018
1598,"COOPER SQ E.7TH S T - E.4TH ST, NEW YORK, NY",Speed,36,40.726636711796,-73.990490093027,2018-05-14,2018-05-14,2022-08-01,35,low_fallback,2018
1599,"COOPER ST AND CENTR AL AVE, NEW YORK, NY",Speed,36,40.618475994849,-74.087304502766,2020-07-27,2020-07-27,2024-02-26,1503,high_sustained,2020
1600,"CORLEAR AVE AND 236 TH ST, NEW YORK, NY",Speed,36,40.884300992305,-73.903324033089,2020-05-25,2020-04-27,2025-05-26,799,high_sustained,2020
1601,"CORNAGA AVE AND PRE SIDENT AVE, NEW YORK, NY",Speed,36,40.602622533753,-73.749601244759,2020-04-06,2020-03-30,2024-11-18,458,high_sustained,2020
1602,"CORONA AVE AND 98TH PL, NEW YORK, NY",Speed,36,40.745073012423,-73.864369976271,2020-02-03,2020-02-03,2022-05-02,114,low_fallback,2020
1603,"CORTELYOU RD AND OC EAN AVE, NEW YORK, NY",Speed,36,40.643333010675,-73.959738013316,2022-08-29,2022-08-29,2026-06-08,233,low_fallback,2022
1604,"CORTELYOU RD AND OC EAN PKWY, NEW YORK, NY",Red Light,7,40.638517984486,-73.973257017309,2026-06-29,2026-06-29,2026-07-20,34,high_sustained,2026
1605,"CORTLYOU RD. CONE Y ILND AV- OCEAN PKY, NEW YORK, NY",Speed,36,40.574900668267,-73.968947749134,2023-10-16,2023-10-16,2023-10-16,1,low_fallback,2023
1606,"CORTLYOU RD. OCEA N PKY- CONEY ILND AV, NEW YORK, NY",Speed,36,40.574900668267,-73.968947749134,2019-04-29,2019-04-29,2025-08-11,9,low_fallback,2019
1607,"COURT ST AND CARROL L ST, NEW YORK, NY",Speed,36,40.681055011545,-73.996525012886,2021-11-29,2021-09-27,2026-08-10,819,high_sustained,2021
1608,"COURT ST AND HAMILT ON AVE, NEW YORK, NY",Speed,36,40.674163117387,-73.999827315099,2020-06-01,2020-05-25,2023-12-25,873,high_sustained,2020
1609,"COURT ST AND HAMILT ON ST, NEW YORK, NY",Speed,36,40.674163117387,-73.999827315099,2019-12-02,2019-11-25,2020-05-25,260,high_sustained,2019
1610,"COURTLANDT AVE AND E 155TH ST, NEW YORK, NY",Speed,36,40.820645005824,-73.917712994813,2021-09-27,2021-09-27,2023-10-16,182,low_fallback,2021
1611,"COVERT ST. WILSON AV- BUSHWCK AV, NEW YORK, NY",Speed,36,40.688455506173,-73.910193430021,2019-06-03,2019-06-03,2019-06-03,1,low_fallback,2019
1612,"COYLE ST. AVE T - AVE U, NEW YORK, NY",Speed,36,40.601454588209,-73.937249431194,2022-03-28,2021-08-09,2022-04-18,76,high_sustained,2022
1613,"COZINE AVE AND ASHF ORD ST, NEW YORK, NY",Speed,36,40.658334018969,-73.877578011657,2026-02-02,2026-02-02,2026-08-17,69,low_fallback,2026
1614,"COZINE AVE AND CLEV ELAND ST, NEW YORK, NY",Speed,36,40.658700014771,-73.876739988977,2024-04-22,2024-04-22,2026-01-26,269,low_fallback,2024
1615,"COZINE AVE AND JERO ME ST, NEW YORK, NY",Speed,36,40.657658982397,-73.879160012062,2022-09-26,2022-09-26,2024-03-04,992,high_sustained,2022
1616,"COZINE AVE AND LINW OOD ST, NEW YORK, NY",Speed,36,40.659393994445,-73.875086993852,2024-04-22,2024-04-22,2026-08-24,1157,high_sustained,2024
1617,"COZINE AVE AND WARW ICK ST, NEW YORK, NY",Speed,36,40.657996018724,-73.878370017688,2020-10-26,2020-10-26,2024-02-26,4268,high_sustained,2020
1618,"CPL. KENNEDY ST. 32ND AVE - 34TH AVE, NEW YORK, NY",Speed,36,40.775200175423,-73.753535709987,2022-10-17,2022-10-17,2023-03-06,7,low_fallback,2022
1619,"CPL. KENNEDY ST. 34TH AVE - 32ND AVE, NEW YORK, NY",Speed,36,40.753817097635,-73.914720823017,2022-04-18,2022-04-18,2026-04-27,19,low_fallback,2022
1620,"CRAFT AVE AND 256TH ST, NEW YORK, NY",Speed,36,40.650517014158,-73.733076012569,2020-04-27,2020-04-27,2025-01-06,875,high_sustained,2020
1621,"CRESCENT ST AND 33R D AVE, NEW YORK, NY",Speed,36,40.762822991592,-73.928991013173,2020-01-27,2020-01-27,2026-08-24,8110,high_sustained,2020
1622,"CRESCENT ST AND WEL DON ST, NEW YORK, NY",Speed,36,40.680215983037,-73.871183960639,2025-04-28,2025-04-28,2026-08-24,102,low_fallback,2025
1623,"CROCHERON AVE AND 1 93RD ST, NEW YORK, NY",Speed,36,40.763835986501,-73.789349009185,2020-03-30,2020-03-30,2024-12-16,1018,high_sustained,2020
1624,"CRONSTON AVE AND B 131ST ST, NEW YORK, NY",Speed,36,40.576939464102,-73.858411455039,2024-04-01,2024-04-01,2026-08-24,1854,high_sustained,2024
1625,"CROPSEY AV. 16 AV - BAY 17 ST, NEW YORK, NY",Speed,36,40.607436585984,-74.003776596957,2021-08-30,2021-08-30,2021-09-27,61,low_fallback,2021
1626,"CROPSEY AV. BAY 1 7 ST - 16 AV, NEW YORK, NY",Speed,36,40.673821577083,-73.992258687822,2021-08-30,2021-08-30,2021-09-27,9,low_fallback,2021
1627,"CROPSEY AVE AND 21ST AVE, NEW YORK, NY",Red Light,7,40.598772005457,-74.000740020536,2016-05-30,2016-05-30,2026-07-20,16643,high_sustained,2016
1628,"CROPSEY AVE AND 25T H AVE, NEW YORK, NY",Speed,36,40.592315006346,-73.99316495936,2016-06-13,2016-06-13,2026-08-24,59390,high_sustained,2016
1629,"CROPSEY AVE AND BAY 14TH ST, NEW YORK, NY",Speed,36,40.604361980504,-74.010725968522,2025-03-31,2025-03-31,2026-08-10,365,high_sustained,2025
1630,"CROPSEY AVE AND BAY 26TH ST, NEW YORK, NY",Speed,36,40.599256982375,-74.001434964129,2025-05-05,2025-05-05,2026-01-19,71,low_fallback,2025
1631,"CROPSEY AVE AND BAY 35TH ST, NEW YORK, NY",Speed,36,40.59453600114,-73.995508958583,2016-06-13,2016-06-13,2026-08-24,52891,high_sustained,2016
1632,"CROPSEY AVE AND BAY 47TH ST, NEW YORK, NY",Speed,36,40.587209002388,-73.989061011928,2020-09-28,2020-09-28,2026-08-24,58555,high_sustained,2020
1633,"CROPSEY AVE AND BAY PKWY, NEW YORK, NY",Red Light,7,40.597274285088,-73.998653261922,2026-01-12,2026-01-12,2026-07-20,6320,high_sustained,2026
1634,"CROPSEY AVE AND HAR T PL, NEW YORK, NY",Speed,36,40.580654982748,-73.98574873525,2021-10-25,2021-10-25,2026-08-24,50605,high_sustained,2021
1635,"CROPSEY AVE AND SHO RE PKWY, NEW YORK, NY",Red Light,7,40.584290004607,-73.986974001856,2026-01-26,2026-01-26,2026-07-20,2955,high_sustained,2026
1636,"CROSBY AVE AND BAIS LEY AVE, NEW YORK, NY",Speed,36,40.83632800767,-73.827597980307,2020-03-09,2020-03-09,2022-09-19,4816,high_sustained,2020
1637,"CROSBY AVE AND PAIN E ST, NEW YORK, NY",Speed,36,40.837506000343,-73.828386968853,2022-09-26,2022-09-26,2026-08-24,2792,high_sustained,2022
1638,"CROSS BAY BLVD AND 107TH AVE, NEW YORK, NY",Speed,36,40.678782007042,-73.844353991488,2022-07-04,2022-07-04,2026-08-24,29905,high_sustained,2022
1639,"CROSS BAY BLVD AND 149TH AVE, NEW YORK, NY",Speed,36,40.670627588719,-73.842895372698,2019-07-29,2019-07-29,2026-08-24,21311,high_sustained,2019
1640,"CROSS BAY BLVD AND 157TH AVE, NEW YORK, NY",Red Light,7,40.662511014688,-73.8407950354,2026-03-02,2026-01-26,2026-07-20,622,high_sustained,2026
1641,"CROSS BAY BLVD AND 159TH AVE, NEW YORK, NY",Speed,36,40.659176986971,-73.839968998842,2021-08-30,2021-08-30,2026-08-24,256492,high_sustained,2021
1642,"CROSS BAY BLVD AND E 9TH RD, NEW YORK, NY",Speed,36,40.606458001121,-73.819444986908,2020-06-29,2020-06-29,2026-08-24,4628,high_sustained,2020
1643,"CROSS BAY BLVD AND E 9TH ST, NEW YORK, NY",Speed,36,40.606458001121,-73.819444986908,2023-09-04,2023-07-17,2024-08-26,2494,high_sustained,2023
1644,"CROSS BAY BLVD AND N CONDUIT AVE, NEW YORK, NY",Red Light,7,40.668760980791,-73.842378041634,2026-04-27,2026-04-27,2026-07-20,437,high_sustained,2026
1645,"CROSS BAY BLVD AND SHAD CREEK RD, NEW YORK, NY",Speed,36,40.608544005364,-73.819288999689,2019-07-29,2019-07-29,2026-08-24,125109,high_sustained,2019
1646,"CROSS BAY BLVD AND SUTTER AVE, NEW YORK, NY",Speed,36,40.67679801056,-73.843870020399,2020-09-28,2020-09-28,2026-08-24,127274,high_sustained,2020
1647,"CROSS BAY BLVD AND W 17TH RD, NEW YORK, NY",Red Light,7,40.600952012744,-73.82045500624,2023-06-26,2023-06-26,2026-07-20,14379,high_sustained,2023
1648,"CROSS BRONX EXPWY AND E 174TH ST, NEW YORK, NY",Speed,36,40.834829113835,-73.866838530575,2021-10-25,2021-10-25,2026-08-24,5166,high_sustained,2021
1649,"CROSS BRONX EXPWY AND LAFAYETTE AVE, NEW YORK, NY",Speed,36,40.826995009941,-73.830763992775,2021-06-28,2021-06-28,2026-08-24,16851,high_sustained,2021
1650,"CROSS BRONX EXPWY AND ROSEDALE AVE, NEW YORK, NY",Red Light,7,40.836315979639,-73.869993981845,2016-05-23,2016-05-23,2026-07-20,49747,high_sustained,2016
1651,"CROSS BRONX EXPWY AND THIRD AVE, NEW YORK, NY",Speed,36,40.843795990033,-73.897631966461,2021-11-29,2021-11-29,2026-06-08,1000,high_sustained,2021
1652,"CROSS BRONX EXPWY AND WHITE PLAINS RD, NEW YORK, NY",Red Light,7,40.833686995708,-73.862914458785,2026-01-12,2026-01-12,2026-07-20,792,high_sustained,2026
1653,"CROSS BRONX EXPWY AND WOOD AVE, NEW YORK, NY",Speed,36,40.835215980576,-73.866000004982,2021-11-22,2021-10-25,2026-08-24,8329,high_sustained,2021
1654,"CROSS BRONX EXPWY EXT. AND LAFAYETTE AV, NEW YORK, NY",Speed,36,40.826995009941,-73.830763992775,2021-09-27,2021-09-27,2026-08-24,123603,high_sustained,2021
1655,"CROSS ISLAND PKWY . 212 ST - ESTATES L, NEW YORK, NY",Speed,36,40.788439200873,-73.789105010367,2022-12-12,2022-12-12,2023-07-31,46,low_fallback,2022
1656,"CROSS ISLAND PKWY AND 165TH ST, NEW YORK, NY",Speed,36,40.786239011579,-73.797833003941,2023-07-17,2023-07-17,2026-08-24,64660,high_sustained,2023
1657,"CROSS ISLAND PKWY AND 201ST ST, NEW YORK, NY",Speed,36,40.786443991021,-73.793269979671,2022-01-03,2021-12-27,2026-08-24,5486,high_sustained,2022
1658,"CROSS ISLAND PKWY AND 233RD ST, NEW YORK, NY",Speed,36,40.694213006969,-73.727385035589,2021-10-25,2021-10-25,2026-08-24,30709,high_sustained,2021
1659,"CROSS ISLAND PKWY AND 87TH AVE, NEW YORK, NY",Speed,36,40.730399988,-73.723725999577,2023-09-04,2023-09-04,2026-08-24,16349,high_sustained,2023
1660,"CROSS ISLAND PKWY AND CLINTONVILLE ST, NEW YORK, NY",Speed,36,40.787113998452,-73.810260013589,2022-01-03,2021-12-27,2026-08-24,6230,high_sustained,2022
1661,"CROSS ISLAND PKWY ESTATES LN - 212 ST, NEW YORK, NY",Speed,36,40.788439200873,-73.789105010367,2022-07-18,2022-07-18,2025-03-31,48,low_fallback,2022
1662,"CROSSBAY BLVD AND 156TH AVE, NEW YORK, NY",Red Light,7,40.664182994824,-73.841211029254,2016-05-30,2016-05-30,2026-07-20,12331,high_sustained,2016
1663,"CROSSBAY BLVD AND LIBERTY AVE, NEW YORK, NY",Red Light,7,40.680263801795,-73.844728997836,2016-05-30,2016-05-23,2026-07-20,4141,high_sustained,2016
1664,"CROSSBAY BLVD AND PITKIN AVE, NEW YORK, NY",Red Light,7,40.67215799851,-73.843282029891,2016-05-30,2016-05-23,2026-07-20,8856,high_sustained,2016
1665,"CROSSBAY BLVD AND SUTTER AVE, NEW YORK, NY",Red Light,7,40.67679801056,-73.843870020399,2016-05-30,2016-05-30,2026-07-20,8194,high_sustained,2016
1666,"CROTONA AV. CLRMN T PKWY - CROTONA PK, NEW YORK, NY",Speed,36,40.852951,-73.883933,2022-05-02,2022-05-02,2024-05-06,62,low_fallback,2022
1667,"CROTONA AV. E. FO RDHAM RD - E187 ST, NEW YORK, NY",Speed,36,40.858092385435,-73.883577084433,2016-08-01,2016-08-01,2023-10-30,97,low_fallback,2016
1668,"CROTONA AV. E181 ST- E183 ST, NEW YORK, NY",Speed,36,40.855216128512,-73.882975414789,2021-07-12,2021-07-12,2023-10-02,15,low_fallback,2021
1669,"CROTONA AV. E183 ST - E181 ST, NEW YORK, NY",Speed,36,40.855216128512,-73.882975414789,2016-09-26,2016-09-26,2024-01-15,52,low_fallback,2016
1670,"CROTONA AV. E187 ST - E. FORDHAM RD, NEW YORK, NY",Speed,36,40.862491235308,-73.897488348199,2016-07-18,2016-07-18,2023-12-11,192,low_fallback,2016
1671,"CROTONA AVE AND CRO TONA PARK N, NEW YORK, NY",Speed,36,40.84219299296,-73.894130007315,2024-05-27,2024-05-27,2026-08-24,5785,high_sustained,2024
1672,"CROTONA AVE AND E 1 82ND ST, NEW YORK, NY",Red Light,7,40.850308980257,-73.886437012761,2026-01-12,2026-01-05,2026-07-20,935,high_sustained,2026
1673,"CROTONA AVE AND E 1 89TH ST, NEW YORK, NY",Speed,36,40.856118016344,-73.882526016739,2025-06-30,2025-06-30,2026-08-24,156,high_sustained,2025
1674,"CRYSTAL AVE AND RIE GELMANN ST, NEW YORK, NY",Speed,36,40.623606997832,-74.141417021929,2021-10-04,2021-09-27,2025-01-27,910,high_sustained,2021
1675,"CULLMAN AVE AND 251 ST ST, NEW YORK, NY",Speed,36,40.753963990488,-73.725995986595,2020-06-29,2020-06-29,2026-08-10,3830,high_sustained,2020
1676,"CULLMAN AVE AND 252 ND ST, NEW YORK, NY",Speed,36,40.754386019313,-73.725205992221,2019-12-30,2019-12-30,2026-08-24,16705,high_sustained,2019
1677,"CYPRESS AV. CENTR E ST- CORNELIA ST, NEW YORK, NY",Speed,36,40.731458061884,-74.002030646265,2019-09-16,2019-09-16,2019-09-16,1,low_fallback,2019
1678,"CYPRESS AV. CORNE LIA ST- CENTRE ST, NEW YORK, NY",Speed,36,40.806473159811,-73.913995006781,2018-09-17,2018-09-17,2020-03-16,5,low_fallback,2018
1679,"CYPRESS AVE AND COO PER AVE, NEW YORK, NY",Red Light,7,40.694107981722,-73.897360979532,2026-01-19,2026-01-19,2026-07-20,2753,high_sustained,2026
1680,"CYPRESS AVE AND NOR MAN ST, NEW YORK, NY",Speed,36,40.697169010852,-73.901212966955,2020-03-30,2020-03-30,2026-08-24,1801,high_sustained,2020
1681,"CYPRESS AVE AND VER MONT PL, NEW YORK, NY",Red Light,7,40.691439393298,-73.890632322938,2026-02-23,2026-01-19,2026-07-20,1540,high_sustained,2026
1682,"CYPRESS HILLS ST AND CYPRESS AVE, NEW YORK, NY",Red Light,7,40.6923109855,-73.882692984251,2026-01-19,2026-01-19,2026-07-20,2512,high_sustained,2026
1683,"CYPRESS HILLS ST AND JAMAICA AVE, NEW YORK, NY",Speed,36,40.688544283942,-73.875761737058,2021-09-27,2021-09-27,2026-08-24,220462,high_sustained,2021
1684,"CYPRESS HILLS ST AND SHALER AVE, NEW YORK, NY",Speed,36,40.702196015372,-73.89340497269,2020-03-02,2020-02-24,2025-05-26,1509,high_sustained,2020
1685,"DAHILL RD 65TH ST - QUENTIN RD, NEW YORK, NY",Speed,36,40.605509924053,-73.984654226333,2023-09-25,2023-09-25,2023-09-25,4,low_fallback,2023
1686,"DAHILL RD AND 37TH ST, NEW YORK, NY",Speed,36,40.638485001697,-73.979689038349,2021-08-30,2021-08-30,2026-08-24,4233,high_sustained,2021
1687,"DAHILL RD AND CLARA ST, NEW YORK, NY",Speed,36,40.6442320117,-73.980769968583,2025-02-24,2025-02-24,2026-08-24,208,low_fallback,2025
1688,"DAHILL RD AND QUENT IN RD, NEW YORK, NY",Speed,36,40.606563990287,-73.973617020051,2024-05-06,2024-04-15,2026-08-24,526,high_sustained,2024
1689,"DAHILL RD. 63RD S T - 65TH ST, NEW YORK, NY",Speed,36,40.613308381103,-73.974901736635,2023-05-22,2023-05-22,2023-06-26,10,low_fallback,2023
1690,"DAHILL RD. 65TH S T - 63 ST, NEW YORK, NY",Speed,36,40.64559527752,-73.980949551106,2023-05-22,2023-05-22,2023-09-04,25,low_fallback,2023
1691,"DAHLGREN PL AND 88T H ST, NEW YORK, NY",Speed,36,40.618534018574,-74.023627980623,2021-11-29,2021-11-29,2026-08-24,7748,high_sustained,2021
1692,"DEAN ST AND BROOKLY N AVE, NEW YORK, NY",Speed,36,40.676575010026,-73.944303995904,2025-04-28,2025-04-28,2026-08-24,712,high_sustained,2025
1693,"DEAN ST AND CLASSON AVE, NEW YORK, NY",Speed,36,40.678280014861,-73.958841987866,2022-08-29,2022-08-29,2026-08-24,2861,high_sustained,2022
1694,"DEAN ST. SARATGA AV- ROCKAWY AV, NEW YORK, NY",Speed,36,40.663320251896,-73.909111686297,2019-11-25,2019-11-25,2019-12-23,4,low_fallback,2019
1695,"DECATUR ST AND HOWA RD AVE, NEW YORK, NY",Speed,36,40.68299198555,-73.920018018186,2024-10-28,2024-10-28,2026-08-24,1242,high_sustained,2024
1696,"DECATUR ST AND MALC OLM X BLVD, NEW YORK, NY",Speed,36,40.681977984813,-73.92887098432,2026-07-27,2026-07-27,2026-08-24,34,high_sustained,2026
1697,"DECKER AVE AND HAGA MAN PL, NEW YORK, NY",Speed,36,40.626054010646,-74.139894030122,2019-12-30,2019-12-30,2026-08-24,19481,high_sustained,2019
1698,"DECKER AVE AND SMIT H PL, NEW YORK, NY",Speed,36,40.625550006808,-74.140500963731,2020-06-29,2020-06-29,2026-08-24,13941,high_sustained,2020
1699,"DEKALB AV KENT AV - WASHINGTON AV, NEW YORK, NY",Speed,36,40.846494910659,-73.898369652099,2017-09-18,2017-09-18,2020-01-13,28,low_fallback,2017
1700,"DEKALB AVE AND CYPR ESS AVE, NEW YORK, NY",Speed,36,40.706502008581,-73.916993995158,2025-03-31,2025-03-31,2026-08-17,51,low_fallback,2025
1701,"DEKALB AVE AND EVER GREEN AVE, NEW YORK, NY",Red Light,7,40.696137994852,-73.927257970873,2026-02-16,2026-01-05,2026-07-20,261,high_sustained,2026
1702,"DEKALB AVE AND GRAN D AVE, NEW YORK, NY",Speed,36,40.882411420327,-73.880295965614,2026-07-27,2026-07-27,2026-08-24,41,high_sustained,2026
1703,"DEKALB AVE AND NOST RAND AVE, NEW YORK, NY",Red Light,7,40.691326991977,-73.951761039883,2026-01-05,2026-01-05,2026-07-20,501,high_sustained,2026
1704,"DEKALB AVE AND STUY VESANT AVE, NEW YORK, NY",Speed,36,40.693358010935,-73.934131969667,2020-05-25,2020-05-25,2026-08-24,3753,high_sustained,2020
1705,"DEKALB AVE AND THRO OP AVE, NEW YORK, NY",Speed,36,40.692353984663,-73.942818974118,2021-11-29,2021-11-29,2026-08-24,3993,high_sustained,2021
1706,"DEKALB AVE AND WASH INGTON AVE, NEW YORK, NY",Speed,36,40.689679989912,-73.966141032971,2020-06-01,2020-05-25,2023-07-31,484,high_sustained,2020
1707,"DELANCEY ST AND ELR IDGE ST, NEW YORK, NY",Speed,36,40.719408002086,-73.991333010602,2020-02-24,2020-02-24,2026-08-24,25914,high_sustained,2020
1708,"DEPPE PL AND WILLOW RD W, NEW YORK, NY",Speed,36,40.617547007565,-74.152618010599,2019-09-30,2019-09-30,2026-08-24,15722,high_sustained,2019
1709,"DEWEY AVE AND SWINT ON AVE, NEW YORK, NY",Speed,36,40.821115984964,-73.822738991036,2021-06-28,2021-06-28,2025-05-26,823,high_sustained,2021
1710,"DEWITT AVE AND WILL IAMS AVE, NEW YORK, NY",Speed,36,40.656256983362,-73.89573103464,2021-10-04,2021-09-27,2024-06-24,817,high_sustained,2021
1711,"DITMARS BLVD AND 27 TH AVE, NEW YORK, NY",Speed,36,40.765749994091,-73.864079962421,2026-06-01,2026-06-01,2026-08-24,11534,high_sustained,2026
1712,"DITMARS BLVD AND 27 TH ST, NEW YORK, NY",Speed,36,40.777799985734,-73.913073024672,2022-08-29,2021-12-27,2024-09-30,650,high_sustained,2022
1713,"DITMARS BLVD AND 31 ST DR, NEW YORK, NY",Speed,36,40.761427991447,-73.860527041303,2021-05-24,2021-05-24,2026-08-24,68506,high_sustained,2021
1714,"DITMARS BLVD AND 79 TH ST, NEW YORK, NY",Speed,36,40.76887598297,-73.890632993491,2020-06-29,2020-06-29,2026-08-24,14074,high_sustained,2020
1715,"DITMARS BLVD AND 80 TH ST, NEW YORK, NY",Speed,36,40.76897899656,-73.889695980535,2019-12-30,2019-12-30,2026-08-24,19767,high_sustained,2019
1716,"DITMARS BLVD. 71 ST - 72 ST, NEW YORK, NY",Speed,36,40.768214311255,-73.88803809607,2024-05-20,2022-03-07,2026-06-15,773,high_sustained,2024
1717,"DITMARS BLVD. 72 ST - 71 ST, NEW YORK, NY",Speed,36,40.635791183745,-74.033790200033,2024-07-08,2022-04-18,2026-08-17,1137,high_sustained,2024
1718,"DITMAS AV. RUGBY RD - E 19 ST, NEW YORK, NY",Speed,36,40.635877014434,-73.966249997712,2019-09-23,2019-09-23,2019-09-23,14,low_fallback,2019
1719,"DITMAS AVE AND E 7T H ST, NEW YORK, NY",Speed,36,40.636276998853,-73.971369999448,2020-06-01,2020-05-25,2024-03-18,931,high_sustained,2020
1720,"DITMAS AVE AND E 87 TH ST, NEW YORK, NY",Speed,36,40.646671983715,-73.916931969075,2023-01-02,2023-01-02,2023-05-22,3,low_fallback,2023
1721,"DITMAS AVE AND E 94 TH ST, NEW YORK, NY",Speed,36,40.649973992561,-73.911835017573,2022-11-07,2022-11-07,2026-08-24,4484,high_sustained,2022
1722,"DITMAS AVE AND REMS EN AVE, NEW YORK, NY",Red Light,7,40.648096991073,-73.914738005919,2025-07-28,2025-07-28,2026-07-20,1655,high_sustained,2025
1723,"DIVISION AVE AND BE RRY ST, NEW YORK, NY",Speed,36,40.707246992135,-73.96592897082,2022-08-08,2022-08-01,2024-01-29,316,high_sustained,2022
1724,"DORCHESTER RD AND E 17TH ST, NEW YORK, NY",Speed,36,40.640106019862,-73.962278987263,2020-03-30,2020-03-30,2024-02-19,2205,high_sustained,2020
1725,"DOUGLASTON PKWY AND ALAMEDA AVE, NEW YORK, NY",Speed,36,40.764045995085,-73.743495975502,2023-12-18,2023-12-18,2026-08-24,8930,high_sustained,2023
1726,"DRIGGS AVE AND LORI MER ST, NEW YORK, NY",Speed,36,40.72170598466,-73.95064197199,2021-11-29,2021-11-29,2026-08-24,3179,high_sustained,2021
1727,"DRIGGS AVE AND S 5T H ST, NEW YORK, NY",Red Light,7,40.710746897715,-73.961806164105,2026-01-12,2026-01-05,2026-07-20,596,high_sustained,2026
1728,"DRUMGOOLE RD AND HU GUENOT AVE, NEW YORK, NY",Red Light,7,40.534319989632,-74.193008977078,2026-03-16,2026-01-12,2026-07-20,1170,high_sustained,2026
1729,"DRUMGOOLE RD E AND HUGUENOT AVE, NEW YORK, NY",Speed,36,40.534319989632,-74.193008977078,2022-08-01,2022-08-01,2026-08-24,12024,high_sustained,2022
1730,"DRUMGOOLE RD E AND MAGUIRE AVE, NEW YORK, NY",Red Light,7,40.529450020068,-74.210998972045,2026-06-29,2026-06-29,2026-07-20,723,high_sustained,2026
1731,"DRUMGOOLE RD W AND HUGUENOT AVE, NEW YORK, NY",Speed,36,40.535833006974,-74.193779022523,2022-08-01,2022-07-25,2026-08-24,1424,high_sustained,2022
1732,"DRUMGOOLE RD W AND LAMONT AVE, NEW YORK, NY",Speed,36,40.54086298707,-74.186577961867,2023-09-11,2023-09-11,2026-08-24,1669,high_sustained,2023
1733,"DRUMGOOLE RD W AND MAGUIRE AVE, NEW YORK, NY",Red Light,7,40.530249988907,-74.211083964543,2026-06-29,2026-06-29,2026-07-20,984,high_sustained,2026
1734,"DRY HARBOR RD. 63 AVE - JUNIPER BLVD, NEW YORK, NY",Speed,36,40.720554269254,-73.873420084768,2018-10-22,2018-10-22,2022-05-23,66,low_fallback,2018
1735,"DRY HARBOR RD. JU NIPER BLVD S - 63 AV, NEW YORK, NY",Speed,36,40.721379859185,-73.873891710931,2018-10-15,2018-10-15,2025-12-29,310,low_fallback,2018
1736,"DUMONT AVE AND WILL IAMS AVE, NEW YORK, NY",Speed,36,40.665740017158,-73.898162038018,2022-08-29,2022-08-29,2026-08-24,1556,high_sustained,2022
1737,"DUNKIRK AVE AND SUL LIVAN RD, NEW YORK, NY",Speed,36,40.694422009724,-73.767012997422,2023-11-20,2023-11-20,2026-08-24,5667,high_sustained,2023
1738,"DYCKMAN ST AND NAGL E AVE, NEW YORK, NY",Speed,36,40.861647013045,-73.924790003302,2020-08-31,2020-08-31,2026-08-24,15973,high_sustained,2020
1739,"E 102ND ST AND SEAV IEW AVE, NEW YORK, NY",Speed,36,40.636280980257,-73.885990005865,2021-08-30,2021-08-30,2024-01-29,1163,high_sustained,2021
1740,"E 105TH ST FLATLA NDS AVE - AVE L, NEW YORK, NY",Speed,36,40.640915063692,-73.904836359713,2024-01-08,2024-01-08,2024-01-08,1,low_fallback,2024
1741,"E 106 ST. 3 AV - FDR DR, NEW YORK, NY",Speed,36,40.711110924202,-73.98050697611,2022-04-18,2022-04-18,2023-06-26,6,low_fallback,2022
1742,"E 106 ST. FDR DR - 3 AV, NEW YORK, NY",Speed,36,40.711203091175,-73.979990990303,2021-11-01,2021-11-01,2022-12-19,19,low_fallback,2021
1743,"E 106TH ST AND PARK AVE, NEW YORK, NY",Red Light,7,40.792969218825,-73.948063028021,2026-06-29,2026-06-29,2026-07-20,27,low_fallback,2026
1744,"E 108TH ST AND FLAT LANDS 3RD ST, NEW YORK, NY",Speed,36,40.645068986642,-73.888266027853,2021-08-30,2021-08-30,2026-08-24,4123,high_sustained,2021
1745,"E 108TH ST AND GLEN WOOD RD, NEW YORK, NY",Speed,36,40.650411988911,-73.894209970671,2019-09-30,2019-09-30,2026-08-24,6294,high_sustained,2019
1746,"E 10TH ST AND SZOLD PL, NEW YORK, NY",Speed,36,40.725322985428,-73.97621499094,2025-02-10,2025-02-10,2026-08-17,184,low_fallback,2025
1747,"E 116TH ST AND 1ST AVE, NEW YORK, NY",Red Light,7,40.796005018426,-73.935420016728,2026-01-19,2026-01-19,2026-07-20,1160,high_sustained,2026
1748,"E 116TH ST AND LEXI NGTON AVE, NEW YORK, NY",Speed,36,40.798622980154,-73.941625977839,2022-08-01,2021-06-28,2024-04-22,838,high_sustained,2022
1749,"E 135TH ST AND 3 RD AVE, NEW YORK, NY",Red Light,7,40.809417991345,-73.929631977309,2016-05-30,2016-05-30,2026-07-20,11935,high_sustained,2016
1750,"E 135TH ST AND A LEXANDER AVE, NEW YORK, NY",Red Light,7,40.808171015609,-73.926531008411,2016-09-26,2016-09-26,2026-02-16,109678,high_sustained,2016
1751,"E 135TH ST AND ALEX ANDER AVE, NEW YORK, NY",Speed,36,40.808171015609,-73.926531008411,2016-06-13,2016-06-13,2026-08-24,75594,high_sustained,2016
1752,"E 135TH ST AND MADI SON AVE, NEW YORK, NY",Red Light,7,40.812080880074,-73.936032398574,2025-08-04,2025-07-28,2026-07-20,3211,high_sustained,2025
1753,"E 135TH ST AND WILL IS AVE, NEW YORK, NY",Red Light,7,40.80718320832,-73.924242832663,2026-01-26,2026-01-26,2026-07-20,2896,high_sustained,2026
1754,"E 138TH ST AND ST A NNS AVE, NEW YORK, NY",Speed,36,40.806820984374,-73.917478972076,2026-06-08,2026-06-08,2026-08-24,54,low_fallback,2026
1755,"E 138TH ST AND WILL IS AVE, NEW YORK, NY",Speed,36,40.809108992484,-73.922892005147,2022-01-03,2022-01-03,2023-06-12,158,low_fallback,2022
1756,"E 143RD ST AND POWE RS AVE, NEW YORK, NY",Speed,36,40.809077015523,-73.911595965694,2022-08-01,2022-07-25,2025-04-28,661,high_sustained,2022
1757,"E 149TH ST AND COUR TLANDT AVE, NEW YORK, NY",Speed,36,40.816499987066,-73.919566987976,2021-09-27,2021-09-27,2026-08-24,12439,high_sustained,2021
1758,"E 149TH ST AND GRAN D CONCOURSE, NEW YORK, NY",Speed,36,40.81855300852,-73.927411024425,2023-08-07,2020-12-28,2024-11-18,447,high_sustained,2023
1759,"E 14TH ST AND 1ST A VE, NEW YORK, NY",Speed,36,40.731353010392,-73.982565036967,2025-02-03,2025-01-27,2026-08-24,755,high_sustained,2025
1760,"E 153RD ST AND COUR TLANDT AVE, NEW YORK, NY",Speed,36,40.819355994844,-73.918286987542,2021-09-27,2021-09-27,2026-08-17,2095,high_sustained,2021
1761,"E 156 ST. BROOK A VE - JACKSON AVE, NEW YORK, NY",Speed,36,40.817977982634,-73.907250307618,2023-04-24,2023-04-24,2024-01-01,3,low_fallback,2023
1762,"E 156 ST. JACKSON AVE - BROOK AVE, NEW YORK, NY",Speed,36,40.593954380878,-74.064679189615,2023-06-19,2023-06-19,2024-02-26,9,low_fallback,2023
1763,"E 156TH ST AND COUR TLANDT AVE, NEW YORK, NY",Speed,36,40.821271008263,-73.91741803564,2020-04-06,2020-01-27,2026-08-17,1454,high_sustained,2020
1764,"E 15TH ST AND KINGS HWY, NEW YORK, NY",Speed,36,40.608748020888,-73.958301019835,2025-05-12,2025-05-12,2026-06-22,32,low_fallback,2025
1765,"E 161ST ST AND MELR OSE AVE, NEW YORK, NY",Red Light,7,40.824164189782,-73.913862264675,2026-01-12,2026-01-12,2026-07-20,884,high_sustained,2026
1766,"E 161ST ST AND MELR OSE AVE, NEW YORK, NY",Speed,36,40.824164189782,-73.913862264675,2020-02-24,2020-02-24,2026-08-24,11322,high_sustained,2020
1767,"E 163RD ST AND THIR D AVE, NEW YORK, NY",Red Light,7,40.827410416622,-73.918077082453,2026-03-30,2026-03-30,2026-07-20,2696,high_sustained,2026
1768,"E 163RD ST AND TINT ON AVE, NEW YORK, NY",Speed,36,40.822718982037,-73.903156981758,2024-06-24,2024-06-24,2026-08-24,3281,high_sustained,2024
1769,"E 163RD ST AND UNIO N AVE, NEW YORK, NY",Speed,36,40.822446989279,-73.901991981036,2019-12-30,2019-12-30,2026-08-24,11678,high_sustained,2019
1770,"E 165TH ST AND UNIO N AVE, NEW YORK, NY",Speed,36,40.824393979658,-73.901187988883,2023-07-03,2023-07-03,2026-04-13,51,low_fallback,2023
1771,"E 167TH ST AND FIND LAY AVE, NEW YORK, NY",Speed,36,40.831202012874,-73.91322297692,2020-05-04,2020-05-04,2023-10-16,196,low_fallback,2020
1772,"E 167TH ST AND SHER IDAN AVE, NEW YORK, NY",Speed,36,40.834131990948,-73.916645978539,2025-04-14,2025-04-14,2026-08-17,23,low_fallback,2025
1773,"E 168TH ST AND 84TH AVE, NEW YORK, NY",Speed,36,40.715836012138,-73.797496973443,2016-09-12,2016-09-12,2018-11-19,575,high_sustained,2016
1774,"E 169TH ST AND GRAN D CONCOURSE, NEW YORK, NY",Red Light,7,40.83559999747,-73.913781966043,2026-03-30,2026-03-30,2026-07-20,152,high_sustained,2026
1775,"E 16TH ST AND QUENT IN RD, NEW YORK, NY",Speed,36,40.608364003994,-73.957240038531,2020-05-25,2020-05-25,2026-08-24,6493,high_sustained,2020
1776,"E 170TH ST AND PARK AVE, NEW YORK, NY",Speed,36,40.83571600301,-73.905788983175,2016-07-11,2016-07-11,2019-06-24,33,low_fallback,2016
1777,"E 170TH ST AND WYTH E PL, NEW YORK, NY",Speed,36,40.839232085663,-73.915087698919,2024-08-26,2024-08-26,2026-08-24,184,low_fallback,2024
1778,"E 172ND ST AND ELDE R AVE, NEW YORK, NY",Speed,36,40.831144010104,-73.879771974813,2021-10-18,2021-09-27,2024-04-15,481,high_sustained,2021
1779,"E 172ND ST AND MANO R AVE, NEW YORK, NY",Speed,36,40.831522997856,-73.877012987564,2024-07-15,2024-07-15,2026-08-17,55,low_fallback,2024
1780,"E 174TH ST AND BRON X RIVER AVE, NEW YORK, NY",Speed,36,40.834416011737,-73.879345000665,2020-02-10,2019-10-28,2023-10-23,504,high_sustained,2020
1781,"E 174TH ST AND MORR ISON AVE, NEW YORK, NY",Speed,36,40.834010998175,-73.87566199241,2020-11-02,2020-10-26,2023-10-23,545,high_sustained,2020
1782,"E 175TH ST AND BATH GATE AVE, NEW YORK, NY",Speed,36,40.844427985532,-73.898387008299,2021-12-06,2021-11-29,2025-04-07,1032,high_sustained,2021
1783,"E 177TH ST AND BRON X PARK AVE, NEW YORK, NY",Speed,36,40.838267915341,-73.876661618183,2019-10-28,2019-10-28,2026-08-24,56914,high_sustained,2019
1784,"E 180TH AND ARTHUR AVE, NEW YORK, NY",Speed,36,40.849470999487,-73.891538993405,2020-04-27,2020-04-27,2026-06-29,913,high_sustained,2020
1785,"E 180TH ST AND BOST ON RD, NEW YORK, NY",Speed,36,40.842634006796,-73.878172037135,2021-09-27,2021-09-27,2023-10-02,208,low_fallback,2021
1786,"E 180TH ST AND MAPE S AVE, NEW YORK, NY",Speed,36,40.846550995878,-73.885604019224,2021-07-12,2021-06-28,2025-03-24,1027,high_sustained,2021
1787,"E 180TH ST AND VYSE AVE, NEW YORK, NY",Speed,36,40.843910989745,-73.880467002224,2021-09-27,2021-09-27,2025-02-24,1645,high_sustained,2021
1788,"E 182ND ST AND CROT ONA AVE, NEW YORK, NY",Red Light,7,40.850308980257,-73.886437012761,2026-03-30,2026-03-30,2026-07-20,766,high_sustained,2026
1789,"E 182ND ST AND PROS PECT AVE, NEW YORK, NY",Speed,36,40.849309019209,-73.884802960737,2021-07-19,2021-06-28,2025-04-14,476,high_sustained,2021
1790,"E 19TH ST AND CORTE LYOU RD, NEW YORK, NY",Speed,36,40.642819996291,-73.960855991561,2025-02-24,2025-02-24,2026-08-24,209,low_fallback,2025
1791,"E 20TH ST AND 20TH ST LOOP, NEW YORK, NY",Speed,36,40.733949011533,-73.97779397386,2020-03-30,2020-03-30,2026-08-24,2593,high_sustained,2020
1792,"E 213TH ST AND PAUL DING AVE, NEW YORK, NY",Speed,36,40.876927012986,-73.856783012793,2020-02-24,2020-02-24,2021-08-30,1107,high_sustained,2020
1793,"E 222ND ST AND BARN ES AVE, NEW YORK, NY",Speed,36,40.88478098199,-73.858774972082,2019-08-26,2019-08-26,2026-08-17,9820,high_sustained,2019
1794,"E 222ND ST AND BRUN ER AVE, NEW YORK, NY",Speed,36,40.878128013982,-73.840919003748,2021-06-28,2021-06-28,2026-08-24,39911,high_sustained,2021
1795,"E 222ND ST. KINGS LAND AVE - LACONIA A, NEW YORK, NY",Speed,36,40.724384757096,-73.941199255149,2024-01-22,2024-01-22,2024-07-01,7,low_fallback,2024
1796,"E 223RD ST AND BUSS ING AVE, NEW YORK, NY",Speed,36,40.894338561629,-73.848434916146,2025-06-02,2025-05-26,2025-09-22,880,high_sustained,2025
1797,"E 225TH ST AND BRON XWOOD AVE, NEW YORK, NY",Speed,36,40.885975989926,-73.85471603547,2022-06-27,2022-06-27,2026-08-24,4307,high_sustained,2022
1798,"E 225TH ST AND LACO NIA AVE, NEW YORK, NY",Speed,36,40.884254011737,-73.849271989357,2023-09-11,2023-09-04,2026-08-24,3870,high_sustained,2023
1799,"E 226TH ST AND PAUL DING AVE, NEW YORK, NY",Speed,36,40.885779015201,-73.851503000526,2024-04-29,2024-04-29,2026-08-24,919,high_sustained,2024
1800,"E 229TH ST AND BARN ES AVE, NEW YORK, NY",Speed,36,40.889712013719,-73.856045992047,2025-01-27,2025-01-27,2026-08-24,721,high_sustained,2025
1801,"E 229TH ST AND SCHI EFFELIN PL, NEW YORK, NY",Speed,36,40.883987006212,-73.842172014454,2021-06-28,2021-06-28,2026-08-24,3491,high_sustained,2021
1802,"E 22ND ST AND 1ST A VE, NEW YORK, NY",Speed,36,40.736230020754,-73.979010020373,2022-09-05,2019-07-29,2024-12-02,1030,high_sustained,2022
1803,"E 230TH ST AND WHIT E PLAINS RD, NEW YORK, NY",Speed,36,40.891340994691,-73.858529969053,2025-06-30,2025-06-30,2026-08-24,1436,high_sustained,2025
1804,"E 233. WHITE PLNS RD - CARPENTER AV, NEW YORK, NY",Speed,36,40.810173488384,-73.855580207435,2021-06-21,2021-06-21,2021-06-21,5,low_fallback,2021
1805,"E 233RD ST AND BUSS ING AVE, NEW YORK, NY",Speed,36,40.892129019318,-73.853390018387,2025-09-22,2025-09-22,2026-08-24,1810,high_sustained,2025
1806,"E 233RD ST AND CARP ENTER AVE, NEW YORK, NY",Red Light,7,40.894363006062,-73.860228980826,2026-01-19,2026-01-19,2026-07-20,2755,high_sustained,2026
1807,"E 233RD ST AND DYRE AVE, NEW YORK, NY",Speed,36,40.889193006274,-73.831301021311,2019-12-30,2019-12-30,2025-08-18,4837,high_sustained,2019
1808,"E 233RD ST AND EDEN WALD AVE, NEW YORK, NY",Speed,36,40.891266018567,-73.850686016423,2021-05-24,2021-05-24,2026-08-24,30566,high_sustained,2021
1809,"E 233RD ST AND KATO NAH AVE, NEW YORK, NY",Speed,36,40.896077985361,-73.866918996846,2019-07-08,2019-07-08,2026-08-24,169535,high_sustained,2019
1810,"E 233RD ST AND MONT ICELLO AVE, NEW YORK, NY",Speed,36,40.88873799466,-73.837316964677,2020-06-29,2020-06-29,2026-08-24,18359,high_sustained,2020
1811,"E 233RD ST AND MURD OCK AVE, NEW YORK, NY",Speed,36,40.888694995497,-73.839199037216,2019-12-30,2019-12-30,2026-08-24,32230,high_sustained,2019
1812,"E 233RD ST AND VIRE O AVE, NEW YORK, NY",Speed,36,40.895755994551,-73.864948998142,2026-02-02,2026-02-02,2026-08-24,5606,high_sustained,2026
1813,"E 23RD ST AND 1ST A VE, NEW YORK, NY",Red Light,7,40.73690300376,-73.978549015698,2025-09-01,2025-09-01,2026-07-20,1038,high_sustained,2025
1814,"E 23RD ST AND 2ND A VE, NEW YORK, NY",Speed,36,40.737882010051,-73.980891003265,2020-09-07,2020-08-31,2026-08-24,5444,high_sustained,2020
1815,"E 241ST ST AND MATI LDA AVE, NEW YORK, NY",Speed,36,40.904223099772,-73.852175312979,2020-08-31,2020-08-31,2026-08-24,8420,high_sustained,2020
1816,"E 241ST ST AND SETO N AVE, NEW YORK, NY",Speed,36,40.902649984184,-73.841791978964,2022-01-03,2021-12-27,2026-08-24,2933,high_sustained,2022
1817,"E 27TH ST AND KINGS HWY, NEW YORK, NY",Speed,36,40.614365991491,-73.947446958137,2024-03-25,2024-03-25,2026-08-24,3002,high_sustained,2024
1818,"E 29TH ST AND 2ND A VE, NEW YORK, NY",Speed,36,40.741635007198,-73.978159005744,2020-05-04,2019-12-30,2025-01-06,456,high_sustained,2020
1819,"E 30TH ST AND 2ND A VE, NEW YORK, NY",Speed,36,40.742276013243,-73.977713004676,2024-12-30,2024-12-30,2026-08-24,5438,high_sustained,2024
1820,"E 36TH ST AND FILLM ORE AVE, NEW YORK, NY",Speed,36,40.611382997879,-73.933170984468,2019-12-30,2019-12-30,2023-12-25,2053,high_sustained,2019
1821,"E 52ND ST AND RUTLA ND RD, NEW YORK, NY",Speed,36,40.660714018466,-73.929407007028,2019-09-09,2019-09-09,2023-08-14,250,low_fallback,2019
1822,"E 53RD ST AND CLARE NDON RD, NEW YORK, NY",Speed,36,40.644613011109,-73.926696970093,2024-01-29,2024-01-29,2026-08-24,1367,high_sustained,2024
1823,"E 53RD ST AND LENOX RD, NEW YORK, NY",Speed,36,40.655521010354,-73.927863982473,2020-04-27,2020-04-27,2024-09-23,2210,high_sustained,2020
1824,"E 53RD ST AND SNYDE R AVE, NEW YORK, NY",Speed,36,40.650288984482,-73.92730499335,2024-09-30,2024-09-30,2026-08-10,645,high_sustained,2024
1825,"E 54TH ST GLENWOO D RD - FLATLANDS AVE, NEW YORK, NY",Speed,36,40.635221430745,-73.928122293944,2023-12-04,2023-12-04,2023-12-04,1,low_fallback,2023
1826,"E 56TH ST AND CHURC H AVE, NEW YORK, NY",Speed,36,40.652500004811,-73.924651031347,2020-04-27,2020-04-27,2024-03-25,2113,high_sustained,2020
1827,"E 60 ST. 2 AV - 3 AV, NEW YORK, NY",Speed,36,40.760731029507,-73.962691982435,2020-03-02,2020-03-02,2020-03-02,7,low_fallback,2020
1828,"E 62ND ST AND 1ST A VE, NEW YORK, NY",Red Light,7,40.761485994217,-73.960608976875,2026-01-19,2026-01-19,2026-07-20,2751,high_sustained,2026
1829,"E 63 ST. 1 AV - 3 AV, NEW YORK, NY",Speed,36,40.765355168265,-73.967840903489,2020-03-02,2020-03-02,2020-03-02,5,low_fallback,2020
1830,"E 66TH ST AND 3RD A VE, NEW YORK, NY",Speed,36,40.765899988248,-73.963408029621,2022-04-11,2021-12-27,2026-08-24,2988,high_sustained,2022
1831,"E 66TH ST AND STRIC KLAND AVE, NEW YORK, NY",Speed,36,40.615716986645,-73.909140990073,2020-11-30,2020-11-30,2026-08-24,11766,high_sustained,2020
1832,"E 66TH ST. VETERA NS AV - AVENUE M, NEW YORK, NY",Speed,36,40.551833184692,-74.216576578299,2023-03-06,2023-03-06,2023-03-06,4,low_fallback,2023
1833,"E 69 ST. AVE U - AVE V, NEW YORK, NY",Speed,36,40.596222523878,-73.981899262398,2020-10-05,2020-03-02,2021-12-27,671,high_sustained,2020
1834,"E 69 ST. AVE V - AVE U, NEW YORK, NY",Speed,36,40.594060202406,-73.982059859662,2020-03-02,2020-03-02,2020-03-02,32,low_fallback,2020
1835,"E 72ND ST AND 1ST A VE, NEW YORK, NY",Speed,36,40.767806996949,-73.956003037261,2022-08-01,2021-09-27,2026-08-24,1992,high_sustained,2022
1836,"E 72ND ST AND 2ND A VE, NEW YORK, NY",Speed,36,40.76881978231,-73.958403111416,2021-11-22,2021-09-27,2024-11-25,957,high_sustained,2021
1837,"E 79 ST. 1 AVE - YORK AV, NEW YORK, NY",Speed,36,40.646411013159,-74.089134817053,2020-03-02,2020-03-02,2021-05-31,3,low_fallback,2020
1838,"E 79 ST. YORK AVE - 1 AV, NEW YORK, NY",Speed,36,40.758788384368,-73.959591982299,2021-10-25,2021-10-25,2021-10-25,1,low_fallback,2021
1839,"E 79TH ST AND 1ST A VE, NEW YORK, NY",Speed,36,40.772341983752,-73.95269101204,2022-01-10,2021-11-29,2022-04-18,79,high_sustained,2022
1840,"E 79TH ST AND 2ND A VE, NEW YORK, NY",Speed,36,40.773339011135,-73.955057977678,2022-08-08,2022-04-25,2026-08-24,1725,high_sustained,2022
1841,"E 79TH ST AND 3RD A VE, NEW YORK, NY",Red Light,7,40.77427698801,-73.957277002724,2026-01-05,2026-01-05,2026-07-20,333,high_sustained,2026
1842,"E 7TH ST AND BEVERL EY RD, NEW YORK, NY",Speed,36,40.643452997619,-73.972714037622,2025-03-31,2025-03-31,2026-08-24,728,high_sustained,2025
1843,"E 80TH ST AND FLATL ANDS AVE, NEW YORK, NY",Red Light,7,40.635554017795,-73.913329007995,2026-06-01,2026-06-01,2026-07-20,347,high_sustained,2026
1844,"E 80TH ST AND FLATL ANDS AVE, NEW YORK, NY",Speed,36,40.635554017795,-73.913329007995,2025-05-26,2025-05-26,2026-08-24,769,high_sustained,2025
1845,"E 80TH ST AND PAERD EGAT 3RD ST, NEW YORK, NY",Speed,36,40.632800017778,-73.910262991632,2020-04-27,2020-04-27,2026-08-24,56178,high_sustained,2020
1846,"E 80TH ST AND PAERD EGAT 8TH ST, NEW YORK, NY",Speed,36,40.630455012727,-73.906508988657,2024-08-26,2024-08-26,2026-08-24,12991,high_sustained,2024
1847,"E 83RD ST AND GLENW OOD RD, NEW YORK, NY",Speed,36,40.638420000038,-73.912756021094,2024-09-30,2024-09-30,2026-08-24,1730,high_sustained,2024
1848,"E 85TH ST AND FLATL ANDS AVE, NEW YORK, NY",Speed,36,40.637911008968,-73.909677012781,2021-10-25,2021-10-25,2024-03-25,930,high_sustained,2021
1849,"E 86TH ST AND 2ND A VE, NEW YORK, NY",Speed,36,40.777877015424,-73.951733966336,2021-07-05,2020-11-02,2025-03-24,931,high_sustained,2021
1850,"E 86TH ST AND GLENW OOD RD, NEW YORK, NY",Speed,36,40.639844001569,-73.910570020746,2024-04-29,2024-04-29,2026-08-24,1794,high_sustained,2024
1851,"E 86TH ST AND MADIS ON AVE, NEW YORK, NY",Speed,36,40.78085699155,-73.958810974825,2022-09-05,2022-08-29,2024-04-29,613,high_sustained,2022
1852,"E 92ND ST AND WINTH ROP ST, NEW YORK, NY",Speed,36,40.660276986035,-73.925745959359,2024-10-28,2024-10-28,2026-08-24,1354,high_sustained,2024
1853,"E 95TH ST AND FLATL ANDS AVE, NEW YORK, NY",Red Light,7,40.642613005192,-73.902375034011,2026-03-09,2026-01-05,2026-07-20,297,high_sustained,2026
1854,"E 96TH ST AND 1ST A VE, NEW YORK, NY",Red Light,7,40.783291682966,-73.944711021122,2026-03-30,2026-03-30,2026-07-20,1230,high_sustained,2026
1855,"E 96TH ST AND 2ND A VE, NEW YORK, NY",Speed,36,40.78426431901,-73.94707362817,2024-09-30,2024-09-30,2026-07-13,9520,high_sustained,2024
1856,"E 96TH ST AND LINDE N BLVD, NEW YORK, NY",Speed,36,40.654000994123,-73.913551966619,2019-10-28,2019-10-28,2023-10-09,348,low_fallback,2019
1857,"E 98TH ST AND LEGIO N ST, NEW YORK, NY",Speed,36,40.658592013949,-73.915791024415,2021-05-24,2021-05-24,2026-08-24,4006,high_sustained,2021
1858,"E 98TH ST AND NEWPO RT ST, NEW YORK, NY",Red Light,7,40.658407989265,-73.915611986963,2026-06-01,2026-06-01,2026-07-20,311,high_sustained,2026
1859,"E 98TH ST AND WILMO HR ST, NEW YORK, NY",Speed,36,40.658407989265,-73.915611986963,2022-06-27,2022-06-27,2026-08-24,2234,high_sustained,2022
1860,"E 98TH ST. AVE K - FLATLANDS AVE, NEW YORK, NY",Speed,36,40.640915063692,-73.904836359713,2024-01-01,2024-01-01,2024-04-22,7,low_fallback,2024
1861,"E BROADWAY AND CLIN TON ST, NEW YORK, NY",Speed,36,40.714306985361,-73.987161002116,2023-07-03,2021-08-30,2023-10-16,361,high_sustained,2023
1862,"E BROADWAY AND PIKE ST, NEW YORK, NY",Speed,36,40.713826995675,-73.992954992686,2021-06-28,2021-06-28,2024-05-27,332,low_fallback,2021
1863,"E FORDHAM RD AND BA THGATE AVE, NEW YORK, NY",Speed,36,40.859563984377,-73.887451977417,2019-12-30,2019-12-30,2026-08-24,17681,high_sustained,2019
1864,"E FORDHAM RD AND BOSTON RD, NEW YORK, NY",Red Light,7,40.856708186146,-73.86938579095,2016-05-30,2016-05-23,2020-10-05,4503,high_sustained,2016
1865,"E FORDHAM RD AND CR ESTON AVE, NEW YORK, NY",Speed,36,40.862317020475,-73.898392037441,2025-01-27,2025-01-27,2026-08-24,2984,high_sustained,2025
1866,"E FORDHAM RD AND SO UTHERN BLVD, NEW YORK, NY",Red Light,7,40.856864005726,-73.88080496056,2026-02-09,2026-02-02,2026-07-20,1469,high_sustained,2026
1867,"E FORDHAM RD AND SO UTHERN BLVD, NEW YORK, NY",Speed,36,40.856864005726,-73.88080496056,2026-07-27,2026-07-27,2026-08-24,246,high_sustained,2026
1868,"E GUN HILL RD AND B ARNES AVE, NEW YORK, NY",Speed,36,40.876014014183,-73.86212798481,2016-06-13,2016-06-13,2026-08-24,31047,high_sustained,2016
1869,"E GUN HILL RD AND B RONXWOOD AVE, NEW YORK, NY",Red Light,7,40.87549999397,-73.860511031868,2026-01-12,2026-01-12,2026-07-20,1121,high_sustained,2026
1870,"E GUN HILL RD AND B RONXWOOD AVE, NEW YORK, NY",Speed,36,40.87549999397,-73.860511031868,2016-06-13,2016-06-13,2026-08-24,42149,high_sustained,2016
1871,"E GUN HILL RD AND G IVAN AVE, NEW YORK, NY",Speed,36,40.872670012001,-73.851640966652,2025-04-28,2025-04-28,2026-08-24,1816,high_sustained,2025
1872,"E GUN HILL RD AND G UNTHER AVE, NEW YORK, NY",Speed,36,40.865566013784,-73.83680600386,2020-06-29,2020-06-29,2026-08-24,54205,high_sustained,2020
1873,"E GUN HILL RD AND T IEMANN AVE, NEW YORK, NY",Speed,36,40.866126008735,-73.837882994599,2019-07-08,2019-07-08,2026-08-24,68247,high_sustained,2019
1874,"E GUN HILL RD. BN BRIDGE AV, NEW YORK, NY",Speed,36,40.879426562736,-73.875049845966,2022-05-02,2022-05-02,2023-11-13,15,low_fallback,2022
1875,"E GUN HILL RD. DE CATUR AV - BNBRIDGE, NEW YORK, NY",Speed,36,40.879426562736,-73.875049845966,2022-06-13,2022-06-13,2023-04-24,14,low_fallback,2022
1876,"E HOUSTON ST AND AV E C, NEW YORK, NY",Speed,36,40.718754129332,-73.974937450348,2018-12-03,2018-11-26,2026-08-24,106145,high_sustained,2018
1877,"E HOUSTON ST AND BR OADWAY, NEW YORK, NY",Red Light,7,40.72549158741,-73.996724418363,2026-02-16,2026-02-16,2026-07-20,4099,high_sustained,2026
1878,"E HOUSTON ST LAFA YETTE ST - BOWERY, NEW YORK, NY",Speed,36,40.725454,-73.9961461,2023-10-30,2023-10-30,2023-10-30,1,low_fallback,2023
1879,"E HOUSTON ST. AVE C - FDR DR, NEW YORK, NY",Speed,36,40.718754129332,-73.974937450348,2016-07-18,2016-06-20,2018-10-22,4109,high_sustained,2016
1880,"E HOUSTON ST. FDR DR - AVE C, NEW YORK, NY",Speed,36,40.718754129332,-73.974937450348,2016-07-04,2016-07-04,2022-05-30,1500,high_sustained,2016
1881,"E KINGSBRIDGE RD AND BRIGGS AVE, NEW YORK, NY",Speed,36,40.863137985982,-73.894207037005,2022-01-03,2021-12-27,2026-08-24,1782,high_sustained,2022
1882,"E KINGSBRIDGE RD AND VALENTINE AVE, NEW YORK, NY",Speed,36,40.865395986878,-73.893460963803,2022-08-01,2021-12-27,2024-05-27,829,high_sustained,2022
1883,"E NEW YORK AVE AND ALBANY AVE, NEW YORK, NY",Speed,36,40.662240991677,-73.939963008249,2021-10-25,2021-10-25,2026-08-24,2826,high_sustained,2021
1884,"E NEWYORK AV E94 ST - RALPH AV, NEW YORK, NY",Speed,36,40.686790831707,-73.923725333961,2016-06-20,2016-06-20,2023-07-10,173,low_fallback,2016
1885,"E NEWYORK AV. RAL PH AV - E94 ST, NEW YORK, NY",Speed,36,40.688169039942,-73.923763731472,2016-06-27,2016-06-27,2024-01-01,170,low_fallback,2016
1886,"E TREMNT AV BLOND L AV - DUDLY AV, NEW YORK, NY",Speed,36,40.846281,-73.888924,2016-07-11,2016-06-20,2018-10-15,1931,high_sustained,2016
1887,"E TREMNT AV DUDLY AV - BLONDL AV, NEW YORK, NY",Speed,36,40.846281,-73.888924,2016-07-11,2016-07-11,2018-01-29,271,low_fallback,2016
1888,"E TREMONT AVE AND A NTHONY AVE, NEW YORK, NY",Speed,36,40.848688004002,-73.903279022269,2019-07-08,2019-07-08,2026-08-24,4989,high_sustained,2019
1889,"E TREMONT AVE AND B LONDELL AVE, NEW YORK, NY",Speed,36,40.840638988111,-73.841256962084,2018-11-19,2018-11-19,2026-08-24,101734,high_sustained,2018
1890,"E TREMONT AVE AND B RYANT AVE, NEW YORK, NY",Speed,36,40.840660990607,-73.881497976315,2020-11-16,2020-10-26,2025-01-27,2131,high_sustained,2020
1891,"E TREMONT AVE AND C ASTLE HILL AVE, NEW YORK, NY",Speed,36,40.842532208582,-73.853352467461,2017-07-03,2016-09-05,2019-06-24,433,high_sustained,2017
1892,"E TREMONT AVE AND C RESTON AVE, NEW YORK, NY",Speed,36,40.850310991914,-73.907064960295,2025-05-26,2025-05-26,2026-08-24,1843,high_sustained,2025
1893,"E TREMONT AVE AND C ROSS BRONX EXPWY, NEW YORK, NY",Speed,36,40.82284768616,-73.819469462065,2020-03-30,2020-03-30,2026-08-24,9160,high_sustained,2020
1894,"E TREMONT AVE AND E LM DR, NEW YORK, NY",Speed,36,40.84653999316,-73.895548876966,2016-09-05,2016-06-13,2026-08-24,42807,high_sustained,2016
1895,"E TREMONT AVE AND E RICSON PL, NEW YORK, NY",Speed,36,40.840010010097,-73.837281006313,2024-08-26,2024-08-26,2026-08-24,3260,high_sustained,2024
1896,"E TREMONT AVE AND L AWTON AVE, NEW YORK, NY",Speed,36,40.817590011664,-73.816367990252,2026-02-09,2026-02-02,2026-08-24,135,high_sustained,2026
1897,"E TREMONT AVE AND L URTING AVE, NEW YORK, NY",Speed,36,40.842898120565,-73.850019822759,2024-11-25,2024-11-25,2026-08-24,9746,high_sustained,2024
1898,"E TREMONT AVE AND M AYFLOWER AVE, NEW YORK, NY",Speed,36,40.835003415511,-73.830740439627,2020-10-26,2020-10-26,2026-08-24,5675,high_sustained,2020
1899,"E TREMONT AVE AND M ILTON PL, NEW YORK, NY",Speed,36,40.81685802006,-73.816002958369,2024-08-26,2024-08-26,2026-01-19,423,high_sustained,2024
1900,"E TREMONT AVE AND S COTT PL, NEW YORK, NY",Speed,36,40.828466997868,-73.824154023931,2019-10-28,2019-10-28,2026-08-24,8082,high_sustained,2019
1901,"E TREMONT AVE AND T HERIOT AVE, NEW YORK, NY",Speed,36,40.840565981735,-73.866344082107,2020-11-30,2020-11-30,2026-08-24,22300,high_sustained,2020
1902,"E TREMONT AVE AND U NIONPORT RD, NEW YORK, NY",Speed,36,40.841315994431,-73.863714008529,2024-06-24,2024-06-24,2026-08-24,3825,high_sustained,2024
1903,"E TREMONT AVE AND V AN NEST AVE, NEW YORK, NY",Red Light,7,40.83961501291,-73.871229977287,2026-02-02,2026-01-26,2026-07-20,945,high_sustained,2026
1904,"E. GUN HILL RD. E ASTCHESTER RD - KNAP, NEW YORK, NY",Speed,36,40.882504420261,-73.849216265503,2025-08-25,2025-08-25,2025-08-25,1,low_fallback,2025
1905,"E. GUN HILL RD. K NAPP ST - EASTCHESTE, NEW YORK, NY",Speed,36,40.867650048823,-73.840824986688,2025-07-21,2025-07-21,2026-06-01,98,low_fallback,2025
1906,"E. TREMNT AV. DAL Y AV - BOSTN RD, NEW YORK, NY",Speed,36,40.843158156863,-73.882775247167,2016-10-17,2016-10-17,2019-04-08,36,low_fallback,2016
1907,"E. TRMNT AV. BOST N RD - DALY AV, NEW YORK, NY",Speed,36,40.843158156863,-73.882775247167,2016-06-20,2016-06-20,2020-08-10,70,low_fallback,2016
1908,"E.170 ST. EDWRD L GRNT HWY- WALTN AV, NEW YORK, NY",Speed,36,40.834696123962,-73.902197109493,2023-01-23,2023-01-23,2023-01-23,1,low_fallback,2023
1909,"E.170 ST. WALTN A V- EDWRD L GRNT HWY, NEW YORK, NY",Speed,36,40.834696123962,-73.902197109493,2022-10-24,2022-10-24,2022-10-24,1,low_fallback,2022
1910,"E.TREMNT AV. GRND CONCRSE- JEROME AV, NEW YORK, NY",Speed,36,40.87120056378,-73.893459721517,2018-10-08,2018-10-08,2018-10-08,1,low_fallback,2018
1911,"E.TREMNT AV. GRND CONCRSE- WEBSTR AV, NEW YORK, NY",Speed,36,40.873098475071,-73.887020537948,2018-07-23,2018-07-23,2018-07-23,1,low_fallback,2018
1912,"E.TREMNT AV. HARD ING AV- SCHURZ AV, NEW YORK, NY",Speed,36,40.815818139673,-73.816888670539,2022-04-18,2022-04-18,2024-03-25,43,low_fallback,2022
1913,"E.TREMNT AV. JERO ME AV- GRNDCONCRSE, NEW YORK, NY",Speed,36,40.87120056378,-73.893459721517,2018-02-05,2018-02-05,2018-12-10,4,low_fallback,2018
1914,"E.TREMNT AV. SCHU RZ AV- HARDING AV, NEW YORK, NY",Speed,36,40.815818139673,-73.816888670539,2022-05-23,2022-05-23,2024-04-29,8,low_fallback,2022
1915,"E.WILLISTON AV. 2 57 ST - 261 ST, NEW YORK, NY",Speed,36,40.64642449569,-74.023184042034,2020-11-30,2020-11-30,2022-02-21,3,low_fallback,2020
1916,"E.WILLISTON AV. 2 61 ST - 257 ST, NEW YORK, NY",Speed,36,40.642799385918,-74.023357330183,2018-04-30,2018-04-30,2018-06-04,5,low_fallback,2018
1917,"E100 ST. AVE J- G LENWD RD, NEW YORK, NY",Speed,36,40.623551257324,-73.97566375918,2019-05-06,2019-05-06,2026-03-09,12,low_fallback,2019
1918,"E100 ST. AVE K - AVE J, NEW YORK, NY",Speed,36,40.788407563848,-73.949040250134,2018-09-17,2018-09-17,2018-09-17,3,low_fallback,2018
1919,"E106 ST. LEXINGTN AV- 5 AVE, NEW YORK, NY",Speed,36,40.791461490344,-73.944495273857,2019-07-01,2019-07-01,2023-07-10,11,low_fallback,2019
1920,"E120 ST. PARK AV - 3 AV, NEW YORK, NY",Speed,36,40.751691698447,-73.978427981016,2018-10-01,2018-10-01,2019-04-08,3,low_fallback,2018
1921,"E125 ST. 5 AV - P ARK AV, NEW YORK, NY",Speed,36,40.607524006681,-73.985251855148,2016-09-26,2016-09-26,2023-11-27,37,low_fallback,2016
1922,"E125 ST. PARK AV- 5 AV, NEW YORK, NY",Speed,36,40.69636757518,-73.974757713254,2017-01-23,2017-01-23,2022-07-11,8,low_fallback,2017
1923,"E128 ST. 5 AV - L EXINGTN AV, NEW YORK, NY",Speed,36,40.619208821926,-73.971793310996,2018-02-12,2018-02-12,2018-02-12,1,low_fallback,2018
1924,"E138 ST. JACKSON AV - ST. ANN'S AV, NEW YORK, NY",Speed,36,40.804595565596,-73.912835799041,2022-05-02,2022-05-02,2022-12-12,5,low_fallback,2022
1925,"E138 ST. ST. ANN' S AV - JACKSON AV, NEW YORK, NY",Speed,36,40.80396070413,-73.919420733271,2022-04-04,2022-04-04,2024-03-04,18,low_fallback,2022
1926,"E149 ST. BROOK AV - CAULDWLL AV, NEW YORK, NY",Speed,36,40.805286902595,-73.920975956845,2016-09-12,2016-09-12,2021-07-19,188,low_fallback,2016
1927,"E149 ST. CAULDWLL AV- BROOK AV, NEW YORK, NY",Speed,36,40.838877878116,-73.904905502447,2016-10-17,2016-10-17,2021-08-09,141,high_sustained,2016
1928,"E149 ST. PROSPECT AV - TRINITY AV, NEW YORK, NY",Speed,36,40.666331695703,-73.993914301504,2017-04-17,2016-06-27,2025-03-10,236,high_sustained,2017
1929,"E149 ST. TRINITY AV - PROSPECT AV, NEW YORK, NY",Speed,36,40.85229974951,-73.883400795537,2016-07-11,2016-07-11,2023-12-18,125,low_fallback,2016
1930,"E156 ST. BROOK AV - FOREST AV, NEW YORK, NY",Speed,36,40.805431313856,-73.920691736114,2017-09-18,2017-09-18,2017-09-18,1,low_fallback,2017
1931,"E156 ST. FOREST A V- BROOK AV, NEW YORK, NY",Speed,36,40.605155797888,-74.168285695949,2016-12-05,2016-12-05,2019-12-16,25,low_fallback,2016
1932,"E163 ST. ELTON AV - TRINITY AV, NEW YORK, NY",Speed,36,40.822716390538,-73.906008235736,2018-10-08,2018-10-08,2019-12-16,34,low_fallback,2018
1933,"E163 ST. TRINITY AV- ELTON AV, NEW YORK, NY",Speed,36,40.709518782272,-74.011723978508,2018-12-17,2018-12-17,2019-09-30,10,low_fallback,2018
1934,"E167 ST. FINDLAY AV- MORRIS AV, NEW YORK, NY",Speed,36,40.83259359315,-73.912464372301,2018-01-08,2018-01-08,2019-05-20,5,low_fallback,2018
1935,"E167 ST. HALL PL- SOUTHERN BV, NEW YORK, NY",Speed,36,40.863818550107,-73.883562845894,2018-12-17,2018-12-17,2022-03-14,9,low_fallback,2018
1936,"E167 ST. JEROME A V- GRAND CONCOURSE, NEW YORK, NY",Speed,36,40.873098475071,-73.887020537948,2016-09-19,2016-09-19,2016-09-19,1,low_fallback,2016
1937,"E167 ST. MORRIS A V- FINDLAY AV, NEW YORK, NY",Speed,36,40.83259359315,-73.912464372301,2018-07-30,2018-07-30,2018-07-30,1,low_fallback,2018
1938,"E167 ST. SOUTHERN BV- HALL PL, NEW YORK, NY",Speed,36,40.863818550107,-73.883562845894,2016-07-04,2016-07-04,2024-04-08,25,low_fallback,2016
1939,"E172 ST. MORRISON AV- WHEELER AV, NEW YORK, NY",Speed,36,40.628589075351,-74.11187215434,2018-08-13,2018-08-13,2018-08-13,2,low_fallback,2018
1940,"E172 ST. WHEELER AV- MORRISON AV, NEW YORK, NY",Speed,36,40.607683267727,-74.131116836393,2018-08-13,2018-08-13,2019-01-28,4,low_fallback,2018
1941,"E180 ST. 3 AVE - CLINTON AVE, NEW YORK, NY",Speed,36,40.697385573692,-73.969580394276,2016-12-12,2016-12-12,2019-12-30,29,low_fallback,2016
1942,"E180 ST. BOSTON R D - MORRIS PK AV, NEW YORK, NY",Speed,36,40.850978845536,-73.849862895081,2017-06-05,2017-06-05,2019-08-19,37,low_fallback,2017
1943,"E180 ST. CLINTON AVE- 3 AVE, NEW YORK, NY",Speed,36,40.692569692942,-73.969037231975,2016-11-28,2016-11-28,2020-03-09,13,low_fallback,2016
1944,"E180 ST. MORRIS P K AV - BOSTON RD, NEW YORK, NY",Speed,36,40.863351679818,-73.865209756105,2017-05-29,2017-05-29,2021-08-09,79,low_fallback,2017
1945,"E23 ST. 1 AV - LE XNGTN AV, NEW YORK, NY",Speed,36,40.73845895009,-73.98225759564,2016-11-07,2016-11-07,2018-12-17,7,low_fallback,2016
1946,"E23 ST. LEXNGTN A V - 1 AV, NEW YORK, NY",Speed,36,40.73845895009,-73.98225759564,2016-09-12,2016-09-12,2018-04-16,7,low_fallback,2016
1947,"E67 ST. 1 AVE - 3 AVE, NEW YORK, NY",Speed,36,40.764882349688,-73.958951349103,2018-12-10,2018-12-10,2018-12-10,1,low_fallback,2018
1948,"E76 ST. LEXINGTN AV- 1 AVE, NEW YORK, NY",Speed,36,40.771733061124,-73.95730533799,2018-10-01,2018-10-01,2018-10-01,1,low_fallback,2018
1949,"E86 ST. YORK AV - 3AV, NEW YORK, NY",Speed,36,40.758900691264,-73.959661039809,2018-02-05,2018-02-05,2020-02-24,27,low_fallback,2018
1950,"E92ND ST. AVE A - AVE B, NEW YORK, NY",Speed,36,40.725390135744,-73.983922368624,2023-01-23,2023-01-23,2023-01-30,34,low_fallback,2023
1951,"E96 ST 3 AV. - FD R DR, NEW YORK, NY",Speed,36,40.711110924202,-73.98050697611,2022-03-14,2018-10-22,2024-03-11,476,high_sustained,2022
1952,"E96 ST. FDR DR - 3 AV, NEW YORK, NY",Speed,36,40.711193339384,-73.980042049809,2018-10-01,2018-10-01,2023-12-11,78,low_fallback,2018
1953,"E96TH ST - 1ST AV E LEXINGTON AVE, NEW YORK, NY",Speed,36,40.785366178366,-73.949722446936,2024-06-03,2024-03-25,2024-09-16,298,high_sustained,2024
1954,"E96TH ST - LEXING TON AVE 1ST AVE, NEW YORK, NY",Speed,36,40.741369086312,-73.983490081785,2024-04-01,2024-03-25,2026-08-24,571,high_sustained,2024
1955,"EAST 53RD ST GLEN WOOD RD - AVENUE I, NEW YORK, NY",Speed,36,40.75761981372,-73.969263468144,2024-03-04,2024-03-04,2024-03-04,7,low_fallback,2024
1956,"EAST END AVE. E 8 0TH ST - E 86TH ST, NEW YORK, NY",Speed,36,40.781067000134,-73.959970024396,2023-04-24,2023-04-24,2023-12-11,2,low_fallback,2023
1957,"EAST END AVE. E 8 6TH ST - E 80TH ST, NEW YORK, NY",Speed,36,40.777183706303,-73.962593979185,2023-10-09,2023-10-09,2024-02-26,2,low_fallback,2023
1958,"EASTCHESTER RD AND ALLERTON AVE, NEW YORK, NY",Speed,36,40.865210998275,-73.843350007126,2022-08-29,2022-08-29,2026-08-24,5403,high_sustained,2022
1959,"EASTCHESTER RD AND ASTOR AVE, NEW YORK, NY",Speed,36,40.859505981607,-73.843002996334,2019-11-25,2019-11-04,2025-04-14,1084,high_sustained,2019
1960,"EASTCHESTER RD AND BOSTON RD, NEW YORK, NY",Red Light,7,40.877038911393,-73.846373191963,2026-04-27,2026-04-27,2026-07-20,344,high_sustained,2026
1961,"EASTCHESTER RD AND HAWTHORNE ST, NEW YORK, NY",Speed,36,40.864333999746,-73.843376996854,2024-07-15,2024-07-08,2026-08-24,1775,high_sustained,2024
1962,"EASTCHESTER RD AND HICKS ST, NEW YORK, NY",Speed,36,40.879485002197,-73.847695018094,2020-08-31,2020-08-31,2026-08-17,7912,high_sustained,2020
1963,"EASTCHESTER RD AND PELHAM PKWY S, NEW YORK, NY",Red Light,7,40.857152007919,-73.843784022072,2026-06-01,2026-06-01,2026-07-20,405,high_sustained,2026
1964,"EASTCHESTER RD AND PELHAM PKWY S, NEW YORK, NY",Speed,36,40.857152007919,-73.843784022072,2026-07-27,2026-07-27,2026-08-24,93,high_sustained,2026
1965,"EASTCHESTER ROAD AND ALLERTON AVE, NEW YORK, NY",Red Light,7,40.865210998275,-73.843350007126,2016-05-30,2016-05-30,2021-10-25,2379,high_sustained,2016
1966,"EASTCHSTR RD. MCD ONLD RD- PLHM PKWY S, NEW YORK, NY",Speed,36,40.7130466,-74.0072301,2021-11-01,2021-11-01,2021-11-01,1,low_fallback,2021
1967,"EASTCHSTR RD. PLH M PKWY S. - MCDONLD, NEW YORK, NY",Speed,36,40.849605,-73.844622,2020-02-03,2020-02-03,2021-10-04,8,low_fallback,2020
1968,"EASTERN PKWY AND AT LANTIC AVE, NEW YORK, NY",Red Light,7,40.676138019504,-73.908162989611,2026-06-01,2026-06-01,2026-07-20,1186,high_sustained,2026
1969,"EASTERN PKWY AND BEDFORD AVE, NEW YORK, NY",Red Light,7,40.670309998407,-73.955193010138,2016-05-30,2016-05-23,2026-07-20,64313,high_sustained,2016
1970,"EASTERN PKWY AND BR OOKLYN AVE, NEW YORK, NY",Speed,36,40.66933501543,-73.944973039415,2024-07-29,2024-07-29,2026-08-24,4513,high_sustained,2024
1971,"EASTERN PKWY AND BU FFALO AVE, NEW YORK, NY",Red Light,7,40.668465309156,-73.925604305195,2025-09-01,2025-09-01,2026-07-20,1293,high_sustained,2025
1972,"EASTERN PKWY AND BU FFALO AVE, NEW YORK, NY",Speed,36,40.668465309156,-73.925604305195,2021-08-30,2021-08-30,2026-08-24,66386,high_sustained,2021
1973,"EASTERN PKWY AND CL ASSON AVE, NEW YORK, NY",Speed,36,40.671566990517,-73.961272991244,2016-07-04,2016-06-13,2026-08-24,59990,high_sustained,2016
1974,"EASTERN PKWY AND HE RKIMER ST, NEW YORK, NY",Speed,36,40.677358005511,-73.908050001556,2016-09-05,2016-06-20,2026-08-24,55444,high_sustained,2016
1975,"EASTERN PKWY AND HOWARD AVE, NEW YORK, NY",Red Light,7,40.669381493083,-73.920077781156,2016-05-23,2016-05-23,2026-07-20,58477,high_sustained,2016
1976,"EASTERN PKWY AND KI NGSTON AVE, NEW YORK, NY",Red Light,7,40.669209999344,-73.942214974175,2026-01-19,2026-01-19,2026-07-20,1151,high_sustained,2026
1977,"EASTERN PKWY AND LI NCOLN PL, NEW YORK, NY",Speed,36,40.669106985754,-73.921012028084,2024-06-24,2024-06-24,2026-08-24,5236,high_sustained,2024
1978,"EASTERN PKWY AND NE W YORK AVE, NEW YORK, NY",Red Light,7,40.669493014305,-73.947759016393,2026-01-12,2026-01-12,2026-07-20,6903,high_sustained,2026
1979,"EASTERN PKWY AND PR OSPECT PL, NEW YORK, NY",Speed,36,40.672308998495,-73.913295983296,2016-06-20,2016-06-20,2016-06-27,253,low_fallback,2016
1980,"EASTERN PKWY AND RA LPH AVE, NEW YORK, NY",Speed,36,40.668133008605,-73.922658988239,2021-08-30,2021-08-30,2026-08-24,43427,high_sustained,2021
1981,"EASTERN PKWY AND RO CKAWAY AVE, NEW YORK, NY",Speed,36,40.673022005089,-73.911240992095,2016-06-13,2016-06-13,2016-06-27,272,high_sustained,2016
1982,"EASTERN PKWY AND ROCHESTER AVE, NEW YORK, NY",Red Light,7,40.66842000497,-73.928377960775,2021-12-06,2021-12-06,2026-07-20,36362,high_sustained,2021
1983,"EASTERN PKWY AND TR OY AVE, NEW YORK, NY",Red Light,7,40.668882015473,-73.936674033262,2025-09-01,2025-09-01,2026-07-20,2740,high_sustained,2025
1984,"EASTERN PKWY AND TR OY AVE, NEW YORK, NY",Speed,36,40.668882015473,-73.936674033262,2019-09-30,2019-09-30,2026-08-24,58539,high_sustained,2019
1985,"EASTERN PKWY AND TR UXTON ST, NEW YORK, NY",Speed,36,40.678382986541,-73.907687987158,2016-06-13,2016-06-13,2026-08-24,149779,high_sustained,2016
1986,"EASTERN PKWY AND UN DERHILL AVE, NEW YORK, NY",Speed,36,40.672830017597,-73.967499823294,2019-09-30,2019-09-30,2021-03-08,11571,high_sustained,2019
1987,"EASTERN PKWY AND UTICA AVE, NEW YORK, NY",Red Light,7,40.668588020219,-73.931142982995,2016-05-30,2016-05-23,2026-07-20,44911,high_sustained,2016
1988,"EASTERN PKWY AND WA SHINGTON AVE, NEW YORK, NY",Speed,36,40.671838983275,-73.962612000277,2016-07-04,2016-06-13,2026-08-24,84172,high_sustained,2016
1989,"EASTERN PKY. SCHN CTDY AV- ROCHSTR AV, NEW YORK, NY",Speed,36,40.680729693816,-73.904702909417,2017-02-27,2017-02-27,2017-02-27,2,low_fallback,2017
1990,"EASTRN PKY. TROY AV- UTICA AV, NEW YORK, NY",Speed,36,40.678388041825,-73.929973967433,2021-12-13,2021-12-13,2021-12-13,1,low_fallback,2021
1991,"EDGECOMBE AV W163 ST - W166 ST, NEW YORK, NY",Speed,36,40.822640835623,-73.944334631374,2016-07-04,2016-07-04,2023-10-02,139,low_fallback,2016
1992,"EDGECOMBE AV W166 ST - W163 ST, NEW YORK, NY",Speed,36,40.822640835623,-73.944334631374,2016-06-20,2016-06-20,2025-07-21,191,low_fallback,2016
1993,"EDGEMERE AVE AND B 34TH ST, NEW YORK, NY",Speed,36,40.596913576069,-73.758494333369,2025-12-29,2025-12-29,2026-04-27,105,high_sustained,2025
1994,"EDGEMERE AVE AND B 38TH ST, NEW YORK, NY",Speed,36,40.596913576069,-73.758494333369,2026-06-01,2026-06-01,2026-08-24,260,high_sustained,2026
1995,"EDGEMERE AVE AND B 47TH ST, NEW YORK, NY",Speed,36,40.596913576069,-73.758494333369,2024-06-24,2024-06-24,2026-08-24,38592,high_sustained,2024
1996,"EDGERTON BLVD AND H ILLSIDE AVE, NEW YORK, NY",Red Light,7,40.712247006927,-73.785340028715,2026-06-29,2026-06-29,2026-07-20,248,high_sustained,2026
1997,"EDGERTON BLVD AND W EXFORD TERR, NEW YORK, NY",Speed,36,40.713181002398,-73.785716962901,2022-06-27,2022-06-27,2026-08-24,5924,high_sustained,2022
1998,"EDGEWATER RD AND LA FAYETTE AVE, NEW YORK, NY",Speed,36,40.817391779654,-73.883191791309,2021-11-29,2021-11-29,2026-08-24,18136,high_sustained,2021
1999,"EDGEWATER RD AND SE NECA AVE, NEW YORK, NY",Speed,36,40.819415003443,-73.883896960823,2021-11-29,2021-11-29,2026-08-24,50563,high_sustained,2021
2000,"EDSON AVE AND BARTO W AVE, NEW YORK, NY",Red Light,7,40.868380992146,-73.833174963404,2026-06-29,2026-06-29,2026-07-20,736,high_sustained,2026
2001,"EDWARD L GRANT HI GHWAY AND NELSON AVE, NEW YORK, NY",Red Light,7,40.841766018812,-73.922468970494,2026-03-16,2026-01-19,2026-07-20,440,high_sustained,2026
2002,"EDWARD L GRANT HI GHWAY AND NELSON AVE, NEW YORK, NY",Speed,36,40.841766018812,-73.922468970494,2026-08-10,2026-08-10,2026-08-24,53,high_sustained,2026
2003,"EDWARD L GRANT HW Y AND W 170TH ST, NEW YORK, NY",Speed,36,40.840301993694,-73.9215560136,2019-07-29,2019-07-29,2026-08-24,7688,high_sustained,2019
2004,"ELDER AVE AND COLDE N ST, NEW YORK, NY",Speed,36,40.751819983475,-73.824243961752,2024-12-30,2024-12-30,2026-08-24,369,high_sustained,2024
2005,"ELDERT LN AND DUMON T AVE, NEW YORK, NY",Speed,36,40.670860982812,-73.863167005527,2024-11-11,2024-10-28,2026-08-24,375,high_sustained,2024
2006,"ELDERT LN AND MCKIN LEY AVE, NEW YORK, NY",Speed,36,40.680655320492,-73.86573874106,2019-11-04,2019-10-28,2022-07-11,400,high_sustained,2019
2007,"ELIOT AV. 63 ST- METROPOLITAN AV, NEW YORK, NY",Speed,36,40.717375390566,-73.96419852691,2021-01-18,2021-01-18,2021-10-11,53,low_fallback,2021
2008,"ELIOT AV. 69 PL - 75 PL, NEW YORK, NY",Speed,36,40.732052254302,-73.868840495085,2017-07-24,2017-01-30,2021-06-21,622,high_sustained,2017
2009,"ELIOT AV. 69 ST - 75 PL, NEW YORK, NY",Speed,36,40.732052254302,-73.868840495085,2021-08-02,2021-08-02,2022-03-28,48,low_fallback,2021
2010,"ELIOT AV. 75 PL - 69 PL, NEW YORK, NY",Speed,36,40.732052254302,-73.868840495085,2017-01-09,2017-01-09,2021-07-26,285,low_fallback,2017
2011,"ELIOT AV. 75 PL - 69 ST, NEW YORK, NY",Speed,36,40.732052254302,-73.868840495085,2021-08-02,2021-08-02,2021-11-15,19,low_fallback,2021
2012,"ELIOT AV. METROPO LITAN AV - 63 ST, NEW YORK, NY",Speed,36,40.717375390566,-73.96419852691,2021-01-18,2021-01-18,2021-10-04,105,low_fallback,2021
2013,"ELIOT AVE AND 63RD ST, NEW YORK, NY",Speed,36,40.715541011056,-73.899272975465,2021-10-25,2021-10-25,2026-08-24,24708,high_sustained,2021
2014,"ELIOT AVE AND 69TH ST, NEW YORK, NY",Speed,36,40.719459005967,-73.891161304848,2022-03-21,2022-03-21,2026-08-24,2137,high_sustained,2022
2015,"ELIOT AVE AND 76TH ST, NEW YORK, NY",Speed,36,40.72276298456,-73.884042973576,2026-08-03,2026-07-27,2026-08-24,60,high_sustained,2026
2016,"ELIOT AVE. 84 ST- WOODHVN BV, NEW YORK, NY",Speed,36,40.687393465067,-73.858178333983,2017-09-25,2017-04-24,2026-08-24,2443,high_sustained,2017
2017,"ELIOT AVE. WOODHV N BV- 84 ST, NEW YORK, NY",Speed,36,40.732052254302,-73.868840495085,2020-02-17,2020-02-17,2026-05-04,93,low_fallback,2020
2018,"ELY AVE AND BOSTON RD, NEW YORK, NY",Speed,36,40.880317995735,-73.841275989004,2026-04-27,2026-02-02,2026-08-24,141,high_sustained,2026
2019,"ELY AVE AND TILLOTS ON AVE, NEW YORK, NY",Speed,36,40.878155003711,-73.840043011047,2024-07-01,2024-06-24,2026-01-26,646,high_sustained,2024
2020,"ELY AVE. ADEE AVE - ARNOW AVE, NEW YORK, NY",Speed,36,40.867829490331,-73.863868452424,2023-12-04,2023-12-04,2023-12-04,1,low_fallback,2023
2021,"EMMONS AVE AND COYL E ST, NEW YORK, NY",Speed,36,40.584134017389,-73.933982017419,2020-04-27,2020-04-27,2026-08-24,11924,high_sustained,2020
2022,"EMMONS AVE AND E 27 TH ST, NEW YORK, NY",Speed,36,40.583856995489,-73.941496980349,2024-04-15,2024-04-15,2026-08-24,2268,high_sustained,2024
2023,"EMMONS AVE AND SHOR E BLVD, NEW YORK, NY",Speed,36,40.583185982231,-73.954092969165,2019-08-26,2019-08-26,2026-08-24,8441,high_sustained,2019
2024,"EMPIRE AVE AND SAGE ST, NEW YORK, NY",Speed,36,40.60613001725,-73.744244982369,2024-09-30,2024-09-30,2026-08-24,9481,high_sustained,2024
2025,"EMPIRE BLVD AND BED FORD AVE, NEW YORK, NY",Speed,36,40.66355829158,-73.957219167593,2024-12-30,2024-12-30,2026-08-24,770,high_sustained,2024
2026,"EMPIRE BLVD AND KIN GSTON AVE, NEW YORK, NY",Speed,36,40.664058984567,-73.942703974407,2024-12-30,2024-12-30,2026-08-24,806,high_sustained,2024
2027,"EMPIRE BLVD AND UTI CA AVE, NEW YORK, NY",Speed,36,40.663557998214,-73.93161002264,2020-03-30,2020-03-30,2024-02-26,1556,high_sustained,2020
2028,"EMPIRE BLVD AND WAS HINGTON AVE, NEW YORK, NY",Red Light,7,40.66329597992,-73.960976020415,2026-01-26,2026-01-19,2026-07-20,923,high_sustained,2026
2029,"EMPIRE BV. ALBANY AV - LEFFERTS AV, NEW YORK, NY",Speed,36,40.662273070733,-73.952125025235,2016-06-20,2016-06-20,2020-03-09,425,low_fallback,2016
2030,"EMPIRE BV. BKLYN AV - NOSTRND AV, NEW YORK, NY",Speed,36,40.663272209188,-73.961335354136,2016-12-05,2016-12-05,2023-07-31,41,low_fallback,2016
2031,"EMPIRE BV. LEFFER TS AV - ALBANY AV, NEW YORK, NY",Speed,36,40.662273070733,-73.952125025235,2017-03-20,2016-09-12,2021-02-22,257,high_sustained,2017
2032,"EMPIRE BV. NOSTRN D AV - BKLYN AV, NEW YORK, NY",Speed,36,40.663272209188,-73.961335354136,2016-09-12,2016-09-12,2023-12-25,243,low_fallback,2016
2033,"ERSKINE PL AND HUNT ER AVE, NEW YORK, NY",Speed,36,40.860564993164,-73.823714979842,2026-08-03,2026-07-27,2026-08-24,41,high_sustained,2026
2034,"ERSKINE ST AND GATE WAY DR, NEW YORK, NY",Red Light,7,40.652905898473,-73.866817491998,2026-03-02,2026-02-16,2026-07-20,1133,high_sustained,2026
2035,"ERSKINE ST AND SEAV IEW AVE, NEW YORK, NY",Red Light,7,40.652905898473,-73.866817491998,2026-06-01,2026-06-01,2026-07-20,1105,high_sustained,2026
2036,"ESSEX ST AND DELANC EY ST, NEW YORK, NY",Red Light,7,40.718459003008,-73.988256013947,2026-02-02,2026-02-02,2026-07-20,127,high_sustained,2026
2037,"ESSEX ST AND HESTER ST, NEW YORK, NY",Speed,36,40.715540005227,-73.989756961348,2020-11-09,2020-09-28,2024-11-25,1093,high_sustained,2020
2038,"ESSEX ST. CANAL S T - RIVINGTN ST, NEW YORK, NY",Speed,36,40.718362150048,-73.988305464964,2018-02-26,2018-02-26,2020-03-09,26,low_fallback,2018
2039,"ESSEX ST. E3 ST- RIVINGTN ST, NEW YORK, NY",Speed,36,40.718362150048,-73.988305464964,2016-10-03,2016-10-03,2020-02-24,36,low_fallback,2016
2040,"ESSEX ST. RIVINGT N ST- E3 ST, NEW YORK, NY",Speed,36,40.718362150048,-73.988305464964,2016-07-11,2016-07-11,2020-03-16,163,low_fallback,2016
2041,"ESSEX ST. RIVINGT N ST. - CANAL ST, NEW YORK, NY",Speed,36,40.715185790938,-73.992831743337,2018-03-12,2018-03-12,2020-10-12,7,low_fallback,2018
2042,"ETNA ST AND LOGAN S T, NEW YORK, NY",Speed,36,40.685582999459,-73.878762039299,2021-12-27,2021-12-27,2026-08-24,3782,high_sustained,2021
2043,"EUCLID AVE AND BLAK E AVE, NEW YORK, NY",Speed,36,40.671347007468,-73.870958990357,2020-11-30,2020-11-30,2025-02-24,9673,high_sustained,2020
2044,"EVERGREEN AVE AND J EFFERSON ST, NEW YORK, NY",Speed,36,40.699356017029,-73.931569035133,2022-08-29,2022-08-29,2026-08-24,2542,high_sustained,2022
2045,"EXTERIOR ST AND E 1 38TH ST, NEW YORK, NY",Red Light,7,40.813797996758,-73.931369964933,2025-09-01,2025-09-01,2026-07-20,1546,high_sustained,2025
2046,"FAIRVIEW AVE KNOX PL - VICTORY BLVD, NEW YORK, NY",Speed,36,40.857293495882,-73.930535568508,2023-04-24,2023-04-24,2023-04-24,1,low_fallback,2023
2047,"FALCON AVE AND OAK AVE, NEW YORK, NY",Speed,36,40.56082901571,-74.11602999741,2024-08-19,2024-07-29,2026-08-24,1019,high_sustained,2024
2048,"FALCON AVE. ADELA IDE AVE - PENN AVE, NEW YORK, NY",Speed,36,40.56136053342,-74.124057864155,2023-03-27,2023-03-27,2024-04-22,84,low_fallback,2023
2049,"FALCON AVE. PENN AVE - ADELAIDE AVE, NEW YORK, NY",Speed,36,40.56136053342,-74.124057864155,2023-07-03,2023-07-03,2024-05-20,3,low_fallback,2023
2050,"FARMERS BLVD AND 11 1TH AVE, NEW YORK, NY",Speed,36,40.701743979334,-73.765425967875,2019-11-25,2019-11-25,2026-08-24,3759,high_sustained,2019
2051,"FARMERS BLVD AND 11 5TH DR, NEW YORK, NY",Speed,36,40.694609009984,-73.761975976528,2021-08-30,2021-08-30,2026-08-24,4819,high_sustained,2021
2052,"FARMERS BLVD AND 11 8TH AVE, NEW YORK, NY",Speed,36,40.690247989581,-73.762207987608,2020-07-27,2020-07-27,2026-08-24,7382,high_sustained,2020
2053,"FARMERS BLVD AND 11 9TH DR, NEW YORK, NY",Speed,36,40.68714199154,-73.761475996003,2019-07-08,2019-07-08,2026-08-24,8732,high_sustained,2019
2054,"FARMERS BLVD AND 12 0TH AVE, NEW YORK, NY",Red Light,7,40.686456980503,-73.761170978547,2026-01-26,2026-01-26,2026-07-20,2240,high_sustained,2026
2055,"FARMERS BLVD AND 17 6TH ST, NEW YORK, NY",Speed,36,40.662178001675,-73.770116983806,2020-10-26,2020-10-26,2026-08-24,42884,high_sustained,2020
2056,"FARMERS BLVD AND 17 7TH ST, NEW YORK, NY",Speed,36,40.662808991346,-73.769556988855,2024-07-29,2024-07-29,2026-08-24,6253,high_sustained,2024
2057,"FARMERS BLVD AND BE DELL ST, NEW YORK, NY",Red Light,7,40.673778010846,-73.763802979963,2026-01-26,2026-01-26,2026-07-20,1362,high_sustained,2026
2058,"FARMERS BLVD AND BE NNETT CT, NEW YORK, NY",Speed,36,40.678281020689,-73.762337990926,2021-08-30,2021-08-30,2026-08-24,16012,high_sustained,2021
2059,"FARMERS BLVD AND LI NDEN BLVD, NEW YORK, NY",Red Light,7,40.691660298357,-73.762397921534,2026-03-16,2026-01-12,2026-07-20,1754,high_sustained,2026
2060,"FARMERS BLVD AND ME RRICK BLVD, NEW YORK, NY",Red Light,7,40.679252483267,-73.761737176106,2026-01-05,2026-01-05,2026-07-20,1084,high_sustained,2026
2061,"FARMERS BLVD AND RO CKAWAY BLVD, NEW YORK, NY",Red Light,7,40.659654001081,-73.773951033956,2026-06-29,2026-06-29,2026-07-20,170,high_sustained,2026
2062,"FARMERS BLVD AND SU FFOLK DR, NEW YORK, NY",Speed,36,40.693792989801,-73.762289962621,2022-07-25,2022-07-25,2026-08-24,6594,high_sustained,2022
2063,"FARMERS BV. 135 A V - 140 AV, NEW YORK, NY",Speed,36,40.65934865366,-73.774249130131,2016-09-26,2016-09-26,2021-09-20,11,low_fallback,2016
2064,"FARMERS BV. 144 A V- 177 PL, NEW YORK, NY",Speed,36,40.65934865366,-73.774249130131,2018-04-16,2016-09-19,2024-02-05,1019,high_sustained,2018
2065,"FARMRS BV. 140 AV - 135 AV, NEW YORK, NY",Speed,36,40.671592239681,-73.858093917413,2016-09-12,2016-09-12,2021-08-23,600,low_fallback,2016
2066,"FARMRS BV. 177 PL - 144 AV, NEW YORK, NY",Speed,36,40.66494398056,-73.770305384638,2016-09-19,2016-09-19,2020-09-14,444,low_fallback,2016
2067,"FARRAGUT RD AND BRO OKLYN AVE, NEW YORK, NY",Speed,36,40.636627991049,-73.942251016359,2022-08-29,2022-08-29,2026-08-24,1472,high_sustained,2022
2068,"FARRAGUT RD AND E 2 3RD ST, NEW YORK, NY",Speed,36,40.63560900308,-73.955303986536,2023-02-20,2021-10-25,2023-08-21,257,high_sustained,2023
2069,"FARRAGUT RD AND E 3 4TH ST, NEW YORK, NY",Speed,36,40.636511985509,-73.944152031999,2020-09-28,2020-09-28,2024-08-26,1455,high_sustained,2020
2070,"FARRAGUT RD AND E 8 6TH ST, NEW YORK, NY",Speed,36,40.641400981993,-73.912293004763,2025-06-30,2025-06-30,2026-08-17,236,high_sustained,2025
2071,"FARRAGUT RD AND E 8 9TH ST, NEW YORK, NY",Speed,36,40.642703990751,-73.910055036615,2021-06-28,2021-06-28,2026-08-03,1973,high_sustained,2021
2072,"FARRAGUT RD AND UTI CA AVE, NEW YORK, NY",Speed,36,40.637458009011,-73.928858998198,2020-03-16,2020-02-03,2024-01-01,443,high_sustained,2020
2073,"FARRAGUT RD. E38 ST- E45 ST, NEW YORK, NY",Speed,36,40.642835036881,-73.909869322756,2019-02-11,2019-02-11,2020-02-17,17,low_fallback,2019
2074,"FARRAGUT RD. E45 ST- E38 ST, NEW YORK, NY",Speed,36,40.642835036881,-73.909869322756,2018-10-01,2018-10-01,2018-11-26,23,low_fallback,2018
2075,"FARRINGTON ST AND 3 1ST DR, NEW YORK, NY",Speed,36,40.768427006327,-73.83338995922,2022-06-27,2022-06-27,2026-08-24,1705,high_sustained,2022
2076,"FATHER CAPODANNO BLV D AND PARK AND R, NEW YORK, NY",Red Light,7,40.584487331871,-74.072312774025,2016-05-30,2016-05-23,2026-07-20,9896,high_sustained,2016
2077,"FATHER CAPODANNO BLV D AND SAND LN, NEW YORK, NY",Red Light,7,40.590377990431,-74.06668799653,2017-07-10,2017-07-10,2026-07-20,11876,high_sustained,2017
2078,"FATHER CAPODANNO BLVD AND ALEX CIR, NEW YORK, NY",Speed,36,40.59217699831,-74.064507025324,2019-07-08,2019-07-08,2026-08-24,10619,high_sustained,2019
2079,"FATHER CAPODANNO BLVD AND SAND LN, NEW YORK, NY",Speed,36,40.590377990431,-74.06668799653,2020-06-29,2020-06-29,2026-08-24,18128,high_sustained,2020
2080,"FATHER CAPODANNO BLVD. SEAVER AVE - S, NEW YORK, NY",Speed,36,40.584487331871,-74.072312774025,2024-05-06,2024-05-06,2024-05-06,6,low_fallback,2024
2081,"FDR DR AND E HOUSTO N ST, NEW YORK, NY",Speed,36,40.718869087621,-73.974806412111,2021-10-25,2021-10-25,2026-08-24,87344,high_sustained,2021
2082,"FIELDSTON RD AND FA RADAY AVE, NEW YORK, NY",Speed,36,40.904755979266,-73.900356001174,2025-01-27,2025-01-27,2026-07-27,124,low_fallback,2025
2083,"FILLMORE AV. E38 ST - FLATBUSH AV, NEW YORK, NY",Speed,36,40.688072340883,-73.980803496195,2017-02-13,2017-02-13,2022-06-13,241,low_fallback,2017
2084,"FILLMORE AV. FLAT BUSH AV - E38 ST, NEW YORK, NY",Speed,36,40.607610105128,-73.938987303798,2016-10-17,2016-10-17,2022-06-27,141,low_fallback,2016
2085,"FILLMORE AV. GERR ITSN AV- MARINE PKY, NEW YORK, NY",Speed,36,40.608573048659,-73.937504596048,2019-02-11,2019-02-11,2021-05-17,3,low_fallback,2019
2086,"FILLMORE AV. MARI NE PKY- GERRITSN AV, NEW YORK, NY",Speed,36,40.607610105128,-73.938987303798,2019-01-07,2019-01-07,2020-02-24,39,low_fallback,2019
2087,"FILLMORE AVE AND E 31ST ST, NEW YORK, NY",Speed,36,40.609057983667,-73.936766988568,2021-07-05,2021-06-28,2023-12-25,866,high_sustained,2021
2088,"FILLMORE AVE AND E 38TH ST, NEW YORK, NY",Speed,36,40.612328979472,-73.931710018745,2022-08-01,2022-07-25,2024-01-22,356,high_sustained,2022
2089,"FILLMORE AVE AND RY DER ST, NEW YORK, NY",Speed,36,40.612784996914,-73.931012979676,2022-08-01,2022-07-25,2026-08-24,2090,high_sustained,2022
2090,"FLATBUSH AVE AND AV E M, NEW YORK, NY",Speed,36,40.694228132238,-73.983512107225,2016-07-04,2016-06-20,2026-08-24,25655,high_sustained,2016
2091,"FLATBUSH AVE AND AV E T, NEW YORK, NY",Speed,36,40.694228132238,-73.983512107225,2026-06-15,2026-06-15,2026-08-24,6755,high_sustained,2026
2092,"FLATBUSH AVE AND AV E U, NEW YORK, NY",Red Light,7,40.694228132238,-73.983512107225,2026-03-30,2026-03-30,2026-07-20,2800,high_sustained,2026
2093,"FLATBUSH AVE AND AVENUE H, NEW YORK, NY",Red Light,7,40.631715986241,-73.946492007909,2016-05-30,2016-05-30,2022-03-14,3415,high_sustained,2016
2094,"FLATBUSH AVE AND AVIATOR SPORTS COMP, NEW YORK, NY",Red Light,7,40.590608,-73.902783,2019-05-20,2019-05-20,2026-07-20,18223,high_sustained,2019
2095,"FLATBUSH AVE AND BERGEN ST, NEW YORK, NY",Red Light,7,40.680840979647,-73.975119979109,2016-05-30,2016-05-23,2026-07-20,18198,high_sustained,2016
2096,"FLATBUSH AVE AND DE AN ST, NEW YORK, NY",Speed,36,40.681814998706,-73.975820035662,2020-03-30,2020-03-30,2026-07-13,33065,high_sustained,2020
2097,"FLATBUSH AVE AND DEAN ST, NEW YORK, NY",Red Light,7,40.681814998706,-73.975820035662,2016-05-30,2016-05-23,2026-07-13,28941,high_sustained,2016
2098,"FLATBUSH AVE AND DU RYEA PL, NEW YORK, NY",Speed,36,40.645313989672,-73.958047970179,2021-10-04,2021-10-04,2026-07-20,339,low_fallback,2021
2099,"FLATBUSH AVE AND E 28TH ST, NEW YORK, NY",Speed,36,40.634985808579,-73.949948704778,2020-06-29,2020-06-29,2026-08-24,16745,high_sustained,2020
2100,"FLATBUSH AVE AND E 36TH ST, NEW YORK, NY",Speed,36,40.626389999234,-73.940852998728,2021-06-28,2021-06-28,2026-08-24,16467,high_sustained,2021
2101,"FLATBUSH AVE AND E 37TH ST, NEW YORK, NY",Speed,36,40.625456800044,-73.939865359077,2021-06-28,2021-06-28,2026-08-24,15541,high_sustained,2021
2102,"FLATBUSH AVE AND E 48TH ST, NEW YORK, NY",Speed,36,40.615091990035,-73.928560015712,2021-06-28,2021-06-28,2026-08-24,43557,high_sustained,2021
2103,"FLATBUSH AVE AND EASTERN PKWY, NEW YORK, NY",Red Light,7,40.673099998698,-73.969437970766,2016-05-23,2016-05-23,2026-07-20,47722,high_sustained,2016
2104,"FLATBUSH AVE AND FA RRAGUT RD, NEW YORK, NY",Speed,36,40.63607038494,-73.951044135704,2019-07-08,2019-07-08,2026-08-24,16774,high_sustained,2019
2105,"FLATBUSH AVE AND FL ATLANDS AVE, NEW YORK, NY",Speed,36,40.621221005275,-73.93538003505,2016-07-04,2016-06-13,2026-08-24,35048,high_sustained,2016
2106,"FLATBUSH AVE AND GLENWOOD RD, NEW YORK, NY",Red Light,7,40.633941004348,-73.94884396994,2016-05-30,2016-05-30,2026-07-13,47692,high_sustained,2016
2107,"FLATBUSH AVE AND LA FAYETTE ST, NEW YORK, NY",Speed,36,40.686659990198,-73.979418973429,2024-11-25,2024-11-25,2026-08-24,2958,high_sustained,2024
2108,"FLATBUSH AVE AND LI NCOLN RD, NEW YORK, NY",Speed,36,40.660901982645,-73.96087602431,2020-06-29,2020-06-29,2026-08-24,18143,high_sustained,2020
2109,"FLATBUSH AVE AND OC EAN AVE, NEW YORK, NY",Speed,36,40.663083498675,-73.96239096949,2019-11-25,2019-11-25,2026-08-24,78172,high_sustained,2019
2110,"FLATBUSH AVE AND PA RK PL, NEW YORK, NY",Speed,36,40.694228132238,-73.983512107225,2025-04-28,2025-04-28,2026-08-10,4108,high_sustained,2025
2111,"FLATBUSH AVE AND PL AZA ST W, NEW YORK, NY",Speed,36,40.694228132238,-73.983512107225,2020-11-30,2020-11-30,2021-03-08,4146,high_sustained,2020
2112,"FLATBUSH AVE AND SC HENECTADY AVE, NEW YORK, NY",Speed,36,40.61597799911,-73.929551008125,2021-06-28,2021-06-28,2026-08-24,42592,high_sustained,2021
2113,"FLATBUSH AVE EXT AND BRIDGE ST, NEW YORK, NY",Speed,36,40.697249980037,-73.985021018416,2016-06-13,2016-06-13,2026-08-24,139308,high_sustained,2016
2114,"FLATBUSH AVE EXT AND CATHEDRAL PL, NEW YORK, NY",Speed,36,40.696764416386,-73.984962093637,2019-07-01,2019-07-01,2026-08-24,37850,high_sustained,2019
2115,"FLATBUSH AVE EXT AND CHAPEL ST, NEW YORK, NY",Speed,36,40.697220014733,-73.985163007856,2016-06-13,2016-06-13,2019-06-17,21768,high_sustained,2016
2116,"FLATBUSH AVE EXTENSI ON AND TILLARY S, NEW YORK, NY",Red Light,7,40.696112010952,-73.984660009846,2017-07-10,2017-07-10,2026-04-13,22965,high_sustained,2017
2117,"FLATBUSH AVE ST M ARKS AVE - STERLING, NEW YORK, NY",Speed,36,40.694228132238,-73.983512107225,2023-08-07,2023-08-07,2024-01-08,38,low_fallback,2023
2118,"FLATBUSH AVE STER LING PL - ST MARKS A, NEW YORK, NY",Speed,36,40.694228132238,-73.983512107225,2023-08-14,2023-08-14,2023-08-14,2,low_fallback,2023
2119,"FLATBUSH AVE. AVE K - AVE I, NEW YORK, NY",Speed,36,40.694228132238,-73.983512107225,2017-10-30,2017-10-30,2017-10-30,6,low_fallback,2017
2120,"FLATLANDS AV. BER RIMAN ST- JEROME ST, NEW YORK, NY",Speed,36,40.640915063692,-73.904836359713,2016-06-20,2016-06-20,2016-08-15,348,low_fallback,2016
2121,"FLATLANDS AV. E10 0 ST- E94 ST, NEW YORK, NY",Speed,36,40.640915063692,-73.904836359713,2016-06-20,2016-06-20,2016-06-27,138,low_fallback,2016
2122,"FLATLANDS AV. E43 ST- RYDR ST, NEW YORK, NY",Speed,36,40.640915063692,-73.904836359713,2016-09-12,2016-09-12,2019-06-10,2,low_fallback,2016
2123,"FLATLANDS AV. RYD R ST- E43 ST, NEW YORK, NY",Speed,36,40.640915063692,-73.904836359713,2016-10-10,2016-10-10,2020-03-02,106,low_fallback,2016
2124,"FLATLANDS AVE AND E 100 ST, NEW YORK, NY",Speed,36,40.645205988849,-73.898364963894,2016-09-05,2016-09-05,2026-08-24,49702,high_sustained,2016
2125,"FLATLANDS AVE AND E 103RD ST, NEW YORK, NY",Red Light,7,40.646611005369,-73.896208970759,2026-01-05,2026-01-05,2026-07-20,2242,high_sustained,2026
2126,"FLATLANDS AVE AND E 37TH ST, NEW YORK, NY",Speed,36,40.618412019973,-73.939722028533,2020-11-30,2020-11-30,2026-08-24,48181,high_sustained,2020
2127,"FLATLANDS AVE AND E 48TH ST, NEW YORK, NY",Speed,36,40.625032005191,-73.92947699592,2021-04-26,2021-04-26,2026-08-17,3590,high_sustained,2021
2128,"FLATLANDS AVE AND E 52ND ST, NEW YORK, NY",Speed,36,40.627445993306,-73.925847967121,2023-10-30,2023-10-30,2026-08-24,19323,high_sustained,2023
2129,"FLATLANDS AVE AND E 58TH ST, NEW YORK, NY",Speed,36,40.630962997969,-73.920425965414,2016-06-13,2016-06-13,2026-07-20,45687,high_sustained,2016
2130,"FLATLANDS AVE AND E 59TH ST, NEW YORK, NY",Red Light,7,40.631521987092,-73.919552990198,2026-01-12,2026-01-05,2026-07-20,1583,high_sustained,2026
2131,"FLATLANDS AVE AND E 77TH ST, NEW YORK, NY",Speed,36,40.63413299184,-73.915519031657,2016-06-13,2016-06-13,2026-08-24,36270,high_sustained,2016
2132,"FLATLANDS AVE AND E 80TH ST, NEW YORK, NY",Red Light,7,40.635554017795,-73.913329007995,2026-01-19,2026-01-19,2026-07-20,1980,high_sustained,2026
2133,"FLATLANDS AVE AND E 86TH ST, NEW YORK, NY",Speed,36,40.638382993936,-73.908934962893,2021-08-30,2021-08-30,2026-08-24,4045,high_sustained,2021
2134,"FLATLANDS AVE AND E 88TH ST, NEW YORK, NY",Speed,36,40.639315983578,-73.907496963585,2021-08-30,2021-08-30,2026-08-24,10977,high_sustained,2021
2135,"FLATLANDS AVE AND E 96TH ST, NEW YORK, NY",Speed,36,40.643179999033,-73.90150599829,2016-06-13,2016-06-13,2026-08-24,22569,high_sustained,2016
2136,"FLATLANDS AVE AND E LTON ST, NEW YORK, NY",Speed,36,40.65768898961,-73.874941986927,2016-06-20,2016-06-13,2026-08-24,42010,high_sustained,2016
2137,"FLATLANDS AVE AND E SSEX ST, NEW YORK, NY",Speed,36,40.658410000921,-73.873283040651,2016-09-05,2016-09-05,2026-08-24,21926,high_sustained,2016
2138,"FLATLANDS AVE AND H ENDRIX ST, NEW YORK, NY",Speed,36,40.655250987343,-73.880622989442,2025-05-26,2025-05-26,2026-08-24,10045,high_sustained,2025
2139,"FLATLANDS AVE AND P ENNSYLVANIA AVE, NEW YORK, NY",Red Light,7,40.652788007005,-73.886413040518,2026-03-30,2026-03-30,2026-07-20,504,high_sustained,2026
2140,"FLATLANDS AVE AND S CHENCK AVE, NEW YORK, NY",Red Light,7,40.655496996201,-73.879732998963,2026-06-01,2026-06-01,2026-07-20,141,high_sustained,2026
2141,"FLATLANDS AVE AND U TICA AVE, NEW YORK, NY",Red Light,7,40.626269006462,-73.927668013576,2026-03-09,2026-01-12,2026-07-20,271,high_sustained,2026
2142,"FLATLANDS AVE AND W ILLIAMS AVE, NEW YORK, NY",Speed,36,40.650066989777,-73.891317040609,2020-08-31,2020-08-31,2026-08-24,41791,high_sustained,2020
2143,"FLUSHING AV. CYPR ESS AV - STEWART AV, NEW YORK, NY",Speed,36,40.700119322282,-73.947155134385,2021-10-18,2021-10-18,2021-10-18,5,low_fallback,2021
2144,"FLUSHING AVE AND 54 TH PL, NEW YORK, NY",Speed,36,40.715326979158,-73.912799020257,2023-09-11,2023-09-11,2026-08-24,1102,high_sustained,2023
2145,"FLUSHING AVE AND 58 TH DR, NEW YORK, NY",Speed,36,40.719756982624,-73.906172958159,2021-06-28,2021-06-28,2026-08-24,18157,high_sustained,2021
2146,"FLUSHING AVE AND 59 TH AVE, NEW YORK, NY",Speed,36,40.717619010581,-73.910275983582,2022-08-29,2022-08-29,2026-08-24,9821,high_sustained,2022
2147,"FLUSHING AVE AND BU SHWICK AVE, NEW YORK, NY",Red Light,7,40.701891291282,-73.937039232784,2026-01-05,2026-01-05,2026-07-20,924,high_sustained,2026
2148,"FLUSHING AVE AND HA LL ST, NEW YORK, NY",Speed,36,40.700119322282,-73.947155134385,2021-04-26,2021-04-26,2026-08-24,22923,high_sustained,2021
2149,"FLUSHING AVE AND JO HNSON AVE, NEW YORK, NY",Speed,36,40.709394016633,-73.921897995249,2021-10-25,2021-10-25,2026-08-24,4616,high_sustained,2021
2150,"FLUSHING AVE AND LE E AVE, NEW YORK, NY",Speed,36,40.699427891848,-73.953379585386,2024-10-28,2024-10-28,2026-08-24,911,high_sustained,2024
2151,"FLUSHING AVE AND MA RCY AVE, NEW YORK, NY",Red Light,7,40.699783997005,-73.95008097121,2026-01-19,2026-01-19,2026-07-20,756,high_sustained,2026
2152,"FLUSHING AVE AND NO LL ST, NEW YORK, NY",Speed,36,40.704185082905,-73.930117792417,2021-11-29,2021-11-29,2026-08-24,1929,high_sustained,2021
2153,"FLUSHING AVE AND NO STRAND AVE, NEW YORK, NY",Speed,36,40.699427891848,-73.953379585386,2024-05-27,2024-05-27,2026-08-24,5454,high_sustained,2024
2154,"FLUSHING AVE AND ST ANWIX ST, NEW YORK, NY",Speed,36,40.702314996488,-73.935346004523,2022-08-29,2022-08-29,2026-08-24,3560,high_sustained,2022
2155,"FLUSHING AVE AND TH ROOP AVE, NEW YORK, NY",Speed,36,40.700439000828,-73.944398040857,2021-11-29,2021-11-29,2026-08-17,1810,high_sustained,2021
2156,"FLUSHING AVE AND WA VERLY AVE, NEW YORK, NY",Speed,36,40.697773220342,-73.968753001638,2022-08-29,2022-08-29,2026-08-24,3954,high_sustained,2022
2157,"FLUSHNG AV. SPENC R ST- CLASSN AV, NEW YORK, NY",Speed,36,40.806162692996,-73.857366592097,2019-09-16,2019-09-16,2019-09-16,1,low_fallback,2019
2158,"FOCH BLVD AND 144TH ST, NEW YORK, NY",Speed,36,40.679366980064,-73.79729899289,2021-09-27,2021-09-27,2026-08-24,3889,high_sustained,2021
2159,"FOCH BLVD AND 164TH ST, NEW YORK, NY",Speed,36,40.684546996227,-73.782134034569,2020-09-28,2020-09-28,2026-08-24,5749,high_sustained,2020
2160,"FOCH BLVD AND GUY R BREWER BLVD, NEW YORK, NY",Red Light,7,40.684283008186,-73.783017990078,2026-02-02,2026-02-02,2026-07-20,1249,high_sustained,2026
2161,"FOCH BLVD AND GUY R BREWER BLVD, NEW YORK, NY",Speed,36,40.684283008186,-73.783017990078,2026-07-27,2026-07-27,2026-08-24,30,low_fallback,2026
2162,"FOOTE AV CLOVE RD - GRAND AV, NEW YORK, NY",Speed,36,40.664716133249,-73.949809114111,2018-06-18,2018-06-18,2019-08-12,46,low_fallback,2018
2163,"FOOTE AV GRAND AV - CLOVE RD, NEW YORK, NY",Speed,36,40.664716133249,-73.949809114111,2018-04-30,2018-04-30,2019-07-15,30,low_fallback,2018
2164,"FORBELL ST AND MCKI NLEY AVE, NEW YORK, NY",Speed,36,40.680859000739,-73.864674993728,2023-07-10,2023-07-10,2026-04-27,58,low_fallback,2023
2165,"FOREST AV. VAN NA ME AV - MLK EXPWY, NEW YORK, NY",Speed,36,40.631289474841,-74.153707431616,2016-06-20,2016-06-20,2016-06-27,7,low_fallback,2016
2166,"FOREST AVE AND BROA DWAY, NEW YORK, NY",Red Light,7,40.628937008152,-74.116193025427,2026-01-12,2026-01-12,2026-07-20,323,high_sustained,2026
2167,"FOREST AVE AND BROA DWAY, NEW YORK, NY",Speed,36,40.628937008152,-74.116193025427,2020-09-28,2020-09-28,2026-08-24,4210,high_sustained,2020
2168,"FOREST AVE AND CRYS TAL AVE, NEW YORK, NY",Speed,36,40.624591997184,-74.141285006954,2024-11-25,2024-11-25,2026-08-24,12679,high_sustained,2024
2169,"FOREST AVE AND DECK ER AVE, NEW YORK, NY",Red Light,7,40.624643001065,-74.141679040222,2025-09-01,2025-09-01,2026-07-20,1780,high_sustained,2025
2170,"FOREST AVE AND EUNI CE PL, NEW YORK, NY",Speed,36,40.625473019027,-74.152266976494,2016-09-12,2016-09-05,2018-11-19,1930,high_sustained,2016
2171,"FOREST AVE AND GRAN DVIEW AVE, NEW YORK, NY",Speed,36,40.707124993534,-73.903235017277,2023-04-24,2023-04-24,2026-06-29,4245,high_sustained,2023
2172,"FOREST AVE AND GREE NWOOD AVE, NEW YORK, NY",Speed,36,40.631557987366,-74.098478040704,2019-07-29,2019-07-29,2026-06-22,2320,high_sustained,2019
2173,"FOREST AVE AND MADI SON ST, NEW YORK, NY",Speed,36,40.705828019746,-73.902450974054,2020-03-30,2020-03-30,2026-08-17,602,high_sustained,2020
2174,"FOREST AVE AND MORN INGSTAR RD, NEW YORK, NY",Speed,36,40.625063982152,-74.148797958227,2016-09-26,2016-06-20,2018-11-19,1518,high_sustained,2016
2175,"FOREST AVE AND RAYM OND PL, NEW YORK, NY",Speed,36,40.627283007199,-74.123675969487,2020-02-24,2020-02-24,2026-08-24,7852,high_sustained,2020
2176,"FOREST AVE AND RICH MOND AVE, NEW YORK, NY",Speed,36,40.625063982152,-74.148797958227,2021-01-11,2021-01-11,2025-01-27,1496,high_sustained,2021
2177,"FOREST AVE AND S OUTH AVE, NEW YORK, NY",Red Light,7,40.627329987766,-74.166563988741,2016-05-30,2016-05-30,2026-07-20,29238,high_sustained,2016
2178,"FOREST AVE AND SIMO NSON AVE, NEW YORK, NY",Speed,36,40.625571003475,-74.153130983074,2024-01-29,2024-01-29,2026-08-24,3616,high_sustained,2024
2179,"FOREST HILL RD AND STONE LN, NEW YORK, NY",Speed,36,40.577828982183,-74.157342973238,2023-09-11,2023-08-21,2026-08-24,9920,high_sustained,2023
2180,"FOREST HILL RD AND UXBRIDGE ST, NEW YORK, NY",Speed,36,40.602139979881,-74.140355034797,2020-06-29,2020-06-29,2026-08-24,2822,high_sustained,2020
2181,"FOREST PKWY AND 85T H DR, NEW YORK, NY",Speed,36,40.694402018885,-73.86174099234,2020-04-27,2020-04-27,2026-08-24,3735,high_sustained,2020
2182,"FORT HAMILTON PKW Y AND 44TH ST, NEW YORK, NY",Red Light,7,40.64077099815,-73.994079005902,2026-01-12,2026-01-12,2026-07-20,785,high_sustained,2026
2183,"FORT HAMILTON PKW Y AND 76TH ST, NEW YORK, NY",Speed,36,40.625264016271,-74.017253962353,2023-05-29,2023-05-29,2026-08-24,1560,high_sustained,2023
2184,"FORT HAMILTON PKW Y AND 88TH ST, NEW YORK, NY",Speed,36,40.6193999949,-74.025377032359,2024-10-28,2024-10-28,2026-08-24,890,high_sustained,2024
2185,"FORT HAMILTON PKW Y AND BAY RIDGE PKWY, NEW YORK, NY",Red Light,7,40.625776988746,-74.016496992678,2026-06-01,2026-06-01,2026-07-20,508,high_sustained,2026
2186,"FORT HAMILTON PKW Y AND BILLS PL, NEW YORK, NY",Speed,36,40.646623997319,-73.983083038583,2020-07-27,2020-07-27,2026-08-24,101399,high_sustained,2020
2187,"FOSTER AVE AND CONE Y ISLAND AVE, NEW YORK, NY",Red Light,7,40.63230900589,-73.966773279927,2026-02-02,2026-02-02,2026-07-20,761,high_sustained,2026
2188,"FOSTER AVE AND CONE Y ISLAND AVE, NEW YORK, NY",Speed,36,40.63230900589,-73.966773279927,2026-07-27,2026-07-27,2026-08-24,17,low_fallback,2026
2189,"FOSTER AVE AND E 10 0TH ST, NEW YORK, NY",Speed,36,40.64976201423,-73.903475996993,2019-11-25,2019-11-25,2023-12-25,1947,high_sustained,2019
2190,"FOSTER AVE AND E 18 TH ST, NEW YORK, NY",Speed,36,40.635369993111,-73.960409990493,2020-03-30,2020-03-30,2023-08-14,1047,high_sustained,2020
2191,"FOSTER AVE AND E 28 TH ST, NEW YORK, NY",Speed,36,40.638480014465,-73.950173004507,2022-08-22,2020-11-02,2024-07-29,311,high_sustained,2022
2192,"FOSTER AVE AND E 38 TH ST, NEW YORK, NY",Speed,36,40.639077015519,-73.940598021234,2019-07-29,2019-07-29,2024-12-30,3739,high_sustained,2019
2193,"FOSTER AVE AND E 83 RD ST, NEW YORK, NY",Red Light,7,40.64205141768,-73.916758631317,2026-03-30,2026-03-30,2026-07-20,2854,high_sustained,2026
2194,"FOSTER AVE AND E 89 TH ST, NEW YORK, NY",Speed,36,40.644558989743,-73.912125031423,2022-08-29,2022-08-29,2026-08-24,10228,high_sustained,2022
2195,"FOSTER AVE AND E NE W YORK AVE, NEW YORK, NY",Red Light,7,40.638824510686,-73.94535869078,2026-02-09,2026-01-12,2026-07-20,277,high_sustained,2026
2196,"FOSTER AVE AND EAST 83RD ST, NEW YORK, NY",Red Light,7,40.64205141768,-73.916758631317,2026-01-05,2026-01-05,2026-07-20,1881,high_sustained,2026
2197,"FOSTER AVE AND SCHE NECTADY AVE, NEW YORK, NY",Speed,36,40.639612996317,-73.932010007059,2021-08-30,2021-08-30,2026-08-17,2298,high_sustained,2021
2198,"FOSTER AVE. E 93 ST - E 96 ST, NEW YORK, NY",Speed,36,40.627667754919,-73.976561575315,2024-01-22,2024-01-22,2024-01-22,1,low_fallback,2024
2199,"FOSTER AVE. E93 S T- E99 ST, NEW YORK, NY",Speed,36,40.649101103205,-73.904487223893,2016-09-12,2016-09-12,2020-02-10,45,low_fallback,2016
2200,"FOSTR AV. UTICA A V - KINGS HWY, NEW YORK, NY",Speed,36,40.647610539908,-73.924586510692,2020-12-28,2020-12-28,2021-03-01,3,low_fallback,2020
2201,"FOUNTAIN AVE AND DU MONT AVE, NEW YORK, NY",Speed,36,40.669330992116,-73.873806993418,2019-08-26,2019-08-26,2023-07-17,242,high_sustained,2019
2202,"FOUNTAIN AVE AND ST ANLEY AVE, NEW YORK, NY",Speed,36,40.66502998614,-73.870624971516,2020-04-27,2020-04-27,2023-04-24,2954,high_sustained,2020
2203,"FOUNTAIN AVE AND WO RTMAN AVE, NEW YORK, NY",Speed,36,40.66356000987,-73.869548986605,2023-10-02,2023-10-02,2026-08-24,2631,high_sustained,2023
2204,"FOUR CORNERS RD AND HILLTOP TERR, NEW YORK, NY",Speed,36,40.592476986625,-74.109225987508,2024-02-26,2024-02-26,2026-08-24,3375,high_sustained,2024
2205,"FOWLER AVE AND MORR IS PARK AVE, NEW YORK, NY",Speed,36,40.847003995835,-73.858704983191,2026-06-15,2026-06-15,2026-08-10,17,low_fallback,2026
2206,"FRANCIS LEWIS BLV D 86TH RD - GRAND CE, NEW YORK, NY",Speed,36,40.768682109458,-73.791761694506,2024-04-22,2024-04-22,2025-06-23,11856,high_sustained,2024
2207,"FRANCIS LEWIS BLV D AND 104TH AVE, NEW YORK, NY",Red Light,7,40.710308985184,-73.752516998794,2026-02-02,2026-01-19,2026-07-20,571,high_sustained,2026
2208,"FRANCIS LEWIS BLV D AND 109TH AVE, NEW YORK, NY",Speed,36,40.70881600059,-73.751895983588,2020-10-26,2020-10-26,2026-08-24,34048,high_sustained,2020
2209,"FRANCIS LEWIS BLV D AND 111TH AVE, NEW YORK, NY",Red Light,7,40.705634984516,-73.750511963736,2026-01-26,2026-01-26,2026-07-20,1356,high_sustained,2026
2210,"FRANCIS LEWIS BLV D AND 114TH DR, NEW YORK, NY",Speed,36,40.700234985305,-73.748084983671,2016-06-13,2016-06-13,2026-08-24,41005,high_sustained,2016
2211,"FRANCIS LEWIS BLV D AND 115TH AVE, NEW YORK, NY",Red Light,7,40.699535012571,-73.747773009235,2026-02-02,2026-02-02,2026-07-20,862,high_sustained,2026
2212,"FRANCIS LEWIS BLV D AND 116TH AVE, NEW YORK, NY",Speed,36,40.697516985562,-73.746862986007,2016-09-05,2016-09-05,2026-08-24,38464,high_sustained,2016
2213,"FRANCIS LEWIS BLV D AND 128TH AVE, NEW YORK, NY",Speed,36,40.683439998274,-73.734707969117,2021-08-30,2021-08-30,2026-08-24,114249,high_sustained,2021
2214,"FRANCIS LEWIS BLV D AND 137TH AVE, NEW YORK, NY",Speed,36,40.672456980996,-73.741613986782,2022-06-27,2022-06-27,2026-08-24,8908,high_sustained,2022
2215,"FRANCIS LEWIS BLV D AND 17TH RD, NEW YORK, NY",Speed,36,40.782642001651,-73.804199981412,2019-07-08,2019-07-08,2026-08-24,113827,high_sustained,2019
2216,"FRANCIS LEWIS BLV D AND 250TH ST, NEW YORK, NY",Speed,36,40.662106001127,-73.732493973213,2020-10-26,2020-10-26,2026-08-24,17078,high_sustained,2020
2217,"FRANCIS LEWIS BLV D AND 255TH ST, NEW YORK, NY",Speed,36,40.659834002452,-73.73045901476,2024-09-30,2024-09-30,2026-08-24,5190,high_sustained,2024
2218,"FRANCIS LEWIS BLV D AND 25TH AVE, NEW YORK, NY",Speed,36,40.774423000763,-73.797952026966,2021-09-27,2021-09-27,2026-08-24,29104,high_sustained,2021
2219,"FRANCIS LEWIS BLV D AND 25TH DR, NEW YORK, NY",Speed,36,40.773650985571,-73.796941001805,2021-12-27,2021-12-27,2026-08-24,28351,high_sustained,2021
2220,"FRANCIS LEWIS BLV D AND 28TH AVE, NEW YORK, NY",Speed,36,40.771542014913,-73.794112025664,2024-12-30,2024-12-30,2026-08-24,4441,high_sustained,2024
2221,"FRANCIS LEWIS BLV D AND 33RD AVE, NEW YORK, NY",Speed,36,40.767359990053,-73.790605959385,2021-09-27,2021-09-27,2026-08-24,5043,high_sustained,2021
2222,"FRANCIS LEWIS BLV D AND 34TH AVE, NEW YORK, NY",Speed,36,40.766115989893,-73.789696019976,2021-09-27,2021-09-27,2026-08-24,2726,high_sustained,2021
2223,"FRANCIS LEWIS BLV D AND 42ND RD, NEW YORK, NY",Speed,36,40.75904099306,-73.784215009671,2016-09-05,2016-09-05,2026-08-24,33177,high_sustained,2016
2224,"FRANCIS LEWIS BLV D AND 49TH AVE, NEW YORK, NY",Speed,36,40.751093984931,-73.779522987911,2024-02-19,2024-02-12,2026-08-24,1175,high_sustained,2024
2225,"FRANCIS LEWIS BLV D AND 53RD AVE, NEW YORK, NY",Speed,36,40.74872299598,-73.778404003837,2020-09-28,2020-09-28,2026-08-24,4282,high_sustained,2020
2226,"FRANCIS LEWIS BLV D AND 86TH RD, NEW YORK, NY",Speed,36,40.723575987259,-73.762546029763,2025-06-23,2025-06-23,2026-08-24,17984,high_sustained,2025
2227,"FRANCIS LEWIS BLV D AND 89TH AVE, NEW YORK, NY",Speed,36,40.719559002071,-73.758367986306,2016-09-05,2016-09-05,2019-01-21,4845,high_sustained,2016
2228,"FRANCIS LEWIS BLV D AND 90TH AVE, NEW YORK, NY",Speed,36,40.718118991106,-73.757293007224,2024-04-01,2024-04-01,2026-08-24,11075,high_sustained,2024
2229,"FRANCIS LEWIS BLV D AND 93RD AVE, NEW YORK, NY",Speed,36,40.716278995721,-73.755915022341,2016-07-04,2016-06-13,2018-10-15,24509,high_sustained,2016
2230,"FRANCIS LEWIS BLV D AND FOOTHILL AVE, NEW YORK, NY",Speed,36,40.72176398743,-73.760069009736,2024-10-28,2024-10-28,2026-08-24,23862,high_sustained,2024
2231,"FRANCIS LEWIS BLV D AND HORACE HARDING E, NEW YORK, NY",Speed,36,40.743778008383,-73.776043995179,2017-07-03,2016-09-05,2023-06-05,666,high_sustained,2017
2232,"FRANCIS LEWIS BLV D AND MERRICK BLVD, NEW YORK, NY",Speed,36,40.675763013156,-73.739553966438,2019-08-26,2019-08-26,2026-08-24,9229,high_sustained,2019
2233,"FRANCIS LEWIS BLV D AND STATION RD, NEW YORK, NY",Speed,36,40.761440983397,-73.785230980155,2016-06-13,2016-06-13,2026-08-24,87898,high_sustained,2016
2234,"FRANCIS LEWIS BLV D AND UNION TPKE, NEW YORK, NY",Red Light,7,40.731819002299,-73.770213040416,2026-03-30,2026-03-30,2026-07-20,2847,high_sustained,2026
2235,"FRANCIS LEWIS BLV D GRAND CENTRAL PKWY, NEW YORK, NY",Speed,36,40.766891166151,-73.889192576021,2023-11-27,2023-11-27,2024-10-21,7007,high_sustained,2023
2236,"FRANCIS LEWIS BLVD AND HILLSIDE AVE, NEW YORK, NY",Red Light,7,40.721034007483,-73.759482025057,2016-05-30,2016-05-30,2026-07-20,18423,high_sustained,2016
2237,"FRANCIS LWS BV 73 AV - HORACE HRDNG E, NEW YORK, NY",Speed,36,40.656178584894,-73.976045011208,2016-07-11,2016-07-11,2016-08-01,254,high_sustained,2016
2238,"FRANCIS LWS BV HO RACE HRDNG EXPY - 73, NEW YORK, NY",Speed,36,40.792175094379,-73.828176384066,2016-07-11,2016-07-11,2016-08-01,25,low_fallback,2016
2239,"FRANCIS LWS BV. 2 45 ST- CANEY LN, NEW YORK, NY",Speed,36,40.651818489589,-74.014008697868,2016-09-12,2016-09-12,2020-09-28,306,low_fallback,2016
2240,"FRANCIS LWS BV. C ANEY LN- 245 ST, NEW YORK, NY",Speed,36,40.661263121591,-73.73249058455,2016-10-10,2016-09-12,2020-03-02,2039,high_sustained,2016
2241,"FRANCS LWS BV. 35 AV - 33 AV, NEW YORK, NY",Speed,36,40.764986611283,-73.797782236474,2016-09-05,2016-06-20,2018-01-15,574,high_sustained,2016
2242,"FRANKLIN AVE AND E BUCHANAN ST, NEW YORK, NY",Speed,36,40.643366999292,-74.092224973297,2024-02-26,2024-02-26,2026-08-24,2296,high_sustained,2024
2243,"FRANKLIN AVE AND GR EENE AVE, NEW YORK, NY",Speed,36,40.830645584756,-73.903143208764,2020-03-30,2020-03-30,2026-08-17,3791,high_sustained,2020
2244,"FRANKLIN AVE AND JE FFERSON AVE, NEW YORK, NY",Speed,36,40.682599000019,-73.955965989249,2021-12-27,2021-12-27,2026-08-24,3766,high_sustained,2021
2245,"FRANKLIN AVE. E16 8 ST- E169 ST, NEW YORK, NY",Speed,36,40.69949375479,-73.972673859015,2019-02-11,2019-02-11,2021-09-27,4,low_fallback,2019
2246,"FRANKLIN AVE. E16 9 ST- E168 ST, NEW YORK, NY",Speed,36,40.674567459135,-73.997556138992,2019-04-29,2019-04-29,2019-04-29,1,low_fallback,2019
2247,"FRANKLIN ST AND BAN KER ST, NEW YORK, NY",Speed,36,40.727358991619,-73.957180024105,2020-03-16,2020-03-02,2023-05-15,462,high_sustained,2020
2248,"FRANKLIN ST AND N 1 5TH ST, NEW YORK, NY",Speed,36,40.725076012651,-73.957596017959,2022-10-03,2022-09-26,2026-08-24,1120,high_sustained,2022
2249,"FRANKLN AVE. MONR OE ST- BREVRT PL, NEW YORK, NY",Speed,36,40.711592707594,-73.994327163906,2016-07-25,2016-06-20,2021-11-08,409,high_sustained,2016
2250,"FREDERICK DOUGLAS BLVD AND W 135TH ST, NEW YORK, NY",Speed,36,40.816508913793,-73.946558727858,2020-11-02,2020-11-02,2021-10-11,1078,high_sustained,2020
2251,"FREDERICK DOUGLAS BLVD AND W 152ND ST, NEW YORK, NY",Speed,36,40.827255016578,-73.938689964795,2021-04-26,2021-04-26,2021-10-25,1554,high_sustained,2021
2252,"FREDERICK DOUGLAS S BLVD AND W 120TH ST, NEW YORK, NY",Speed,36,40.806978983249,-73.953502967001,2021-11-22,2021-10-25,2024-12-23,1015,high_sustained,2021
2253,"FREDERICK DOUGLAS S BLVD AND W 135TH ST, NEW YORK, NY",Speed,36,40.816508913793,-73.946558727858,2021-10-25,2021-10-18,2026-08-24,5251,high_sustained,2021
2254,"FREDERICK DOUGLAS S BLVD AND W 152ND ST, NEW YORK, NY",Speed,36,40.827255016578,-73.938689964795,2021-11-01,2021-11-01,2026-08-24,7904,high_sustained,2021
2255,"FREDRCK DGLS BV. E155 ST- HRLM RVR DR, NEW YORK, NY",Speed,36,40.820097919658,-73.915619888592,2017-12-18,2017-12-18,2018-05-21,38,low_fallback,2017
2256,"FREDRCK DGLS BV. HRLM RVR DR- E155 ST, NEW YORK, NY",Speed,36,40.820097919658,-73.915619888592,2016-09-26,2016-09-26,2018-04-30,10,low_fallback,2016
2257,"FREDRCK DGLS BV. W155 ST- HRLM RVR DR, NEW YORK, NY",Speed,36,40.829188103776,-73.937327065876,2018-12-10,2018-12-10,2019-01-07,65,low_fallback,2018
2258,"FREDRCK DOUGLS BV . W137 ST- W144 ST, NEW YORK, NY",Speed,36,40.816999811142,-73.943702306379,2018-04-30,2018-04-30,2020-03-02,116,low_fallback,2018
2259,"FREDRCK DOUGLS BV . W144 ST- W137 ST, NEW YORK, NY",Speed,36,40.816999811142,-73.943702306379,2018-05-07,2018-05-07,2020-03-09,144,low_fallback,2018
2260,"FRESH POND RD AND 5 9TH AVE, NEW YORK, NY",Speed,36,40.719408002086,-73.902492967389,2019-08-26,2019-08-26,2026-08-24,16174,high_sustained,2019
2261,"FRESH POND RD AND 5 9TH RD, NEW YORK, NY",Speed,36,40.718689002431,-73.902296998493,2020-06-29,2020-06-29,2026-08-24,8026,high_sustained,2020
2262,"FRESH POND RD AND 7 0TH AVE, NEW YORK, NY",Speed,36,40.702593988135,-73.89520297474,2025-03-03,2025-02-24,2026-08-24,755,high_sustained,2025
2263,"FRNCS LWS BV. 33 AV - 35 AV, NEW YORK, NY",Speed,36,40.764986611283,-73.797782236474,2017-11-27,2016-06-13,2018-05-21,939,high_sustained,2017
2264,"FRNCS LWS BV. LIN DEN BV - 114 RD, NEW YORK, NY",Speed,36,40.652128393134,-73.954525726826,2016-06-13,2016-06-13,2016-06-13,3,low_fallback,2016
2265,"FRONT ST AND PROSPE CT ST, NEW YORK, NY",Speed,36,40.628739991518,-74.074513006059,2024-02-26,2024-02-26,2026-06-22,130,low_fallback,2024
2266,"FRONT ST AND WATER ST, NEW YORK, NY",Speed,36,40.627325000534,-74.074242019129,2019-12-30,2019-12-30,2026-08-24,7712,high_sustained,2019
2267,"FT HAMILTN PKY. 4 0 ST- 47 ST, NEW YORK, NY",Speed,36,40.608307261407,-74.028387413434,2016-07-11,2016-07-11,2019-12-23,23,low_fallback,2016
2268,"FT HAMILTN PKY. 4 7 ST- 40 ST, NEW YORK, NY",Speed,36,40.673724000312,-73.992337938174,2016-06-20,2016-06-20,2020-02-24,4,low_fallback,2016
2269,"FT HAMILTON PKWY 72 ST - 76 ST, NEW YORK, NY",Speed,36,40.635444427799,-74.002044931227,2016-09-12,2016-09-12,2025-03-31,193,low_fallback,2016
2270,"FT HAMILTON PKWY 76 ST - 72 ST, NEW YORK, NY",Speed,36,40.635444427799,-74.002044931227,2016-09-19,2016-06-27,2023-06-26,517,high_sustained,2016
2271,"FT HAMILTON PKWY AND 41ST ST, NEW YORK, NY",Speed,36,40.642198981085,-73.991932987232,2021-09-27,2021-09-27,2026-08-24,3584,high_sustained,2021
2272,"FT HAMILTON PKWY AND 55TH ST, NEW YORK, NY",Speed,36,40.635497984772,-74.001964029857,2020-03-30,2020-03-30,2026-08-24,4022,high_sustained,2020
2273,"FT HAMILTON PKWY AND CHESTER AVE, NEW YORK, NY",Speed,36,40.645766989629,-73.985288987861,2020-01-27,2020-01-27,2026-08-24,41558,high_sustained,2020
2274,"FT HAMILTON PKWY AND E 2ND ST, NEW YORK, NY",Speed,36,40.648130979691,-73.979255023403,2020-03-30,2020-03-30,2023-08-07,606,high_sustained,2020
2275,"FT HAMILTON PKY. E5 ST- MCDONAD AV, NEW YORK, NY",Speed,36,40.635444427799,-74.002044931227,2018-09-24,2018-09-24,2019-12-23,14,low_fallback,2018
2276,"FT HAMLTN PKY. 59 ST - 65 ST, NEW YORK, NY",Speed,36,40.626452479098,-74.13323317825,2017-01-16,2017-01-16,2020-02-24,19,low_fallback,2017
2277,"FT HAMLTN PKY. 65 ST - 59 ST, NEW YORK, NY",Speed,36,40.626268287293,-74.13329239384,2016-09-19,2016-09-19,2019-01-28,17,low_fallback,2016
2278,"FT WASHINGTON AV W190 ST - W187 ST, NEW YORK, NY",Speed,36,40.8590172,-73.9341624,2017-10-30,2017-10-30,2017-10-30,1,low_fallback,2017
2279,"FT. HAMILTN AV. 4 5 ST - 38 ST, NEW YORK, NY",Speed,36,40.677374694097,-73.996381632368,2018-07-09,2018-07-09,2018-07-09,2,low_fallback,2018
2280,"FT. HAMILTN PKWY. 45 ST - 38 ST, NEW YORK, NY",Speed,36,40.60818429733,-74.028586499653,2020-02-24,2020-02-24,2021-03-08,3,low_fallback,2020
2281,"FT. HAMILTN PKY. 48 ST- 55 ST, NEW YORK, NY",Speed,36,40.608149460312,-74.028442510288,2018-10-01,2018-10-01,2018-10-01,1,low_fallback,2018
2282,"FT. HAMILTN PKY. 55 ST- 48 ST, NEW YORK, NY",Speed,36,40.608148047812,-74.028599156311,2016-06-13,2016-06-13,2020-02-03,42,low_fallback,2016
2283,"FT. HAMILTON PKWY . 86TH ST - 95TH ST, NEW YORK, NY",Speed,36,40.635444427799,-74.002044931227,2023-03-20,2023-03-20,2024-04-08,16,low_fallback,2023
2284,"FT. HAMILTON PKWY . 95TH ST - 86TH ST, NEW YORK, NY",Speed,36,40.635444427799,-74.002044931227,2024-02-26,2024-02-26,2024-02-26,3,low_fallback,2024
2285,"FT. WASHNGTN AV. W170 ST - W178 ST, NEW YORK, NY",Speed,36,40.732711946452,-74.001456703898,2016-10-31,2016-10-31,2019-07-15,11,low_fallback,2016
2286,"FT. WASHNGTN AV. W178 ST - W170 ST, NEW YORK, NY",Speed,36,40.732759846019,-74.001552382882,2016-09-26,2016-09-26,2023-05-08,17,low_fallback,2016
2287,"FULTN ST. HOWRD A V - THOMAS S BOYLND, NEW YORK, NY",Speed,36,40.7130466,-74.0072301,2016-06-20,2016-06-20,2021-09-27,453,low_fallback,2016
2288,"FULTN ST. THOMAS S BOYLND ST - HOWRD, NEW YORK, NY",Speed,36,40.662537297183,-73.911834306252,2016-06-13,2016-06-13,2021-05-03,115,low_fallback,2016
2289,"FULTON ST AND IRVIN G PL, NEW YORK, NY",Speed,36,40.681950995085,-73.959588983077,2021-11-15,2021-08-30,2026-08-24,4654,high_sustained,2021
2290,"FULTON ST AND RALPH AVE, NEW YORK, NY",Speed,36,40.678872992601,-73.921713006646,2021-10-04,2021-09-27,2026-08-17,1745,high_sustained,2021
2291,"FULTON ST AND ROCKA WAY AVE, NEW YORK, NY",Speed,36,40.678282990436,-73.910826004069,2023-06-26,2023-06-26,2026-08-24,1674,high_sustained,2023
2292,"FULTON ST AND SACKM AN ST, NEW YORK, NY",Speed,36,40.678017996567,-73.90598503589,2022-08-15,2022-06-27,2026-08-24,1513,high_sustained,2022
2293,"FULTON ST. EASTRN PKY- WLLIAMS PL, NEW YORK, NY",Speed,36,40.709359,-74.0064781,2016-07-18,2016-07-18,2022-03-14,112,low_fallback,2016
2294,"FULTON ST. LEWIS AV - SUMPTR ST, NEW YORK, NY",Speed,36,40.709217941279,-74.005751661472,2016-07-04,2016-07-04,2022-01-10,208,low_fallback,2016
2295,"FULTON ST. LEWIS AV- UTICA AV, NEW YORK, NY",Speed,36,43.101552491124,-75.227009018523,2022-02-14,2022-02-14,2025-09-08,25,low_fallback,2022
2296,"FULTON ST. SUMPTR ST - LEWIS AV, NEW YORK, NY",Speed,36,40.709217941279,-74.005751661472,2016-08-08,2016-08-08,2021-10-25,91,low_fallback,2016
2297,"FULTON ST. UTICA AV - LEWIS AV, NEW YORK, NY",Speed,36,40.709217941279,-74.005751661472,2022-05-02,2022-05-02,2022-11-28,6,low_fallback,2022
2298,"FULTON ST. UTICA AV- TROY AV, NEW YORK, NY",Speed,36,42.732272369917,-73.687640675176,2016-07-25,2016-07-25,2016-07-25,2,low_fallback,2016
2299,"FULTON ST. WLLIAM S PL- EASTRN PKY, NEW YORK, NY",Speed,36,40.709217941279,-74.005751661472,2019-11-04,2019-11-04,2021-10-18,9,low_fallback,2019
2300,"FURMAN ST AND DOUGH TY ST, NEW YORK, NY",Speed,36,40.702505014233,-73.995037979444,2022-07-25,2022-07-25,2026-08-24,8592,high_sustained,2022
2301,"FURMAN ST AND MONTA GUE ST, NEW YORK, NY",Speed,36,40.69581181309,-73.998331564478,2021-08-30,2021-08-30,2026-08-24,36588,high_sustained,2021
2302,"FURMANVILLE AVE AND 77TH ST, NEW YORK, NY",Speed,36,40.717197987585,-73.877398974205,2024-04-01,2024-04-01,2026-08-24,862,high_sustained,2024
2303,"FURMANVILLE AVE AND 82ND PL, NEW YORK, NY",Speed,36,40.718158008865,-73.870521035916,2021-12-27,2021-12-27,2026-08-24,4901,high_sustained,2021
2304,"GARFIELD AV. 70 S T - 68 ST, NEW YORK, NY",Speed,36,40.606293322879,-74.066750076259,2021-06-07,2021-06-07,2021-06-07,7,low_fallback,2021
2305,"GARRISON AVE AND BA RRETTO ST, NEW YORK, NY",Speed,36,40.818132991352,-73.890998025374,2021-07-26,2021-07-26,2025-03-24,1430,high_sustained,2021
2306,"GARRISON AVE AND E 156TH ST, NEW YORK, NY",Speed,36,40.813566991507,-73.895289978895,2024-04-29,2024-04-29,2026-08-24,1499,high_sustained,2024
2307,"GATES AV. FRANKLI N AV - CAMBRIDGE PL, NEW YORK, NY",Speed,36,43.030939648815,-73.368001909721,2022-03-07,2022-03-07,2023-06-19,6,low_fallback,2022
2308,"GATES AV. STYVESN T AV - LEWIS AV, NEW YORK, NY",Speed,36,40.695747375316,-73.937601966195,2018-12-10,2018-12-10,2019-06-03,13,low_fallback,2018
2309,"GATES AVE AND CENTR AL AVE, NEW YORK, NY",Red Light,7,43.051080002008,-75.144629997734,2026-01-05,2026-01-05,2026-07-20,636,high_sustained,2026
2310,"GATES AVE AND LEWIS AVE, NEW YORK, NY",Speed,36,40.687895985641,-73.936028039984,2019-11-25,2019-11-25,2026-08-24,6071,high_sustained,2019
2311,"GATES AVE AND ST NI CHOLAS AVE, NEW YORK, NY",Speed,36,40.701045012428,-73.910677979659,2025-03-31,2025-03-31,2026-08-10,150,low_fallback,2025
2312,"GATES AVE AND THROO P AVE, NEW YORK, NY",Red Light,7,40.687223002635,-73.941788000028,2026-06-29,2026-06-29,2026-07-20,90,high_sustained,2026
2313,"GATES AVE AND WILSO N AVE, NEW YORK, NY",Speed,36,40.695353993538,-73.916315983011,2025-04-28,2025-04-28,2026-08-24,421,high_sustained,2025
2314,"GATES AVE. CENTRL AV- KNICKRBCKR AV, NEW YORK, NY",Speed,36,40.686216725561,-73.9505907826,2022-02-21,2022-02-21,2022-11-21,2,low_fallback,2022
2315,"GATES AVE. KNICKR BCKR AV- CENTRL AV, NEW YORK, NY",Speed,36,40.686216725561,-73.9505907826,2016-08-15,2016-08-15,2021-07-19,11,low_fallback,2016
2316,"GATEWAY DR AND ERSK INE ST, NEW YORK, NY",Red Light,7,40.652905898473,-73.866817491998,2026-06-01,2026-06-01,2026-07-20,1516,high_sustained,2026
2317,"GATLING PL AND 88TH ST, NEW YORK, NY",Speed,36,40.618993011591,-74.024534986366,2021-11-29,2021-11-29,2026-08-24,15287,high_sustained,2021
2318,"GENESSE AV. POMPE Y AV - RICHMND AV, NEW YORK, NY",Speed,36,40.549667974047,-74.172022549259,2018-02-05,2018-02-05,2024-11-11,72,low_fallback,2018
2319,"GEORGIA AVE AND ATL ANTIC AVE, NEW YORK, NY",Speed,36,40.675723995397,-73.898809037124,2019-09-02,2019-08-26,2024-12-30,1078,high_sustained,2019
2320,"GERARD AV. E138 S T - E144 ST, NEW YORK, NY",Speed,36,40.82073554963,-73.928560129743,2016-07-11,2016-07-11,2017-09-11,16,low_fallback,2016
2321,"GERARD AV. E140 S T - E144 ST, NEW YORK, NY",Speed,36,40.82073554963,-73.928560129743,2018-05-28,2018-05-28,2019-07-29,7,low_fallback,2018
2322,"GERARD AVE AND E 16 4TH ST, NEW YORK, NY",Speed,36,40.830333982981,-73.923286038415,2022-01-03,2021-12-27,2024-11-25,760,high_sustained,2022
2323,"GERRITSEN AVE AND A VE U, NEW YORK, NY",Red Light,7,40.601279840527,-73.934529506893,2026-01-26,2026-01-26,2026-07-20,815,high_sustained,2026
2324,"GERRITSEN AVE AND D EVON AVE, NEW YORK, NY",Speed,36,40.594059992858,-73.926594040322,2016-09-05,2016-06-13,2024-01-29,3929,high_sustained,2016
2325,"GERRITSEN AVE AND F ORD ST, NEW YORK, NY",Speed,36,40.601279840527,-73.934529506893,2021-06-28,2021-06-28,2026-08-24,26272,high_sustained,2021
2326,"GERRITSEN AVE AND J IMMY QUINN WAY, NEW YORK, NY",Speed,36,40.601279840527,-73.934529506893,2021-06-28,2021-06-28,2026-08-24,9909,high_sustained,2021
2327,"GERRITSEN AVE AND W HITNEY AVE, NEW YORK, NY",Speed,36,40.598472981061,-73.931417993238,2016-06-13,2016-06-13,2026-08-24,13526,high_sustained,2016
2328,"GIFFORDS LN AND FAI RFIELD ST, NEW YORK, NY",Speed,36,40.562136005872,-74.15513098899,2024-03-25,2024-03-25,2026-08-24,4255,high_sustained,2024
2329,"GIFFORDS LN AND GIB SON AVE, NEW YORK, NY",Speed,36,40.555782020351,-74.152325985093,2019-09-30,2019-09-30,2026-08-24,8143,high_sustained,2019
2330,"GLEASON AVE AND ZER EGA AVE, NEW YORK, NY",Speed,36,40.832759999127,-73.844919015581,2024-09-30,2024-09-30,2026-08-24,2767,high_sustained,2024
2331,"GLEN ST AND SOUTH A VE, NEW YORK, NY",Red Light,7,40.620552003673,-74.169205964622,2026-03-30,2026-03-30,2026-07-20,2571,high_sustained,2026
2332,"GLEN ST AND VICTORY BLVD, NEW YORK, NY",Speed,36,40.590413990705,-74.192934964873,2023-09-11,2023-08-14,2026-08-24,5219,high_sustained,2023
2333,"GLEN ST. EDWARD C URRY AVE - LOIS LANE, NEW YORK, NY",Speed,36,40.610273484809,-74.183472676517,2023-05-15,2023-05-15,2023-08-14,1185,low_fallback,2023
2334,"GLENWOOD RD AND E 1 01ST ST, NEW YORK, NY",Speed,36,40.647122008096,-73.899251014879,2021-12-27,2021-12-27,2026-08-24,2626,high_sustained,2021
2335,"GLENWOOD RD AND E 1 08TH ST, NEW YORK, NY",Speed,36,40.650411988911,-73.894209970671,2021-08-30,2021-08-30,2026-08-24,5679,high_sustained,2021
2336,"GLENWOOD RD AND E 8 7TH ST, NEW YORK, NY",Speed,36,40.640310999304,-73.909831994171,2020-06-01,2020-05-25,2024-03-11,1159,high_sustained,2020
2337,"GLENWOOD RD AND TRO Y AVE, NEW YORK, NY",Speed,36,40.634826007595,-73.934397005446,2021-08-30,2021-08-30,2026-08-24,7331,high_sustained,2021
2338,"GLENWOOD RD E 38T H ST - NEW YORK AVE, NEW YORK, NY",Speed,36,40.755132,-73.993007,2023-09-04,2023-09-04,2023-09-04,2,low_fallback,2023
2339,"GOETHALS AVE AND 16 5TH ST, NEW YORK, NY",Speed,36,40.71967601344,-73.801753974427,2021-09-27,2021-09-27,2024-04-29,1261,high_sustained,2021
2340,"GOETHALS RD N AND J ULES DR, NEW YORK, NY",Speed,36,40.619989997065,-74.164780990297,2016-06-13,2016-06-13,2026-08-24,276963,high_sustained,2016
2341,"GOETHALS RD N AND S OUTH AVE, NEW YORK, NY",Red Light,7,40.621562986924,-74.168478666883,2026-06-29,2026-06-29,2026-07-20,644,high_sustained,2026
2342,"GOLD ST AND SANDS S T, NEW YORK, NY",Speed,36,40.699731191015,-73.983003913417,2021-12-06,2021-12-06,2024-04-22,83,low_fallback,2021
2343,"GOULDEN AVE AND BED FORD PARK BLVD W, NEW YORK, NY",Speed,36,40.875590518525,-73.894074267658,2024-07-01,2024-06-24,2026-08-24,1650,high_sustained,2024
2344,"GOULDEN AVE AND BED FORD PARK BLVD, NEW YORK, NY",Speed,36,40.875590518525,-73.894074267658,2019-01-21,2019-01-21,2026-08-24,10748,high_sustained,2019
2345,"GOULDN AV. 1320' N/OF W205 ST - BDFD, NEW YORK, NY",Speed,36,40.862593166058,-73.918496651992,2016-10-17,2016-10-17,2017-08-14,201,low_fallback,2016
2346,"GOULDN AV. 3000 F EET S/OF SEDGWICK AV, NEW YORK, NY",Speed,36,40.881671125392,-73.896490785811,2017-10-16,2017-10-16,2018-10-01,82,low_fallback,2017
2347,"GOULDN AV. BDFD P K BV W - 1320' N/OF, NEW YORK, NY",Speed,36,40.7130466,-74.0072301,2016-07-11,2016-06-13,2017-08-14,1245,high_sustained,2016
2348,"GOULDN AV. W205 S T - 3000 FEET S/OF S, NEW YORK, NY",Speed,36,40.592151600531,-73.975846926567,2017-09-11,2017-09-11,2019-01-21,914,low_fallback,2017
2349,"GRAHAM AVE AND SCHO LES ST, NEW YORK, NY",Speed,36,40.708791986438,-73.94344300681,2025-04-28,2025-04-28,2026-08-17,153,low_fallback,2025
2350,"GRAND AV 72 ST - 73 ST, NEW YORK, NY",Speed,36,40.695249503182,-73.964455285822,2016-06-13,2016-06-13,2018-01-08,61,low_fallback,2016
2351,"GRAND AV 73 ST - 72 ST, NEW YORK, NY",Speed,36,40.695252530601,-73.964256948775,2016-06-27,2016-06-27,2018-01-01,9,low_fallback,2016
2352,"GRAND AVE AND 56TH ST, NEW YORK, NY",Speed,36,40.719045987688,-73.913406037685,2020-03-30,2020-03-30,2026-08-24,7200,high_sustained,2020
2353,"GRAND AVE AND 58TH AVE, NEW YORK, NY",Speed,36,40.721167992205,-73.906308996448,2021-09-27,2021-09-27,2026-08-24,4237,high_sustained,2021
2354,"GRAND AVE AND 74TH ST, NEW YORK, NY",Speed,36,40.730094006625,-73.888050026208,2020-02-03,2020-01-27,2024-12-30,1116,high_sustained,2020
2355,"GRAND AVE AND CALAM US AVE, NEW YORK, NY",Speed,36,40.733563988811,-73.883826971931,2022-07-25,2022-07-18,2026-08-24,1600,high_sustained,2022
2356,"GRAND AVE AND HASPE L ST, NEW YORK, NY",Speed,36,40.734877013944,-73.882102982086,2021-08-30,2021-08-30,2024-06-24,1223,high_sustained,2021
2357,"GRAND CENTRAL PKW Y AND 159TH ST, NEW YORK, NY",Speed,36,40.716026993802,-73.80663701976,2022-01-03,2022-01-03,2026-08-24,4714,high_sustained,2022
2358,"GRAND CENTRAL PKW Y AND 164TH PL, NEW YORK, NY",Speed,36,40.716539002357,-73.801923037414,2016-06-13,2016-06-13,2026-08-24,50421,high_sustained,2016
2359,"GRAND CENTRAL PKW Y AND 164TH ST, NEW YORK, NY",Red Light,7,40.716326018198,-73.80322198095,2025-09-01,2025-09-01,2026-07-20,1175,high_sustained,2025
2360,"GRAND CENTRAL PKW Y AND 168TH ST, NEW YORK, NY",Red Light,7,40.717537999487,-73.798089993092,2025-09-01,2025-09-01,2026-07-20,2406,high_sustained,2025
2361,"GRAND CENTRAL PKW Y AND 168TH ST, NEW YORK, NY",Speed,36,40.717537999487,-73.798089993092,2022-01-03,2021-12-27,2026-08-24,8891,high_sustained,2022
2362,"GRAND CENTRAL PKW Y AND 64TH RD, NEW YORK, NY",Speed,36,40.733620985753,-73.844763028363,2024-07-29,2024-07-29,2026-08-24,3403,high_sustained,2024
2363,"GRAND CENTRAL PKW Y AND CHEVY CHASE ST, NEW YORK, NY",Speed,36,40.721712019631,-73.779734966243,2021-12-27,2021-12-27,2026-08-24,44971,high_sustained,2021
2364,"GRAND CENTRAL PKW Y AND DITMARS BLVD, NEW YORK, NY",Red Light,7,40.767240003109,-73.887754983216,2026-01-26,2026-01-26,2026-07-20,5242,high_sustained,2026
2365,"GRAND CENTRAL PKW Y AND HOMELAWN ST, NEW YORK, NY",Red Light,7,40.719737997614,-73.790527001857,2026-01-19,2026-01-19,2026-07-20,1704,high_sustained,2026
2366,"GRAND CENTRAL PKW Y AND JEWEL AVE, NEW YORK, NY",Speed,36,40.725559019822,-73.838367971516,2022-01-03,2021-12-27,2026-08-24,11056,high_sustained,2022
2367,"GRAND CENTRAL PKW Y AND MAIN ST, NEW YORK, NY",Red Light,7,40.715629984958,-73.816438984972,2026-04-27,2026-04-27,2026-07-20,485,high_sustained,2026
2368,"GRAND CENTRAL PKW Y AND PARSONS BLVD, NEW YORK, NY",Speed,36,40.715707014648,-73.807779976077,2022-01-03,2021-12-27,2026-08-24,7171,high_sustained,2022
2369,"GRAND CENTRAL PKW Y AND RADNOR ST, NEW YORK, NY",Speed,36,40.71967601344,-73.784322968584,2023-08-14,2023-08-14,2026-08-24,9927,high_sustained,2023
2370,"GRAND CENTRAL PKW Y SVC RD AND 72ND RD, NEW YORK, NY",Red Light,7,40.749124992056,-73.72916996187,2016-05-23,2016-05-23,2026-07-20,82486,high_sustained,2016
2371,"GRAND CONCOURSE AND 183RD ST, NEW YORK, NY",Red Light,7,40.857479991791,-73.900121978438,2026-01-05,2026-01-05,2026-07-20,1331,high_sustained,2026
2372,"GRAND CONCOURSE AND E 144TH ST, NEW YORK, NY",Red Light,7,40.816556020089,-73.928294979934,2026-02-02,2026-01-12,2026-07-20,697,high_sustained,2026
2373,"GRAND CONCOURSE AND E 149TH ST, NEW YORK, NY",Speed,36,40.81855300852,-73.927411024425,2025-01-27,2025-01-27,2026-08-24,1713,high_sustained,2025
2374,"GRAND CONCOURSE AND E 150TH ST, NEW YORK, NY",Speed,36,40.819502007598,-73.926949013922,2019-07-29,2019-07-29,2024-12-30,11099,high_sustained,2019
2375,"GRAND CONCOURSE AND E 156TH ST, NEW YORK, NY",Speed,36,40.823507090483,-73.924539803492,2024-06-24,2024-06-24,2026-08-24,9937,high_sustained,2024
2376,"GRAND CONCOURSE AND E 158TH ST, NEW YORK, NY",Red Light,7,40.825449596544,-73.923565910162,2026-03-16,2026-01-19,2026-07-20,655,high_sustained,2026
2377,"GRAND CONCOURSE AND E 162 ST, NEW YORK, NY",Red Light,7,40.827677715955,-73.922074182854,2016-05-30,2016-05-23,2026-07-20,42737,high_sustained,2016
2378,"GRAND CONCOURSE AND E 162ND ST, NEW YORK, NY",Red Light,7,40.827677715955,-73.922074182854,2016-05-30,2016-05-23,2026-07-20,54537,high_sustained,2016
2379,"GRAND CONCOURSE AND E 165TH ST, NEW YORK, NY",Red Light,7,40.830872310712,-73.92042713888,2026-06-29,2026-06-29,2026-07-20,904,high_sustained,2026
2380,"GRAND CONCOURSE AND E 167TH ST, NEW YORK, NY",Red Light,7,40.834467015618,-73.917680975943,2018-04-23,2018-04-23,2026-07-20,6673,high_sustained,2018
2381,"GRAND CONCOURSE AND E 167TH ST, NEW YORK, NY",Speed,36,40.834467015618,-73.917680975943,2024-06-24,2024-06-24,2026-08-24,8580,high_sustained,2024
2382,"GRAND CONCOURSE AND E 169TH ST, NEW YORK, NY",Red Light,7,40.836380017379,-73.915811979173,2026-01-05,2026-01-05,2026-07-20,3833,high_sustained,2026
2383,"GRAND CONCOURSE AND E 169TH ST, NEW YORK, NY",Speed,36,40.836380017379,-73.915811979173,2016-09-05,2016-09-05,2025-08-18,27679,high_sustained,2016
2384,"GRAND CONCOURSE AND E 170TH ST, NEW YORK, NY",Speed,36,40.838615009952,-73.913783977699,2025-09-01,2025-09-01,2026-08-24,2284,high_sustained,2025
2385,"GRAND CONCOURSE AND E 176TH ST, NEW YORK, NY",Speed,36,40.847832002141,-73.907578016588,2020-08-31,2020-08-31,2020-11-30,479,high_sustained,2020
2386,"GRAND CONCOURSE AND E 178TH ST, NEW YORK, NY",Speed,36,40.850570998551,-73.905330995985,2024-11-25,2024-09-02,2026-08-24,226,high_sustained,2024
2387,"GRAND CONCOURSE AND E 181ST ST, NEW YORK, NY",Speed,36,40.854616985123,-73.902074961877,2026-02-02,2026-02-02,2026-08-24,1712,high_sustained,2026
2388,"GRAND CONCOURSE AND E 182ND ST, NEW YORK, NY",Speed,36,40.856130002465,-73.900789010292,2024-06-24,2024-06-24,2026-02-02,7698,high_sustained,2024
2389,"GRAND CONCOURSE AND E 188TH ST, NEW YORK, NY",Speed,36,40.861295015021,-73.89754202864,2023-06-26,2023-06-26,2026-02-02,41970,high_sustained,2023
2390,"GRAND CONCOURSE AND E 193RD ST, NEW YORK, NY",Speed,36,40.865437980213,-73.895097027484,2016-06-13,2016-06-13,2019-06-24,2119,high_sustained,2016
2391,"GRAND CONCOURSE AND E 201ST ST, NEW YORK, NY",Speed,36,40.872665988688,-73.887220972165,2016-09-05,2016-09-05,2026-08-24,45778,high_sustained,2016
2392,"GRAND CONCOURSE AND E 203RD ST, NEW YORK, NY",Speed,36,40.873965979961,-73.886628958344,2016-09-05,2016-06-13,2026-08-24,36564,high_sustained,2016
2393,"GRAND CONCOURSE AND E FORDHAM RD, NEW YORK, NY",Speed,36,40.862448993541,-73.897070965682,2024-05-13,2024-03-18,2026-08-24,13496,high_sustained,2024
2394,"GRAND CONCOURSE AND E KINGSBRIDGE RD, NEW YORK, NY",Speed,36,40.866068005965,-73.894605009768,2016-06-20,2016-06-20,2026-02-16,18030,high_sustained,2016
2395,"GRAND CONCOURSE AND MARCY PL, NEW YORK, NY",Speed,36,40.837442004512,-73.914567015094,2016-09-05,2016-09-05,2026-08-24,48514,high_sustained,2016
2396,"GRAND CONCOURSE AND MINERVA PL, NEW YORK, NY",Speed,36,40.870609991658,-73.890551018478,2025-05-26,2025-05-26,2026-08-24,3699,high_sustained,2025
2397,"GRAND CONCOURSE AND MIRIAM ST, NEW YORK, NY",Speed,36,40.868535009617,-73.892266039686,2025-05-26,2025-05-26,2026-02-16,3689,high_sustained,2025
2398,"GRAND CONCOURSE S VC RD AND E 176TH ST, NEW YORK, NY",Speed,36,40.847832002141,-73.907578016588,2026-02-02,2026-02-02,2026-08-24,68,low_fallback,2026
2399,"GRAND CONCOURSE S VC RD AND EASTBURN AVE, NEW YORK, NY",Speed,36,40.846992009714,-73.908320988486,2024-06-03,2024-06-03,2026-01-26,259,high_sustained,2024
2400,"GRAND CONCOURSE. E149 ST - E151 ST, NEW YORK, NY",Speed,36,40.873098475071,-73.887020537948,2016-09-05,2016-06-20,2019-07-15,842,high_sustained,2016
2401,"GRAND CONCOURSE. E151 ST - E149 ST, NEW YORK, NY",Speed,36,40.873098475071,-73.887020537948,2016-09-12,2016-09-12,2017-01-30,28,low_fallback,2016
2402,"GRAND ST AND CLINTO N ST, NEW YORK, NY",Speed,36,40.715915891675,-73.986729082645,2022-08-01,2022-08-01,2024-12-30,445,high_sustained,2022
2403,"GRAND ST AND VANDER VOORT AVE, NEW YORK, NY",Speed,36,40.713788983744,-73.933178025267,2020-02-03,2020-01-27,2021-03-29,1387,high_sustained,2020
2404,"GRAND ST. LEWIS S T - PITT ST, NEW YORK, NY",Speed,36,40.715753114468,-73.986187559161,2020-12-28,2020-12-28,2021-10-25,4,low_fallback,2020
2405,"GRAND ST. PITT ST - LEWIS ST, NEW YORK, NY",Speed,36,40.715753114468,-73.986187559161,2016-10-24,2016-10-24,2022-01-17,4,low_fallback,2016
2406,"GREAVES AVE AND DEW EY AVE, NEW YORK, NY",Speed,36,40.55625299949,-74.146545992301,2023-11-06,2023-11-06,2025-07-07,10295,high_sustained,2023
2407,"GREELEY AVE AND SAN ILAC ST, NEW YORK, NY",Speed,36,40.57455698055,-74.102488027002,2021-05-24,2021-05-24,2026-08-24,15752,high_sustained,2021
2408,"GREELY AV. HYLAN BLVD - RUDYARD ST, NEW YORK, NY",Speed,36,40.611346253533,-74.071656580667,2020-11-02,2020-11-02,2020-11-16,222,high_sustained,2020
2409,"GREELY AV. RUDYAR D ST - HYLAN BLVD, NEW YORK, NY",Speed,36,40.611346253533,-74.071656580667,2020-11-16,2020-11-16,2020-11-16,7,low_fallback,2020
2410,"GREENPOINT AV. 37 ST - 43 ST, NEW YORK, NY",Speed,36,40.72998969384,-73.95896805169,2022-11-07,2022-11-07,2025-09-08,8,low_fallback,2022
2411,"GREENPOINT AV. 43 ST - 37 ST, NEW YORK, NY",Speed,36,40.729815201827,-73.958852085764,2022-03-21,2022-03-21,2026-02-09,21,low_fallback,2022
2412,"GREENWICH ST AND RE ADE ST, NEW YORK, NY",Speed,36,40.716890120281,-74.01076167543,2021-08-02,2020-08-31,2023-06-12,281,high_sustained,2021
2413,"GREENWOOD AVE AND E 3RD ST, NEW YORK, NY",Speed,36,40.650292001967,-73.97870902623,2022-01-10,2022-01-10,2024-02-19,63,low_fallback,2022
2414,"GRENADA PL AND ELY AVE, NEW YORK, NY",Speed,36,40.888028005552,-73.844672000895,2024-09-23,2024-09-23,2026-08-24,1393,high_sustained,2024
2415,"GUN HILL RD AND WHITE PLAINS RD, NEW YORK, NY",Red Light,7,40.877645006812,-73.86740598542,2016-09-12,2016-05-23,2026-07-20,19405,high_sustained,2016
2416,"GUN HILL ROAD AND EASTCHESTER RD, NEW YORK, NY",Red Light,7,40.868486017393,-73.842415005827,2016-05-30,2016-05-23,2026-07-20,35102,high_sustained,2016
2417,"GUY BREWER BLVD. 107 AV - 111 AV, NEW YORK, NY",Speed,36,40.696422853831,-73.796472621056,2021-04-26,2021-04-26,2022-12-05,21,low_fallback,2021
2418,"GUY BREWER BLVD. 111 AV - 107 AV, NEW YORK, NY",Speed,36,40.696422853831,-73.796472621056,2021-04-12,2021-04-12,2023-10-16,45,low_fallback,2021
2419,"GUY BREWER BV 119 AV - LINDEN BV, NEW YORK, NY",Speed,36,40.652501015308,-73.954426470052,2016-07-18,2016-06-13,2019-05-27,1333,high_sustained,2016
2420,"GUY BREWER BV 130 AV - 137 AVE, NEW YORK, NY",Speed,36,40.66833952694,-73.732316893692,2019-01-07,2019-01-07,2024-05-27,552,low_fallback,2019
2421,"GUY BREWER BV 137 AV - 130 AVE, NEW YORK, NY",Speed,36,40.678995854319,-73.730079195322,2021-10-04,2018-12-10,2024-06-24,1013,high_sustained,2021
2422,"GUY BREWER BV LIN DEN BV- 119 AV, NEW YORK, NY",Speed,36,40.652501015308,-73.954426470052,2016-06-20,2016-06-20,2019-01-28,604,low_fallback,2016
2423,"GUY R BREWER BLVD AND 120TH AVE, NEW YORK, NY",Speed,36,40.68091000462,-73.781045979718,2020-03-30,2020-03-30,2026-08-24,39206,high_sustained,2020
2424,"GUY R BREWER BLVD AND 137TH AVE, NEW YORK, NY",Speed,36,40.671840994932,-73.774498036958,2024-05-27,2024-05-27,2026-08-24,8445,high_sustained,2024
2425,"GUY R BREWER BLVD AND 146TH TERR, NEW YORK, NY",Speed,36,40.661002020659,-73.768065010089,2021-07-26,2021-07-26,2026-08-24,3351,high_sustained,2021
2426,"GUY R BREWER BLVD AND 160TH ST, NEW YORK, NY",Speed,36,40.686403001047,-73.784274018269,2019-07-29,2019-07-29,2025-01-27,2283,high_sustained,2019
2427,"GUY R BREWER BLVD AND FOCH BLVD, NEW YORK, NY",Red Light,7,40.684283008186,-73.783017990078,2026-06-29,2026-06-29,2026-07-20,164,high_sustained,2026
2428,"GUYON AVE AND ACORN ST, NEW YORK, NY",Speed,36,40.563977007085,-74.125975041709,2020-06-29,2020-06-29,2026-08-24,6782,high_sustained,2020
2429,"GUYON AVE AND MEDIN A ST, NEW YORK, NY",Speed,36,40.559988981374,-74.119389967117,2024-04-22,2024-04-22,2026-08-24,1529,high_sustained,2024
2430,"GUYON AVE AND WHITE HALL ST, NEW YORK, NY",Speed,36,40.562649984175,-74.12378996337,2019-12-30,2019-12-30,2026-08-24,10678,high_sustained,2019
2431,"HALSEY ST AND EVERG REEN AVE, NEW YORK, NY",Speed,36,40.688548013889,-73.912446980324,2020-03-30,2020-03-30,2024-02-19,1319,high_sustained,2020
2432,"HALSEY ST AND MARCY AVE, NEW YORK, NY",Speed,36,40.68217998868,-73.946580017892,2020-11-30,2020-11-30,2026-08-24,3474,high_sustained,2020
2433,"HALSEY ST AND TOMPK INS AVE, NEW YORK, NY",Speed,36,40.682507008632,-73.943744000953,2025-05-05,2025-04-28,2026-08-24,402,high_sustained,2025
2434,"HALSEY ST AND WILSO N AVE, NEW YORK, NY",Red Light,7,40.691502006115,-73.909552960614,2026-01-05,2026-01-05,2026-07-20,573,high_sustained,2026
2435,"HALSEY ST. HOWARD AV- PATCHEN AV, NEW YORK, NY",Speed,36,40.689028134762,-73.927284087319,2018-04-16,2018-04-16,2022-08-22,55,low_fallback,2018
2436,"HALSEY ST. PATCHE N AV- HOWARD AV, NEW YORK, NY",Speed,36,40.689028134762,-73.927284087319,2019-12-30,2019-12-30,2023-06-12,4,low_fallback,2019
2437,"HAMILTON AVE AND BU SH ST, NEW YORK, NY",Speed,36,40.672950004541,-73.999150979332,2024-03-25,2024-03-25,2026-08-24,93705,high_sustained,2024
2438,"HAMILTON AVE AND CLINTON ST, NEW YORK, NY",Red Light,7,40.676349201555,-74.001009833999,2016-05-23,2016-05-23,2026-07-20,61495,high_sustained,2016
2439,"HANCOCK ST AND WILS ON AVE, NEW YORK, NY",Speed,36,40.692348997431,-73.911032031249,2020-08-03,2020-08-03,2024-02-26,1315,high_sustained,2020
2440,"HARBOR RD AND NETHE RLAND AVE, NEW YORK, NY",Speed,36,40.628817985127,-74.160404966288,2024-06-24,2024-04-01,2026-08-24,735,high_sustained,2024
2441,"HARBOR RD. NETHER LAND AV - LEYDEN AVE, NEW YORK, NY",Speed,36,40.901296870919,-73.907262434008,2021-08-16,2021-08-16,2021-09-06,35,low_fallback,2021
2442,"HARDING AV. KEARN EY AV - PRENTISS AV, NEW YORK, NY",Speed,36,40.819890430978,-73.8096220074,2022-02-28,2022-02-28,2024-04-29,48,low_fallback,2022
2443,"HARDING AV. PENNY FIELD AV - REVERE AV, NEW YORK, NY",Speed,36,40.820469847273,-73.811042499534,2016-10-03,2016-10-03,2020-03-09,177,low_fallback,2016
2444,"HARDING AV. PRENT ISS AV - KEARNEY AV, NEW YORK, NY",Speed,36,40.837860793995,-73.824845880546,2022-05-30,2022-05-30,2026-03-16,53,low_fallback,2022
2445,"HARDING AV. REVER E AV - PENNYFIELD AV, NEW YORK, NY",Speed,36,40.820469847273,-73.811042499534,2016-06-20,2016-06-20,2020-03-02,262,low_fallback,2016
2446,"HARDING AVE AND CAL HOUN AVE, NEW YORK, NY",Speed,36,40.815666993528,-73.817625024271,2020-03-30,2020-03-30,2026-08-24,7242,high_sustained,2020
2447,"HARLEM RIVER DRIV EWAY AND W 155TH ST, NEW YORK, NY",Speed,36,40.828292319005,-73.935198399208,2020-03-23,2019-07-08,2025-03-24,1787,high_sustained,2020
2448,"HARMAN ST AND CENTR AL AVE, NEW YORK, NY",Speed,36,40.562751509977,-74.099201524676,2025-05-12,2025-05-12,2026-07-27,12,low_fallback,2025
2449,"HAROLD ST AND GOWER ST, NEW YORK, NY",Speed,36,40.601738989633,-74.123417974507,2025-04-28,2025-04-28,2026-08-24,971,high_sustained,2025
2450,"HAROLD ST AND WASHI NGTON AVE, NEW YORK, NY",Speed,36,40.600998993312,-74.135885971662,2021-05-24,2021-05-24,2026-08-24,8129,high_sustained,2021
2451,"HARRISON AVE AND HE WES ST, NEW YORK, NY",Speed,36,40.706094019444,-73.953787029699,2026-04-27,2026-04-27,2026-08-24,190,high_sustained,2026
2452,"HART BLVD AND GREGG PL, NEW YORK, NY",Speed,36,40.631988984827,-74.100655994425,2021-05-24,2021-05-24,2026-08-24,8212,high_sustained,2021
2453,"HARWAY AVE AND BAY 44TH ST, NEW YORK, NY",Speed,36,40.590549987085,-73.988904018881,2022-08-08,2022-07-25,2024-10-28,587,high_sustained,2022
2454,"HAZEN ST AND 74TH S T, NEW YORK, NY",Speed,36,40.771212019385,-73.896058012683,2023-11-20,2023-11-20,2026-08-24,3901,high_sustained,2023
2455,"HEBERTON AVE AND BO ND ST, NEW YORK, NY",Speed,36,40.635452010033,-74.132325003917,2021-01-04,2021-01-04,2025-02-24,421,low_fallback,2021
2456,"HEGEMAN AV. GEORG IA AV- MILLER AV, NEW YORK, NY",Speed,36,40.656378465518,-73.906562217269,2017-09-25,2017-09-25,2018-09-24,7,low_fallback,2017
2457,"HEGEMAN AV. MILLE R AV- GEORGIA AV, NEW YORK, NY",Speed,36,40.656378465518,-73.906562217269,2018-04-23,2018-04-23,2018-04-23,2,low_fallback,2018
2458,"HEMPSTEAD AVE AND 2 18TH ST, NEW YORK, NY",Speed,36,40.713976989833,-73.73808998323,2020-09-28,2020-09-28,2026-08-24,19340,high_sustained,2020
2459,"HEMPSTEAD AVE AND 2 20TH ST, NEW YORK, NY",Speed,36,40.71295402046,-73.734412004116,2020-12-28,2020-12-28,2026-08-24,9232,high_sustained,2020
2460,"HEMPSTEAD AVE AND 2 23RD ST, NEW YORK, NY",Red Light,7,40.712110214267,-73.731179523157,2026-02-16,2026-02-16,2026-07-20,3831,high_sustained,2026
2461,"HEMPSTEAD AVE AND 9 8TH AVE, NEW YORK, NY",Speed,36,40.715384018009,-73.742988032169,2019-09-30,2019-09-30,2020-11-02,36800,high_sustained,2019
2462,"HEMPSTEAD AVE AND S PRINGFIELD BLVD, NEW YORK, NY",Red Light,7,40.713266916905,-73.735884285409,2026-04-27,2026-04-27,2026-07-20,186,high_sustained,2026
2463,"HENDERSN AV. CASS IDY PL- TYSEN ST, NEW YORK, NY",Speed,36,40.641974324795,-74.095635908073,2016-10-10,2016-10-10,2019-11-18,62,low_fallback,2016
2464,"HENDERSN AV. TYSE N ST - CASSIDY PL, NEW YORK, NY",Speed,36,40.641974324795,-74.095635908073,2016-11-14,2016-11-14,2019-09-23,153,low_fallback,2016
2465,"HENDERSON AV. BRE NTWOOD AV - WESTBURY, NEW YORK, NY",Speed,36,40.707818304586,-73.771210902347,2021-05-24,2021-05-24,2021-06-07,80,low_fallback,2021
2466,"HENDERSON AV. WES TBURY AV - BRENTWOOD, NEW YORK, NY",Speed,36,40.707818304586,-73.771210902347,2021-05-17,2021-05-17,2021-06-07,20,low_fallback,2021
2467,"HENDERSON AVE AND B RENTWOOD AVE, NEW YORK, NY",Speed,36,40.639407011047,-74.103051039438,2021-09-27,2021-09-27,2026-08-17,2952,high_sustained,2021
2468,"HENDERSON AVE AND N BURGHER AVE, NEW YORK, NY",Speed,36,40.637294980994,-74.114990976693,2020-11-02,2020-10-26,2026-08-17,2341,high_sustained,2020
2469,"HENDERSON AVE AND T YSEN ST, NEW YORK, NY",Speed,36,40.640205010139,-74.099296030635,2020-05-25,2020-05-25,2026-08-24,4160,high_sustained,2020
2470,"HENRY HUDSON PKWY E AND MANHATTAN COLLE, NEW YORK, NY",Speed,36,40.891257008021,-73.907976995179,2021-12-27,2021-12-27,2026-08-24,26889,high_sustained,2021
2471,"HENRY HUDSON PKWY W AND MANHATTAN COLLE, NEW YORK, NY",Speed,36,40.891257008021,-73.907976995179,2022-01-03,2022-01-03,2026-08-24,71572,high_sustained,2022
2472,"HENRY ST AND CRANBE RRY ST, NEW YORK, NY",Speed,36,40.699392017303,-73.992074976672,2021-12-13,2021-12-13,2023-08-07,49,low_fallback,2021
2473,"HERBERTON AVE AND P OST AVE, NEW YORK, NY",Red Light,7,40.634011079488,-74.133273595608,2026-02-09,2026-02-02,2026-07-20,223,high_sustained,2026
2474,"HERBERTON AVE AND P OST AVE, NEW YORK, NY",Speed,36,40.634011079488,-74.133273595608,2026-08-03,2026-08-03,2026-08-17,2,low_fallback,2026
2475,"HIGHLAND AV. PARS NS BV- 162 ST, NEW YORK, NY",Speed,36,40.577789707923,-74.008137095992,2021-11-29,2021-11-29,2022-07-11,219,high_sustained,2021
2476,"HIGHLAND BLVD. BU LWER PL. - MILLER AV, NEW YORK, NY",Speed,36,40.685612875083,-73.887287584236,2023-09-04,2023-09-04,2023-10-30,28,low_fallback,2023
2477,"HIGHLAWN AVE AND W 5TH ST, NEW YORK, NY",Speed,36,40.603590007221,-73.977816018266,2021-03-29,2020-03-30,2024-02-19,362,high_sustained,2021
2478,"HILLSIDE AV 131 S T - 123 ST, NEW YORK, NY",Speed,36,40.860344801267,-73.925897633883,2016-06-20,2016-06-20,2016-06-20,34,low_fallback,2016
2479,"HILLSIDE AV 179 S T - 185 ST, NEW YORK, NY",Speed,36,40.861318964533,-73.925175570726,2016-10-17,2016-06-13,2019-07-22,1269,high_sustained,2016
2480,"HILLSIDE AV. 185 ST - 179 ST, NEW YORK, NY",Speed,36,40.86132281137,-73.925177434281,2018-04-09,2016-06-13,2019-01-07,1079,high_sustained,2018
2481,"HILLSIDE AV. 235 CT - 242 ST, NEW YORK, NY",Speed,36,40.77240434453,-73.748364098349,2021-10-18,2019-04-08,2026-08-24,14694,high_sustained,2021
2482,"HILLSIDE AV. 242 ST - 235 CT, NEW YORK, NY",Speed,36,40.77240610403,-73.747797307734,2019-08-12,2019-04-01,2024-05-06,3203,high_sustained,2019
2483,"HILLSIDE AVE 123 ST - 131 ST, NEW YORK, NY",Speed,36,40.754067727547,-73.837740802904,2016-06-13,2016-06-13,2017-01-30,41,low_fallback,2016
2484,"HILLSIDE AVE AND 12 0TH ST, NEW YORK, NY",Speed,36,40.701622986561,-73.830617980021,2021-09-27,2021-09-27,2026-08-24,5621,high_sustained,2021
2485,"HILLSIDE AVE AND 12 1ST ST, NEW YORK, NY",Speed,36,40.701911994583,-73.829474017876,2021-09-27,2021-09-27,2026-08-24,4132,high_sustained,2021
2486,"HILLSIDE AVE AND 12 6TH ST, NEW YORK, NY",Red Light,7,40.70301941163,-73.825178460137,2026-02-02,2026-02-02,2026-07-20,833,high_sustained,2026
2487,"HILLSIDE AVE AND 13 6TH ST, NEW YORK, NY",Speed,36,40.703996992998,-73.818363972855,2016-07-04,2016-06-13,2026-08-24,19516,high_sustained,2016
2488,"HILLSIDE AVE AND 17 8TH ST, NEW YORK, NY",Red Light,7,40.712247006927,-73.785340028715,2026-01-12,2026-01-12,2026-07-20,832,high_sustained,2026
2489,"HILLSIDE AVE AND 17 9TH PL, NEW YORK, NY",Speed,36,40.712660192844,-73.783562478509,2020-10-26,2020-10-26,2026-08-24,4827,high_sustained,2020
2490,"HILLSIDE AVE AND 188TH ST, NEW YORK, NY",Red Light,7,40.715075019149,-73.773537973768,2016-11-28,2016-11-28,2026-07-20,10368,high_sustained,2016
2491,"HILLSIDE AVE AND 19 2ND ST, NEW YORK, NY",Speed,36,40.716276984064,-73.770080019613,2021-08-30,2021-08-30,2026-08-24,36197,high_sustained,2021
2492,"HILLSIDE AVE AND 20 7TH ST, NEW YORK, NY",Speed,36,40.721597983838,-73.758698987662,2020-12-21,2020-12-21,2026-08-24,24996,high_sustained,2020
2493,"HILLSIDE AVE AND 21 2TH ST, NEW YORK, NY",Red Light,7,40.72469870128,-73.754112913159,2026-02-16,2026-02-16,2026-07-20,4423,high_sustained,2026
2494,"HILLSIDE AVE AND 23 1ST ST, NEW YORK, NY",Speed,36,40.732856011359,-73.738845025068,2016-06-13,2016-06-13,2026-08-24,61933,high_sustained,2016
2495,"HILLSIDE AVE AND 25 0TH ST, NEW YORK, NY",Speed,36,40.735384999186,-73.717432028482,2020-07-27,2020-07-27,2026-08-24,57420,high_sustained,2020
2496,"HILLSIDE AVE AND 25 1ST ST, NEW YORK, NY",Speed,36,40.735583985567,-73.716524016911,2019-07-29,2019-07-29,2026-08-24,83527,high_sustained,2019
2497,"HILLSIDE AVE AND AV E C, NEW YORK, NY",Speed,36,40.859021329626,-73.927612328728,2024-05-27,2024-05-27,2026-08-24,38958,high_sustained,2024
2498,"HILLSIDE AVE AND CO MMONWEALTH BLVD, NEW YORK, NY",Red Light,7,40.734441993169,-73.721780978945,2026-01-05,2026-01-05,2026-07-20,2509,high_sustained,2026
2499,"HILLSIDE AVE AND KE W GARDENS RD, NEW YORK, NY",Speed,36,40.70387038435,-73.819391175089,2016-09-05,2016-09-05,2026-08-24,27365,high_sustained,2016
2500,"HILLSIDE AVE AND MA NOR RD, NEW YORK, NY",Speed,36,40.731213996527,-73.74293598055,2016-06-13,2016-06-13,2026-08-24,108057,high_sustained,2016
2501,"HILLSIDE AVE AND PA RSONS BLVD, NEW YORK, NY",Speed,36,40.707683018738,-73.80275795879,2016-09-05,2016-06-13,2026-08-24,28223,high_sustained,2016
2502,"HIMROD ST AND WILSO N AVE, NEW YORK, NY",Speed,36,40.698340004635,-73.921580991671,2020-06-01,2020-05-25,2025-04-28,1415,high_sustained,2020
2503,"HOBART ST. 30 AV - 31 AV, NEW YORK, NY",Speed,36,40.75907565223,-73.907027241731,2025-06-23,2022-05-23,2026-08-10,692,high_sustained,2025
2504,"HOLLIS AV 200 ST - 208 ST, NEW YORK, NY",Speed,36,40.708666273426,-73.766024926479,2024-03-11,2024-03-11,2024-04-08,5,low_fallback,2024
2505,"HOLLIS AVE AND 217T H ST, NEW YORK, NY",Speed,36,40.710488986555,-73.741300000689,2021-12-27,2021-12-27,2026-08-24,14173,high_sustained,2021
2506,"HOLLIS AVE. 201 S T- 207 ST, NEW YORK, NY",Speed,36,40.708666273426,-73.766024926479,2019-09-23,2019-09-23,2019-09-23,1,low_fallback,2019
2507,"HOLLIS COURT BLVD AND 93RD AVE, NEW YORK, NY",Speed,36,40.718615996055,-73.749188964138,2024-07-29,2024-07-29,2026-08-17,1101,high_sustained,2024
2508,"HOLLIS CT BLVD AND 47TH AVE, NEW YORK, NY",Speed,36,40.752180992045,-73.789372981428,2021-12-27,2021-12-27,2026-08-24,14319,high_sustained,2021
2509,"HOLLIS CT BLVD AND 56TH AVE, NEW YORK, NY",Speed,36,40.746412985374,-73.780227989787,2021-05-24,2021-05-24,2026-08-24,9666,high_sustained,2021
2510,"HOLLIS CT BLVD AND 91ST AVE, NEW YORK, NY",Speed,36,40.720007014796,-73.749960015411,2020-05-25,2020-05-25,2026-08-24,29490,high_sustained,2020
2511,"HOMELAWN ST 83RD AVE - KINGSTON PL., NEW YORK, NY",Speed,36,40.712817032769,-73.791232875072,2022-10-17,2022-10-17,2022-10-17,1,low_fallback,2022
2512,"HOMELAWN ST KINGS TON PL. - 83RD AVE, NEW YORK, NY",Speed,36,40.715372116983,-73.792881317838,2022-08-22,2022-08-22,2023-06-26,37,low_fallback,2022
2513,"HOOK CREEK BLVD AND 130TH AVE, NEW YORK, NY",Red Light,7,40.678096283543,-73.726009732916,2026-06-29,2026-06-29,2026-07-20,232,high_sustained,2026
2514,"HOOK CREEK BLVD AND S CONDUIT AVE, NEW YORK, NY",Speed,36,40.665357006092,-73.729869012595,2019-09-02,2019-08-26,2026-08-24,4804,high_sustained,2019
2515,"HOOK CREEK BLVD AND ST JOHNS AVE, NEW YORK, NY",Red Light,7,40.678096283543,-73.726009732916,2026-01-26,2026-01-26,2026-07-20,1582,high_sustained,2026
2516,"HORACE HARDING EX PRESSWAY AND PECK AVE, NEW YORK, NY",Speed,36,40.742365992974,-73.782272000696,2016-07-04,2016-07-04,2026-08-24,314456,high_sustained,2016
2517,"HORACE HARDING EX PWY AND 108TH ST, NEW YORK, NY",Speed,36,40.73768298176,-73.852103982983,2021-12-27,2021-12-27,2026-08-24,11119,high_sustained,2021
2518,"HORACE HARDING EX PWY AND 164TH ST, NEW YORK, NY",Red Light,7,40.738107986161,-73.80476198802,2025-09-01,2025-09-01,2026-07-20,770,high_sustained,2025
2519,"HORACE HARDING EX PWY AND 175TH PL, NEW YORK, NY",Speed,36,40.739169009374,-73.793929970727,2021-11-01,2021-10-25,2026-08-24,8712,high_sustained,2021
2520,"HORACE HARDING EX PWY AND 188TH ST, NEW YORK, NY",Speed,36,40.741105396646,-73.786872911168,2020-07-27,2020-07-27,2026-08-24,5944,high_sustained,2020
2521,"HORACE HARDING EX PWY AND 189TH ST, NEW YORK, NY",Speed,36,40.741378018046,-73.785896000353,2021-10-25,2021-10-25,2026-08-24,8524,high_sustained,2021
2522,"HORACE HARDING EX PWY AND 208TH ST, NEW YORK, NY",Speed,36,40.745781995703,-73.768769006137,2021-10-25,2021-10-25,2026-08-24,23517,high_sustained,2021
2523,"HORACE HARDING EX PWY AND 210TH ST, NEW YORK, NY",Speed,36,40.746272001763,-73.766920964125,2021-11-29,2021-11-29,2026-08-24,10651,high_sustained,2021
2524,"HORACE HARDING EX PWY AND 215TH ST, NEW YORK, NY",Speed,36,40.747493999427,-73.762528008671,2022-01-03,2021-12-27,2026-08-24,8051,high_sustained,2022
2525,"HORACE HARDING EX PWY AND 250TH ST, NEW YORK, NY",Speed,36,40.761267980915,-73.731325032996,2021-09-27,2021-09-27,2026-08-24,84762,high_sustained,2021
2526,"HORACE HARDING EX PWY AND BELL BLVD, NEW YORK, NY",Speed,36,40.747737996628,-73.761672970728,2022-02-28,2022-01-03,2026-08-17,2906,high_sustained,2022
2527,"HORACE HARDING EX PWY AND FRANCIS LEWIS, NEW YORK, NY",Speed,36,40.743778008383,-73.776043995179,2021-11-01,2021-11-01,2026-08-24,4626,high_sustained,2021
2528,"HORACE HARDING EX PWY AND KISSENA BLVD, NEW YORK, NY",Speed,36,40.73923598078,-73.815168959003,2021-10-04,2021-09-27,2026-08-24,6500,high_sustained,2021
2529,"HORACE HARDING EX PWY AND MAIN ST, NEW YORK, NY",Speed,36,40.741765010516,-73.825350037695,2021-11-01,2021-10-25,2026-08-24,8280,high_sustained,2021
2530,"HORACE HARDING EX PWY AND MARATHON PKWY, NEW YORK, NY",Red Light,7,40.76087801287,-73.732131958814,2026-06-29,2026-06-29,2026-07-20,539,high_sustained,2026
2531,"HORACE HARDING EX PWY AND MARATHON PKWY, NEW YORK, NY",Speed,36,40.76087801287,-73.732131958814,2021-09-27,2021-09-27,2026-08-24,6079,high_sustained,2021
2532,"HORACE HARDING EX PWY AND PENROD ST, NEW YORK, NY",Speed,36,40.737955016428,-73.851130005834,2022-01-10,2022-01-03,2026-08-24,2284,high_sustained,2022
2533,"HORACE HARDING EX PWY AND SPRINGFIELD BL, NEW YORK, NY",Red Light,7,40.749584990903,-73.756994024737,2026-06-01,2026-06-01,2026-07-20,755,high_sustained,2026
2534,"HORACE HARDING EX PWY AND SPRINGFIELD BL, NEW YORK, NY",Speed,36,40.749584990903,-73.756994024737,2021-10-25,2021-10-25,2026-08-24,86091,high_sustained,2021
2535,"HORACE HARDING EX PWY AND UTOPIA PKWY, NEW YORK, NY",Speed,36,40.739471009345,-73.792834036887,2021-11-01,2021-10-25,2026-08-24,7655,high_sustained,2021
2536,"HORACE HARDING EXPWY AND 108TH ST, NEW YORK, NY",Red Light,7,40.73768298176,-73.852103982983,2016-09-19,2016-09-19,2026-07-20,37404,high_sustained,2016
2537,"HORACE HARDING EXPWY AND 159TH ST, NEW YORK, NY",Red Light,7,40.73829498642,-73.809420985081,2016-05-30,2016-05-23,2026-07-20,87699,high_sustained,2016
2538,"HORACE HARDING EXPWY AND 173RD ST, NEW YORK, NY",Red Light,7,40.73787155649,-73.796435961593,2016-05-30,2016-05-23,2026-07-20,90985,high_sustained,2016
2539,"HORACE HARDING EXPWY AND OCEANIA ST, NEW YORK, NY",Red Light,7,40.746024987076,-73.767854037587,2016-05-30,2016-05-23,2021-07-12,17053,high_sustained,2016
2540,"HORACE HARDING EXPWY AND UTOPIA PKWY, NEW YORK, NY",Red Light,7,40.739471009345,-73.792834036887,2016-05-30,2016-05-23,2026-07-20,53645,high_sustained,2016
2541,"HOWARD AVE AND CLOV E RD, NEW YORK, NY",Red Light,7,40.61242000694,-74.099355961242,2026-01-26,2026-01-19,2026-07-20,819,high_sustained,2026
2542,"HOWARD AVE AND E NE W YORK AVE, NEW YORK, NY",Speed,36,40.668238997771,-73.920155984312,2019-07-08,2019-07-08,2026-08-24,69357,high_sustained,2019
2543,"HOWARD AVE AND E NEW YORK AVE, NEW YORK, NY",Red Light,7,40.668238997771,-73.920155984312,2016-05-30,2016-05-23,2026-07-20,27208,high_sustained,2016
2544,"HOWARD AVE AND MARI ON ST, NEW YORK, NY",Speed,36,40.680790017676,-73.919580985755,2020-12-28,2020-12-28,2026-08-24,6149,high_sustained,2020
2545,"HOWARD AVE AND SUTT ER AVE, NEW YORK, NY",Red Light,7,40.665776017432,-73.919475960508,2026-02-02,2026-02-02,2026-07-20,1757,high_sustained,2026
2546,"HOWARD AVE AND SUTT ER AVE, NEW YORK, NY",Speed,36,40.665776017432,-73.919475960508,2020-05-25,2020-05-25,2026-07-13,15178,high_sustained,2020
2547,"HOWRD AVE. ST JOH NS PL- PACIFC ST, NEW YORK, NY",Speed,36,40.671747914035,-73.952495753531,2016-10-10,2016-10-10,2017-05-22,100,low_fallback,2016
2548,"HOYT AVE AND 31S T ST, NEW YORK, NY",Red Light,7,40.770378020019,-73.917697991206,2016-05-30,2016-05-23,2026-07-20,44122,high_sustained,2016
2549,"HOYT AVE N AND 24TH ST, NEW YORK, NY",Speed,36,40.773921008582,-73.921651986391,2020-07-27,2020-07-27,2026-08-24,17204,high_sustained,2020
2550,"HOYT AVE S AND 24TH ST, NEW YORK, NY",Speed,36,40.773526011395,-73.922162025199,2020-01-27,2020-01-27,2026-08-24,57338,high_sustained,2020
2551,"HUDSON ST AND BROOM E ST, NEW YORK, NY",Speed,36,40.724582486192,-74.007774616595,2021-05-24,2021-05-24,2026-08-24,5210,high_sustained,2021
2552,"HUDSON ST AND GROVE ST, NEW YORK, NY",Speed,36,40.732440604238,-74.006486318077,2020-09-28,2020-09-28,2026-08-24,15506,high_sustained,2020
2553,"HUDSON ST. LEROY ST - PERRY ST, NEW YORK, NY",Speed,36,40.730916578066,-74.006729554274,2016-10-17,2016-10-17,2018-01-01,13,low_fallback,2016
2554,"HUGUENOT AV. HYLA N BV - EDITH AV, NEW YORK, NY",Speed,36,40.887862059689,-73.819985059945,2017-11-06,2017-11-06,2017-11-06,1,low_fallback,2017
2555,"HUGUENOT AV. JANS EN ST - HYLAN BV, NEW YORK, NY",Speed,36,40.887862059689,-73.819985059945,2022-03-28,2022-03-28,2022-03-28,1,low_fallback,2022
2556,"HUGUENOT AV. ROSD ALE AV- SHELDN AV, NEW YORK, NY",Speed,36,40.887862059689,-73.819985059945,2016-07-18,2016-07-18,2018-04-23,170,low_fallback,2016
2557,"HUGUENOT AV. SHEL DN AV- ROSDALE AV, NEW YORK, NY",Speed,36,40.887862059689,-73.819985059945,2016-10-03,2016-06-20,2020-03-16,1260,high_sustained,2016
2558,"HUGUENOT AVE AND CA STOR PL, NEW YORK, NY",Speed,36,40.545293996364,-74.198440031241,2021-05-24,2021-05-24,2026-08-24,5124,high_sustained,2021
2559,"HUGUENOT AVE AND DE ISIUS ST, NEW YORK, NY",Speed,36,40.529276011758,-74.189851011238,2021-05-31,2021-05-24,2024-11-25,809,high_sustained,2021
2560,"HUGUENOT AVE AND DR UMGOOLE RD W, NEW YORK, NY",Red Light,7,40.535833006974,-74.193779022523,2026-03-30,2026-03-30,2026-07-20,858,high_sustained,2026
2561,"HUGUENOT AVE AND DR UMGOOLE RD W, NEW YORK, NY",Speed,36,40.535833006974,-74.193779022523,2019-09-30,2019-09-30,2026-08-24,1123,high_sustained,2019
2562,"HUGUENOT AVE AND PR ALL AVE, NEW YORK, NY",Speed,36,40.526085985138,-74.187569038098,2023-09-11,2023-09-11,2026-08-24,2113,high_sustained,2023
2563,"HUGUENOT AVE AND SI NCLAIR AVE, NEW YORK, NY",Speed,36,40.541849998078,-74.196716963405,2020-11-30,2020-11-30,2026-08-24,10886,high_sustained,2020
2564,"HUMBOLDT ST. FROS T ST - POWERS ST, NEW YORK, NY",Speed,36,40.726056406164,-73.945534297956,2022-04-11,2022-04-11,2022-12-19,3,low_fallback,2022
2565,"HUNTERS POINT AVE AND 27TH ST, NEW YORK, NY",Speed,36,40.741184018897,-73.942282029401,2024-02-19,2024-02-19,2026-08-24,14078,high_sustained,2024
2566,"HUNTS PNT AV. FAI LE ST- SENECA AV, NEW YORK, NY",Speed,36,40.814471963882,-73.885827570761,2016-07-11,2016-07-11,2019-07-29,145,low_fallback,2016
2567,"HUNTS PNT AV. SEN ECA AV- FAILE ST, NEW YORK, NY",Speed,36,40.814471963882,-73.885827570761,2016-07-11,2016-07-11,2019-07-08,111,low_fallback,2016
2568,"HUNTS POINT AVE AND BRYANT AVE, NEW YORK, NY",Speed,36,40.814105989791,-73.88539396873,2020-07-27,2020-07-27,2026-08-24,4591,high_sustained,2020
2569,"HUNTS POINT AVE AND LAFAYETTE AVE, NEW YORK, NY",Speed,36,40.816707020074,-73.888100988179,2020-03-02,2020-03-02,2025-05-19,2224,high_sustained,2020
2570,"HUNTS POINT AVE AND RANDALL AVE, NEW YORK, NY",Speed,36,40.81257641819,-73.883808364106,2019-09-30,2019-09-30,2026-08-24,9047,high_sustained,2019
2571,"HUTCHINSON RIVER PKW FERRY POINT PARK, NEW YORK, NY",Red Light,7,40.811211228169,-73.836368188364,2025-06-30,2025-06-30,2025-06-30,1,low_fallback,2025
2572,"HUTCHINSON RIVER PKWY AND EINSTEIN LOOP, NEW YORK, NY",Red Light,7,40.864733020246,-73.824258965358,2026-01-12,2026-01-12,2026-07-20,1748,high_sustained,2026
2573,"HUTCHINSON RIVER PKWY AND LAFAYETTE AVE, NEW YORK, NY",Red Light,7,40.824980000418,-73.836566868162,2026-01-12,2026-01-12,2026-07-20,960,high_sustained,2026
2574,"HUTCHINSON RIVER PKWY AND LAFAYETTE AVE, NEW YORK, NY",Speed,36,40.824980000418,-73.836566868162,2021-09-27,2021-09-27,2026-08-24,24927,high_sustained,2021
2575,"HUTCHINSON RIVER PKWY E AND EINSTEIN LO, NEW YORK, NY",Speed,36,40.864733020246,-73.824258965358,2020-02-24,2020-02-24,2026-08-24,4796,high_sustained,2020
2576,"HUXLEY AVE AND 148T H AVE, NEW YORK, NY",Speed,36,40.655251993172,-73.740185039928,2022-09-19,2022-04-18,2024-10-28,1195,high_sustained,2022
2577,"HUXLEY ST AND 148TH AVE, NEW YORK, NY",Speed,36,40.655251993172,-73.740185039928,2025-01-27,2024-11-04,2026-08-24,482,high_sustained,2025
2578,"HUXLEY ST AND 149TH DR, NEW YORK, NY",Speed,36,40.651626987686,-73.738144968514,2021-12-27,2021-12-27,2026-08-17,1592,high_sustained,2021
2579,"HYLAN BLVD AND AINS WORTH AVE, NEW YORK, NY",Speed,36,40.550461020577,-74.136121000227,2021-05-24,2021-05-24,2026-08-24,52350,high_sustained,2021
2580,"HYLAN BLVD AND B URBANK AVE, NEW YORK, NY",Red Light,7,40.57217199382,-74.108156959577,2016-05-30,2016-05-30,2026-07-20,9046,high_sustained,2016
2581,"HYLAN BLVD AND BAY TERRACE, NEW YORK, NY",Speed,36,40.552383996803,-74.133210971082,2023-07-03,2023-07-03,2026-08-24,8938,high_sustained,2023
2582,"HYLAN BLVD AND BEDE LL AVE, NEW YORK, NY",Speed,36,40.506752999735,-74.233065002706,2021-08-30,2021-08-30,2026-08-24,10938,high_sustained,2021
2583,"HYLAN BLVD AND BION IA AVE, NEW YORK, NY",Speed,36,40.598048982489,-74.075971960125,2023-09-04,2023-09-04,2026-08-24,5512,high_sustained,2023
2584,"HYLAN BLVD AND BRIG HTON ST, NEW YORK, NY",Speed,36,40.504471990515,-74.243454036416,2026-07-27,2026-07-27,2026-08-24,22,low_fallback,2026
2585,"HYLAN BLVD AND BURG HER AVE, NEW YORK, NY",Red Light,7,40.590788997054,-74.088428976987,2026-03-02,2026-02-02,2026-07-20,632,high_sustained,2026
2586,"HYLAN BLVD AND CHEL SEA ST, NEW YORK, NY",Speed,36,40.504295006629,-74.244332040774,2019-12-02,2019-12-02,2026-08-24,6834,high_sustained,2019
2587,"HYLAN BLVD AND CHES TERTON AVE, NEW YORK, NY",Red Light,7,40.557890991009,-74.126757995285,2026-02-09,2026-02-02,2026-07-20,1661,high_sustained,2026
2588,"HYLAN BLVD AND CLEV ELAND AVE, NEW YORK, NY",Speed,36,40.543927997604,-74.144499969736,2019-07-08,2019-07-08,2025-03-24,9788,high_sustained,2019
2589,"HYLAN BLVD AND CULO TTA LN, NEW YORK, NY",Speed,36,40.508151017366,-74.227658004606,2023-06-26,2023-06-26,2026-08-24,52998,high_sustained,2023
2590,"HYLAN BLVD AND CUNN INGHAM RD, NEW YORK, NY",Speed,36,40.515386462467,-74.224110895284,2020-05-25,2020-05-25,2026-08-24,44570,high_sustained,2020
2591,"HYLAN BLVD AND DOLE ST, NEW YORK, NY",Speed,36,40.526744006447,-74.173517028882,2025-05-26,2025-05-26,2026-08-24,15747,high_sustained,2025
2592,"HYLAN BLVD AND DUMO NT AVE, NEW YORK, NY",Speed,36,40.594817004444,-74.086394018534,2020-10-26,2020-10-26,2026-08-24,10411,high_sustained,2020
2593,"HYLAN BLVD AND FAIR LAWN AVE, NEW YORK, NY",Speed,36,40.548449992458,-74.138632972789,2020-11-30,2020-11-30,2026-08-24,6003,high_sustained,2020
2594,"HYLAN BLVD AND FING ERBOARD RD, NEW YORK, NY",Speed,36,40.601475001593,-74.072477041777,2016-09-05,2016-09-05,2026-08-24,37073,high_sustained,2016
2595,"HYLAN BLVD AND FOX HILL TERR, NEW YORK, NY",Speed,36,40.610994999581,-74.072386014309,2020-11-30,2020-11-30,2026-08-24,2341,high_sustained,2020
2596,"HYLAN BLVD AND GUYO N AVE, NEW YORK, NY",Speed,36,40.560429995209,-74.120102009792,2021-11-08,2021-11-08,2026-08-24,11414,high_sustained,2021
2597,"HYLAN BLVD AND HAMD EN AVE, NEW YORK, NY",Speed,36,40.579171302067,-74.10105287754,2020-12-28,2020-11-30,2023-06-05,368,high_sustained,2020
2598,"HYLAN BLVD AND KING DOM AVE, NEW YORK, NY",Speed,36,40.524639981112,-74.184440995652,2023-07-03,2023-07-03,2026-08-24,32225,high_sustained,2023
2599,"HYLAN BLVD AND LUTE N AVE, NEW YORK, NY",Speed,36,40.523165981529,-74.188501021913,2020-05-25,2020-05-25,2026-08-24,57958,high_sustained,2020
2600,"HYLAN BLVD AND MIDL AND AVE, NEW YORK, NY",Red Light,7,40.577945909732,-74.102322903509,2025-09-01,2025-09-01,2026-07-20,1274,high_sustained,2025
2601,"HYLAN BLVD AND MONT REAL AVE, NEW YORK, NY",Speed,36,40.558993001729,-74.125556030369,2021-05-31,2021-05-24,2025-02-17,698,high_sustained,2021
2602,"HYLAN BLVD AND NEW DORP LN, NEW YORK, NY",Red Light,7,40.570505000917,-74.109825964137,2026-01-12,2026-01-05,2026-07-20,619,high_sustained,2026
2603,"HYLAN BLVD AND PARK INSON AVE, NEW YORK, NY",Speed,36,40.597964995819,-74.083633019628,2023-09-04,2023-09-04,2026-08-24,8733,high_sustained,2023
2604,"HYLAN BLVD AND PETE R AVE, NEW YORK, NY",Speed,36,40.56278199915,-74.117587019744,2016-09-05,2016-09-05,2021-10-18,21396,high_sustained,2016
2605,"HYLAN BLVD AND POIL LON AVE, NEW YORK, NY",Speed,36,40.526782018378,-74.174781019881,2020-04-27,2020-04-27,2026-08-24,16883,high_sustained,2020
2606,"HYLAN BLVD AND PRIN CETON AVE, NEW YORK, NY",Speed,36,40.56594599996,-74.11441899562,2023-07-17,2023-07-17,2026-08-24,27409,high_sustained,2023
2607,"HYLAN BLVD AND REID AVE, NEW YORK, NY",Red Light,7,40.594168999509,-74.086651007685,2026-02-02,2026-02-02,2026-07-20,3782,high_sustained,2026
2608,"HYLAN BLVD AND ROSE AVE, NEW YORK, NY",Speed,36,40.569358985205,-74.110963975131,2024-06-24,2024-06-24,2026-08-24,5064,high_sustained,2024
2609,"HYLAN BLVD AND SLEI GHT AVE, NEW YORK, NY",Speed,36,40.505061992679,-74.24050000228,2023-11-27,2023-11-27,2026-08-24,615,high_sustained,2023
2610,"HYLAN BLVD AND T YSENS LN, NEW YORK, NY",Red Light,7,40.563945994044,-74.116413972395,2024-03-04,2024-03-04,2026-07-20,1912,high_sustained,2024
2611,"HYLAN BLVD AND TYSE NS LN, NEW YORK, NY",Speed,36,40.563945994044,-74.116413972395,2016-09-05,2016-06-13,2026-06-29,17733,high_sustained,2016
2612,"HYLAN BLVD AND VERM ONT AVE, NEW YORK, NY",Speed,36,40.612460994447,-74.069326032917,2021-07-19,2021-05-24,2025-02-24,380,high_sustained,2021
2613,"HYLAN BLVD AND W FI NGERBOARD RD, NEW YORK, NY",Speed,36,40.598957999888,-74.072269002941,2016-07-11,2016-06-13,2026-06-29,14818,high_sustained,2016
2614,"HYLAN BLVD AND WHIT MAN AVE, NEW YORK, NY",Speed,36,40.544779012233,-74.143633029491,2020-06-29,2020-06-29,2023-06-05,1732,high_sustained,2020
2615,"HYLAN BLVD AND ZWIC KY AVE, NEW YORK, NY",Speed,36,40.577247990564,-74.102976021405,2020-08-31,2020-08-31,2023-06-12,1003,high_sustained,2020
2616,"HYLAN BLVD. MONTR EAL AV - CHESTERTON, NEW YORK, NY",Speed,36,40.611346253533,-74.071656580667,2021-05-17,2021-05-17,2021-05-17,1,low_fallback,2021
2617,"HYLAN BV. ARBUTUS AV - POILLON AV, NEW YORK, NY",Speed,36,40.53014691493,-74.176462036543,2020-01-06,2016-08-08,2020-03-09,277,high_sustained,2020
2618,"HYLAN BV. BAY ST - TOMPKINS AV, NEW YORK, NY",Speed,36,40.696073244424,-73.946448078661,2016-06-20,2016-06-20,2020-03-16,88,low_fallback,2016
2619,"HYLAN BV. BEDELL AV - PAGE AV, NEW YORK, NY",Speed,36,40.50840619904,-74.233614303329,2020-02-17,2020-02-17,2020-09-14,26,low_fallback,2020
2620,"HYLAN BV. CORNELI A AV - KINGDOM AV, NEW YORK, NY",Speed,36,40.522316168856,-74.189828637507,2016-06-27,2016-06-27,2020-03-02,171,low_fallback,2016
2621,"HYLAN BV. FINGERB D RD - W.FINGERBD RD, NEW YORK, NY",Speed,36,40.611346253533,-74.071656580667,2016-07-18,2016-07-18,2016-07-18,26,low_fallback,2016
2622,"HYLAN BV. KINGDOM AV - CORNELIA AV, NEW YORK, NY",Speed,36,40.522316168856,-74.189828637507,2016-09-12,2016-09-12,2020-03-09,230,low_fallback,2016
2623,"HYLAN BV. POILLON AV - ARBUTUS AV, NEW YORK, NY",Speed,36,40.53014691493,-74.176462036543,2016-07-11,2016-07-11,2019-11-11,177,low_fallback,2016
2624,"HYLAN BV. TOMPKIN S AV - BAY ST, NEW YORK, NY",Speed,36,40.696073244424,-73.946448078661,2016-06-20,2016-06-20,2020-02-24,190,low_fallback,2016
2625,"INTERVALE AV. E16 3 ST - E167 ST, NEW YORK, NY",Speed,36,40.678409431446,-73.995345762929,2018-09-24,2018-09-24,2018-09-24,4,low_fallback,2018
2626,"INTERVALE AV. E16 7 ST - E163 ST, NEW YORK, NY",Speed,36,40.673718619945,-73.992326788858,2018-09-17,2018-09-17,2021-09-27,6,low_fallback,2018
2627,"INTERVALE AVE AND F OX ST, NEW YORK, NY",Speed,36,40.818138020494,-73.895685017992,2020-02-24,2020-02-24,2026-08-24,4701,high_sustained,2020
2628,"IRVING AVE AND GATE S AVE, NEW YORK, NY",Speed,36,40.698414980759,-73.913317021873,2020-06-01,2020-06-01,2026-08-24,483,low_fallback,2020
2629,"JACKSON AVE AND 23R D ST, NEW YORK, NY",Speed,36,40.745821516377,-73.94561148898,2019-12-16,2019-12-09,2025-05-26,1131,high_sustained,2019
2630,"JAMAICA AV 171 ST - 179 PL, NEW YORK, NY",Speed,36,40.679849735778,-73.894357911262,2016-06-13,2016-06-13,2019-06-03,715,high_sustained,2016
2631,"JAMAICA AV 179 PL - 171 ST, NEW YORK, NY",Speed,36,40.679875803497,-73.894078793886,2016-07-18,2016-06-20,2019-09-09,1013,high_sustained,2016
2632,"JAMAICA AV. EUCLI D AV- HEMLOCK ST, NEW YORK, NY",Speed,36,40.677856718695,-73.869680764868,2024-01-22,2024-01-22,2024-04-22,3,low_fallback,2024
2633,"JAMAICA AVE AND 102 ND ST, NEW YORK, NY",Speed,36,40.695158988561,-73.845397035519,2020-05-25,2020-05-25,2026-08-24,4147,high_sustained,2020
2634,"JAMAICA AVE AND 153 RD ST, NEW YORK, NY",Speed,36,40.70273899506,-73.802272981872,2020-10-05,2020-09-28,2026-08-24,4227,high_sustained,2020
2635,"JAMAICA AVE AND 168 TH ST, NEW YORK, NY",Red Light,7,40.706334580065,-73.7926165265,2026-02-02,2026-01-05,2026-07-20,199,high_sustained,2026
2636,"JAMAICA AVE AND 173 RD ST, NEW YORK, NY",Speed,36,40.707858996795,-73.786736034689,2019-09-30,2019-09-30,2026-08-24,10730,high_sustained,2019
2637,"JAMAICA AVE AND 178 TH ST, NEW YORK, NY",Red Light,7,40.707915993737,-73.783295011978,2026-02-02,2026-02-02,2026-07-20,1655,high_sustained,2026
2638,"JAMAICA AVE AND 179 TH PL, NEW YORK, NY",Speed,36,40.708141005928,-73.781862963821,2024-04-22,2024-04-22,2026-08-24,8207,high_sustained,2024
2639,"JAMAICA AVE AND 187 TH PL, NEW YORK, NY",Red Light,7,40.710358019318,-73.771737960061,2026-01-12,2026-01-05,2026-07-20,1108,high_sustained,2026
2640,"JAMAICA AVE AND 188 TH ST, NEW YORK, NY",Speed,36,40.710844002064,-73.770697011506,2026-07-27,2026-07-27,2026-08-24,240,high_sustained,2026
2641,"JAMAICA AVE AND 192 ND ST, NEW YORK, NY",Speed,36,40.7129150027,-73.768016981784,2020-07-27,2020-07-27,2026-08-24,17518,high_sustained,2020
2642,"JAMAICA AVE AND 193 RD ST, NEW YORK, NY",Speed,36,40.713134985749,-73.767450029853,2019-11-25,2019-11-25,2026-08-24,17937,high_sustained,2019
2643,"JAMAICA AVE AND 212 TH ST, NEW YORK, NY",Red Light,7,40.715679019092,-73.747075970167,2026-01-05,2026-01-05,2026-07-20,3447,high_sustained,2026
2644,"JAMAICA AVE AND 222 ND ST, NEW YORK, NY",Speed,36,40.720324982293,-73.732392971279,2016-09-05,2016-09-05,2026-08-24,18487,high_sustained,2016
2645,"JAMAICA AVE AND 224 TH ST, NEW YORK, NY",Speed,36,40.721654016861,-73.731027978347,2016-06-13,2016-06-13,2026-08-24,49489,high_sustained,2016
2646,"JAMAICA AVE AND FAN CHON PL, NEW YORK, NY",Speed,36,40.677561015206,-73.898760002991,2021-08-30,2021-08-30,2026-08-24,24532,high_sustained,2021
2647,"JAMAICA AVE AND FRA NCIS LEWIS BLVD, NEW YORK, NY",Red Light,7,40.713903019537,-73.754119031948,2026-01-12,2026-01-12,2026-07-20,1254,high_sustained,2026
2648,"JAMAICA AVE AND HIG HLAND BLVD, NEW YORK, NY",Speed,36,40.685354005865,-73.882232985404,2019-10-28,2019-10-28,2023-10-16,1589,high_sustained,2019
2649,"JAMAICA AVE AND PEN NSYLVANIA AVE, NEW YORK, NY",Speed,36,40.67820478728,-73.897521995892,2022-01-03,2021-11-29,2026-08-24,1468,high_sustained,2022
2650,"JAMAICA AVE AND PENNSYLVANIA AVE, NEW YORK, NY",Red Light,7,40.67820478728,-73.897521995892,2016-05-30,2016-05-23,2026-06-01,41381,high_sustained,2016
2651,"JAMAICA AVE AND WYO NA ST, NEW YORK, NY",Red Light,7,40.679345983397,-73.894880020011,2026-03-09,2026-01-26,2026-07-20,1659,high_sustained,2026
2652,"JARDINE AV HILLMA N AV - RICHMOND AV, NEW YORK, NY",Speed,36,40.61098617402,-74.161883356566,2016-10-31,2016-10-31,2020-02-24,16,low_fallback,2016
2653,"JARVIS AVE AND ZULE TTE AVE, NEW YORK, NY",Speed,36,40.843728012798,-73.827539977537,2024-11-25,2024-11-25,2026-08-24,491,high_sustained,2024
2654,"JAY ST AND NASSAU S T, NEW YORK, NY",Speed,36,40.698502990742,-73.986962015735,2021-11-01,2021-10-25,2026-08-24,2270,high_sustained,2021
2655,"JEFFERSON BLVD AND CARLTON BLVD, NEW YORK, NY",Speed,36,40.543172997675,-74.179300961168,2021-09-27,2021-09-27,2023-06-12,453,high_sustained,2021
2656,"JEROME AV. E165 S T - E167 ST, NEW YORK, NY",Speed,36,40.87120056378,-73.893459721517,2016-11-28,2016-11-28,2016-11-28,6,low_fallback,2016
2657,"JEROME AV. E167 S T - E165 ST, NEW YORK, NY",Speed,36,40.87120056378,-73.893459721517,2017-02-13,2017-02-13,2017-02-13,10,low_fallback,2017
2658,"JEROME AVE AND CROM WELL AVE, NEW YORK, NY",Speed,36,40.835940009372,-73.922665023209,2020-08-31,2020-08-31,2025-02-17,3100,high_sustained,2020
2659,"JEROME AVE AND E 16 4TH ST, NEW YORK, NY",Speed,36,40.831441986762,-73.926437298733,2019-10-28,2019-10-28,2026-08-24,26548,high_sustained,2019
2660,"JEROME AVE AND E 21 2TH ST, NEW YORK, NY",Speed,36,40.884377980085,-73.879936008658,2019-07-08,2019-07-08,2026-08-24,4896,high_sustained,2019
2661,"JEROME AVE AND OGDE N AVE, NEW YORK, NY",Red Light,7,40.829670010521,-73.931082968568,2026-01-19,2026-01-19,2026-07-20,3133,high_sustained,2026
2662,"JEROME AVE AND SHAK ESPEARE AVE, NEW YORK, NY",Speed,36,40.834837998652,-73.924161025288,2025-06-02,2025-05-26,2026-08-24,626,high_sustained,2025
2663,"JERSEY ST AND HENDR ICKS AVE, NEW YORK, NY",Speed,36,40.639911014885,-74.087202034,2019-10-28,2019-10-28,2026-08-03,6768,high_sustained,2019
2664,"JEWEL AVE AND 113TH ST, NEW YORK, NY",Speed,36,40.725259995426,-73.839358963929,2020-02-03,2020-02-03,2026-08-24,13170,high_sustained,2020
2665,"JEWEL AVE AND 161ST ST, NEW YORK, NY",Speed,36,40.731894020332,-73.807980974115,2021-05-31,2021-05-24,2026-08-24,5343,high_sustained,2021
2666,"JEWEL AVE AND GRAND CENTRAL PKWY, NEW YORK, NY",Red Light,7,40.725559019822,-73.838367971516,2026-01-19,2026-01-12,2026-07-20,474,high_sustained,2026
2667,"JEWETT AVE AND BACH E ST, NEW YORK, NY",Speed,36,40.628348011816,-74.130693969378,2024-02-26,2024-02-26,2026-08-24,3048,high_sustained,2024
2668,"JEWETT AVE AND KRAM ER PL, NEW YORK, NY",Speed,36,40.62938300922,-74.130329021313,2025-06-30,2025-06-30,2026-08-24,650,high_sustained,2025
2669,"JEWETT AVE AND MAIN E AVE, NEW YORK, NY",Speed,36,40.620372002302,-74.131685967618,2020-10-26,2020-10-26,2026-08-24,11001,high_sustained,2020
2670,"JEWETT AVE AND NEW ST, NEW YORK, NY",Speed,36,40.635571996977,-74.128865960114,2024-06-10,2024-04-22,2026-08-17,821,high_sustained,2024
2671,"JEWETT AVE AND WATE RS AVE, NEW YORK, NY",Speed,36,40.630711272837,-74.130390441818,2024-07-29,2024-07-29,2026-08-24,3095,high_sustained,2024
2672,"JOHNSON AVE AND IRW IN AVE, NEW YORK, NY",Speed,36,40.879354998879,-73.912379003089,2021-06-28,2021-06-28,2026-08-24,32055,high_sustained,2021
2673,"JOHNSON AVE AND SCO TT AVE, NEW YORK, NY",Speed,36,40.709332996378,-73.922478022949,2020-04-27,2020-04-27,2024-03-18,377,low_fallback,2020
2674,"JOHNSON AVE AND WHI TE ST, NEW YORK, NY",Speed,36,40.707287015723,-73.935917985596,2021-11-29,2021-11-29,2026-08-24,4466,high_sustained,2021
2675,"JULES DR COMSTOCK AVE - RICHMOND AVE, NEW YORK, NY",Speed,36,40.61829528986,-74.159206281137,2024-04-15,2024-04-15,2024-06-03,19,low_fallback,2024
2676,"JULES DR RICHMOND AVE - COMSTOCK AVE, NEW YORK, NY",Speed,36,40.619147339036,-74.160023282326,2023-04-17,2023-04-17,2024-05-13,103,low_fallback,2023
2677,"JUNCTION BV. 54 A V- HRCE HRDNG EXPY, NEW YORK, NY",Speed,36,40.757712872005,-73.874138845652,2018-01-08,2018-01-08,2022-12-05,15,low_fallback,2018
2678,"JUNCTION BV. HRCE HRDNG EXPY- 54 AV, NEW YORK, NY",Speed,36,40.757712872005,-73.874138845652,2018-05-21,2018-05-21,2021-07-26,10,low_fallback,2018
2679,"JUNIPER BLVD N AND 81ST ST, NEW YORK, NY",Speed,36,40.721784984098,-73.875477003807,2021-08-30,2021-08-30,2024-06-17,672,high_sustained,2021
2680,"JUNIPER BLVD S AND 69TH LN, NEW YORK, NY",Speed,36,40.716810995115,-73.885862014203,2021-08-30,2021-08-30,2024-11-25,1242,high_sustained,2021
2681,"JUNIPER BLVD S AND 80TH ST, NEW YORK, NY",Speed,36,40.720183998682,-73.875338031852,2019-12-30,2019-12-30,2024-12-23,1079,high_sustained,2019
2682,"JUNIPER VALLEY RD AND 79TH ST, NEW YORK, NY",Speed,36,40.715771010479,-73.874372017511,2020-04-27,2020-04-27,2025-01-20,1038,high_sustained,2020
2683,"JUNIUS ST. E NEW YORK AVE - PITKIN A, NEW YORK, NY",Speed,36,40.766850255043,-73.953747249636,2025-06-09,2025-06-09,2025-06-09,3,low_fallback,2025
2684,"JUNIUS ST. RIVERD ALE AV - LOTT AV, NEW YORK, NY",Speed,36,40.904545259926,-73.904856903881,2022-07-18,2022-05-23,2025-09-08,557,high_sustained,2022
2685,"JUSTICE AVE AND 54T H AVE, NEW YORK, NY",Speed,36,40.736985984602,-73.875202999392,2025-08-18,2025-08-18,2026-08-17,281,high_sustained,2025
2686,"KATAN AVE AND RHETT AVE, NEW YORK, NY",Speed,36,40.553028020334,-74.152145019803,2019-08-26,2019-08-26,2025-07-28,2943,high_sustained,2019
2687,"KATAN AVE. GIFFOR DS LANE - GREAVES AV, NEW YORK, NY",Speed,36,40.557271761759,-74.152994994633,2022-10-10,2022-10-10,2023-04-17,54,low_fallback,2022
2688,"KATONAH AV. E235 ST - E240 ST, NEW YORK, NY",Speed,36,40.898195952131,-73.867302622367,2016-09-12,2016-09-12,2023-12-25,55,low_fallback,2016
2689,"KATONAH AV. E240 ST - E235 ST, NEW YORK, NY",Speed,36,40.898195952131,-73.867302622367,2016-11-07,2016-11-07,2022-08-01,31,low_fallback,2016
2690,"KEEGANS LN AND TREN T ST, NEW YORK, NY",Speed,36,40.551566006873,-74.140187983466,2020-02-24,2020-02-24,2026-08-24,10806,high_sustained,2020
2691,"KELLY BLVD AND NOME AVE, NEW YORK, NY",Speed,36,40.585085992042,-74.155920983365,2020-08-31,2020-08-31,2026-08-24,18789,high_sustained,2020
2692,"KENSICO ST. PARK ST - RICHMOND RD, NEW YORK, NY",Speed,36,40.57008992227,-74.138081060811,2023-09-11,2023-09-11,2023-09-11,6,low_fallback,2023
2693,"KENT AV. N1ST ST - N5TH ST, NEW YORK, NY",Speed,36,40.719854465327,-73.963853995667,2019-03-18,2019-03-18,2019-03-18,1,low_fallback,2019
2694,"KENT AVE AND N 12TH ST, NEW YORK, NY",Speed,36,40.723091010341,-73.958748026732,2025-05-12,2025-05-12,2026-08-24,91,low_fallback,2025
2695,"KENT AVE AND S 4TH ST, NEW YORK, NY",Speed,36,40.713320519176,-73.967398988999,2020-03-30,2020-03-30,2024-02-19,681,high_sustained,2020
2696,"KEW GARDENS RD AND 82ND RD, NEW YORK, NY",Speed,36,40.711755995039,-73.828899019318,2020-08-31,2020-07-27,2024-08-26,773,high_sustained,2020
2697,"KINGS HWY AND BE VERLEY RD, NEW YORK, NY",Red Light,7,40.646636989269,-73.924767958897,2016-05-30,2016-05-23,2026-07-20,26255,high_sustained,2016
2698,"KINGS HWY AND CH URCH AVE, NEW YORK, NY",Red Light,7,40.642371983567,-73.925527024048,2022-03-28,2022-03-28,2026-07-20,15041,high_sustained,2022
2699,"KINGS HWY AND CLARE NDON RD, NEW YORK, NY",Red Light,7,40.644709989729,-73.925112036022,2025-08-04,2025-07-28,2026-07-20,2015,high_sustained,2025
2700,"KINGS HWY AND CLARE NDON RD, NEW YORK, NY",Speed,36,40.644709989729,-73.925112036022,2025-05-26,2025-05-26,2026-02-02,4247,high_sustained,2025
2701,"KINGS HWY AND E 23R D ST, NEW YORK, NY",Speed,36,40.611747987853,-73.950793013885,2016-09-05,2016-06-20,2026-08-24,15561,high_sustained,2016
2702,"KINGS HWY AND E 24T H ST, NEW YORK, NY",Speed,36,40.612487020256,-73.950006036996,2016-06-13,2016-06-13,2025-06-09,23066,high_sustained,2016
2703,"KINGS HWY AND E 40T H ST, NEW YORK, NY",Speed,36,40.623984015837,-73.935581033088,2020-11-02,2020-11-02,2024-05-27,1421,high_sustained,2020
2704,"KINGS HWY AND E 49T H ST, NEW YORK, NY",Speed,36,40.633399994408,-73.929427961786,2021-10-25,2021-10-25,2026-08-24,25125,high_sustained,2021
2705,"KINGS HWY AND E 58T H ST, NEW YORK, NY",Speed,36,40.65305501253,-73.922801983507,2024-08-26,2024-08-26,2026-08-24,8909,high_sustained,2024
2706,"KINGS HWY AND E 94T H ST, NEW YORK, NY",Speed,36,40.658111982354,-73.920889987573,2016-06-13,2016-06-13,2026-08-24,79765,high_sustained,2016
2707,"KINGS HWY AND E 95T H ST, NEW YORK, NY",Speed,36,40.658959979498,-73.920600979552,2016-06-20,2016-06-20,2026-08-24,53131,high_sustained,2016
2708,"KINGS HWY AND FLATB USH AVE, NEW YORK, NY",Red Light,7,40.622498994052,-73.936732036032,2026-02-02,2026-02-02,2026-07-20,2864,high_sustained,2026
2709,"KINGS HWY AND NEW Y ORK AVE, NEW YORK, NY",Speed,36,40.647610539908,-73.924586510692,2016-06-20,2016-06-20,2025-06-02,22855,high_sustained,2016
2710,"KINGS HWY AND NO STRAND AVE, NEW YORK, NY",Red Light,7,40.616169986602,-73.944866002512,2016-05-30,2016-05-23,2025-03-10,16053,high_sustained,2016
2711,"KINGS HWY AND RE MSEN AVE, NEW YORK, NY",Red Light,7,40.654523019052,-73.921878968329,2016-05-30,2016-05-23,2026-07-20,25002,high_sustained,2016
2712,"KINGS HWY AND ROCKA WAY PKWY, NEW YORK, NY",Red Light,7,40.660841004299,-73.919890529439,2026-01-05,2026-01-05,2026-07-20,622,high_sustained,2026
2713,"KINGS HWY AND TILDE N AVE, NEW YORK, NY",Speed,36,40.648528994363,-73.924419020267,2016-09-05,2016-09-05,2026-08-24,100185,high_sustained,2016
2714,"KINGS HWY AND UTICA AVE, NEW YORK, NY",Red Light,7,40.634312993211,-73.928521961872,2025-08-04,2025-08-04,2026-07-20,2993,high_sustained,2025
2715,"KINGS HWY AND W 11T H ST, NEW YORK, NY",Speed,36,40.605592988713,-73.98403899464,2021-08-30,2021-08-30,2026-08-24,3208,high_sustained,2021
2716,"KINGSBRIDGE AVE AND W 233RD ST, NEW YORK, NY",Speed,36,40.881604995058,-73.904841995754,2023-06-19,2021-11-29,2025-04-28,538,high_sustained,2023
2717,"KINGSBRIDGE TERR AND SUMMIT PL, NEW YORK, NY",Speed,36,40.877553979344,-73.900266985363,2025-03-03,2025-03-03,2026-08-17,147,low_fallback,2025
2718,"KINGSTN AV. PRESI DNT ST- PARK PL, NEW YORK, NY",Speed,36,40.716661891544,-74.015566672869,2018-03-05,2018-03-05,2022-01-17,4,low_fallback,2018
2719,"KINGSTON AV . WIN THROP ST - RUTLAND R, NEW YORK, NY",Speed,36,40.678007327839,-73.941374966582,2022-07-25,2022-07-25,2022-07-25,11,low_fallback,2022
2720,"KISSENA BLVD AND 73 RD AVE, NEW YORK, NY",Speed,36,40.727133979428,-73.812462023372,2021-09-27,2021-09-27,2026-08-24,1715,high_sustained,2021
2721,"KISSENA BLVD AND AG UILAR AVE, NEW YORK, NY",Speed,36,40.727821002122,-73.813862974669,2022-10-03,2022-09-26,2024-10-21,346,high_sustained,2022
2722,"KISSENA BLVD AND BOOTH MEMORIAL AVE, NEW YORK, NY",Red Light,7,40.74296798126,-73.814318028192,2016-05-30,2016-05-23,2025-08-11,9706,high_sustained,2016
2723,"KISSENA BLVD AND ME LBOURNE AVE, NEW YORK, NY",Speed,36,40.733763017102,-73.81485497291,2020-06-29,2020-06-29,2026-08-24,23199,high_sustained,2020
2724,"KISSENA BLVD AND NE GUNDO AVE, NEW YORK, NY",Speed,36,40.748286801739,-73.816570329394,2021-09-27,2021-09-27,2026-08-24,4238,high_sustained,2021
2725,"KISSENA BLVD AND QU EENS COLLEGE ENTRANC, NEW YORK, NY",Speed,36,40.758486446346,-73.829635118055,2019-07-08,2019-07-08,2026-08-24,26953,high_sustained,2019
2726,"KLONDIKE AVE AND RA DFORD ST, NEW YORK, NY",Speed,36,40.590577982641,-74.159953014068,2024-06-24,2024-06-24,2026-08-24,533,high_sustained,2024
2727,"KNAPP ST AND ALLEN AVE, NEW YORK, NY",Speed,36,40.594912013316,-73.933065037212,2016-06-13,2016-06-13,2026-08-24,112321,high_sustained,2016
2728,"KNAPP ST AND HARKNE SS AVE, NEW YORK, NY",Speed,36,40.586354006355,-73.931398966318,2020-12-28,2020-12-28,2026-08-24,47992,high_sustained,2020
2729,"KNAPP ST AND VOORHI ES AVE, NEW YORK, NY",Speed,36,40.58813599897,-73.931832981264,2020-08-31,2020-08-31,2026-08-24,46358,high_sustained,2020
2730,"KNAPP ST. SHORE P WY - VOORHIES AVE, NEW YORK, NY",Speed,36,40.58700912132,-73.942149282288,2016-09-26,2016-09-26,2019-01-14,675,low_fallback,2016
2731,"KNAPP ST. VOORHIE S AV - SHORE PWY, NEW YORK, NY",Speed,36,40.58700912132,-73.942149282288,2016-09-26,2016-09-26,2020-08-03,1358,low_fallback,2016
2732,"KRAMER ST AND NORWA Y AVE, NEW YORK, NY",Speed,36,40.596341002079,-74.080353013277,2021-05-24,2021-05-24,2026-08-24,4684,high_sustained,2021
2733,"L.I.E. N. SVC ROAD AND COLLEGE PT BL, NEW YORK, NY",Red Light,7,40.784669767158,-73.8457863722,2016-08-01,2016-08-01,2026-07-20,27150,high_sustained,2016
2734,"LACOMBE AVE AND BAR RETT AVE, NEW YORK, NY",Speed,36,40.815950008489,-73.854717963307,2024-08-26,2024-08-26,2026-08-24,1042,high_sustained,2024
2735,"LACOMBE AVE AND TAY LOR AVE, NEW YORK, NY",Speed,36,40.815037009686,-73.861478974047,2021-06-28,2021-06-28,2024-05-27,780,high_sustained,2021
2736,"LACONIA AV. PELHM PWY N. - WARING AV, NEW YORK, NY",Speed,36,40.866140415335,-73.855765739684,2016-10-31,2016-10-31,2024-03-18,204,low_fallback,2016
2737,"LACONIA AV. WARIN G AV - PELHM PWY N., NEW YORK, NY",Speed,36,40.866140415335,-73.855765739684,2018-12-03,2016-11-07,2024-01-29,653,high_sustained,2018
2738,"LACONIA AVE AND ALL ERTON AVE, NEW YORK, NY",Speed,36,40.865438986041,-73.855789002895,2023-08-28,2023-08-28,2026-08-24,5083,high_sustained,2023
2739,"LACONIA AVE AND E 2 21ST ST, NEW YORK, NY",Speed,36,40.881499005892,-73.851113996399,2019-11-04,2019-11-04,2026-08-24,9892,high_sustained,2019
2740,"LACONIA AVE AND E 2 22ND ST, NEW YORK, NY",Speed,36,40.882191979737,-73.850663972018,2019-08-26,2019-08-26,2019-10-21,962,high_sustained,2019
2741,"LACONIA AVE AND E 2 28TH ST, NEW YORK, NY",Speed,36,40.886297016817,-73.847896016132,2020-12-07,2020-11-30,2025-04-28,1276,high_sustained,2020
2742,"LACONIA AVE AND STE LL PL, NEW YORK, NY",Speed,36,40.860396013996,-73.855945995942,2024-02-26,2024-02-26,2026-08-24,729,high_sustained,2024
2743,"LAFAYETTE AND CASSI DY PL, NEW YORK, NY",Speed,36,40.642025014685,-74.095147994391,2020-06-01,2020-05-25,2025-03-17,781,high_sustained,2020
2744,"LAFAYETTE AV CAST LHLL AV - WHITE PLAI, NEW YORK, NY",Speed,36,41.063217050679,-73.772428461729,2024-05-13,2020-01-27,2025-12-08,1188,high_sustained,2024
2745,"LAFAYETTE AV WHIT E PLAINS RD - CASTLH, NEW YORK, NY",Speed,36,41.063217050679,-73.772428461729,2019-08-12,2019-08-12,2021-10-18,72,low_fallback,2019
2746,"LAFAYETTE AV. HUN TSPNT AV - TIFFANY S, NEW YORK, NY",Speed,36,40.822908447979,-73.851676121668,2017-03-20,2017-03-20,2019-07-29,42,low_fallback,2017
2747,"LAFAYETTE AV. TIF FANY ST- HUNTS PNT A, NEW YORK, NY",Speed,36,40.816160548588,-73.894701199074,2018-10-15,2018-10-15,2019-11-25,12,low_fallback,2018
2748,"LAFAYETTE AVE AND A LDEN PL, NEW YORK, NY",Speed,36,40.637284000701,-74.093642017848,2024-01-29,2024-01-29,2026-08-24,7334,high_sustained,2024
2749,"LAFAYETTE AVE AND B OYNTON AVE, NEW YORK, NY",Speed,36,40.819626017855,-73.876114028448,2020-10-26,2020-10-26,2025-01-27,1707,high_sustained,2020
2750,"LAFAYETTE AVE AND B RINSMADE AVE, NEW YORK, NY",Speed,36,40.827675494751,-73.829361700373,2020-10-26,2020-10-26,2026-04-27,7528,high_sustained,2020
2751,"LAFAYETTE AVE AND C ROES AVE, NEW YORK, NY",Speed,36,40.820627990561,-73.868588001406,2024-05-13,2024-01-29,2025-12-29,328,high_sustained,2024
2752,"LAFAYETTE AVE AND H UNTS POINT AVE, NEW YORK, NY",Speed,36,40.816707020074,-73.888100988179,2021-11-29,2021-11-29,2023-10-16,28,low_fallback,2021
2753,"LAFAYETTE AVE AND H UTCHINSON RIVER PKWY, NEW YORK, NY",Red Light,7,40.82502920219,-73.836342903709,2026-04-27,2026-04-27,2026-07-20,1579,high_sustained,2026
2754,"LAFAYETTE AVE AND H UTCHINSON RIVER PKWY, NEW YORK, NY",Speed,36,40.82502920219,-73.836342903709,2016-06-13,2016-06-13,2026-08-24,12445,high_sustained,2016
2755,"LAFAYETTE AVE AND M ARCY AVE, NEW YORK, NY",Speed,36,40.690240990692,-73.948184984712,2019-10-28,2019-10-28,2026-08-24,10618,high_sustained,2019
2756,"LAFAYETTE AVE AND MARCY AVE, NEW YORK, NY",Red Light,7,40.690240990692,-73.948184984712,2022-03-28,2022-03-28,2026-07-20,12316,high_sustained,2022
2757,"LAFAYETTE AVE AND N OBLE AVE, NEW YORK, NY",Speed,36,40.820753006647,-73.867664986228,2019-07-29,2019-07-29,2026-07-20,3531,high_sustained,2019
2758,"LAFAYETTE AVE AND O LMSTEAD AVE, NEW YORK, NY",Speed,36,40.822914406109,-73.852087973548,2026-03-23,2025-12-29,2026-04-20,60,high_sustained,2026
2759,"LAFAYETTE AVE AND S T JAMES PL, NEW YORK, NY",Speed,36,40.822908447979,-73.851676121668,2022-01-03,2022-01-03,2024-03-25,631,high_sustained,2022
2760,"LAFAYETTE AVE AND S TUYVESANT AVE, NEW YORK, NY",Speed,36,40.691894991646,-73.933828041858,2022-08-29,2022-08-29,2026-08-24,2266,high_sustained,2022
2761,"LAFAYETTE AVE. ST UYVESNT AV- PATCHEN, NEW YORK, NY",Speed,36,40.689421631134,-73.955316213405,2016-08-08,2016-08-08,2016-08-15,8,low_fallback,2016
2762,"LAFAYETTE AVE. TH ROOP AV- LEWIS AV, NEW YORK, NY",Speed,36,40.822908447979,-73.851676121668,2016-11-21,2016-11-21,2018-05-07,108,low_fallback,2016
2763,"LAFAYETTE ST AND AS TOR PL, NEW YORK, NY",Speed,36,40.729849003595,-73.991461672816,2020-09-28,2020-09-28,2023-10-23,210,low_fallback,2020
2764,"LAFAYTTE AV. CRS BX EXPY - REVERE AV, NEW YORK, NY",Speed,36,40.828430492855,-73.825528680785,2016-06-20,2016-06-20,2020-10-26,465,low_fallback,2016
2765,"LAFAYTTE AV. CUMB RLND ST- WSHNGTN AV, NEW YORK, NY",Speed,36,40.7130466,-74.0072301,2023-07-31,2023-07-31,2023-07-31,2,low_fallback,2023
2766,"LAFAYTTE AV. REVE RE AV- CRS BX EXPY, NEW YORK, NY",Speed,36,40.828430492855,-73.825528680785,2017-05-29,2016-06-20,2020-09-14,798,high_sustained,2017
2767,"LAKE AVE AND WALKER ST, NEW YORK, NY",Speed,36,40.631751986515,-74.151213035989,2023-11-13,2023-11-13,2025-10-06,1575,high_sustained,2023
2768,"LANDER AVE. ELSON ST - ARLENE ST, NEW YORK, NY",Speed,36,40.613592702264,-74.162076233276,2025-03-24,2025-03-24,2025-03-31,5,low_fallback,2025
2769,"LAUREL HILL BLVD. 63 ST - 64 ST, NEW YORK, NY",Speed,36,40.730964032696,-73.926584546279,2022-02-07,2022-02-07,2022-03-14,92,low_fallback,2022
2770,"LAURELTON PKWY AND FRANCIS LEWIS BLVD, NEW YORK, NY",Speed,36,40.669272989346,-73.73850203759,2021-12-27,2021-12-27,2026-08-24,6643,high_sustained,2021
2771,"LAWTON AVE AND QUIN CY AVE, NEW YORK, NY",Speed,36,40.816815020897,-73.819074003873,2021-11-29,2021-11-29,2025-05-19,267,low_fallback,2021
2772,"LEFFERTS AVE AND AL BANY AVE, NEW YORK, NY",Speed,36,40.663025998819,-73.940016987706,2021-11-29,2021-11-29,2024-02-26,492,high_sustained,2021
2773,"LEFFERTS AVE AND BE DFORD AVE, NEW YORK, NY",Speed,36,40.661966987262,-73.957037028837,2021-10-25,2021-10-25,2026-08-17,2461,high_sustained,2021
2774,"LEFFERTS AVE AND KI NGSTON AVE, NEW YORK, NY",Speed,36,40.66284499162,-73.942814028795,2021-11-29,2021-11-29,2024-02-26,264,low_fallback,2021
2775,"LEFFERTS AVE AND NE W YORK AVE, NEW YORK, NY",Speed,36,40.662532011356,-73.94792196059,2022-08-01,2022-07-25,2026-07-27,1540,high_sustained,2022
2776,"LEFFERTS AVE AND NO STRAND AVE, NEW YORK, NY",Speed,36,40.662351004156,-73.950806005835,2022-08-01,2022-07-25,2023-12-25,460,high_sustained,2022
2777,"LEFFERTS AVE AND RO GERS AVE, NEW YORK, NY",Red Light,7,40.662179007503,-73.953717040808,2026-01-12,2026-01-12,2026-07-20,930,high_sustained,2026
2778,"LEFFERTS BLVD AND 1 03RD AVE, NEW YORK, NY",Speed,36,40.68795398841,-73.825007972226,2021-12-27,2021-12-27,2026-08-24,5321,high_sustained,2021
2779,"LEFFERTS BLVD AND 1 15TH AVE, NEW YORK, NY",Red Light,7,40.677008983063,-73.819644979117,2026-01-19,2026-01-19,2026-07-20,566,high_sustained,2026
2780,"LEFFERTS BLVD AND 9 1ST AVE, NEW YORK, NY",Speed,36,40.695864996266,-73.828891978519,2020-03-30,2020-03-30,2026-08-24,2223,high_sustained,2020
2781,"LEFFERTS BLVD AND A TLANTIC AVE, NEW YORK, NY",Speed,36,40.69414100642,-73.828045993032,2020-04-13,2020-02-03,2024-12-23,681,high_sustained,2020
2782,"LEFFERTS BLVD AND S UTTER AVE, NEW YORK, NY",Speed,36,40.674182018579,-73.819743969394,2019-10-28,2019-10-28,2026-08-24,18504,high_sustained,2019
2783,"LEFFTRS BV. 115 A V - 109 AV, NEW YORK, NY",Speed,36,40.65950768959,-73.82443035639,2016-11-07,2016-11-07,2019-08-12,77,low_fallback,2016
2784,"LENOX AVE AND W 112 TH ST, NEW YORK, NY",Speed,36,40.799505007826,-73.951612009644,2025-06-30,2025-06-30,2026-08-24,709,high_sustained,2025
2785,"LENOX AVE AND W 117 TH ST, NEW YORK, NY",Speed,36,40.802733004467,-73.9492560243,2024-06-03,2024-05-27,2026-08-24,913,high_sustained,2024
2786,"LENOX AVE AND W 128 TH ST, NEW YORK, NY",Speed,36,40.809726990205,-73.9441449912,2021-01-18,2021-01-18,2026-08-24,5032,high_sustained,2021
2787,"LENOX AVE AND W 135 TH ST, NEW YORK, NY",Red Light,7,40.814140020317,-73.940924999277,2026-01-19,2026-01-19,2026-07-20,1652,high_sustained,2026
2788,"LENOX AVE AND W 145 TH ST, NEW YORK, NY",Red Light,7,40.820429087999,-73.936158127122,2026-03-30,2026-03-30,2026-07-20,3132,high_sustained,2026
2789,"LENOX RD AND ALBANY AVE, NEW YORK, NY",Red Light,7,40.654787007093,-73.939422962228,2026-06-01,2026-06-01,2026-07-20,665,high_sustained,2026
2790,"LENOX RD AND TROY A VE, NEW YORK, NY",Speed,36,40.654970989868,-73.936542018287,2025-02-24,2025-02-24,2026-08-17,376,high_sustained,2025
2791,"LENOX RD. BRKLYN AV- E43 ST, NEW YORK, NY",Speed,36,40.655058230275,-73.935190636045,2018-12-31,2018-12-31,2023-10-30,15,low_fallback,2018
2792,"LENOX RD. E43 ST- BRKLYN AV, NEW YORK, NY",Speed,36,40.655058230275,-73.935190636045,2019-06-24,2019-06-24,2024-03-25,10,low_fallback,2019
2793,"LEONARD AVE AND ST JOHN AVE, NEW YORK, NY",Speed,36,40.617839996991,-74.134959016989,2024-04-22,2024-04-22,2026-04-27,76,low_fallback,2024
2794,"LEONARD ST AND BOER UM ST, NEW YORK, NY",Speed,36,40.705599990071,-73.946264020142,2019-09-30,2019-09-30,2026-08-24,11191,high_sustained,2019
2795,"LEVERETT AVE AND EL VERTON AVE, NEW YORK, NY",Speed,36,40.556846983059,-74.154909958204,2020-09-28,2020-09-28,2022-02-28,5198,high_sustained,2020
2796,"LEWIS AVE AND VERNO N AVE, NEW YORK, NY",Speed,36,40.695952000421,-73.937642981269,2022-08-29,2022-08-29,2024-03-25,186,low_fallback,2022
2797,"LEWIS AVE. MACON ST - HANCOCK ST, NEW YORK, NY",Speed,36,40.68287575991,-73.947020428409,2022-10-17,2022-10-17,2022-10-31,7,low_fallback,2022
2798,"LEXINGTN AV. E107 ST - E102 ST, NEW YORK, NY",Speed,36,40.792646073537,-73.945139919386,2018-10-01,2018-10-01,2019-05-20,3,low_fallback,2018
2799,"LEXINGTN AV. E118 ST - E115 ST, NEW YORK, NY",Speed,36,40.797170298579,-73.940329262927,2021-10-25,2021-10-25,2022-10-10,13,low_fallback,2021
2800,"LEXINGTN AV. E131 ST - E125 ST, NEW YORK, NY",Speed,36,40.786634344043,-73.842775846758,2016-09-19,2016-09-19,2022-02-14,13,low_fallback,2016
2801,"LEXINGTON AVE AND E 112TH ST, NEW YORK, NY",Speed,36,40.796072995661,-73.94348801763,2020-08-31,2020-08-31,2026-08-17,8642,high_sustained,2020
2802,"LEXINGTON AVE AND E 128TH ST, NEW YORK, NY",Speed,36,40.806293217841,-73.936016221501,2025-11-03,2025-11-03,2026-08-03,80,low_fallback,2025
2803,"LEXINGTON AVE AND E 23RD ST, NEW YORK, NY",Speed,36,40.739504997963,-73.984751037315,2025-09-08,2025-06-23,2026-08-24,274,high_sustained,2025
2804,"LEXINGTON AVE AND E 24TH ST, NEW YORK, NY",Speed,36,40.740167000676,-73.984242004335,2022-07-04,2022-06-27,2025-05-19,1686,high_sustained,2022
2805,"LEXINGTON AVE AND E 84TH ST, NEW YORK, NY",Speed,36,40.778165981536,-73.956536964493,2021-01-04,2020-12-28,2026-08-24,3784,high_sustained,2021
2806,"LEXINGTON AVE AND L EWIS AVE, NEW YORK, NY",Speed,36,40.689354981617,-73.936317970015,2024-12-30,2024-12-30,2026-08-24,2352,high_sustained,2024
2807,"LIBERTY AV GUYBRW R BV - TUCKRTN ST, NEW YORK, NY",Speed,36,40.676125991473,-73.884858029841,2017-09-25,2017-03-20,2019-06-24,463,high_sustained,2017
2808,"LIBERTY AV TUCKRT N ST - GUYBRWR BV, NEW YORK, NY",Speed,36,40.676125991473,-73.884858029841,2017-05-29,2016-07-18,2019-02-11,377,high_sustained,2017
2809,"LIBERTY AV. ESSEX ST- LOGAN ST, NEW YORK, NY",Speed,36,40.676125991473,-73.884858029841,2016-08-01,2016-08-01,2018-07-09,4,low_fallback,2016
2810,"LIBERTY AVE AND 127 TH ST, NEW YORK, NY",Speed,36,40.688668000833,-73.817891987887,2020-03-30,2020-03-30,2021-06-14,157,low_fallback,2020
2811,"LIBERTY AVE AND 128 TH ST, NEW YORK, NY",Speed,36,40.688973018289,-73.8170719863,2023-04-03,2021-06-21,2024-10-21,605,high_sustained,2023
2812,"LIBERTY AVE AND 160 TH ST, NEW YORK, NY",Speed,36,40.700560999429,-73.796786020415,2019-08-26,2019-08-26,2026-08-24,20556,high_sustained,2019
2813,"LIBERTY AVE AND 173 RD ST, NEW YORK, NY",Speed,36,40.704590012647,-73.784839964372,2021-08-30,2021-08-30,2026-08-24,14187,high_sustained,2021
2814,"LIBERTY AVE AND 175 TH ST, NEW YORK, NY",Speed,36,40.704792980433,-73.78435096414,2021-08-30,2021-08-30,2026-08-24,26375,high_sustained,2021
2815,"LIBERTY AVE AND 183 RD ST, NEW YORK, NY",Red Light,7,40.705375019789,-73.775821958564,2026-04-27,2026-04-27,2026-07-20,2069,high_sustained,2026
2816,"LIBERTY AVE AND 187 TH ST, NEW YORK, NY",Speed,36,40.704057007425,-73.769528993298,2022-08-29,2022-08-29,2026-08-24,5135,high_sustained,2022
2817,"LIBERTY AVE AND 79T H ST, NEW YORK, NY",Speed,36,40.679401010591,-73.858586965994,2019-11-25,2019-11-25,2025-03-24,1407,high_sustained,2019
2818,"LIBERTY AVE AND CRE SCENT ST, NEW YORK, NY",Red Light,7,40.678178007099,-73.870689009256,2026-01-12,2026-01-12,2026-07-20,864,high_sustained,2026
2819,"LIBERTY AVE AND DUN LOP AVE, NEW YORK, NY",Speed,36,40.70414401158,-73.769862006311,2021-09-27,2021-09-27,2026-08-24,4755,high_sustained,2021
2820,"LIBERTY AVE AND GUY R BREWER BLVD, NEW YORK, NY",Speed,36,40.701284986316,-73.794658022837,2020-06-29,2020-06-29,2026-08-24,9677,high_sustained,2020
2821,"LIBERTY AVE AND PRI NCETON ST, NEW YORK, NY",Speed,36,40.694006393055,-73.807127277277,2020-10-26,2020-10-26,2026-08-24,9436,high_sustained,2020
2822,"LIBERTY AVE AND SUT PHIN BLVD, NEW YORK, NY",Red Light,7,40.6962342191,-73.804568701333,2025-09-01,2025-09-01,2026-07-20,1127,high_sustained,2025
2823,"LIBERTY AVE AND WAL THAM ST, NEW YORK, NY",Speed,36,40.695480015453,-73.805379566646,2020-12-28,2020-12-28,2026-08-24,2071,high_sustained,2020
2824,"LIBERTY AVE. 148 ST- PINEGROVE ST, NEW YORK, NY",Speed,36,40.690868305132,-73.806417094212,2018-10-08,2018-10-08,2020-03-02,113,low_fallback,2018
2825,"LIBERTY AVE. CLEV ELAND ST - ESSEX ST, NEW YORK, NY",Speed,36,40.673646100645,-73.884200385718,2023-04-10,2023-04-10,2026-01-12,26,low_fallback,2023
2826,"LIBERTY AVE. HNDR X ST- LINWOOD ST, NEW YORK, NY",Speed,36,40.676125991473,-73.884858029841,2016-09-12,2016-09-12,2024-04-29,8,low_fallback,2016
2827,"LIBERTY AVE. JUNI US ST - CHRISTOPHER, NEW YORK, NY",Speed,36,40.73292,-74.00822,2025-11-03,2025-11-03,2025-11-17,3,low_fallback,2025
2828,"LIBERTY AVE. LINW OOD ST- HNDRX, NEW YORK, NY",Speed,36,40.676125991473,-73.884858029841,2016-10-31,2016-10-31,2023-07-03,58,low_fallback,2016
2829,"LIBERTY AVE. PINE GROVE ST- 148 ST, NEW YORK, NY",Speed,36,40.690868305132,-73.806417094212,2018-04-23,2018-04-23,2020-10-05,251,low_fallback,2018
2830,"LINCOLN AV -- KIS WICK ST - BOUNDARY A, NEW YORK, NY",Speed,36,40.807036634826,-73.930060673198,2019-01-28,2016-09-05,2025-12-29,943,high_sustained,2019
2831,"LINCOLN AVE AND BLA KE AVE, NEW YORK, NY",Speed,36,40.672017014898,-73.866267974426,2020-09-28,2020-09-28,2024-05-27,1528,high_sustained,2020
2832,"LINCOLN AVE AND E 1 35TH ST, NEW YORK, NY",Red Light,7,40.808790983078,-73.928791020964,2025-09-01,2025-09-01,2026-07-20,881,high_sustained,2025
2833,"LINCOLN AVE AND E 1 36TH ST, NEW YORK, NY",Speed,36,40.809638016303,-73.928146033514,2022-01-10,2021-12-27,2026-08-24,6985,high_sustained,2022
2834,"LINCOLN AVE AND N R AILROAD AVE, NEW YORK, NY",Speed,36,40.579611016707,-74.109126997231,2020-04-27,2020-04-27,2023-06-26,19240,high_sustained,2020
2835,"LINDEN BLVD AND 130 TH ST, NEW YORK, NY",Speed,36,40.681276000422,-73.811620983207,2019-08-26,2019-08-26,2026-08-17,3941,high_sustained,2019
2836,"LINDEN BLVD AND 145 TH ST, NEW YORK, NY",Speed,36,40.684866011462,-73.798990963865,2021-11-29,2021-11-29,2026-08-17,4225,high_sustained,2021
2837,"LINDEN BLVD AND 180 TH ST, NEW YORK, NY",Speed,36,40.692251012983,-73.766693982187,2020-09-28,2020-09-28,2026-08-24,5062,high_sustained,2020
2838,"LINDEN BLVD AND 203 RD ST, NEW YORK, NY",Speed,36,40.695213009927,-73.749508985202,2021-06-28,2021-06-28,2026-08-24,5871,high_sustained,2021
2839,"LINDEN BLVD AND 229 TH ST, NEW YORK, NY",Speed,36,40.692679998787,-73.732300015973,2021-11-01,2021-10-25,2026-08-24,4936,high_sustained,2021
2840,"LINDEN BLVD AND 231 ST ST, NEW YORK, NY",Speed,36,40.691960999133,-73.730675016404,2022-06-27,2022-06-27,2026-01-26,9117,high_sustained,2022
2841,"LINDEN BLVD AND AMB ER ST, NEW YORK, NY",Speed,36,40.670285020336,-73.858205002667,2021-06-28,2021-06-28,2026-08-24,187467,high_sustained,2021
2842,"LINDEN BLVD AND AMB OY ST, NEW YORK, NY",Speed,36,40.654342011853,-73.910741011571,2024-08-26,2024-08-26,2026-02-02,5440,high_sustained,2024
2843,"LINDEN BLVD AND ASH FORD ST, NEW YORK, NY",Red Light,7,40.662922985229,-73.880954996627,2026-01-12,2025-08-04,2026-07-20,735,high_sustained,2026
2844,"LINDEN BLVD AND ATK INS AVE, NEW YORK, NY",Red Light,7,40.665388983053,-73.875224959978,2026-03-16,2026-01-19,2026-07-20,475,high_sustained,2026
2845,"LINDEN BLVD AND CHU RCH AVE, NEW YORK, NY",Red Light,7,40.657229996592,-73.899058985477,2026-03-09,2026-01-12,2026-07-20,477,high_sustained,2026
2846,"LINDEN BLVD AND CHU RCH AVE, NEW YORK, NY",Speed,36,40.657229996592,-73.899058985477,2021-11-29,2021-11-29,2026-08-24,20319,high_sustained,2021
2847,"LINDEN BLVD AND DRE W ST, NEW YORK, NY",Red Light,7,40.669890987067,-73.861017969372,2026-01-26,2026-01-26,2026-07-20,1436,high_sustained,2026
2848,"LINDEN BLVD AND E 4 2ND ST, NEW YORK, NY",Speed,36,40.653352989188,-73.938297859364,2019-10-28,2019-10-28,2026-08-17,4586,high_sustained,2019
2849,"LINDEN BLVD AND E 9 4TH ST, NEW YORK, NY",Speed,36,40.654101996056,-73.916354036851,2021-11-29,2021-11-29,2026-08-24,59493,high_sustained,2021
2850,"LINDEN BLVD AND EME RALD ST, NEW YORK, NY",Speed,36,40.670149987876,-73.859170011179,2021-06-28,2021-06-28,2026-08-24,104833,high_sustained,2021
2851,"LINDEN BLVD AND EUC LID AVE, NEW YORK, NY",Red Light,7,40.668120980574,-73.870135971285,2026-01-12,2026-01-05,2026-07-20,280,high_sustained,2026
2852,"LINDEN BLVD AND FAR MERS BLVD, NEW YORK, NY",Red Light,7,40.691660298357,-73.762397921534,2026-04-27,2026-04-27,2026-07-20,724,high_sustained,2026
2853,"LINDEN BLVD AND FOUNTAIN AVE, NEW YORK, NY",Red Light,7,40.666804015947,-73.871985019125,2016-06-06,2016-05-30,2026-07-20,49742,high_sustained,2016
2854,"LINDEN BLVD AND HEM LOCK ST, NEW YORK, NY",Speed,36,40.668956991597,-73.867458037039,2016-09-05,2016-09-05,2026-08-24,115591,high_sustained,2016
2855,"LINDEN BLVD AND LIN COLN AVE, NEW YORK, NY",Speed,36,40.669211005172,-73.865600020562,2016-06-13,2016-06-13,2026-08-24,153483,high_sustained,2016
2856,"LINDEN BLVD AND LOG AN ST, NEW YORK, NY",Speed,36,40.666428003771,-73.872755986579,2022-06-27,2022-06-27,2026-08-24,34946,high_sustained,2022
2857,"LINDEN BLVD AND LOU ISIANA AVE, NEW YORK, NY",Speed,36,40.657904991255,-73.895516038824,2021-05-24,2021-05-24,2026-08-24,33902,high_sustained,2021
2858,"LINDEN BLVD AND MIL FORD ST, NEW YORK, NY",Speed,36,40.666091009353,-73.873591997602,2022-08-29,2022-08-29,2026-08-24,76010,high_sustained,2022
2859,"LINDEN BLVD AND O'D ONNELL RD, NEW YORK, NY",Speed,36,40.689372583613,-73.784757402625,2020-12-28,2020-12-28,2026-08-24,16384,high_sustained,2020
2860,"LINDEN BLVD AND PENNSYLVANIA AVE, NEW YORK, NY",Red Light,7,40.658685011165,-73.890809013457,2016-05-30,2016-05-30,2026-07-20,13555,high_sustained,2016
2861,"LINDEN BLVD AND ROC KAWAY AVE, NEW YORK, NY",Speed,36,40.65489199043,-73.90696496419,2016-06-13,2016-06-13,2026-08-24,166685,high_sustained,2016
2862,"LINDEN BLVD AND ROC KAWAY PKWY, NEW YORK, NY",Speed,36,40.653971992738,-73.912275989499,2026-02-02,2026-02-02,2026-08-24,1051,high_sustained,2026
2863,"LINDEN BLVD AND ROCKAWAY AVE, NEW YORK, NY",Red Light,7,40.65489199043,-73.90696496419,2016-05-30,2016-05-30,2026-03-30,16953,high_sustained,2016
2864,"LINDEN BLVD AND SCH ENCK AVE, NEW YORK, NY",Speed,36,40.661520986194,-73.884201978279,2016-06-13,2016-06-13,2026-08-24,107327,high_sustained,2016
2865,"LINDEN BLVD AND SNE DIKER AVE, NEW YORK, NY",Red Light,7,40.6576700046,-73.898004039143,2026-01-26,2026-01-26,2026-07-20,2650,high_sustained,2026
2866,"LINDEN BLVD AND SNE DIKER AVE, NEW YORK, NY",Speed,36,40.6576700046,-73.898004039143,2026-07-27,2026-07-27,2026-08-24,2627,high_sustained,2026
2867,"LINDEN BLVD AND VAN SICLEN AVE, NEW YORK, NY",Red Light,7,40.660791006247,-73.885892021417,2025-12-29,2025-09-01,2026-07-20,689,high_sustained,2025
2868,"LINDEN BLVD AND VER MONT ST, NEW YORK, NY",Speed,36,40.659411009708,-73.889097009734,2016-09-05,2016-09-05,2026-08-24,95461,high_sustained,2016
2869,"LINDEN BV. 140 ST - 145 ST, NEW YORK, NY",Speed,36,40.652332703164,-73.95354217536,2018-12-03,2018-12-03,2021-11-08,138,low_fallback,2018
2870,"LINDEN BV. 145 ST - 140 ST, NEW YORK, NY",Speed,36,40.652551233501,-73.95339444863,2018-11-12,2018-11-12,2021-11-01,35,low_fallback,2018
2871,"LINDEN BV. 167 - 175 ST, NEW YORK, NY",Speed,36,40.652774302593,-73.952315670416,2018-09-17,2018-09-17,2020-09-07,38,low_fallback,2018
2872,"LINDEN BV. 175 ST - 167 ST, NEW YORK, NY",Speed,36,40.652609266119,-73.952221486341,2019-01-07,2019-01-07,2020-11-09,67,low_fallback,2019
2873,"LINDEN BV. 227 ST - 233 ST, NEW YORK, NY",Speed,36,40.652844836308,-73.950318849622,2017-07-24,2017-07-24,2021-10-04,143,low_fallback,2017
2874,"LINDEN BV. 233 ST - 227 ST, NEW YORK, NY",Speed,36,40.652844920127,-73.950318933441,2018-03-12,2018-03-12,2021-09-27,149,low_fallback,2018
2875,"LINDEN PL AND 28TH AVE, NEW YORK, NY",Speed,36,40.772734005364,-73.833964035769,2022-08-01,2022-08-01,2026-08-24,26957,high_sustained,2022
2876,"LINDEN PL AND WHITE STONE EXPWY, NEW YORK, NY",Speed,36,40.771603999087,-73.833502025266,2019-09-02,2019-08-26,2025-01-27,2104,high_sustained,2019
2877,"LITTLE CLOVE RD AND OTSEGO AVE, NEW YORK, NY",Speed,36,40.611200984852,-74.107667037336,2023-09-11,2023-09-11,2026-08-24,12979,high_sustained,2023
2878,"LITTLE NECK PKWY AND 41ST DR, NEW YORK, NY",Speed,36,40.771270986074,-73.739345005592,2020-11-30,2020-11-30,2026-04-27,5799,high_sustained,2020
2879,"LITTLE NECK PKWY AND 74TH AVE, NEW YORK, NY",Speed,36,40.746972980326,-73.719006988089,2024-04-15,2024-04-15,2026-08-24,24795,high_sustained,2024
2880,"LITTLE NECK PKWY AND 82ND DR, NEW YORK, NY",Speed,36,40.738551011653,-73.715186013708,2019-09-30,2019-09-30,2026-08-24,93543,high_sustained,2019
2881,"LITTLE NECK PKWY AND 85TH RD, NEW YORK, NY",Speed,36,40.733142001896,-73.711925034277,2022-07-18,2022-07-18,2026-08-24,13979,high_sustained,2022
2882,"LITTLE NECK PKWY AND HORACE HARDING EXP, NEW YORK, NY",Red Light,7,40.764579000308,-73.724266967608,2026-03-09,2026-02-09,2026-07-20,796,high_sustained,2026
2883,"LITTLE NECK PKWY AND PEMBROKE AVE, NEW YORK, NY",Speed,36,40.77040999698,-73.734533960807,2025-02-24,2025-02-24,2026-08-24,5774,high_sustained,2025
2884,"LITTLENECK PKWY. 74 AV- GR CENTRAL P, NEW YORK, NY",Speed,36,40.731902154071,-73.711173309152,2022-02-21,2021-07-19,2024-01-08,1155,high_sustained,2022
2885,"LITTLENECK PKWY. GR CENTRAL PKWY - 74, NEW YORK, NY",Speed,36,40.731902154071,-73.711173309152,2024-05-13,2021-07-19,2026-08-24,6340,high_sustained,2024
2886,"LITTLENECK PWY 57 AV - 61 AV, NEW YORK, NY",Speed,36,40.731902154071,-73.711173309152,2018-10-29,2018-10-29,2026-01-05,102,low_fallback,2018
2887,"LITTLENECK PWY 61 AV - 57 AV, NEW YORK, NY",Speed,36,40.731902154071,-73.711173309152,2022-02-07,2021-12-13,2026-08-24,2523,high_sustained,2022
2888,"LITTLENECK PY NOR THRN BV - 40 AV, NEW YORK, NY",Speed,36,40.731902154071,-73.711173309152,2018-10-29,2018-10-29,2020-01-06,133,low_fallback,2018
2889,"LOGAN ST AND ATLANT IC AVE, NEW YORK, NY",Speed,36,40.680093984436,-73.877392017225,2024-12-30,2024-12-30,2026-08-24,1690,high_sustained,2024
2890,"LONGFELLOW AVE AND JENNINGS ST, NEW YORK, NY",Speed,36,40.831205994278,-73.887226001307,2020-08-31,2020-08-31,2026-08-24,25803,high_sustained,2020
2891,"LONGWD AV HEWITT PL - SOUTHRN BV, NEW YORK, NY",Speed,36,40.817868034932,-73.9008183361,2018-07-30,2018-07-30,2024-12-02,55,low_fallback,2018
2892,"LONGWD AV SOUTHRN BV - HEWITT PL, NEW YORK, NY",Speed,36,40.817868034932,-73.9008183361,2019-01-07,2019-01-07,2023-06-19,33,low_fallback,2019
2893,"LONGWOOD AVE AND HE WITT PL, NEW YORK, NY",Speed,36,40.818571616345,-73.900085684797,2024-12-30,2024-12-30,2026-08-24,346,high_sustained,2024
2894,"LONGWOOD AVE. WES TCHTR AV - BECK ST, NEW YORK, NY",Speed,36,40.816327089358,-73.896234787021,2023-09-04,2023-09-04,2023-09-04,2,low_fallback,2023
2895,"LORIMER ST AND BAYA RD ST, NEW YORK, NY",Speed,36,40.718987984918,-73.950169987022,2022-01-03,2021-12-27,2024-04-22,911,high_sustained,2022
2896,"LORIMER ST AND BOER UM ST, NEW YORK, NY",Speed,36,40.70543298065,-73.947980969189,2020-12-28,2020-12-28,2026-08-24,4828,high_sustained,2020
2897,"LORIMER ST. UNION AV- BOERUM ST, NEW YORK, NY",Speed,36,40.724204141187,-73.952059241502,2016-08-01,2016-08-01,2019-11-18,19,low_fallback,2016
2898,"LOTT AVE WATKINS ST - SACKMAN ST, NEW YORK, NY",Speed,36,40.660244239262,-73.902484493693,2025-10-20,2025-10-20,2025-10-27,6,low_fallback,2025
2899,"LOUIS NINE BLVD AND E 170TH ST, NEW YORK, NY",Speed,36,40.833410895818,-73.893201292443,2021-06-28,2021-06-28,2026-08-24,18919,high_sustained,2021
2900,"LOUISIANA AVE AND V ANDALIA AVE, NEW YORK, NY",Speed,36,40.649187979591,-73.887661022082,2021-08-30,2021-08-30,2025-02-24,3337,high_sustained,2021
2901,"LOUISIANA AVE AND W ORTMAN AVE, NEW YORK, NY",Speed,36,40.653701005808,-73.892439964177,2023-11-20,2023-11-20,2026-08-24,14876,high_sustained,2023
2902,"LUCAS ST. WILLIAM SON AVE - SPRINGFIEL, NEW YORK, NY",Speed,36,40.683184428086,-73.754377062088,2023-08-07,2023-08-07,2023-08-21,22,low_fallback,2023
2903,"LUTEN AV AMBOY RD - HYLAN BV, NEW YORK, NY",Speed,36,40.550883148992,-74.150034104437,2017-07-10,2016-06-20,2020-08-31,1070,high_sustained,2017
2904,"LUTEN AV HYLAN BV - AMBOY RD, NEW YORK, NY",Speed,36,40.550883148992,-74.150034104437,2016-10-03,2016-07-18,2020-10-26,1535,high_sustained,2016
2905,"LUTEN AVE AND EYLAN DT ST, NEW YORK, NY",Speed,36,40.526873003937,-74.19114500945,2020-11-30,2020-11-30,2026-08-24,14198,high_sustained,2020
2906,"LUTEN AVE AND HY LAN BLVD, NEW YORK, NY",Red Light,7,40.523165981529,-74.188501021913,2017-06-05,2017-06-05,2026-06-22,393,low_fallback,2017
2907,"LYNCH ST AND MARCY AVE, NEW YORK, NY",Speed,36,40.702615990631,-73.953180012271,2025-03-03,2025-02-24,2026-08-24,590,high_sustained,2025
2908,"MACDONOUGH PL AND D WIGHT PL, NEW YORK, NY",Speed,36,40.843463018929,-73.825120960281,2019-10-28,2019-10-28,2021-01-11,28153,high_sustained,2019
2909,"MACDONOUGH PL AND G RISWOLD AVE, NEW YORK, NY",Speed,36,40.844300999699,-73.825077039108,2023-08-28,2023-08-28,2026-08-24,87911,high_sustained,2023
2910,"MACDONOUGH ST. ST UYVESANT AV - LEWIS, NEW YORK, NY",Speed,36,40.681213183558,-73.94203627233,2022-09-12,2022-09-12,2023-02-20,41,low_fallback,2022
2911,"MACE AV. BRXWD AV - WHITE PLNS RD, NEW YORK, NY",Speed,36,40.867747564608,-73.86733650916,2018-10-15,2018-10-15,2024-04-29,22,low_fallback,2018
2912,"MACE AV. WHITE PL NS RD- BRXWD AV, NEW YORK, NY",Speed,36,40.867747564608,-73.86733650916,2019-05-27,2019-05-27,2023-05-01,16,low_fallback,2019
2913,"MACE AVE AND MICKLE AVE, NEW YORK, NY",Speed,36,40.862720986299,-73.840825964623,2024-09-30,2024-09-30,2026-08-24,1275,high_sustained,2024
2914,"MACE AVE SEYMOUR AVE - WOODHULL AVE, NEW YORK, NY",Speed,36,40.863088053604,-73.841759045071,2024-02-05,2024-02-05,2024-04-29,8,low_fallback,2024
2915,"MACOMBS PL AND W 15 4TH ST, NEW YORK, NY",Speed,36,40.827658982402,-73.935822012804,2021-06-28,2021-06-28,2026-08-24,4900,high_sustained,2021
2916,"MACOMBS RD. UNIVE RSTY AV- W. 174 ST, NEW YORK, NY",Speed,36,40.847640526802,-73.916254251532,2022-12-19,2022-12-19,2022-12-19,1,low_fallback,2022
2917,"MACOMBS RD. W. 17 4 ST- UNIVERSTY AV, NEW YORK, NY",Speed,36,40.6780203435,-73.995398233643,2019-03-11,2019-03-11,2023-01-02,27,low_fallback,2019
2918,"MADISN AV. E118 S T - E122 ST, NEW YORK, NY",Speed,36,40.800113995001,-73.935280960954,2020-03-09,2020-03-09,2021-05-03,28,low_fallback,2020
2919,"MADISN AV. E118 S T - E123 ST, NEW YORK, NY",Speed,36,40.802582379241,-73.937228937519,2016-07-04,2016-06-20,2020-01-06,582,high_sustained,2016
2920,"MADISON AV - E102 ST - E111 ST, NEW YORK, NY",Speed,36,40.7843911619,-73.956232635722,2016-12-19,2016-12-19,2021-03-15,18,low_fallback,2016
2921,"MADISON AV. E122 ST. - E128 ST, NEW YORK, NY",Speed,36,40.7843911619,-73.956232635722,2016-09-19,2016-09-19,2019-12-16,55,low_fallback,2016
2922,"MADISON AV. E127 ST- E132 ST, NEW YORK, NY",Speed,36,40.7843911619,-73.956232635722,2017-11-27,2017-11-27,2017-11-27,10,low_fallback,2017
2923,"MADISON AV. E78 S T- E85 ST, NEW YORK, NY",Speed,36,40.7843911619,-73.956232635722,2018-10-01,2018-10-01,2020-08-10,34,low_fallback,2018
2924,"MADISON AV. E91 S T- E98 ST, NEW YORK, NY",Speed,36,40.7843911619,-73.956232635722,2017-03-20,2017-02-13,2019-11-25,119,high_sustained,2017
2925,"MADISON AVE AND 135 TH ST, NEW YORK, NY",Red Light,7,40.812005987769,-73.936085036926,2026-06-29,2026-06-29,2026-07-20,583,high_sustained,2026
2926,"MADISON AVE AND E 1 15TH ST, NEW YORK, NY",Speed,36,40.799294999242,-73.945358020228,2021-05-24,2021-05-24,2026-08-24,12287,high_sustained,2021
2927,"MADISON AVE AND E 1 16TH ST, NEW YORK, NY",Red Light,7,40.799984997511,-73.944833983642,2026-01-26,2026-01-19,2026-07-20,153,high_sustained,2026
2928,"MADISON AVE AND E 1 29TH ST, NEW YORK, NY",Speed,36,40.808274993118,-73.938781998092,2020-02-24,2020-02-24,2026-08-24,10131,high_sustained,2020
2929,"MADISON AVE AND E 8 1ST ST, NEW YORK, NY",Speed,36,40.777633604956,-73.961152962391,2020-11-30,2020-11-30,2023-05-01,4257,high_sustained,2020
2930,"MADISON AVE AND E 8 2ND ST, NEW YORK, NY",Speed,36,40.778272012611,-73.960700004343,2023-06-19,2023-06-12,2026-08-24,2018,high_sustained,2023
2931,"MADISON AVE AND E 9 3RD ST, NEW YORK, NY",Speed,36,40.785290012502,-73.955564999001,2020-03-30,2020-03-30,2025-03-24,1600,high_sustained,2020
2932,"MADISON AVE AND E 96TH ST, NEW YORK, NY",Red Light,7,40.787256784172,-73.954155498163,2016-05-30,2016-05-30,2026-07-20,12367,high_sustained,2016
2933,"MADISON ST AND CLIN TON ST, NEW YORK, NY",Speed,36,40.712903016579,-73.986929996864,2020-03-02,2020-02-24,2024-04-22,931,high_sustained,2020
2934,"MADISON ST. MARKE T ST- JEFFRSN ST, NEW YORK, NY",Speed,36,40.711723975239,-74.000539112245,2018-10-22,2018-10-22,2021-11-01,7,low_fallback,2018
2935,"MAGUIRE AVE AND SAG ONA CT, NEW YORK, NY",Speed,36,40.527755995527,-74.210674005659,2021-08-30,2021-08-30,2026-08-24,26848,high_sustained,2021
2936,"MAIN ST 82 DR - Q UEENS BV, NEW YORK, NY",Speed,36,40.717001800131,-73.816698573358,2016-09-19,2016-09-19,2018-10-22,14521,high_sustained,2016
2937,"MAIN ST AND 56TH AV E, NEW YORK, NY",Speed,36,40.748315006843,-73.825996030972,2021-09-27,2021-09-27,2022-06-20,1417,high_sustained,2021
2938,"MAIN ST AND 63RD AV E, NEW YORK, NY",Speed,36,40.739676994616,-73.824847961694,2016-09-05,2016-09-05,2026-08-24,73657,high_sustained,2016
2939,"MAIN ST AND 75TH AV E, NEW YORK, NY",Speed,36,40.723989005538,-73.820446959613,2020-04-27,2020-04-27,2026-08-24,6302,high_sustained,2020
2940,"MAIN ST AND 77TH AV E, NEW YORK, NY",Speed,36,40.721331984141,-73.819079033015,2024-02-26,2024-02-26,2026-08-24,6114,high_sustained,2024
2941,"MAIN ST AND BENTLEY LN, NEW YORK, NY",Speed,36,40.509680002234,-74.247479026321,2020-04-27,2020-04-27,2020-12-28,176,high_sustained,2020
2942,"MAIN ST AND ELDER A VE, NEW YORK, NY",Speed,36,40.75101100409,-73.825780029328,2020-03-30,2020-03-30,2026-08-24,19601,high_sustained,2020
2943,"MAIN ST AND GRAND C ENTRAL PKWY, NEW YORK, NY",Red Light,7,40.715629984958,-73.816438984972,2025-09-01,2025-09-01,2026-07-20,2959,high_sustained,2025
2944,"MAIN ST AND REEVES AVE, NEW YORK, NY",Speed,36,40.73982900043,-73.824887021363,2016-06-13,2016-06-13,2026-08-24,47168,high_sustained,2016
2945,"MALCLM X BV. JEFF ERSN AV- CHAUNCY ST, NEW YORK, NY",Speed,36,40.792175094379,-73.828176384066,2016-09-26,2016-09-26,2019-11-11,16,low_fallback,2016
2946,"MALCLM X BV. W115 ST- W120 ST, NEW YORK, NY",Speed,36,40.801508282684,-73.951017816528,2018-09-03,2018-09-03,2024-04-01,145,low_fallback,2018
2947,"MALCLM X BV. W120 ST- W115 ST, NEW YORK, NY",Speed,36,40.805164217393,-73.94869242513,2018-09-24,2018-09-24,2024-07-08,98,low_fallback,2018
2948,"MALCLM X BV. W120 ST- W126 ST, NEW YORK, NY",Speed,36,40.804963680359,-73.949170612706,2018-09-10,2018-09-10,2021-06-21,30,low_fallback,2018
2949,"MALCLM X BV. W121 ST- W127 ST, NEW YORK, NY",Speed,36,40.80883230586,-73.95591309944,2019-05-06,2019-05-06,2021-08-09,30,low_fallback,2019
2950,"MALCLM X BV. W126 ST- W120 ST, NEW YORK, NY",Speed,36,40.808701003347,-73.946276090083,2019-04-08,2019-04-08,2020-03-16,34,low_fallback,2019
2951,"MALCLM X BV. W127 ST - W121 ST, NEW YORK, NY",Speed,36,40.80883230586,-73.95591309944,2018-02-12,2018-02-12,2021-10-04,61,low_fallback,2018
2952,"MALCOLM X BLVD / LENOX AVE AND W 138TH, NEW YORK, NY",Speed,36,40.816057003483,-73.939522958332,2019-11-25,2019-11-25,2026-08-24,12238,high_sustained,2019
2953,"MALCOLM X BLVD AND HANCOCK ST, NEW YORK, NY",Speed,36,40.684886002301,-73.929441037555,2020-03-23,2020-02-03,2023-06-05,310,high_sustained,2020
2954,"MALCOLM X BLVD AND VAN BUREN ST, NEW YORK, NY",Speed,36,40.69149898863,-73.930774011617,2021-09-27,2021-09-27,2026-04-27,2421,high_sustained,2021
2955,"MANGIN AVE AND HANN IBAL ST, NEW YORK, NY",Speed,36,40.700298981136,-73.766001972261,2022-08-29,2022-08-29,2026-08-24,1758,high_sustained,2022
2956,"MANHATTAN AVE - D EVOE ST - CONSELYEA, NEW YORK, NY",Speed,36,40.803063845461,-73.958266625004,2018-05-21,2018-05-21,2023-11-27,11,low_fallback,2018
2957,"MANHATTAN AVE AND S EIGEL ST, NEW YORK, NY",Speed,36,40.704306997687,-73.944421007272,2021-09-27,2021-09-27,2024-07-29,1075,high_sustained,2021
2958,"MANHATTAN AVE AND W 102ND ST, NEW YORK, NY",Speed,36,40.796089005096,-73.963338962739,2021-11-22,2021-11-22,2024-06-24,227,low_fallback,2021
2959,"MANHATTAN AVE AND W 115TH ST, NEW YORK, NY",Red Light,7,40.804353980722,-73.957317990231,2026-01-26,2026-01-19,2026-07-20,474,high_sustained,2026
2960,"MANHATTAN BRIDGE AND BOWERY, NEW YORK, NY",Red Light,7,40.716209719291,-73.996150677091,2026-06-01,2026-06-01,2026-07-20,104,high_sustained,2026
2961,"MANHATTAN COLLEGE PKWY AND FIELDSTON RD, NEW YORK, NY",Speed,36,40.89016199619,-73.905426968776,2022-01-17,2022-01-17,2025-04-21,153,low_fallback,2022
2962,"MANOR RD AND BRIELL E AVE, NEW YORK, NY",Speed,36,40.598997017648,-74.122867534926,2018-11-19,2018-11-19,2026-08-24,101604,high_sustained,2018
2963,"MANOR RD AND DORE C T, NEW YORK, NY",Speed,36,40.625834991516,-74.124828984088,2025-06-30,2025-06-30,2026-08-24,2365,high_sustained,2025
2964,"MANOR RD AND EGBERT AVE, NEW YORK, NY",Speed,36,40.625089002133,-74.124723036832,2021-09-27,2021-09-27,2026-08-24,3519,high_sustained,2021
2965,"MANOR RD AND N GANN ON AVE, NEW YORK, NY",Red Light,7,40.610177009651,-74.121448981632,2026-04-27,2026-04-27,2026-07-20,466,high_sustained,2026
2966,"MANOR RD. 2255 FE ET SOUTH OF BRIELLE, NEW YORK, NY",Speed,36,40.776513635048,-73.750222551853,2017-07-10,2017-07-10,2017-07-24,196,low_fallback,2017
2967,"MANOR RD. BRIELLE AV- 2255 FEET SOUTH, NEW YORK, NY",Speed,36,40.593915750953,-74.135398859348,2017-05-29,2017-05-15,2018-10-08,5489,high_sustained,2017
2968,"MAPLE PKWY AND SPIR IT LN, NEW YORK, NY",Speed,36,40.628251997115,-74.156564462072,2021-05-24,2021-05-24,2026-08-24,3409,high_sustained,2021
2969,"MAPLE ST AND ALBANY AVE, NEW YORK, NY",Speed,36,40.661493996466,-73.939888996044,2025-06-02,2025-06-02,2026-08-24,455,high_sustained,2025
2970,"MAPLE ST AND TROY A VE, NEW YORK, NY",Speed,36,40.661672195728,-73.937270908587,2021-11-01,2021-10-25,2025-03-24,1969,high_sustained,2021
2971,"MARATHN PKWY 64 A V - HORACE HRDG EXPY, NEW YORK, NY",Speed,36,40.7130466,-74.0072301,2016-09-19,2016-09-19,2019-05-13,171,low_fallback,2016
2972,"MARATHN PKWY HORA CE HRDG EXPY - 64 AV, NEW YORK, NY",Speed,36,40.733015899857,-73.849366062714,2016-09-26,2016-09-26,2019-04-15,214,low_fallback,2016
2973,"MARATHN PKWY. HRC E HRDNG PKWY - VAN Z, NEW YORK, NY",Speed,36,40.7130466,-74.0072301,2018-01-15,2018-01-15,2018-06-18,183,low_fallback,2018
2974,"MARATHON PKWY AND 5 2ND AVE, NEW YORK, NY",Speed,36,40.762287010794,-73.733323027256,2020-07-27,2020-07-27,2026-04-27,6612,high_sustained,2020
2975,"MARATHON PKWY AND T HEBES AVE, NEW YORK, NY",Speed,36,40.765892989359,-73.736022000078,2020-07-27,2020-07-27,2026-08-24,41213,high_sustained,2020
2976,"MARATHON PKWY AND T HORNHILL AVE, NEW YORK, NY",Speed,36,40.76169000974,-73.732820029246,2019-07-29,2019-07-29,2026-08-24,30258,high_sustained,2019
2977,"MARBLE HILL AVE AND W 230TH ST, NEW YORK, NY",Speed,36,40.878311996757,-73.908024017656,2020-11-02,2020-11-02,2023-07-17,96,low_fallback,2020
2978,"MARCUS GARVEY BLV D AND DEKALB AVE, NEW YORK, NY",Speed,36,40.692681004616,-73.939973988542,2021-11-08,2021-10-04,2023-01-23,1053,high_sustained,2021
2979,"MARCUS GARVEY BLV D AND HANCOCK ST, NEW YORK, NY",Speed,36,40.683895009888,-73.938224014797,2019-09-30,2019-09-30,2026-08-24,14517,high_sustained,2019
2980,"MARCUS GARVEY BLV D AND KOSCIUSZKO ST, NEW YORK, NY",Speed,36,40.691950982759,-73.939831999103,2023-06-05,2023-06-05,2026-08-17,1118,high_sustained,2023
2981,"MARCUS GARVEY BLV D AND MADISON ST, NEW YORK, NY",Speed,36,40.68608499164,-73.93866699838,2021-11-29,2021-11-29,2026-08-24,9634,high_sustained,2021
2982,"MARCUS GARVEY BLV D AND PARK AVE, NEW YORK, NY",Speed,36,40.698538991017,-73.941182994256,2021-09-27,2021-09-27,2026-08-24,7896,high_sustained,2021
2983,"MARCUS GARVY BV. VERNN AV- KOSCSKO ST, NEW YORK, NY",Speed,36,40.792175094379,-73.828176384066,2018-05-07,2018-05-07,2018-05-07,2,low_fallback,2018
2984,"MARCY AV. HALSEY ST- QUINCY ST, NEW YORK, NY",Speed,36,40.836133028078,-73.844829990363,2016-09-05,2016-09-05,2019-04-29,395,low_fallback,2016
2985,"MARCY AV. MIDDLTN ST- HEWS ST, NEW YORK, NY",Speed,36,40.697931382944,-73.949718249859,2018-07-09,2016-08-08,2022-07-18,145,high_sustained,2018
2986,"MARCY AV. WALTON ST- RUTLEDGE ST, NEW YORK, NY",Speed,36,40.703657958223,-73.954578102876,2016-06-20,2016-06-20,2019-03-11,48,low_fallback,2016
2987,"MARCY AVE AND ELLER Y ST, NEW YORK, NY",Speed,36,40.698340088454,-73.949798668711,2022-07-25,2022-07-25,2026-08-24,3233,high_sustained,2022
2988,"MARCY AVE AND HALSE Y ST, NEW YORK, NY",Speed,36,40.68217998868,-73.946580017892,2019-08-26,2019-08-26,2026-08-24,11258,high_sustained,2019
2989,"MARCY AVE AND S 1ST ST, NEW YORK, NY",Speed,36,40.711746984493,-73.955789969282,2021-10-25,2021-10-25,2026-08-24,21527,high_sustained,2021
2990,"MARINE AVE AND 93RD ST, NEW YORK, NY",Speed,36,40.619640010698,-74.037487960438,2020-04-27,2020-04-27,2024-06-24,1928,high_sustained,2020
2991,"MARINE AVE AND 98TH ST, NEW YORK, NY",Speed,36,40.615363186512,-74.034886133873,2024-07-01,2024-07-01,2026-07-27,198,low_fallback,2024
2992,"MARINE PKWY AND AVE R, NEW YORK, NY",Speed,36,40.610179985226,-73.93936303162,2022-07-04,2022-07-04,2026-08-24,4266,high_sustained,2022
2993,"MARINE PKWY QUENT IN RD - NOSTRAND AVE, NEW YORK, NY",Speed,36,40.694495709718,-73.95239458491,2023-07-03,2023-07-03,2023-07-31,490,high_sustained,2023
2994,"MARINE PKWY. FILL MORE AVENUE - QUENTI, NEW YORK, NY",Speed,36,40.607610105128,-73.938987303798,2022-09-05,2022-08-15,2022-10-03,268,high_sustained,2022
2995,"MAROLLA PL AND BOLL ER AVE, NEW YORK, NY",Speed,36,40.88539298665,-73.837691971025,2024-11-25,2024-11-25,2026-08-24,1586,high_sustained,2024
2996,"MARSH AV. ELMWD P K DR - RCHMNDHILL RD, NEW YORK, NY",Speed,36,40.580941945852,-74.162875850408,2016-07-11,2016-06-20,2018-09-10,1933,high_sustained,2016
2997,"MARSH AV. RCHMNDH ILL RD - ELMWD PK DR, NEW YORK, NY",Speed,36,40.580941945852,-74.162875850408,2016-06-13,2016-06-13,2018-10-22,4128,high_sustained,2016
2998,"MARSH AVE AND ELMWO OD PARK DRIVE, NEW YORK, NY",Speed,36,40.581236100095,-74.162765310222,2018-11-19,2018-11-19,2026-08-24,28228,high_sustained,2018
2999,"MASON AVE AND GARRE TSON AVE, NEW YORK, NY",Speed,36,40.585236992028,-74.088068974245,2024-09-30,2024-09-30,2026-08-17,1360,high_sustained,2024
3000,"MAURICE AVE AND 67T H ST, NEW YORK, NY",Speed,36,40.735165016137,-73.897832964499,2020-08-03,2020-07-27,2024-07-29,848,high_sustained,2020
3001,"MAURICE AVE AND BOR DEN AVE, NEW YORK, NY",Red Light,7,40.727739991028,-73.906733036929,2026-04-27,2026-04-27,2026-07-20,804,high_sustained,2026
3002,"MCCLEAN AVE AND BIO NIA AVE, NEW YORK, NY",Speed,36,40.595394014658,-74.074533038807,2020-09-28,2020-09-28,2026-08-24,4862,high_sustained,2020
3003,"MCCLEAN AVE AND LIN WOOD AVE, NEW YORK, NY",Speed,36,40.59596000267,-74.072825980407,2025-06-02,2025-05-26,2026-08-24,491,high_sustained,2025
3004,"MCCOMBS RD. UNIVE RSTY AV- W. 174 ST, NEW YORK, NY",Speed,36,40.735011247616,-73.991959739794,2018-11-05,2018-11-05,2018-11-05,1,low_fallback,2018
3005,"MCCOMBS RD. W. 17 4 ST- UNIVERSTY AV, NEW YORK, NY",Speed,36,40.6780203435,-73.995398233643,2017-11-06,2017-11-06,2018-04-23,10,low_fallback,2017
3006,"MCDONALD AV. CATO N AV - CHURCH AV, NEW YORK, NY",Speed,36,40.618661931623,-73.97485968532,2018-01-01,2018-01-01,2021-10-18,36,low_fallback,2018
3007,"MCDONALD AV. CHUR CH AV - CATON AV, NEW YORK, NY",Speed,36,40.618661931623,-73.97485968532,2018-04-09,2018-04-09,2021-05-03,31,low_fallback,2018
3008,"MCDONALD AVE AND AL BEMARLE RD, NEW YORK, NY",Speed,36,40.645106998573,-73.979873021124,2022-09-12,2022-09-12,2024-01-29,786,high_sustained,2022
3009,"MCDONALD AVE AND AV E C, NEW YORK, NY",Speed,36,40.618661931623,-73.97485968532,2019-11-25,2019-11-25,2023-12-25,1493,high_sustained,2019
3010,"MCDONALD AVE AND GR EENWOOD AVE, NEW YORK, NY",Speed,36,40.649528997321,-73.980711965813,2021-10-25,2021-10-25,2026-08-24,51958,high_sustained,2021
3011,"MCDONALD AVE AND GREENWOOD AVE, NEW YORK, NY",Red Light,7,40.649528997321,-73.980711965813,2016-05-30,2016-05-30,2026-07-20,6581,high_sustained,2016
3012,"MCDONALD AVE AND VANDERBILT ST, NEW YORK, NY",Red Light,7,40.65159899213,-73.981111028223,2016-05-30,2016-05-23,2026-07-20,72243,high_sustained,2016
3013,"MCGUINNESS BLVD AND BROOME ST, NEW YORK, NY",Speed,36,40.722203995437,-73.946579012064,2024-12-30,2024-12-30,2026-08-24,784,high_sustained,2024
3014,"MCGUINNESS BLVD AND CALYER ST, NEW YORK, NY",Speed,36,40.728973010894,-73.950727970316,2026-08-03,2026-08-03,2026-08-24,15,low_fallback,2026
3015,"MCGUINNESS BLVD AND NASSAU AVE, NEW YORK, NY",Speed,36,40.724616013805,-73.948233013017,2016-06-13,2016-06-13,2026-02-02,50141,high_sustained,2016
3016,"MCGUINNESS BLVD AND NORMAN AVE, NEW YORK, NY",Speed,36,40.726273996162,-73.949195004045,2016-09-05,2016-06-20,2026-08-24,36148,high_sustained,2016
3017,"MCKINLEY AVE AND TH OMAS ST, NEW YORK, NY",Speed,36,40.56963898268,-74.140451007588,2020-09-07,2020-01-27,2025-03-17,677,high_sustained,2020
3018,"MCLAUGHLIN AVE AND PALO ALTO ST, NEW YORK, NY",Speed,36,40.722212000155,-73.774745973654,2020-07-27,2020-07-27,2026-08-24,28772,high_sustained,2020
3019,"MCLAUGHLIN AVE. P INTO - FRANCIS LEWIS, NEW YORK, NY",Speed,36,40.7130466,-74.0072301,2024-03-18,2024-03-18,2024-03-18,1,low_fallback,2024
3020,"MEEKER AVE AND KING SLAND AVE, NEW YORK, NY",Speed,36,40.722280983218,-73.941089033122,2021-11-29,2021-11-29,2026-08-24,40896,high_sustained,2021
3021,"MEEKER AVE AND LORI MER ST, NEW YORK, NY",Speed,36,40.716907009816,-73.949852983444,2021-05-24,2021-05-24,2026-08-24,31453,high_sustained,2021
3022,"MEEKER AVE AND SUTT ON ST, NEW YORK, NY",Speed,36,40.722881001757,-73.940210022936,2021-11-29,2021-11-29,2026-08-24,7534,high_sustained,2021
3023,"MEEKER AVE AND UNIO N AVE, NEW YORK, NY",Red Light,7,40.715476009397,-73.951861035988,2026-02-02,2026-02-02,2026-07-20,1572,high_sustained,2026
3024,"MELBOURNE AND 147TH ST, NEW YORK, NY",Speed,36,40.734478999271,-73.822359961375,2023-06-05,2023-06-05,2026-08-24,2432,high_sustained,2023
3025,"MELBOURNE AVE AND 1 49TH ST, NEW YORK, NY",Speed,36,40.734429001219,-73.821852018042,2020-04-27,2020-04-27,2023-05-08,1026,high_sustained,2020
3026,"MELBOURNE AVE AND 1 52ND ST, NEW YORK, NY",Speed,36,40.733950981281,-73.817409022626,2021-11-29,2021-11-29,2026-08-24,4513,high_sustained,2021
3027,"MELROSE AVE AND E 1 55TH ST, NEW YORK, NY",Speed,36,40.820174990604,-73.915909041611,2021-05-31,2021-05-24,2025-04-28,735,high_sustained,2021
3028,"MELROSE AVE AND E 1 65TH ST, NEW YORK, NY",Speed,36,40.827853987379,-73.91201103754,2019-07-29,2019-07-29,2026-08-24,37688,high_sustained,2019
3029,"MELROSE AVE. E153 ST- E149 ST, NEW YORK, NY",Speed,36,40.824329428341,-73.913772013454,2018-11-19,2018-11-19,2018-11-19,3,low_fallback,2018
3030,"MERMAID AVE AND W 2 7TH ST, NEW YORK, NY",Speed,36,40.575687992655,-73.993244000707,2021-08-30,2021-08-30,2024-02-05,332,low_fallback,2021
3031,"MERMAID AVE. W22 ST- W15 ST, NEW YORK, NY",Speed,36,40.57580731582,-73.992186125896,2021-03-15,2021-03-15,2021-03-15,1,low_fallback,2021
3032,"MERRICK BLVD AND 10 9TH AVE, NEW YORK, NY",Speed,36,40.6972669953,-73.784567971614,2019-07-29,2019-07-29,2026-08-24,28584,high_sustained,2019
3033,"MERRICK BLVD AND 16 9TH PL, NEW YORK, NY",Speed,36,40.697739399363,-73.785919469682,2020-07-27,2020-07-27,2026-08-24,29803,high_sustained,2020
3034,"MERRICK BLVD AND 21 8TH ST, NEW YORK, NY",Speed,36,40.679684989471,-73.751511002775,2020-12-28,2020-12-28,2026-08-24,25219,high_sustained,2020
3035,"MERRICK BLVD AND 24 2ND ST, NEW YORK, NY",Speed,36,40.67373610133,-73.731827779548,2020-04-27,2020-04-27,2026-08-24,47751,high_sustained,2020
3036,"MERRICK BLVD AND 91 ST AVE, NEW YORK, NY",Speed,36,40.706527992481,-73.794445038677,2022-08-01,2020-07-27,2026-07-27,885,high_sustained,2022
3037,"MERRICK BLVD AND BE LKNAP ST, NEW YORK, NY",Speed,36,40.679022316206,-73.759843787998,2021-10-25,2021-10-25,2026-08-24,6583,high_sustained,2021
3038,"MERRICK BLVD AND BR OOKVILLE BLVD, NEW YORK, NY",Red Light,7,40.673217387252,-73.733808171811,2026-04-27,2026-04-27,2026-07-20,600,high_sustained,2026
3039,"MERRICK BLVD AND BR OOKVILLE BLVD, NEW YORK, NY",Speed,36,40.673217387252,-73.733808171811,2022-08-29,2022-08-29,2026-08-24,9466,high_sustained,2022
3040,"MERRICK BLVD AND FA RMERS BLVD, NEW YORK, NY",Speed,36,40.679252483267,-73.761737176106,2021-11-01,2021-10-25,2026-08-24,3709,high_sustained,2021
3041,"MERRICK BLVD AND LI NDEN BLVD, NEW YORK, NY",Speed,36,40.691646887312,-73.779274464482,2016-06-13,2016-06-13,2026-08-24,11449,high_sustained,2016
3042,"MERRICK BLVD AND RI DGEDALE ST, NEW YORK, NY",Speed,36,40.680157980267,-73.754121965614,2020-10-26,2020-10-26,2026-08-24,17051,high_sustained,2020
3043,"MERRICK BLVD AND SA YRES AVE, NEW YORK, NY",Red Light,7,40.692933006535,-73.780271994779,2026-02-02,2026-02-02,2026-07-20,2106,high_sustained,2026
3044,"MERRICK BV. 111 R D - 116 AV, NEW YORK, NY",Speed,36,40.708468725931,-73.795701097707,2016-06-20,2016-06-20,2019-11-04,278,low_fallback,2016
3045,"MERRICK BV. 116 A V - 111 RD, NEW YORK, NY",Speed,36,40.708468725931,-73.795701097707,2019-07-08,2019-07-08,2019-10-14,74,low_fallback,2019
3046,"MERRICK BV. 116 A V - LINDEN BLVD, NEW YORK, NY",Speed,36,40.652134595743,-73.954454732106,2020-01-13,2020-01-13,2024-04-22,176,low_fallback,2020
3047,"MERRICK BV. LAURE LTN PKY- 231 ST, NEW YORK, NY",Speed,36,40.673619934785,-73.732454468441,2022-10-03,2022-10-03,2022-10-03,5,low_fallback,2022
3048,"MERRICK BV. LINDE N BLVD - 116 AV, NEW YORK, NY",Speed,36,40.652134595743,-73.954454732106,2020-02-10,2020-02-10,2024-04-01,575,low_fallback,2020
3049,"MERRILL AVE AND FIR TH RD, NEW YORK, NY",Speed,36,40.610663998225,-74.165844989086,2021-09-27,2021-09-27,2024-05-13,229,low_fallback,2021
3050,"MERRY MOUNT ST AND KLONDIKE AVE, NEW YORK, NY",Speed,36,40.59015302015,-74.159193026907,2020-11-09,2020-11-09,2024-05-13,59,low_fallback,2020
3051,"MERRYMOUNT ST AND S HILOH ST, NEW YORK, NY",Speed,36,40.589028001106,-74.160315028466,2021-04-26,2021-04-26,2026-08-24,9242,high_sustained,2021
3052,"MESEROLE ST AND LEO NARD ST, NEW YORK, NY",Speed,36,40.707754013458,-73.946650006783,2022-01-10,2021-12-27,2024-04-22,513,high_sustained,2022
3053,"METCALF AVE AND LAF AYETTE AVE, NEW YORK, NY",Speed,36,40.820369995581,-73.870502008996,2020-09-28,2020-09-28,2026-08-24,12179,high_sustained,2020
3054,"METROPLTN AV. HUM BOLDT ST- LORIMER ST, NEW YORK, NY",Speed,36,40.726056406164,-73.945534297956,2019-03-18,2019-03-18,2025-12-08,19,low_fallback,2019
3055,"METROPLTN AV. LOR IMER ST- HUMBOLDT ST, NEW YORK, NY",Speed,36,40.726056406164,-73.945534297956,2019-04-15,2019-04-15,2023-06-26,17,low_fallback,2019
3056,"METROPOLITAN AV 7 0 AV - WOODHAVEN BV, NEW YORK, NY",Speed,36,40.84042327296,-73.85623242157,2016-06-20,2016-06-20,2022-08-29,109,low_fallback,2016
3057,"METROPOLITAN AV W OODHAVEN BV - 70 AV, NEW YORK, NY",Speed,36,40.704023829141,-73.85614772447,2016-07-11,2016-07-11,2024-04-22,109,low_fallback,2016
3058,"METROPOLITAN AVE AND 118TH ST, NEW YORK, NY",Speed,36,40.707100015463,-73.834994004031,2020-02-24,2020-02-24,2026-08-24,7673,high_sustained,2020
3059,"METROPOLITAN AVE AND 80TH ST, NEW YORK, NY",Speed,36,40.713290009048,-73.871617975585,2022-01-17,2022-01-17,2026-08-24,9336,high_sustained,2022
3060,"METROPOLITAN AVE AND 83RD AVE, NEW YORK, NY",Speed,36,40.707100015463,-73.834994004031,2022-08-29,2022-08-29,2026-08-24,2520,high_sustained,2022
3061,"METROPOLITAN AVE AND ADMIRAL AVE, NEW YORK, NY",Speed,36,40.712585007172,-73.897693992545,2025-01-27,2025-01-27,2026-08-24,1481,high_sustained,2025
3062,"METROPOLITAN AVE AND LINDEN DR, NEW YORK, NY",Speed,36,40.840444988962,-73.855128006011,2020-08-31,2020-08-31,2026-08-24,6343,high_sustained,2020
3063,"METROPOLITAN AVE AND RENTAR PLAZA, NEW YORK, NY",Speed,36,40.712378602807,-73.893642934921,2018-12-03,2018-12-03,2026-08-24,77695,high_sustained,2018
3064,"METROPOLITAN AVE AND STEWART AVE, NEW YORK, NY",Red Light,7,40.714276014228,-73.928192972172,2026-02-02,2026-02-02,2026-07-20,2429,high_sustained,2026
3065,"METROPOLITAN AVE AND WOODHAVEN BLVD, NEW YORK, NY",Red Light,7,40.711870617565,-73.859864787133,2026-06-29,2026-06-29,2026-07-20,81,high_sustained,2026
3066,"METROPOLTN AV. 65 LN- 70 ST, NEW YORK, NY",Speed,36,40.717294132609,-73.964197773197,2016-12-05,2016-06-13,2018-10-22,1878,high_sustained,2016
3067,"METROPOLTN AV. 70 ST- 65 LN, NEW YORK, NY",Speed,36,40.717109700911,-73.964124071392,2017-09-11,2017-09-11,2018-04-09,8,low_fallback,2017
3068,"MEXICO ST AND TURIN DR, NEW YORK, NY",Speed,36,40.693256003174,-73.763773978578,2020-01-06,2019-12-30,2022-06-06,302,high_sustained,2020
3069,"MIDDLETOWN RD AND H OBART AVE, NEW YORK, NY",Speed,36,40.844192998877,-73.829324987637,2020-12-28,2020-12-14,2025-05-26,1077,high_sustained,2020
3070,"MIDDLETOWN RD AND P ILGRIM AVE, NEW YORK, NY",Speed,36,40.843520015871,-73.83382799748,2019-11-25,2019-11-25,2020-11-09,1802,high_sustained,2019
3071,"MIDLAND AV HYLAN BV - FREEBORN ST, NEW YORK, NY",Speed,36,40.577071509593,-74.09014450111,2016-06-20,2016-06-20,2016-06-20,46,low_fallback,2016
3072,"MIDLAND AVE AND BOU NDARY AVE, NEW YORK, NY",Speed,36,40.577295013041,-74.101120016585,2025-02-10,2025-02-10,2026-06-29,2336,high_sustained,2025
3073,"MIDLAND AVE AND HYL AN BLVD, NEW YORK, NY",Red Light,7,40.577945909732,-74.102322903509,2026-03-30,2026-03-30,2026-07-20,790,high_sustained,2026
3074,"MIDLAND AVE AND MAS ON AVE, NEW YORK, NY",Speed,36,40.574772102095,-74.097613615029,2016-06-13,2016-06-13,2025-01-27,116295,high_sustained,2016
3075,"MIDLAND PKWY AND GR AND CENTRAL PKWY, NEW YORK, NY",Red Light,7,40.720196990632,-73.785044985723,2026-02-16,2026-01-19,2026-07-20,583,high_sustained,2026
3076,"MIDLAND PKWY AND HE NLEY RD, NEW YORK, NY",Speed,36,40.717795994467,-73.784997963246,2020-06-29,2020-06-29,2026-08-24,25295,high_sustained,2020
3077,"MIDLAND PKWY AND WE XFORD TERR, NEW YORK, NY",Speed,36,40.714008002874,-73.782902990367,2019-07-08,2019-07-08,2026-08-24,9823,high_sustained,2019
3078,"MILES AVE E. QUIN CY AVE - E. TREMONT, NEW YORK, NY",Speed,36,40.84538,-73.89097,2022-05-16,2022-05-16,2025-01-13,17,low_fallback,2022
3079,"MILES AVE E. TREM ONT AVE - QUINCY AVE, NEW YORK, NY",Speed,36,40.84653999316,-73.895548876966,2022-06-06,2022-06-06,2024-02-12,9,low_fallback,2022
3080,"MILFORD DR AND C LOVE RD, NEW YORK, NY",Red Light,7,40.610265103453,-74.097428123512,2016-05-30,2016-05-23,2026-07-20,7091,high_sustained,2016
3081,"MILFORD DR AND CLOV E RD, NEW YORK, NY",Speed,36,40.610265103453,-74.097428123512,2021-09-27,2021-09-27,2026-08-24,16683,high_sustained,2021
3082,"MILFORD DR RENWIC K AV - WITTEMAN PL, NEW YORK, NY",Speed,36,40.609150342516,-74.10167491182,2016-07-11,2016-07-11,2016-09-12,3,low_fallback,2016
3083,"MILL AVE. MAYFAI R DR - 57TH PL, NEW YORK, NY",Speed,36,40.609533028692,-73.911575277533,2023-09-25,2023-09-25,2023-09-25,14,low_fallback,2023
3084,"MONROE ST. HOWARD AV- PATCHEN AV, NEW YORK, NY",Speed,36,40.689028134762,-73.927284087319,2022-02-14,2022-02-14,2022-02-14,3,low_fallback,2022
3085,"MONTGOMERY ST AND M ONROE ST, NEW YORK, NY",Speed,36,40.712363180105,-73.985026885748,2021-11-01,2021-11-01,2024-04-29,527,high_sustained,2021
3086,"MONTROSE AV. UNIO N AV- HUMBOLDT ST, NEW YORK, NY",Speed,36,40.726056406164,-73.945534297956,2017-01-30,2017-01-30,2020-01-06,120,low_fallback,2017
3087,"MONTROSE AVE AND LE ONARD ST, NEW YORK, NY",Speed,36,40.70701200548,-73.946502988202,2020-11-02,2020-10-05,2026-08-24,3648,high_sustained,2020
3088,"MORGAN AVE AND GRAN D ST, NEW YORK, NY",Red Light,7,40.864239999467,-73.845334079013,2026-02-09,2026-01-19,2026-07-20,523,high_sustained,2026
3089,"MORNINGSDE AV. W1 27 ST- W124 ST, NEW YORK, NY",Speed,36,40.661540364221,-74.002688067072,2019-09-16,2019-09-16,2019-09-16,1,low_fallback,2019
3090,"MORNINGSIDE AV W1 17 ST - W122 ST, NEW YORK, NY",Speed,36,40.666654433697,-73.996208757359,2016-10-24,2016-09-19,2020-03-16,632,high_sustained,2016
3091,"MORNINGSIDE AV W1 22 ST - W117 ST, NEW YORK, NY",Speed,36,40.663917882727,-73.99909878344,2017-03-27,2017-03-27,2020-02-17,47,low_fallback,2017
3092,"MORNINGSIDE AVE AND W 120TH ST, NEW YORK, NY",Speed,36,40.808201106642,-73.956374607029,2020-04-27,2020-04-27,2026-08-03,5154,high_sustained,2020
3093,"MORNINGSTAR RD AND DAVID PL, NEW YORK, NY",Speed,36,40.629823017227,-74.147380997495,2020-08-31,2020-08-31,2026-08-17,3048,high_sustained,2020
3094,"MORNINGSTAR RD AND DIXON AVE, NEW YORK, NY",Speed,36,40.628199987406,-74.147910985233,2020-01-27,2020-01-27,2024-10-14,12495,high_sustained,2020
3095,"MORNINGSTAR RD AND LASALLE ST, NEW YORK, NY",Speed,36,40.635455991437,-74.14555399406,2020-12-28,2020-12-28,2026-08-24,14661,high_sustained,2020
3096,"MORNINGSTAR RD. W ESTBROOK AV - KALVER, NEW YORK, NY",Speed,36,40.626352949503,-74.150270941026,2019-11-18,2019-04-01,2020-01-20,323,high_sustained,2019
3097,"MORRIS AV. E139 S T - E144 ST, NEW YORK, NY",Speed,36,40.868816178688,-73.894890666634,2022-03-21,2022-03-21,2022-11-14,10,low_fallback,2022
3098,"MORRIS AV. E140 S T - E151 ST, NEW YORK, NY",Speed,36,40.868816178688,-73.894890666634,2016-06-27,2016-06-27,2021-12-06,89,low_fallback,2016
3099,"MORRIS AV. E144 S T - E139 ST, NEW YORK, NY",Speed,36,40.868816178688,-73.894890666634,2022-02-14,2022-02-14,2022-10-17,15,low_fallback,2022
3100,"MORRIS AV. E151 S T - E140 ST, NEW YORK, NY",Speed,36,40.868816178688,-73.894890666634,2016-08-15,2016-08-15,2019-05-06,31,low_fallback,2016
3101,"MORRIS AV. E161 S T- E165 ST, NEW YORK, NY",Speed,36,40.868816178688,-73.894890666634,2020-02-24,2020-02-24,2020-02-24,1,low_fallback,2020
3102,"MORRIS AV. E170 S T- TELLER AV, NEW YORK, NY",Speed,36,40.868816178688,-73.894890666634,2016-10-03,2016-10-03,2018-08-06,18,low_fallback,2016
3103,"MORRIS AV. TELLER AV- E170 ST, NEW YORK, NY",Speed,36,40.868816178688,-73.894890666634,2016-09-19,2016-09-19,2020-10-05,42,low_fallback,2016
3104,"MORRIS AVE AND E 15 3RD ST, NEW YORK, NY",Speed,36,40.700593982218,-73.977035998356,2021-01-04,2020-12-28,2025-01-27,1459,high_sustained,2021
3105,"MORRIS AVE AND E 16 5TH ST, NEW YORK, NY",Speed,36,40.699212518846,-73.975539996277,2026-07-27,2026-07-27,2026-08-24,9,low_fallback,2026
3106,"MORRIS AVE AND E 16 6TH ST, NEW YORK, NY",Speed,36,40.830539004333,-73.915707037745,2023-08-07,2022-01-03,2026-08-10,331,high_sustained,2023
3107,"MORRIS AVE AND E 16 7TH ST, NEW YORK, NY",Speed,36,40.833274019339,-73.914092012641,2020-12-28,2020-12-28,2024-06-24,755,high_sustained,2020
3108,"MORRIS AVE AND E 16 9TH ST, NEW YORK, NY",Speed,36,40.835302020812,-73.912903039676,2021-10-25,2021-10-25,2026-08-24,3787,high_sustained,2021
3109,"MORRIS PARK AVE AND HOLLAND AVE, NEW YORK, NY",Speed,36,40.845594997912,-73.864324965451,2020-11-09,2020-09-28,2025-02-24,1598,high_sustained,2020
3110,"MORRIS PARK AVE AND NEWPORT AVE, NEW YORK, NY",Speed,36,40.851037996286,-73.847311965119,2026-06-15,2026-06-15,2026-08-24,622,high_sustained,2026
3111,"MORRIS PARK AVE AND WILLIAMSBRIDGE RD, NEW YORK, NY",Red Light,7,40.850306004682,-73.851369979722,2026-06-01,2026-06-01,2026-07-20,448,high_sustained,2026
3112,"MORRIS PARK AVE AND WILLIAMSBRIDGE RD, NEW YORK, NY",Speed,36,40.850306004682,-73.851369979722,2026-07-27,2026-07-27,2026-08-24,89,high_sustained,2026
3113,"MORRIS PARK AVE AND YATES AVE, NEW YORK, NY",Speed,36,40.850689979666,-73.850491975365,2020-08-31,2020-08-31,2024-08-26,2006,high_sustained,2020
3114,"MORRIS PK AV. HAI GHT AV- TENBROECK AV, NEW YORK, NY",Speed,36,40.864955845732,-73.852898168499,2017-07-10,2016-10-17,2020-01-20,790,high_sustained,2017
3115,"MORRIS PK AV. TEN BROECK AV- HAIGHT AV, NEW YORK, NY",Speed,36,40.850978845536,-73.849862895081,2017-01-23,2017-01-23,2020-03-09,116,low_fallback,2017
3116,"MOSHOLU AVE AND FIE LDSTON RD, NEW YORK, NY",Speed,36,40.905460017224,-73.900767971715,2021-04-05,2020-03-30,2023-04-03,381,high_sustained,2021
3117,"MOSHOLU AVE AND TYN DALL AVE, NEW YORK, NY",Speed,36,40.905211996709,-73.901492000512,2023-09-25,2023-09-25,2026-08-10,312,low_fallback,2023
3118,"MOSHOLU PKWY AND GR AND CONCOURSE, NEW YORK, NY",Speed,36,40.879495018571,-73.884467014058,2024-06-24,2024-06-24,2026-08-24,6183,high_sustained,2024
3119,"MOTHER GASTON BLV D AND BLAKE AVE, NEW YORK, NY",Speed,36,40.666166991306,-73.906051001468,2019-09-30,2019-09-30,2026-06-22,1533,high_sustained,2019
3120,"MOTHER GASTON BLV D AND LOTT AVE, NEW YORK, NY",Speed,36,40.658498010905,-73.903999027751,2022-12-05,2022-11-14,2023-06-05,168,high_sustained,2022
3121,"MOTHER GASTON BLV D AND RIVERDALE AVE, NEW YORK, NY",Speed,36,40.661565997015,-73.904780975499,2024-10-28,2024-10-28,2026-08-24,579,high_sustained,2024
3122,"MOTHER GSTN BV. B ELMNT AV- E NEWYORK, NEW YORK, NY",Speed,36,40.671012965752,-73.892937024661,2016-09-19,2016-09-19,2019-05-06,10,low_fallback,2016
3123,"MOTHER GSTN BV. E NEWYORK AV- BELMNT, NEW YORK, NY",Speed,36,40.7130466,-74.0072301,2019-06-24,2019-06-24,2019-06-24,9,low_fallback,2019
3124,"MOTT AVE AND BAYSWA TER AVE, NEW YORK, NY",Speed,36,40.60667798417,-73.761501979903,2020-06-01,2020-05-25,2026-08-17,2605,high_sustained,2020
3125,"MTROPLTN AV. 60 P L- NURGE AV, NEW YORK, NY",Speed,36,40.715388428615,-73.910852662342,2016-08-01,2016-08-01,2023-07-24,76,low_fallback,2016
3126,"MTRPOLTN AV. NURG E AV- 60 PL, NEW YORK, NY",Speed,36,40.715388428615,-73.910852662342,2016-09-19,2016-09-19,2023-08-28,185,low_fallback,2016
3127,"MULFORD AV. ST TH ERESA AV - BUHRE AV, NEW YORK, NY",Speed,36,40.849486693263,-73.833136405801,2022-01-10,2022-01-10,2022-05-02,10,low_fallback,2022
3128,"MURDOCK AVE AND 198 TH ST, NEW YORK, NY",Speed,36,40.699536982318,-73.756466970666,2021-11-01,2021-10-25,2026-08-24,4521,high_sustained,2021
3129,"MURDOCK AVE AND 205 TH ST, NEW YORK, NY",Speed,36,40.701162987715,-73.750224967371,2021-04-26,2021-04-26,2026-08-24,8013,high_sustained,2021
3130,"MURDOCK AVE AND 208 TH ST, NEW YORK, NY",Speed,36,40.702059013165,-73.746796014601,2024-09-30,2024-09-30,2026-08-24,1133,high_sustained,2024
3131,"MURDOCK AVE AND NER EID AVE, NEW YORK, NY",Speed,36,40.899823983619,-73.843456038201,2021-10-25,2021-10-25,2026-08-24,6543,high_sustained,2021
3132,"MURRAY ST AND 26TH AVE, NEW YORK, NY",Speed,36,40.77416701744,-73.812982036645,2020-02-24,2020-02-24,2021-09-27,269,high_sustained,2020
3133,"MURRAY ST AND SANFO RD AVE, NEW YORK, NY",Speed,36,40.761137013678,-73.812273011455,2020-03-30,2020-03-30,2025-05-19,1203,high_sustained,2020
3134,"MYRTLE AVE AND 114T H ST, NEW YORK, NY",Speed,36,40.700463014981,-73.835901009774,2020-01-27,2020-01-27,2025-03-24,3229,high_sustained,2020
3135,"MYRTLE AVE AND 74TH ST, NEW YORK, NY",Speed,36,40.702456985927,-73.874466984474,2021-06-28,2021-06-28,2026-08-24,2595,high_sustained,2021
3136,"MYRTLE AVE AND NAVY ST, NEW YORK, NY",Speed,36,40.693484996768,-73.979200960127,2021-11-01,2021-08-30,2024-06-17,626,high_sustained,2021
3137,"MYRTLE AVE AND UNIO N TPKE, NEW YORK, NY",Red Light,7,40.703361016094,-73.863586016867,2026-02-02,2026-02-02,2026-07-20,743,high_sustained,2026
3138,"MYRTLE AVE. UNION TPKE - WOODHAVEN BL, NEW YORK, NY",Speed,36,40.702427931242,-73.853815787516,2023-05-15,2023-05-15,2025-10-20,52,low_fallback,2023
3139,"MYRTLE AVE. WOODH AVEN BLVD - UNION TP, NEW YORK, NY",Speed,36,40.702427931242,-73.853815787516,2023-07-10,2023-07-10,2024-09-16,40,low_fallback,2023
3140,"N BURGHER AVE AND M ARKET ST, NEW YORK, NY",Speed,36,40.635707993356,-74.114699035005,2021-09-27,2021-09-27,2026-08-24,1834,high_sustained,2021
3141,"N CONDUIT AND CROSS BAY BLVD, NEW YORK, NY",Red Light,7,40.668760980791,-73.842378041634,2026-01-19,2026-01-19,2026-07-20,952,high_sustained,2026
3142,"N CONDUIT AVE AND 1 27TH ST, NEW YORK, NY",Speed,36,40.667027016481,-73.813275989989,2023-07-31,2023-07-31,2026-08-24,123813,high_sustained,2023
3143,"N CONDUIT AVE AND 1 50TH ST, NEW YORK, NY",Red Light,7,40.666862982636,-73.789418998076,2025-09-01,2025-09-01,2026-07-20,687,high_sustained,2025
3144,"N CONDUIT AVE AND 114TH ST, NEW YORK, NY",Red Light,7,40.666101989646,-73.828068959447,2016-05-30,2016-05-30,2026-07-20,12621,high_sustained,2016
3145,"N CONDUIT AVE AND 2 25TH ST, NEW YORK, NY",Red Light,7,40.666403989618,-73.751757011633,2026-03-16,2026-02-02,2026-07-20,622,high_sustained,2026
3146,"N CONDUIT AVE AND 8 8TH ST, NEW YORK, NY",Speed,36,40.670774984486,-73.847876989212,2023-07-03,2023-07-03,2026-08-24,556876,high_sustained,2023
3147,"N CONDUIT AVE AND LEFFERTS BLVD, NEW YORK, NY",Red Light,7,40.666071018514,-73.822277986362,2016-09-19,2016-09-19,2026-07-20,23261,high_sustained,2016
3148,"N CONDUIT AVE AND S PRINGFIELD BLVD, NEW YORK, NY",Speed,36,40.666449000438,-73.757730039655,2021-10-25,2021-10-25,2026-08-24,371603,high_sustained,2021
3149,"N CONDUIT AVE AND V AN WYCK EXPWY / E, NEW YORK, NY",Red Light,7,40.666743498606,-73.801438814868,2016-05-23,2016-05-23,2026-07-20,19759,high_sustained,2016
3150,"N GANNON AVE AND BR ADLEY AVE, NEW YORK, NY",Red Light,7,40.608555991486,-74.132143032799,2026-01-19,2026-01-19,2026-07-20,1202,high_sustained,2026
3151,"N GANNON AVE AND MA NOR RD, NEW YORK, NY",Red Light,7,40.610177009651,-74.121448981632,2025-09-01,2025-09-01,2026-07-20,1474,high_sustained,2025
3152,"N GANNON AVE AND VI CTORY BLVD, NEW YORK, NY",Red Light,7,40.609595012204,-74.149473958718,2026-01-05,2026-01-05,2026-07-20,2485,high_sustained,2026
3153,"N. CONDUIT AVE AND 143RD RD, NEW YORK, NY",Speed,36,40.666400008214,-73.753203979578,2026-06-08,2026-06-08,2026-08-24,22446,high_sustained,2026
3154,"N. CONDUIT BLVD AND 76TH ST, NEW YORK, NY",Speed,36,40.674795992987,-73.860359989973,2021-12-27,2021-12-27,2026-08-24,226927,high_sustained,2021
3155,"N. PELHM PWY. HER ING AV - BRXNWD AV, NEW YORK, NY",Speed,36,40.864219164015,-73.853879192852,2017-01-23,2017-01-23,2017-01-23,3,low_fallback,2017
3156,"N.CONDUIT AVE AND D UMONT AVE, NEW YORK, NY",Speed,36,40.672304514177,-73.852922978742,2026-06-08,2026-06-08,2026-08-24,13090,high_sustained,2026
3157,"NAGLE AVE AND ARDEN ST, NEW YORK, NY",Speed,36,40.860950979805,-73.926503012854,2021-01-04,2020-12-28,2026-08-17,2053,high_sustained,2021
3158,"NAGLE AVE AND ELLWO OD ST, NEW YORK, NY",Speed,36,40.860248995414,-73.928417020444,2020-10-26,2020-10-26,2026-08-24,7190,high_sustained,2020
3159,"NARROWS AV. 72 ST - BAY RIDGE AV, NEW YORK, NY",Speed,36,40.637806444726,-74.033188882299,2019-03-04,2019-03-04,2020-11-16,22,low_fallback,2019
3160,"NARROWS AV. BAY R IDGE AV - 72 ST, NEW YORK, NY",Speed,36,40.637806444726,-74.033188882299,2018-10-15,2018-10-15,2020-11-16,23,low_fallback,2018
3161,"NARROWS AVE AND 73R D ST, NEW YORK, NY",Speed,36,40.634754300413,-74.035280083323,2020-11-30,2020-11-30,2024-02-19,1263,high_sustained,2020
3162,"NARROWS AVE AND MAC KAY PL, NEW YORK, NY",Speed,36,40.636810087895,-74.034453879127,2022-09-26,2022-09-26,2024-02-12,153,low_fallback,2022
3163,"NARROWS RD AND C LOVE RD, NEW YORK, NY",Red Light,7,40.610955604637,-74.098098005214,2016-05-30,2016-05-30,2026-07-20,10354,high_sustained,2016
3164,"NARROWS RD AND R ICHMOND RD, NEW YORK, NY",Red Light,7,40.608782386691,-74.090796110263,2016-05-30,2016-05-30,2026-07-20,5218,high_sustained,2016
3165,"NARROWS RD N AND CL OVE RD, NEW YORK, NY",Speed,36,40.610955604637,-74.098098005214,2021-09-27,2021-09-27,2026-08-24,6381,high_sustained,2021
3166,"NARROWS RD N AND TA RGEE ST, NEW YORK, NY",Speed,36,40.6087339812,-74.088368040551,2021-09-27,2021-09-27,2026-08-24,8646,high_sustained,2021
3167,"NARROWS RD S AND HYLAN BLVD, NEW YORK, NY",Red Light,7,40.605605016745,-74.077873981594,2021-11-29,2021-11-29,2026-07-20,23200,high_sustained,2021
3168,"NARROWS RD S AND TA RGEE ST, NEW YORK, NY",Speed,36,40.6079280193,-74.089189969976,2021-10-04,2021-09-27,2023-06-19,565,high_sustained,2021
3169,"NASHVILLE BLVD. 1 94TH ST - 199TH ST, NEW YORK, NY",Speed,36,40.618032696945,-74.039021597262,2022-04-11,2022-04-11,2022-12-05,6,low_fallback,2022
3170,"NASHVILLE BLVD. 1 99TH ST - 194TH ST, NEW YORK, NY",Speed,36,40.613901333246,-74.037035222008,2022-11-14,2022-11-14,2022-11-14,5,low_fallback,2022
3171,"NASSAU AVE AND SUTT ON ST, NEW YORK, NY",Speed,36,40.725973002019,-73.940745039815,2020-03-30,2020-03-30,2024-03-25,264,low_fallback,2020
3172,"NASSAU ST AND NAVY ST, NEW YORK, NY",Speed,36,40.698263310221,-73.980543238102,2020-09-28,2020-09-28,2026-08-24,2285,high_sustained,2020
3173,"NAVY ST AND NASSAU ST, NEW YORK, NY",Speed,36,40.698263310221,-73.980543238102,2026-07-27,2026-07-27,2026-08-10,2,low_fallback,2026
3174,"NEB 4TH AVE AND 42ND S T, NEW YORK, NY",Speed,36,40.650984011894,-74.007963041779,2016-06-20,2016-06-20,2026-08-24,16642,high_sustained,2016
3175,"NEILL AVE AND PAULD ING AVE, NEW YORK, NY",Speed,36,40.852351985337,-73.858509014295,2019-09-30,2019-09-30,2019-12-02,93,high_sustained,2019
3176,"NELSON AVE AND GRAN DVIEW TERR, NEW YORK, NY",Speed,36,40.545665985227,-74.148940031486,2020-08-31,2020-08-24,2026-08-24,13557,high_sustained,2020
3177,"NEPTNE AV. BRIGHT N 3 ST- CONEY ILND A, NEW YORK, NY",Speed,36,40.650659785446,-73.971833453995,2017-11-13,2017-11-13,2017-12-18,5,low_fallback,2017
3178,"NEPTNE AV. CONEY ILND AV- BRGHTN 3 ST, NEW YORK, NY",Speed,36,40.815009010887,-73.879360614025,2018-01-22,2018-01-22,2018-01-22,4,low_fallback,2018
3179,"NEPTNE AVE. BRGHT N 1 ST- BRGHTN 8 ST, NEW YORK, NY",Speed,36,40.714545010456,-73.960182505641,2019-07-08,2019-07-08,2019-07-08,1,low_fallback,2019
3180,"NEPTUNE AV. E12 S T - E14 ST, NEW YORK, NY",Speed,36,40.578582617268,-73.988943875378,2018-10-15,2018-10-15,2018-10-15,20,low_fallback,2018
3181,"NEPTUNE AV. E12 S T - E19 ST, NEW YORK, NY",Speed,36,40.578582617268,-73.988943875378,2017-11-27,2017-11-27,2017-11-27,41,low_fallback,2017
3182,"NEPTUNE AVE AND CRO PSEY AVE, NEW YORK, NY",Red Light,7,40.578977302918,-73.985288484946,2026-06-29,2026-06-29,2026-07-20,662,high_sustained,2026
3183,"NEPTUNE AVE AND OCE AN PKWY, NEW YORK, NY",Speed,36,40.580244981954,-73.967902992837,2019-07-08,2019-07-08,2026-08-24,11534,high_sustained,2019
3184,"NEPTUNE AVE AND SHE EPSHEAD BAY RD, NEW YORK, NY",Speed,36,40.579736996712,-73.97699501085,2021-05-24,2021-05-24,2026-08-24,13395,high_sustained,2021
3185,"NEPTUNE AVE AND SHE LL RD, NEW YORK, NY",Red Light,7,40.579762980612,-73.976281962346,2026-03-30,2025-09-08,2026-07-20,197,high_sustained,2026
3186,"NEPTUNE AVE AND W 1 2TH ST, NEW YORK, NY",Speed,36,40.579437008397,-73.979626006437,2021-05-24,2021-05-24,2026-08-24,41467,high_sustained,2021
3187,"NEPTUNE AVE AND W 2 0TH ST, NEW YORK, NY",Speed,36,40.578770018452,-73.987343140872,2021-09-27,2021-09-27,2026-08-24,19726,high_sustained,2021
3188,"NEPTUNE AVE AND W 2 4TH ST, NEW YORK, NY",Speed,36,40.57819799547,-73.991565021682,2016-09-19,2016-06-20,2018-11-19,1501,high_sustained,2016
3189,"NEPTUNE AVE AND W 2 8TH ST, NEW YORK, NY",Speed,36,40.577929020197,-73.994764980858,2016-06-13,2016-06-13,2026-08-24,47731,high_sustained,2016
3190,"NEPTUNE AVE AND W 5 TH ST, NEW YORK, NY",Speed,36,40.579758999208,-73.971855982194,2020-06-29,2020-06-29,2026-08-24,14840,high_sustained,2020
3191,"NEREID AVE AND BAYC HESTER AVE, NEW YORK, NY",Red Light,7,40.899247979233,-73.846078987162,2026-06-29,2026-06-29,2026-07-20,186,high_sustained,2026
3192,"NEREID AVE AND BAYC HESTER AVE, NEW YORK, NY",Speed,36,40.899247979233,-73.846078987162,2020-05-11,2020-04-27,2026-07-20,929,high_sustained,2020
3193,"NEREID AVE AND BULL ARD AVE, NEW YORK, NY",Speed,36,40.900117014954,-73.85862803732,2020-11-30,2020-11-30,2026-08-24,12582,high_sustained,2020
3194,"NEREID AVE AND GRAC E AVE, NEW YORK, NY",Speed,36,40.898855999531,-73.847855028626,2021-10-25,2021-10-25,2026-08-24,3354,high_sustained,2021
3195,"NEREID AVE AND HILL AVE, NEW YORK, NY",Speed,36,40.900026993314,-73.842570993045,2024-02-26,2024-02-26,2026-01-26,3600,high_sustained,2024
3196,"NEREID AVE AND MONT ICELLO AVE, NEW YORK, NY",Speed,36,40.900208000513,-73.841692988687,2026-02-02,2026-02-02,2026-04-27,191,high_sustained,2026
3197,"NEREID AVE AND RICH ARDSON AVE, NEW YORK, NY",Speed,36,40.898874984541,-73.855383989334,2020-12-28,2020-12-28,2026-08-24,10493,high_sustained,2020
3198,"NEW DORP LN AND 4TH ST, NEW YORK, NY",Speed,36,40.574633004411,-74.117568998652,2020-09-28,2020-09-28,2024-11-25,1581,high_sustained,2020
3199,"NEW DORP LN AND HYL AN BLVD, NEW YORK, NY",Red Light,7,40.570505000917,-74.109825964137,2026-04-06,2026-03-30,2026-07-20,139,high_sustained,2026
3200,"NEW DORP LN AND WEE D AVE, NEW YORK, NY",Speed,36,40.567495017577,-74.103879003834,2024-05-27,2024-05-27,2026-08-24,2261,high_sustained,2024
3201,"NEW DORP LN HYLAN BV- WEED AV, NEW YORK, NY",Speed,36,40.569407126584,-74.107880263543,2017-01-16,2016-06-20,2024-04-22,1023,high_sustained,2017
3202,"NEW DORP LN WEED AV - HYLAN BV, NEW YORK, NY",Speed,36,40.569407126584,-74.107880263543,2016-07-11,2016-07-11,2024-02-12,1595,high_sustained,2016
3203,"NEW DORP PLAZA SO UTH AND NEW DORP LANE, NEW YORK, NY",Speed,36,40.573959015577,-74.116291009875,2020-03-02,2020-03-02,2025-04-21,361,low_fallback,2020
3204,"NEW ENGLAND THRUW AY AND REEDS MILL LN, NEW YORK, NY",Speed,36,40.880545983501,-73.832101995979,2023-09-25,2023-09-25,2026-08-10,66406,high_sustained,2023
3205,"NEW LOTS AVE AND PE NNSYLVANIA AVE, NEW YORK, NY",Red Light,7,40.661836983944,-73.893087969112,2026-01-05,2026-01-05,2026-07-20,1637,high_sustained,2026
3206,"NEW LOTS AVE. MAL TA ST - PENNSYLVANNI, NEW YORK, NY",Speed,36,40.65788600817,-73.90196478447,2024-02-12,2024-02-12,2024-02-12,1,low_fallback,2024
3207,"NEW UTRECHT AVE AND 50TH ST, NEW YORK, NY",Speed,36,40.635741018055,-73.994846033861,2020-06-22,2020-05-25,2026-08-24,1968,high_sustained,2020
3208,"NEW YORK AV. BEVE RLY RD- CHURCH AV, NEW YORK, NY",Speed,36,40.667054859442,-73.947988284886,2019-04-29,2019-04-29,2019-10-21,44,low_fallback,2019
3209,"NEW YORK AV. CHUR CH AV- BEVERLY RD, NEW YORK, NY",Speed,36,40.777179071674,-73.750390072385,2018-12-03,2018-12-03,2019-11-11,33,low_fallback,2018
3210,"NEW YORK AVE AND CL ARENDON RD, NEW YORK, NY",Speed,36,40.643426007891,-73.945877027673,2020-02-03,2020-02-03,2024-01-29,2362,high_sustained,2020
3211,"NEW YORK AVE AND DE AN ST, NEW YORK, NY",Speed,36,40.676718005294,-73.947073041437,2021-08-30,2021-08-30,2023-08-14,669,high_sustained,2021
3212,"NEW YORK AVE AND EM PIRE BLVD, NEW YORK, NY",Red Light,7,40.664079017315,-73.948146008862,2026-02-09,2026-02-02,2026-07-20,393,high_sustained,2026
3213,"NEW YORK AVE AND LE FFERTS AVE, NEW YORK, NY",Speed,36,40.662532011356,-73.94792196059,2021-08-30,2021-08-30,2026-08-24,5533,high_sustained,2021
3214,"NEWPORT AVE AND B 1 33RD ST, NEW YORK, NY",Speed,36,40.658630616895,-74.006938912827,2019-11-25,2019-11-25,2026-08-24,6413,high_sustained,2019
3215,"NEWPORT AVE AND B 1 36TH ST, NEW YORK, NY",Speed,36,40.656945327884,-74.00866194066,2020-07-27,2020-07-27,2026-08-24,5756,high_sustained,2020
3216,"NEWPORT ST SACKMA N ST - WATKINS ST, NEW YORK, NY",Speed,36,40.659482866566,-73.908137952991,2025-10-06,2025-10-06,2025-10-06,1,low_fallback,2025
3217,"NEWPORT ST WATKIN S ST - SACKMAN ST, NEW YORK, NY",Speed,36,40.659482866566,-73.908137952991,2025-10-06,2025-10-06,2025-11-17,5,low_fallback,2025
3218,"NICHOLAS AVE AND CH ARLES AVE, NEW YORK, NY",Speed,36,40.636868690297,-74.14005076644,2020-02-24,2020-02-24,2026-08-24,10322,high_sustained,2020
3219,"NORTH CONDUIT AVE AND 130TH ST, NEW YORK, NY",Red Light,7,40.667095999544,-73.810342072421,2026-01-26,2026-01-19,2026-07-20,833,high_sustained,2026
3220,"NORTHERN BLVD AND 1 08TH ST, NEW YORK, NY",Speed,36,40.757880015652,-73.861007994907,2016-06-13,2016-06-13,2026-06-29,27849,high_sustained,2016
3221,"NORTHERN BLVD AND 1 12TH ST, NEW YORK, NY",Speed,36,40.758065507169,-73.857809209199,2016-09-05,2016-09-05,2026-08-24,33861,high_sustained,2016
3222,"NORTHERN BLVD AND 1 49TH PL, NEW YORK, NY",Speed,36,40.765373981914,-73.81653696942,2021-09-27,2021-09-27,2026-08-24,31480,high_sustained,2021
3223,"NORTHERN BLVD AND 1 53RD ST, NEW YORK, NY",Speed,36,40.764904008603,-73.811951984564,2025-01-27,2025-01-27,2026-08-24,2574,high_sustained,2025
3224,"NORTHERN BLVD AND 1 59TH ST, NEW YORK, NY",Speed,36,40.763146994059,-73.806438033379,2019-08-26,2019-08-26,2026-08-24,6236,high_sustained,2019
3225,"NORTHERN BLVD AND 1 69TH ST, NEW YORK, NY",Speed,36,40.758679984491,-73.797606022003,2021-09-27,2021-09-27,2026-08-24,35240,high_sustained,2021
3226,"NORTHERN BLVD AND 1 70TH ST, NEW YORK, NY",Speed,36,40.758360005337,-73.796708990725,2021-09-27,2021-09-27,2026-08-24,44392,high_sustained,2021
3227,"NORTHERN BLVD AND 1 94TH ST, NEW YORK, NY",Speed,36,40.757954991776,-73.787608004076,2020-09-28,2020-09-28,2026-08-24,29666,high_sustained,2020
3228,"NORTHERN BLVD AND 114TH ST, NEW YORK, NY",Red Light,7,40.758365998398,-73.855623041212,2016-05-30,2016-05-23,2026-07-20,36659,high_sustained,2016
3229,"NORTHERN BLVD AND 2 11TH ST, NEW YORK, NY",Speed,36,40.759684010763,-73.772063010266,2024-10-28,2024-10-28,2026-08-24,6404,high_sustained,2024
3230,"NORTHERN BLVD AND 2 14TH PL, NEW YORK, NY",Speed,36,40.760419019852,-73.768471029479,2019-12-30,2019-12-30,2026-08-24,4852,high_sustained,2019
3231,"NORTHERN BLVD AND 2 48TH ST, NEW YORK, NY",Speed,36,40.766904685072,-73.739318602597,2020-06-29,2020-06-29,2026-08-24,83049,high_sustained,2020
3232,"NORTHERN BLVD AND 4 1ST ST, NEW YORK, NY",Speed,36,40.752695515171,-73.922941458376,2020-07-27,2020-07-27,2026-08-24,60001,high_sustained,2020
3233,"NORTHERN BLVD AND 4 8TH ST, NEW YORK, NY",Red Light,7,40.753677497038,-73.914478669835,2016-05-30,2016-05-23,2026-07-20,9157,high_sustained,2016
3234,"NORTHERN BLVD AND 48TH ST, NEW YORK, NY",Red Light,7,40.753677497038,-73.914478669835,2016-05-30,2016-05-23,2026-07-20,12444,high_sustained,2016
3235,"NORTHERN BLVD AND 6 0TH ST, NEW YORK, NY",Speed,36,40.753855989666,-73.902147968254,2019-07-08,2019-07-08,2026-08-24,32450,high_sustained,2019
3236,"NORTHERN BLVD AND 6 9TH ST, NEW YORK, NY",Red Light,7,40.754335015432,-73.897507998113,2026-01-26,2026-01-26,2026-07-20,2062,high_sustained,2026
3237,"NORTHERN BLVD AND 7 6TH ST, NEW YORK, NY",Red Light,7,40.755031006762,-73.890955026211,2026-03-23,2026-03-23,2026-07-20,417,high_sustained,2026
3238,"NORTHERN BLVD AND 7 7TH ST, NEW YORK, NY",Speed,36,40.755119016746,-73.89002798772,2019-01-28,2019-01-28,2026-08-24,16527,high_sustained,2019
3239,"NORTHERN BLVD AND 8 3RD ST, NEW YORK, NY",Speed,36,40.755700008364,-73.884449998794,2025-03-31,2025-03-31,2026-08-17,261,high_sustained,2025
3240,"NORTHERN BLVD AND 9 2ND ST, NEW YORK, NY",Speed,36,40.756587987187,-73.876075974608,2020-11-30,2020-11-30,2026-08-24,3277,high_sustained,2020
3241,"NORTHERN BLVD AND 9 5TH ST, NEW YORK, NY",Speed,36,40.756890992986,-73.87311598932,2021-04-26,2021-04-26,2026-08-24,4173,high_sustained,2021
3242,"NORTHERN BLVD AND A LAMEDA AVE, NEW YORK, NY",Speed,36,40.764871989733,-73.745712988892,2019-07-08,2019-07-08,2026-08-24,209357,high_sustained,2019
3243,"NORTHERN BLVD AND B ROWVALE LN, NEW YORK, NY",Speed,36,40.769697116115,-73.736262979794,2020-04-27,2020-04-27,2026-08-24,32601,high_sustained,2020
3244,"NORTHERN BLVD AND DOUGLASTON PKWY, NEW YORK, NY",Red Light,7,40.76534581872,-73.744281359829,2016-05-30,2016-05-23,2026-07-20,78541,high_sustained,2016
3245,"NORTHERN BLVD AND F RANCIS LEWIS BLVD, NEW YORK, NY",Speed,36,40.757830017599,-73.783588965323,2020-12-28,2020-12-28,2026-08-24,38609,high_sustained,2020
3246,"NORTHERN BLVD AND L INDEN PL, NEW YORK, NY",Speed,36,40.763101606054,-73.830753934491,2020-07-27,2020-07-27,2026-08-17,3425,high_sustained,2020
3247,"NORTHERN BLVD AND M AIN ST, NEW YORK, NY",Speed,36,40.758260622252,-73.796416960838,2019-07-08,2019-07-08,2026-08-24,12191,high_sustained,2019
3248,"NORTHERN BLVD AND M ORGAN ST, NEW YORK, NY",Speed,36,40.77195700294,-73.73439700051,2024-02-26,2024-02-26,2026-08-24,10207,high_sustained,2024
3249,"NORTHERN BLVD AND MARATHON PKWY, NEW YORK, NY",Red Light,7,40.768396580018,-73.737527725165,2016-05-30,2016-05-23,2026-07-20,59604,high_sustained,2016
3250,"NORTHERN BLVD AND S TEINWAY ST, NEW YORK, NY",Speed,36,40.752323987313,-73.924478028866,2019-08-26,2019-08-26,2026-08-24,28960,high_sustained,2019
3251,"NORTHERN BLVD AND U NION ST, NEW YORK, NY",Red Light,7,40.763844619861,-73.828145570042,2026-02-16,2026-02-16,2026-07-20,1940,high_sustained,2026
3252,"NORTHERN BV 91 ST - 95 ST, NEW YORK, NY",Speed,36,40.612384487653,-74.107737633466,2016-11-07,2016-09-19,2020-08-31,837,high_sustained,2016
3253,"NORTHERN BV 95 ST - 91 ST, NEW YORK, NY",Speed,36,40.621265547021,-74.037553843818,2016-12-05,2016-06-20,2020-10-05,1089,high_sustained,2016
3254,"NORTHERN BV. 77 S T - 81 ST, NEW YORK, NY",Speed,36,40.628759642601,-74.036272112585,2016-06-27,2016-06-13,2019-01-28,3004,high_sustained,2016
3255,"NORTHERN BV. 81 S T - 77 ST, NEW YORK, NY",Speed,36,40.612670746847,-74.107446131403,2016-06-13,2016-06-13,2019-01-14,1189,high_sustained,2016
3256,"NORTHERN BV. PARS ONS BV - UNION ST, NEW YORK, NY",Speed,36,40.758260622252,-73.796416960838,2016-07-04,2016-07-04,2019-07-01,165,low_fallback,2016
3257,"NORTHERN BV. UNIO N ST - PARSONS BV, NEW YORK, NY",Speed,36,40.758260622252,-73.796416960838,2016-07-04,2016-07-04,2018-10-22,63,low_fallback,2016
3258,"NORTHRN BLVD. 84 ST - 92 ST, NEW YORK, NY",Speed,36,40.61247005539,-74.107460962528,2017-08-14,2017-08-14,2020-08-03,110,low_fallback,2017
3259,"NORTHRN BLVD. 92 ST - 84 ST, NEW YORK, NY",Speed,36,40.612280242875,-74.107652714487,2017-07-10,2017-07-10,2020-11-09,124,low_fallback,2017
3260,"NORTON DR AND COLDS PRING RD, NEW YORK, NY",Speed,36,40.60467998991,-73.76905097336,2020-06-01,2020-05-25,2020-11-16,422,high_sustained,2020
3261,"NOSTRAND AV. AVE P-KINGS HWY, NEW YORK, NY",Speed,36,40.694495709718,-73.95239458491,2016-12-05,2016-12-05,2020-10-12,669,low_fallback,2016
3262,"NOSTRAND AV. FENI MRE ST- LENOX RD, NEW YORK, NY",Speed,36,40.694495709718,-73.95239458491,2017-01-02,2017-01-02,2025-02-10,44,low_fallback,2017
3263,"NOSTRAND AV. GLEN WOOD RD - AVE I, NEW YORK, NY",Speed,36,40.643375588219,-73.905026091714,2021-06-07,2021-06-07,2021-06-14,18,low_fallback,2021
3264,"NOSTRAND AV. KING S HWY- AVE P, NEW YORK, NY",Speed,36,40.694495709718,-73.95239458491,2016-09-12,2016-09-12,2021-01-25,1194,low_fallback,2016
3265,"NOSTRAND AV. MRTL E AV- KOSCSZKO ST, NEW YORK, NY",Speed,36,40.694495709718,-73.95239458491,2018-10-22,2018-10-22,2019-10-21,32,low_fallback,2018
3266,"NOSTRAND AVE AND AV E H, NEW YORK, NY",Speed,36,40.694495709718,-73.95239458491,2022-12-05,2022-12-05,2026-08-24,2539,high_sustained,2022
3267,"NOSTRAND AVE AND AV E J, NEW YORK, NY",Speed,36,40.694495709718,-73.95239458491,2022-07-25,2022-07-25,2022-11-07,695,high_sustained,2022
3268,"NOSTRAND AVE AND AV E K, NEW YORK, NY",Speed,36,40.694495709718,-73.95239458491,2016-09-12,2016-06-13,2018-11-26,1057,high_sustained,2016
3269,"NOSTRAND AVE AND AV E L, NEW YORK, NY",Red Light,7,40.694495709718,-73.95239458491,2026-06-29,2026-06-29,2026-07-20,218,high_sustained,2026
3270,"NOSTRAND AVE AND AV E L, NEW YORK, NY",Speed,36,40.694495709718,-73.95239458491,2016-09-05,2016-09-05,2026-04-27,17714,high_sustained,2016
3271,"NOSTRAND AVE AND AV E S, NEW YORK, NY",Speed,36,40.694495709718,-73.95239458491,2021-12-27,2021-12-27,2026-08-24,3384,high_sustained,2021
3272,"NOSTRAND AVE AND AV E V, NEW YORK, NY",Speed,36,40.694495709718,-73.95239458491,2025-07-28,2025-07-28,2026-08-24,2153,high_sustained,2025
3273,"NOSTRAND AVE AND AV E X, NEW YORK, NY",Speed,36,40.694495709718,-73.95239458491,2024-09-30,2024-09-30,2026-08-24,1274,high_sustained,2024
3274,"NOSTRAND AVE AND AV E Z, NEW YORK, NY",Speed,36,40.694495709718,-73.95239458491,2016-06-13,2016-06-13,2026-01-26,41888,high_sustained,2016
3275,"NOSTRAND AVE AND BU RNETT ST, NEW YORK, NY",Speed,36,40.61198201059,-73.944052035894,2024-08-26,2024-08-26,2026-08-24,4215,high_sustained,2024
3276,"NOSTRAND AVE AND CL ARENDON RD, NEW YORK, NY",Speed,36,40.643241019288,-73.948773981048,2025-03-31,2025-03-31,2026-08-24,3338,high_sustained,2025
3277,"NOSTRAND AVE AND DE AN ST, NEW YORK, NY",Speed,36,40.676874998341,-73.94983596818,2021-04-26,2021-04-26,2026-08-24,8313,high_sustained,2021
3278,"NOSTRAND AVE AND DE KALB AVE, NEW YORK, NY",Red Light,7,40.691326991977,-73.951761039883,2026-06-29,2026-06-29,2026-07-20,663,high_sustained,2026
3279,"NOSTRAND AVE AND GA TES AVE, NEW YORK, NY",Speed,36,40.686199991352,-73.9507380286,2020-09-28,2020-09-28,2026-08-24,7309,high_sustained,2020
3280,"NOSTRAND AVE AND GL ENWOOD RD, NEW YORK, NY",Red Light,7,40.633995989633,-73.947793968929,2026-02-02,2026-02-02,2026-07-20,1116,high_sustained,2026
3281,"NOSTRAND AVE AND KI NGS HWY, NEW YORK, NY",Speed,36,40.616169986602,-73.944866002512,2021-04-26,2021-04-26,2026-08-24,1931,high_sustained,2021
3282,"NOSTRAND AVE AND PA RK AVE, NEW YORK, NY",Speed,36,40.633995989633,-73.947793968929,2019-10-28,2019-10-28,2026-08-24,16976,high_sustained,2019
3283,"NOSTRAND AVE AND SH ORE PKWY, NEW YORK, NY",Speed,36,40.585738020291,-73.939172008046,2016-06-13,2016-06-13,2026-08-24,34769,high_sustained,2016
3284,"NOSTRAND AVE AND TI LDEN AVE, NEW YORK, NY",Speed,36,40.646885009784,-73.949143958254,2019-09-30,2019-09-30,2026-08-24,19996,high_sustained,2019
3285,"NOSTRAND AVE AND VO ORHIES AVE, NEW YORK, NY",Speed,36,40.587305981008,-73.939423968056,2026-02-02,2026-02-02,2026-08-24,882,high_sustained,2026
3286,"NOSTRAND AVE. AVE V - AVE W, NEW YORK, NY",Speed,36,40.694495709718,-73.95239458491,2024-11-25,2023-08-21,2025-08-04,520,high_sustained,2024
3287,"NOSTRAND AVE. AVE W - AVE V, NEW YORK, NY",Speed,36,40.694495709718,-73.95239458491,2024-07-08,2024-07-08,2025-11-10,40,low_fallback,2024
3288,"NOSTRND AV. AVE V - AVE X, NEW YORK, NY",Speed,36,40.615464366198,-73.901178183712,2017-01-02,2017-01-02,2017-01-02,10,low_fallback,2017
3289,"NOSTRND AV. AVE X - AVE V, NEW YORK, NY",Speed,36,40.618743487766,-73.904797046966,2017-12-18,2017-12-18,2018-10-15,85,low_fallback,2017
3290,"NWB REMSEN AVE AND LIN DEN BLVD, NEW YORK, NY",Red Light,7,40.654401020452,-73.921746031345,2016-05-30,2016-05-30,2026-07-20,4000,high_sustained,2016
3291,"NYMX200 WEBSTER A VE. BELMNT ST- E171, NEW YORK, NY",Speed,36,40.631552262627,-73.973325494337,2021-09-27,2021-09-27,2021-10-25,14,low_fallback,2021
3292,"OAKDALE ST AND RAMB LEWOOD AVE, NEW YORK, NY",Speed,36,40.545725999654,-74.155215981489,2025-04-28,2025-04-28,2026-08-24,1286,high_sustained,2025
3293,"OAKDALE ST. ELMWO OD AVE - HOLLY AVE, NEW YORK, NY",Speed,36,40.545561258112,-74.155496532433,2024-01-01,2024-01-01,2024-02-05,12,low_fallback,2024
3294,"OAKDALE ST. RETFO RD AVE - THORNYCROFT, NEW YORK, NY",Speed,36,40.537171034577,-74.16082994332,2023-01-16,2023-01-16,2023-02-06,2,low_fallback,2023
3295,"OAKDALE ST. THORN YCROFT AVE - RETFORD, NEW YORK, NY",Speed,36,40.539098602295,-74.156542483347,2023-01-09,2023-01-09,2024-11-11,90,high_sustained,2023
3296,"OCEAN AV- AVE. S - AVE. U, NEW YORK, NY",Speed,36,40.624603710894,-73.956130442189,2016-10-10,2016-07-25,2019-03-25,692,high_sustained,2016
3297,"OCEAN AV- AVE. U - AVE. S, NEW YORK, NY",Speed,36,40.624603710894,-73.956130442189,2016-06-13,2016-06-13,2019-05-06,380,low_fallback,2016
3298,"OCEAN AV. ALBEMAR IE RD - CORTELYOU R, NEW YORK, NY",Speed,36,40.624603710894,-73.956130442189,2021-09-20,2021-09-20,2021-09-20,1,low_fallback,2021
3299,"OCEAN AV. AVE H - AVE J, NEW YORK, NY",Speed,36,40.624603710894,-73.956130442189,2019-11-04,2019-11-04,2020-08-31,29,low_fallback,2019
3300,"OCEAN AV. AVE J- AVE H, NEW YORK, NY",Speed,36,40.624603710894,-73.956130442189,2018-03-19,2018-03-19,2020-02-03,71,low_fallback,2018
3301,"OCEAN AV. AVE O- AVE N, NEW YORK, NY",Speed,36,40.624603710894,-73.956130442189,2019-02-04,2019-02-04,2019-07-08,105,low_fallback,2019
3302,"OCEAN AV. AVE U- GRAVSND NCK RD, NEW YORK, NY",Speed,36,40.624603710894,-73.956130442189,2019-01-07,2019-01-07,2019-01-07,37,low_fallback,2019
3303,"OCEAN AV. AVE. H - GLENWOOD RD, NEW YORK, NY",Speed,36,40.643375588219,-73.905026091714,2016-09-05,2016-09-05,2020-02-03,2386,low_fallback,2016
3304,"OCEAN AV. GLENWOO D RD - AVE. H, NEW YORK, NY",Speed,36,40.643375588219,-73.905026091714,2016-11-28,2016-09-19,2019-12-16,1171,high_sustained,2016
3305,"OCEAN AV. PARKSID E AV - LINCOLN RD, NEW YORK, NY",Speed,36,40.661292719171,-73.955354891202,2022-04-25,2022-04-25,2026-01-05,4,low_fallback,2022
3306,"OCEAN AVE AND BAY A VE, NEW YORK, NY",Speed,36,40.616960316252,-73.954741728471,2020-05-25,2020-05-25,2026-08-24,36630,high_sustained,2020
3307,"OCEAN AVE AND FARRA GUT RD, NEW YORK, NY",Speed,36,40.63530599728,-73.958192977103,2020-07-27,2020-07-27,2026-08-24,16314,high_sustained,2020
3308,"OCEAN AVE AND GRAVE SEND NECK RD, NEW YORK, NY",Speed,36,40.596613497751,-73.950886723563,2019-07-08,2019-07-08,2026-08-24,22875,high_sustained,2019
3309,"OCEAN AVE AND PARKS IDE AVE, NEW YORK, NY",Red Light,7,40.654870993763,-73.961914039199,2026-01-26,2026-01-26,2026-07-20,585,high_sustained,2026
3310,"OCEAN AVE AND QUENT IN RD, NEW YORK, NY",Speed,36,40.60880061733,-73.953193423316,2020-10-26,2020-10-26,2026-08-24,21277,high_sustained,2020
3311,"OCEAN AVE AND REGEN T PL, NEW YORK, NY",Speed,36,40.645771012942,-73.960191977192,2019-09-30,2019-09-30,2025-05-26,4190,high_sustained,2019
3312,"OCEAN PKWY AND 18TH AVE, NEW YORK, NY",Red Light,7,40.633076997769,-73.97223802934,2016-05-23,2016-05-23,2026-07-20,62514,high_sustained,2016
3313,"OCEAN PKWY AND A VE J, NEW YORK, NY",Red Light,7,40.574900668267,-73.968947749134,2022-03-28,2022-03-28,2026-07-20,14495,high_sustained,2022
3314,"OCEAN PKWY AND A VE W, NEW YORK, NY",Red Light,7,40.58156198849,-73.967607027836,2016-05-30,2016-05-23,2026-07-20,81902,high_sustained,2016
3315,"OCEAN PKWY AND A VE X, NEW YORK, NY",Red Light,7,40.574900668267,-73.968947749134,2016-08-01,2016-08-01,2026-07-20,12803,high_sustained,2016
3316,"OCEAN PKWY AND AVE K, NEW YORK, NY",Speed,36,40.621810001611,-73.969736031243,2023-08-14,2023-08-14,2026-08-24,37196,high_sustained,2023
3317,"OCEAN PKWY AND AVE M, NEW YORK, NY",Red Light,7,40.617037010666,-73.968838999965,2025-09-01,2025-09-01,2026-07-20,1241,high_sustained,2025
3318,"OCEAN PKWY AND AVE O, NEW YORK, NY",Speed,36,40.611990015307,-73.967885977574,2020-08-31,2020-08-31,2026-08-24,85253,high_sustained,2020
3319,"OCEAN PKWY AND AVE R, NEW YORK, NY",Speed,36,40.604764982408,-73.967060024835,2026-02-02,2026-02-02,2026-08-24,1936,high_sustained,2026
3320,"OCEAN PKWY AND AVE S, NEW YORK, NY",Red Light,7,40.60246901149,-73.966415959395,2026-01-05,2025-09-01,2026-07-20,767,high_sustained,2026
3321,"OCEAN PKWY AND AVE S, NEW YORK, NY",Speed,36,40.60246901149,-73.966415959395,2016-06-13,2016-06-13,2026-02-02,85130,high_sustained,2016
3322,"OCEAN PKWY AND AVE U, NEW YORK, NY",Red Light,7,40.597827993612,-73.965539966694,2025-09-01,2025-09-01,2026-07-20,1365,high_sustained,2025
3323,"OCEAN PKWY AND AVE Y, NEW YORK, NY",Red Light,7,40.588854998624,-73.965929976649,2026-01-26,2026-01-26,2026-07-20,788,high_sustained,2026
3324,"OCEAN PKWY AND AVE Y, NEW YORK, NY",Speed,36,40.588854998624,-73.965929976649,2026-07-27,2026-07-27,2026-08-24,867,high_sustained,2026
3325,"OCEAN PKWY AND AVEN UE I, NEW YORK, NY",Red Light,7,40.607247995495,-73.96733402925,2016-05-30,2016-05-23,2026-07-20,89235,high_sustained,2016
3326,"OCEAN PKWY AND BAY PKWY, NEW YORK, NY",Speed,36,40.62614801369,-73.97091100643,2019-07-08,2019-07-08,2026-08-24,59668,high_sustained,2019
3327,"OCEAN PKWY AND BEVE RLEY RD, NEW YORK, NY",Red Light,7,40.643300991805,-73.974161005567,2026-01-19,2026-01-05,2026-07-20,837,high_sustained,2026
3328,"OCEAN PKWY AND BEVE RLEY RD, NEW YORK, NY",Speed,36,40.643300991805,-73.974161005567,2016-07-04,2016-06-13,2026-08-24,146788,high_sustained,2016
3329,"OCEAN PKWY AND C HURCH AVE, NEW YORK, NY",Red Light,7,40.644889991099,-73.974469040509,2016-05-30,2016-05-23,2026-07-20,13354,high_sustained,2016
3330,"OCEAN PKWY AND CORT ELYOU RD, NEW YORK, NY",Red Light,7,40.638517984486,-73.973257017309,2026-01-05,2026-01-05,2026-07-20,1884,high_sustained,2026
3331,"OCEAN PKWY AND DITM AS AVE, NEW YORK, NY",Speed,36,40.636122981383,-73.972787966008,2021-10-25,2021-10-25,2026-08-24,63570,high_sustained,2021
3332,"OCEAN PKWY AND ELMW OOD AVE, NEW YORK, NY",Speed,36,40.627578008281,-73.971184005016,2020-05-25,2020-05-25,2026-08-24,103328,high_sustained,2020
3333,"OCEAN PKWY AND GRAV ESEND NECK RD, NEW YORK, NY",Speed,36,40.594408009478,-73.964894979245,2024-02-26,2024-02-26,2026-08-24,17824,high_sustained,2024
3334,"OCEAN PKWY AND KING S HWY, NEW YORK, NY",Speed,36,40.605648015908,-73.967023982651,2016-09-05,2016-06-20,2026-08-24,43466,high_sustained,2016
3335,"OCEAN PKWY AND OCEA N CT, NEW YORK, NY",Speed,36,40.590319987661,-73.965594029969,2022-08-29,2022-08-29,2026-08-24,57050,high_sustained,2022
3336,"OCEAN PKWY AND PARK WAY CT, NEW YORK, NY",Speed,36,40.589607986896,-73.965755968339,2022-09-12,2022-08-29,2026-08-24,34927,high_sustained,2022
3337,"OCEAN PKWY AND S HORE PKWY, NEW YORK, NY",Red Light,7,40.583374994147,-73.96699900458,2016-05-23,2016-05-23,2026-07-20,30273,high_sustained,2016
3338,"OCEAN PKWY AND SHOR E PKWY, NEW YORK, NY",Speed,36,40.583374994147,-73.96699900458,2016-09-05,2016-09-05,2026-08-24,49846,high_sustained,2016
3339,"OCEAN PKY. AVE I- FOSTER AV, NEW YORK, NY",Speed,36,40.649101103205,-73.904487223893,2017-11-06,2017-11-06,2017-11-06,11,low_fallback,2017
3340,"OCEAN TERRACE AND L ONGFELLOW AVE, NEW YORK, NY",Speed,36,40.605950015879,-74.101654027636,2019-12-30,2019-12-30,2026-08-24,3228,high_sustained,2019
3341,"OGDEN AV. W167 ST + W170 ST, NEW YORK, NY",Speed,36,40.837573596229,-73.92764231145,2018-05-07,2018-05-07,2022-08-08,18,low_fallback,2018
3342,"OGDEN AV. W170 ST - W167 ST, NEW YORK, NY",Speed,36,40.837012009659,-73.927077376099,2016-10-24,2016-10-24,2023-03-27,40,low_fallback,2016
3343,"OLD FULTON ST AND H ENRY ST, NEW YORK, NY",Speed,36,40.700977999112,-73.991287999782,2021-08-30,2021-08-30,2026-08-24,69058,high_sustained,2021
3344,"OLD FULTON ST AND H ICKS ST, NEW YORK, NY",Speed,36,40.70201701983,-73.992629020471,2021-07-26,2021-07-26,2026-08-24,8405,high_sustained,2021
3345,"OLD TOWN RD AND ORE GON RD, NEW YORK, NY",Speed,36,40.595971988792,-74.08715098821,2019-11-04,2019-10-28,2025-03-24,970,high_sustained,2019
3346,"OLMSTEAD AVE AND TU RNBULL AVE, NEW YORK, NY",Speed,36,40.823608008597,-73.852251001565,2020-11-02,2020-10-26,2022-02-28,430,high_sustained,2020
3347,"OLYMPIA BLVD AND BA LFOUR ST, NEW YORK, NY",Speed,36,40.59280199492,-74.069642030666,2024-11-25,2024-11-25,2026-08-24,502,high_sustained,2024
3348,"ONDERDONK AVE AND M ENAHAN ST, NEW YORK, NY",Speed,36,40.705465586253,-73.909742391626,2020-09-28,2020-05-25,2025-05-19,1013,high_sustained,2020
3349,"ORIENTAL BLVD AND H ASTINGS ST, NEW YORK, NY",Speed,36,40.577834011325,-73.944470963415,2020-08-31,2020-08-31,2026-08-24,5850,high_sustained,2020
3350,"ORIENTAL BLVD AND K ENSINGTON ST, NEW YORK, NY",Speed,36,40.578140998528,-73.941675011973,2020-11-30,2020-11-30,2024-06-24,1627,high_sustained,2020
3351,"ORIENTAL BV. COLE RDGE ST - OXFORD ST, NEW YORK, NY",Speed,36,40.577789728919,-73.944348439127,2019-07-15,2019-07-15,2020-03-09,248,low_fallback,2019
3352,"ORIENTAL BV. COLE RDGE ST- FALMOUTH ST, NEW YORK, NY",Speed,36,40.579583439864,-73.946680859302,2019-06-24,2016-09-12,2019-07-08,1017,high_sustained,2019
3353,"ORIENTAL BV. FALM OUTH ST- COLERDGE ST, NEW YORK, NY",Speed,36,40.577789728919,-73.944348439127,2016-12-12,2016-12-12,2018-05-07,84,low_fallback,2016
3354,"ORIENTAL BV. OXFO RD ST - COLERDGE ST, NEW YORK, NY",Speed,36,40.577789728919,-73.944348439127,2019-07-15,2019-07-15,2019-10-21,146,low_fallback,2019
3355,"OTIS AV CORONA AV - PENROD ST, NEW YORK, NY",Speed,36,40.739484678987,-73.854719327822,2018-05-21,2018-05-21,2018-05-21,1,low_fallback,2018
3356,"OVERBROOK ST AND 52 ND AVE, NEW YORK, NY",Speed,36,40.760798007604,-73.737360003282,2022-12-05,2022-11-14,2024-06-24,348,high_sustained,2022
3357,"PACIFIC ST AND CLAS SON AVE, NEW YORK, NY",Speed,36,40.679050982315,-73.958563960138,2020-06-08,2020-05-25,2026-08-17,5003,high_sustained,2020
3358,"PACIFIC ST SCHENE CTADY AVE - ALBANY A, NEW YORK, NY",Speed,36,40.646051810744,-73.932693027062,2025-05-19,2025-05-19,2025-05-26,4,low_fallback,2025
3359,"PAGE AV. EASTWOOD AV- HYLAN BV, NEW YORK, NY",Speed,36,40.512410272559,-74.231636273013,2020-02-10,2016-06-20,2020-03-02,1348,high_sustained,2020
3360,"PAGE AV. HYLAN BV - EASTWOOD AV, NEW YORK, NY",Speed,36,40.512410272559,-74.231636273013,2016-09-19,2016-06-20,2020-02-17,2185,high_sustained,2016
3361,"PAGE AVE AND ACADEM Y AVE, NEW YORK, NY",Speed,36,40.510925301589,-74.231181672882,2020-05-25,2020-05-25,2026-08-24,48615,high_sustained,2020
3362,"PARK AV 87 ST. - 80 ST, NEW YORK, NY",Speed,36,40.750352995076,-73.978742183256,2016-07-11,2016-07-11,2022-08-08,46,low_fallback,2016
3363,"PARK AV CARLTON A V - NAVY ST, NEW YORK, NY",Speed,36,40.783650501089,-73.954501050228,2016-06-20,2016-06-13,2022-03-07,2602,high_sustained,2016
3364,"PARK AV VANDERBIL T AV - WASHINGTON AV, NEW YORK, NY",Speed,36,40.846494910659,-73.898369652099,2016-07-18,2016-07-18,2016-07-18,5,low_fallback,2016
3365,"PARK AV. E140 ST- E149 ST, NEW YORK, NY",Speed,36,40.783650501089,-73.954501050228,2018-09-24,2018-09-24,2019-01-28,17,low_fallback,2018
3366,"PARK AV. E92 ST - E98 ST, NEW YORK, NY",Speed,36,40.783650501089,-73.954501050228,2016-06-13,2016-06-13,2025-07-28,854,high_sustained,2016
3367,"PARK AV. E98 ST - E92 ST, NEW YORK, NY",Speed,36,40.783650501089,-73.954501050228,2016-06-20,2016-06-20,2023-12-04,636,low_fallback,2016
3368,"PARK AV. NAVY ST - CARLTON AV, NEW YORK, NY",Speed,36,43.32004498658,-78.230963134286,2016-07-11,2016-07-11,2018-09-03,2009,high_sustained,2016
3369,"PARK AVE AND BEDFOR D AVE, NEW YORK, NY",Red Light,7,40.696785999786,-73.956599996405,2026-01-05,2025-09-01,2026-07-20,875,high_sustained,2026
3370,"PARK AVE AND CLAY A VE, NEW YORK, NY",Speed,36,40.826875986916,-73.913702002686,2020-09-28,2020-09-28,2026-08-24,11184,high_sustained,2020
3371,"PARK AVE AND CLINTO N AVE, NEW YORK, NY",Speed,36,40.696079992082,-73.969402012401,2025-06-30,2025-06-30,2026-08-24,3356,high_sustained,2025
3372,"PARK AVE AND E 106T H ST, NEW YORK, NY",Red Light,7,40.792969218825,-73.948063028021,2025-09-01,2025-09-01,2026-07-20,433,high_sustained,2025
3373,"PARK AVE AND E 114T H ST, NEW YORK, NY",Speed,36,40.794476219069,-73.93583600604,2021-05-03,2021-04-26,2026-08-10,1788,high_sustained,2021
3374,"PARK AVE AND E 130T H ST, NEW YORK, NY",Speed,36,40.808278010603,-73.93686203935,2021-08-02,2021-07-26,2026-03-16,1611,high_sustained,2021
3375,"PARK AVE AND E 131S T ST, NEW YORK, NY",Speed,36,40.808804980856,-73.936140022211,2021-07-26,2021-07-26,2025-06-09,4314,high_sustained,2021
3376,"PARK AVE AND E 146T H ST, NEW YORK, NY",Speed,36,40.816770010077,-73.926212999004,2020-08-31,2020-08-31,2026-08-24,2319,high_sustained,2020
3377,"PARK AVE AND E 151S T ST, NEW YORK, NY",Speed,36,40.819321000399,-73.924015012534,2024-04-29,2024-04-29,2026-08-24,4502,high_sustained,2024
3378,"PARK AVE AND E 158T H ST, NEW YORK, NY",Speed,36,40.823394982528,-73.918345996141,2021-01-11,2020-11-02,2023-10-23,508,high_sustained,2021
3379,"PARK AVE AND E 170T H ST, NEW YORK, NY",Speed,36,40.83571600301,-73.905788983175,2017-09-18,2017-09-18,2026-08-24,47521,high_sustained,2017
3380,"PARK AVE AND E 176T H ST, NEW YORK, NY",Speed,36,40.846480001158,-73.900210994249,2021-06-28,2021-06-28,2026-08-24,10645,high_sustained,2021
3381,"PARK AVE AND E 187T H ST, NEW YORK, NY",Speed,36,40.858391020847,-73.89299199632,2024-08-26,2024-08-26,2026-08-24,695,high_sustained,2024
3382,"PARK AVE AND E 34TH ST, NEW YORK, NY",Speed,36,40.747091584255,-73.981347984626,2022-02-28,2022-02-28,2023-06-05,1475,high_sustained,2022
3383,"PARK AVE AND E 36TH ST, NEW YORK, NY",Speed,36,40.748367016552,-73.980402003033,2023-06-05,2023-06-05,2026-08-24,2950,high_sustained,2023
3384,"PARK AVE AND E 37TH ST, NEW YORK, NY",Speed,36,40.748978895484,-73.979960025279,2020-02-24,2020-02-24,2026-08-24,14611,high_sustained,2020
3385,"PARK AVE AND E 66TH ST, NEW YORK, NY",Speed,36,40.767336981728,-73.966713014043,2025-06-30,2025-06-30,2026-08-24,1183,high_sustained,2025
3386,"PARK AVE AND E 68TH ST, NEW YORK, NY",Speed,36,40.768576916665,-73.965786562285,2024-12-30,2024-12-30,2026-08-24,6241,high_sustained,2024
3387,"PARK AVE AND E 75TH ST, NEW YORK, NY",Speed,36,40.773097989509,-73.962504963373,2025-01-27,2025-01-27,2026-08-24,3487,high_sustained,2025
3388,"PARK AVE AND E 83RD ST, NEW YORK, NY",Speed,36,40.778264007894,-73.958716007862,2016-06-13,2016-06-13,2026-08-24,29371,high_sustained,2016
3389,"PARK AVE AND E 84TH ST, NEW YORK, NY",Speed,36,40.778899020878,-73.958259026501,2016-09-19,2016-09-05,2019-01-14,2922,high_sustained,2016
3390,"PARK AVE AND E 88TH ST, NEW YORK, NY",Speed,36,40.781513001202,-73.956342001425,2025-02-24,2025-02-24,2026-08-24,5540,high_sustained,2025
3391,"PARK AVE AND MARCUS GARVEY BLVD, NEW YORK, NY",Speed,36,40.698538991017,-73.941182994256,2019-12-30,2019-12-30,2026-08-24,6598,high_sustained,2019
3392,"PARK AVE AND MARCY AVE, NEW YORK, NY",Speed,36,40.697585004707,-73.949649973749,2025-06-23,2025-06-23,2026-08-24,917,high_sustained,2025
3393,"PARK AVE AND N OXFO RD ST, NEW YORK, NY",Speed,36,40.696319002051,-73.975433965202,2018-11-26,2018-11-26,2026-08-24,51033,high_sustained,2018
3394,"PARK AVE AND NOSTRA ND AVE, NEW YORK, NY",Speed,36,40.697198682789,-73.952946492449,2022-07-25,2022-07-25,2025-04-28,6604,high_sustained,2022
3395,"PARK AVE AND WAS HINGTON AVE, NEW YORK, NY",Red Light,7,40.696013020676,-73.967420027576,2016-11-21,2016-05-30,2021-07-12,1292,high_sustained,2016
3396,"PARK AVE AND WAVERL Y AVE, NEW YORK, NY",Speed,36,40.696046003465,-73.968398028039,2016-06-13,2016-06-13,2026-08-24,45767,high_sustained,2016
3397,"PARK AVE S AND E 23 RD ST, NEW YORK, NY",Speed,36,40.740219890485,-73.986438314424,2020-04-27,2020-04-27,2026-08-24,6799,high_sustained,2020
3398,"PARK DR ORCHARD BEACH PARKIN, NEW YORK, NY",Speed,36,40.866337934449,-73.80617194949,2024-04-22,2024-04-22,2024-04-22,1,low_fallback,2024
3399,"PARK LANE SOUTH AND MAYFAIR RD, NEW YORK, NY",Speed,36,40.705622998395,-73.8378499699,2023-09-04,2023-09-04,2026-08-24,72188,high_sustained,2023
3400,"PARK LANE SOUTH AND WOODHAVEN BLVD, NEW YORK, NY",Speed,36,40.697555081312,-73.852830191074,2020-03-16,2019-11-04,2020-06-29,101,high_sustained,2020
3401,"PARKSIDE AVE AND PA RADE PL, NEW YORK, NY",Speed,36,40.653183004192,-73.96620599272,2021-08-30,2021-08-30,2026-08-24,13745,high_sustained,2021
3402,"PARKVILLE AVE E.8 TH ST - OCEAN PKWYN, NEW YORK, NY",Speed,36,40.628062235405,-73.977190624942,2026-06-01,2026-06-01,2026-06-01,1,low_fallback,2026
3403,"PARSON BLVD. ASH AV - SANFORD, NEW YORK, NY",Speed,36,40.756405702601,-73.82160786887,2022-08-08,2022-08-08,2022-08-08,1,low_fallback,2022
3404,"PARSON BLVD. SANF ORD AVE - ASH AVE, NEW YORK, NY",Speed,36,40.760269651848,-73.804010173586,2022-12-19,2022-12-19,2022-12-19,1,low_fallback,2022
3405,"PARSONS BLVD AND 15 TH AVE, NEW YORK, NY",Speed,36,40.785801015229,-73.821903985842,2021-10-04,2021-10-04,2026-08-24,6488,high_sustained,2021
3406,"PARSONS BLVD AND 25 TH DR, NEW YORK, NY",Speed,36,40.775258005958,-73.824558031664,2020-02-17,2020-01-27,2026-08-24,9220,high_sustained,2020
3407,"PARSONS BLVD AND 78 TH AVE, NEW YORK, NY",Speed,36,40.722353989595,-73.809871009462,2025-03-03,2025-02-24,2026-08-24,351,high_sustained,2025
3408,"PARSONS BLVD AND 84 TH DR, NEW YORK, NY",Speed,36,40.713057997969,-73.806683036409,2020-03-30,2020-03-30,2025-01-27,1896,high_sustained,2020
3409,"PARSONS BLVD AND GO ETHALS AVE, NEW YORK, NY",Speed,36,40.71841298636,-73.808606012635,2020-02-24,2020-02-24,2026-08-17,7298,high_sustained,2020
3410,"PARSONS BLVD AND UN ION TPKE, NEW YORK, NY",Red Light,7,40.793504745071,-73.825344744599,2026-06-29,2026-06-29,2026-07-20,126,high_sustained,2026
3411,"PARSONS BV 72 AV - 78 RD, NEW YORK, NY",Speed,36,40.793804815857,-73.82544277176,2016-07-11,2016-07-11,2023-12-18,307,low_fallback,2016
3412,"PARSONS BV 78 RD - 72 AV, NEW YORK, NY",Speed,36,40.793826945087,-73.825456138031,2016-07-18,2016-06-20,2020-01-13,382,high_sustained,2016
3413,"PARSONS BV 85 AV - 88 AV, NEW YORK, NY",Speed,36,40.793852762522,-73.825471732015,2016-07-25,2016-07-25,2020-02-10,84,low_fallback,2016
3414,"PARSONS BV 88 AV - 85 AV, NEW YORK, NY",Speed,36,40.793504654799,-73.825130348012,2016-07-11,2016-07-11,2020-02-03,31,low_fallback,2016
3415,"PARSONS BV. 77 AV - 72 AV, NEW YORK, NY",Speed,36,40.793823256882,-73.825453910319,2020-10-26,2020-10-26,2024-04-29,34,low_fallback,2020
3416,"PARSONS BV. 79 AV - 82 DR, NEW YORK, NY",Speed,36,40.793830633292,-73.825458365743,2016-09-26,2016-09-26,2020-08-17,215,low_fallback,2016
3417,"PARSONS BV. 82 DR - 79 AV, NEW YORK, NY",Speed,36,40.793841697907,-73.825465048879,2017-07-24,2016-09-05,2020-01-27,293,high_sustained,2017
3418,"PAUL AVE AND W 205T H ST, NEW YORK, NY",Speed,36,40.876978016867,-73.889651975543,2020-09-28,2020-09-28,2026-08-24,5407,high_sustained,2020
3419,"PAULDING AV. ARLE NE ST - BERGLUND AV, NEW YORK, NY",Speed,36,40.860443015191,-73.858815981433,2022-03-21,2022-03-21,2022-03-21,1,low_fallback,2022
3420,"PAULDING AV. BERG LUND AV - ARLENE ST, NEW YORK, NY",Speed,36,40.860443015191,-73.858815981433,2021-08-30,2021-08-30,2025-07-14,15,low_fallback,2021
3421,"PAULDING AVE AND BU RKE AVE, NEW YORK, NY",Red Light,7,40.871284986321,-73.858500967668,2026-01-26,2026-01-19,2026-07-20,356,high_sustained,2026
3422,"PAULDING AVE AND E 227TH ST, NEW YORK, NY",Speed,36,40.886471989046,-73.851065968094,2021-09-27,2021-09-27,2026-08-24,2667,high_sustained,2021
3423,"PEARL ST AND BEEKMA N ST, NEW YORK, NY",Speed,36,40.708180694239,-74.003495571205,2024-06-17,2024-06-17,2026-08-24,2727,high_sustained,2024
3424,"PEARL ST AND PECK S LIP, NEW YORK, NY",Speed,36,40.708854012521,-74.002493011766,2020-02-24,2020-02-24,2024-04-15,11618,high_sustained,2020
3425,"PEARTREE AVE AND GI VAN AVE, NEW YORK, NY",Speed,36,40.881753187106,-73.823329328477,2026-06-15,2026-06-15,2026-08-24,2110,high_sustained,2026
3426,"PELHAM PKWY AND BOSTON RD, NEW YORK, NY",Red Light,7,40.857926998687,-73.868184999501,2020-10-05,2020-10-05,2026-07-20,22559,high_sustained,2020
3427,"PELHAM PKWY N AND E ASTCHESTER RD, NEW YORK, NY",Speed,36,40.858311015581,-73.843284041548,2026-02-02,2026-02-02,2026-08-24,85,low_fallback,2026
3428,"PELHAM PKWY N AND E SPLANADE, NEW YORK, NY",Speed,36,40.858175983121,-73.85587600705,2021-07-19,2020-12-21,2026-07-27,1441,high_sustained,2021
3429,"PELHAM PKWY N AND K INGSLAND AVE, NEW YORK, NY",Speed,36,40.85766699205,-73.839125025011,2026-02-16,2026-02-02,2026-08-24,403,high_sustained,2026
3430,"PELHAM PKWY N AND T IEMANN AVE, NEW YORK, NY",Speed,36,40.857516997893,-73.83818499457,2025-06-02,2025-05-26,2026-01-26,760,high_sustained,2025
3431,"PELHAM PKWY N AND W ILLIAMSBRIDGE RD, NEW YORK, NY",Red Light,7,40.858123009493,-73.856650997818,2025-09-01,2025-09-01,2026-07-20,1070,high_sustained,2025
3432,"PELHAM PKWY N AND W ILLIAMSBRIDGE RD, NEW YORK, NY",Speed,36,40.858123009493,-73.856650997818,2026-08-03,2026-07-27,2026-08-24,27,high_sustained,2026
3433,"PELHAM PKWY N AND W OODHULL AVE, NEW YORK, NY",Speed,36,40.858110017543,-73.841927011424,2024-02-26,2024-02-26,2026-02-02,2045,high_sustained,2024
3434,"PELHAM PKWY S AND C RUGER AVE, NEW YORK, NY",Speed,36,40.856665019345,-73.866638035451,2022-08-15,2020-08-31,2024-11-25,709,high_sustained,2022
3435,"PELHAM PKWY S AND E ASTCHESTER RD, NEW YORK, NY",Red Light,7,40.857152007919,-73.843784022072,2026-03-09,2026-02-09,2026-07-20,662,high_sustained,2026
3436,"PELHAM PKWY S AND T OMLINSON AVE, NEW YORK, NY",Speed,36,40.856904993233,-73.857158019141,2020-09-28,2020-09-28,2026-08-24,11586,high_sustained,2020
3437,"PELHM PWY N. HERI NG AV - BRXNWD AV, NEW YORK, NY",Speed,36,40.904461521895,-73.872894300616,2018-02-26,2018-02-26,2019-08-26,29,low_fallback,2018
3438,"PENNSLVANIA AV. S EAVW AV - TWNPNS DR, NEW YORK, NY",Speed,36,40.750647479974,-73.990864955467,2016-06-20,2016-06-20,2016-08-08,518,high_sustained,2016
3439,"PENNSLVNIA AV. AT LNTC AV- PITKIN AV, NEW YORK, NY",Speed,36,40.671898117602,-73.895914430682,2017-10-16,2016-06-20,2021-08-23,1318,high_sustained,2017
3440,"PENNSLVNIA AV. PI TKIN AV- ATLNTC AV, NEW YORK, NY",Speed,36,40.669621573718,-73.911154888525,2016-07-11,2016-07-11,2021-08-09,680,low_fallback,2016
3441,"PENNSYLVANIA AVE AND BLAKE AVE, NEW YORK, NY",Speed,36,40.667821998088,-73.894829980049,2021-08-30,2021-08-30,2026-08-24,33908,high_sustained,2021
3442,"PENNSYLVANIA AVE AND FLATLANDS AVE, NEW YORK, NY",Red Light,7,40.652788007005,-73.886413040518,2026-02-16,2026-01-05,2026-07-20,3555,high_sustained,2026
3443,"PENNSYLVANIA AVE AND HORNELL LOOP, NEW YORK, NY",Speed,36,40.645297980237,-73.879023973774,2016-09-05,2016-09-05,2026-08-24,140806,high_sustained,2016
3444,"PENNSYLVANIA AVE AND LINDEN BLVD, NEW YORK, NY",Red Light,7,40.658685011165,-73.890809013457,2016-05-30,2016-05-23,2026-07-20,80060,high_sustained,2016
3445,"PENNSYLVANIA AVE AND RIVERDALE AVE, NEW YORK, NY",Speed,36,40.663211993251,-73.893648969891,2018-11-12,2018-11-12,2026-08-24,42766,high_sustained,2018
3446,"PENNSYLVANIA AVE AND SCHROEDERS AVE, NEW YORK, NY",Speed,36,40.647560004446,-73.88153996965,2016-06-13,2016-06-13,2026-08-24,119895,high_sustained,2016
3447,"PENNSYLVANIA AVE AND SEAVIEW AVE, NEW YORK, NY",Red Light,7,40.64395591181,-73.877571892868,2016-05-30,2016-05-23,2026-07-20,45277,high_sustained,2016
3448,"PENNSYLVANIA AVE AND STANLEY AVE, NEW YORK, NY",Speed,36,40.656952010774,-73.889496994153,2024-11-25,2024-11-25,2026-08-24,5447,high_sustained,2024
3449,"PENNSYLVANIA AVE AND SUTTER AVE, NEW YORK, NY",Speed,36,40.669376002936,-73.895225019145,2021-08-30,2021-08-30,2026-08-24,23204,high_sustained,2021
3450,"PERSONS BLVD. 28T H AVE - 23RD AVE, NEW YORK, NY",Speed,36,40.793642534838,-73.825344752434,2023-08-07,2023-08-07,2023-08-07,2,low_fallback,2023
3451,"PIKE ST AND CHERRY ST, NEW YORK, NY",Speed,36,40.710897017601,-73.99219198804,2019-10-28,2019-10-28,2026-08-24,6449,high_sustained,2019
3452,"PITKIN AV. 78 ST - S CONDUIT BV, NEW YORK, NY",Speed,36,40.671082928462,-73.851098581635,2019-02-25,2019-02-25,2019-06-17,24,low_fallback,2019
3453,"PITKIN AV. AMBOY ST- HOWARD AVE, NEW YORK, NY",Speed,36,40.687436255851,-73.920897148878,2017-05-08,2017-05-08,2023-09-25,19,low_fallback,2017
3454,"PITKIN AV. HOWARD AVE- AMBOY ST, NEW YORK, NY",Speed,36,40.687436255851,-73.920897148878,2016-09-05,2016-09-05,2024-04-15,81,low_fallback,2016
3455,"PITKIN AV. S COND UIT BV - 78 ST, NEW YORK, NY",Speed,36,40.671082928462,-73.851098581635,2018-10-01,2018-10-01,2019-10-28,12,low_fallback,2018
3456,"PITKIN AVE AND BARB EY ST, NEW YORK, NY",Speed,36,40.673162988701,-73.887625231355,2025-03-31,2025-03-31,2026-08-24,792,high_sustained,2025
3457,"PITKIN AVE AND COND UIT BLVD, NEW YORK, NY",Speed,36,40.676289690042,-73.866188681622,2022-07-04,2022-07-04,2023-07-24,67,low_fallback,2022
3458,"PITKIN AVE AND DREW ST, NEW YORK, NY",Speed,36,40.676552001702,-73.862652021396,2021-10-25,2021-10-25,2026-08-24,2563,high_sustained,2021
3459,"PITKIN AVE AND FOUN TAIN AVE, NEW YORK, NY",Speed,36,40.674923984648,-73.875270976627,2019-12-02,2019-11-25,2026-08-24,3834,high_sustained,2019
3460,"PITKIN AVE AND LINW OOD ST, NEW YORK, NY",Speed,36,40.673919287824,-73.882614697275,2021-09-27,2021-09-27,2026-08-24,5244,high_sustained,2021
3461,"PITKIN AVE AND LOGA N ST, NEW YORK, NY",Red Light,7,40.674791005754,-73.876183011511,2026-02-02,2026-01-12,2026-07-20,1079,high_sustained,2026
3462,"PITKIN AVE AND PENN SYLVANIA AVE, NEW YORK, NY",Red Light,7,40.671898117602,-73.895914430682,2025-08-04,2025-07-28,2026-07-20,1837,high_sustained,2025
3463,"PITKIN AVE AND PENN SYLVANIA AVE, NEW YORK, NY",Speed,36,40.671898117602,-73.895914430682,2026-08-10,2026-08-10,2026-08-17,2,low_fallback,2026
3464,"PITKIN AVE AND S CO NDUIT BLVD, NEW YORK, NY",Speed,36,40.676116519922,-73.867212698733,2020-11-02,2020-11-02,2024-08-26,853,high_sustained,2020
3465,"PITKIN AVE AND SCHE NCK AVE, NEW YORK, NY",Red Light,7,40.673033320658,-73.888528465241,2026-03-23,2026-01-26,2026-07-20,600,high_sustained,2026
3466,"PITKIN AVE AND WATK INS ST, NEW YORK, NY",Red Light,7,40.670099989823,-73.907959979916,2026-01-26,2026-01-12,2026-07-20,594,high_sustained,2026
3467,"PLATT AVE. CHAMPL AIN AVE - FAIRBANK A, NEW YORK, NY",Speed,36,40.561193902393,-74.126091103802,2026-08-17,2026-08-17,2026-08-17,1,low_fallback,2026
3468,"PLEASNT AV. E114 ST - E120 ST, NEW YORK, NY",Speed,36,40.79927457599,-73.935169931361,2018-04-30,2018-04-30,2018-09-03,2,low_fallback,2018
3469,"PNSLVANIA AV. BEL MNT AV- NEWLTS AV, NEW YORK, NY",Speed,36,40.7130466,-74.0072301,2016-06-20,2016-06-20,2018-09-17,1068,low_fallback,2016
3470,"PNSLVANIA AV. NEW LTS AV- BELMNT AV, NEW YORK, NY",Speed,36,40.7130466,-74.0072301,2016-07-18,2016-07-04,2018-10-01,3540,high_sustained,2016
3471,"PORT RICHMOND AVE AND ALBION PL, NEW YORK, NY",Speed,36,40.634631002617,-74.135658989724,2020-03-02,2020-02-24,2025-03-31,888,high_sustained,2020
3472,"POST AVE AND HEBERT ON AVE, NEW YORK, NY",Red Light,7,40.632798006121,-74.134051005418,2026-05-04,2026-04-27,2026-07-20,118,high_sustained,2026
3473,"POST AVE AND HEBERT ON AVE, NEW YORK, NY",Speed,36,40.632798006121,-74.134051005418,2026-08-03,2026-07-27,2026-08-24,45,high_sustained,2026
3474,"POWELL ST AND SUTTE R AVE, NEW YORK, NY",Speed,36,40.668127015544,-73.903578004755,2020-09-28,2020-09-28,2026-08-24,3543,high_sustained,2020
3475,"POWELLS COVE BLVD AND 157TH ST, NEW YORK, NY",Speed,36,40.794508010519,-73.804125969207,2024-07-29,2024-07-29,2026-08-24,959,high_sustained,2024
3476,"PRESIDENT ST AND AL BANY AVE, NEW YORK, NY",Speed,36,40.667468994235,-73.939600993851,2020-05-25,2020-05-25,2025-10-20,5466,high_sustained,2020
3477,"PRESIDENT ST AND TR OY AVE, NEW YORK, NY",Speed,36,40.667316988421,-73.936824991338,2025-11-03,2025-11-03,2026-08-24,432,high_sustained,2025
3478,"PROSPECT AV. E 16 9 ST - E 170 ST, NEW YORK, NY",Speed,36,40.912613342941,-73.836592097691,2022-04-25,2022-04-25,2024-04-01,37,low_fallback,2022
3479,"PROSPECT AV. E170 S7 - E 169 ST, NEW YORK, NY",Speed,36,40.837699208104,-73.919097230442,2022-07-11,2022-07-11,2024-04-29,16,low_fallback,2022
3480,"PROSPECT AV. LAFA YETTE AV - CLINTON A, NEW YORK, NY",Speed,36,40.689421631134,-73.955316213405,2021-12-06,2021-11-15,2022-04-11,149,high_sustained,2021
3481,"PROSPECT AVE AND 11 TH AVE, NEW YORK, NY",Speed,36,40.656152000025,-73.977297010821,2021-11-29,2021-11-29,2026-08-17,2634,high_sustained,2021
3482,"PROSPECT AVE AND 3R D AVE, NEW YORK, NY",Speed,36,40.720075201557,-73.978744535897,2021-09-27,2021-09-27,2026-08-24,14819,high_sustained,2021
3483,"PROSPECT AVE AND E 150TH ST, NEW YORK, NY",Speed,36,40.81308800765,-73.904180998869,2022-08-01,2022-07-25,2026-08-24,1417,high_sustained,2022
3484,"PROSPECT AVE AND E 164TH ST, NEW YORK, NY",Speed,36,40.823485004168,-73.900026005646,2021-08-02,2021-07-26,2025-04-28,1133,high_sustained,2021
3485,"PROSPECT AVE AND E 182ND ST, NEW YORK, NY",Speed,36,40.849309019209,-73.884802960737,2025-02-24,2025-01-27,2026-08-17,351,high_sustained,2025
3486,"PROSPECT AVE AND EL LICOTT PL, NEW YORK, NY",Speed,36,40.639113015793,-74.095690974079,2022-02-28,2022-02-28,2026-08-24,2280,high_sustained,2022
3487,"PROSPECT AVE AND JA CKSON PL, NEW YORK, NY",Speed,36,40.66191698921,-73.986853973003,2020-05-25,2020-05-25,2026-08-24,3361,high_sustained,2020
3488,"PROSPECT AVE AND JE NNINGS ST, NEW YORK, NY",Speed,36,40.831971010581,-73.896695959334,2024-05-27,2024-05-27,2026-08-17,1225,high_sustained,2024
3489,"PROSPECT AVE AND KE LLY ST, NEW YORK, NY",Speed,36,40.815095012456,-73.903466022528,2020-11-30,2020-11-30,2026-08-24,3641,high_sustained,2020
3490,"PROSPECT AVE. E15 5 ST- E160 ST, NEW YORK, NY",Speed,36,40.677290698829,-73.995827051809,2016-06-20,2016-06-20,2020-10-05,86,low_fallback,2016
3491,"PROSPECT AVE. E16 0 ST- E155 ST, NEW YORK, NY",Speed,36,40.85229974951,-73.883400795537,2016-09-12,2016-09-12,2020-09-14,77,low_fallback,2016
3492,"PROSPECT PARK SOU THWEST AND 11TH AVE, NEW YORK, NY",Speed,36,40.658721304805,-73.975145208638,2025-06-30,2025-06-30,2026-08-24,984,high_sustained,2025
3493,"PROSPECT PARK SOU THWEST AND REEVE PL, NEW YORK, NY",Speed,36,40.653902883946,-73.973088373418,2025-06-30,2025-06-30,2026-08-24,485,high_sustained,2025
3494,"PROSPECT PARK SOU THWEST AND WINDSOR PL, NEW YORK, NY",Speed,36,40.659791003289,-73.980884968294,2020-11-09,2020-11-09,2026-08-24,21744,high_sustained,2020
3495,"PROSPECT PARK W AND 12TH ST, NEW YORK, NY",Speed,36,40.662798011053,-73.978352040974,2024-05-27,2024-05-27,2026-08-24,16385,high_sustained,2024
3496,"PROSPECT PARK W AND 2ND ST, NEW YORK, NY",Speed,36,40.668816007985,-73.973327006201,2024-12-30,2024-12-30,2026-08-24,16979,high_sustained,2024
3497,"PROSPECT PK W. 11 TH ST - 15TH ST, NEW YORK, NY",Speed,36,40.671726221108,-73.971036649349,2023-05-29,2023-05-29,2024-03-11,279,high_sustained,2023
3498,"PROSPECT PK W. 16 ST - 20 ST, NEW YORK, NY",Speed,36,40.67150609599,-73.971456668326,2023-06-19,2023-06-19,2026-03-02,7,low_fallback,2023
3499,"PROSPECT PK W. 20 ST - 16 ST, NEW YORK, NY",Speed,36,40.671122498191,-73.971694546738,2023-11-06,2023-11-06,2023-11-06,1,low_fallback,2023
3500,"PROSPECT ST AND WAS HINGTON ST, NEW YORK, NY",Speed,36,40.700736600301,-73.989726702678,2020-05-25,2020-05-25,2026-08-24,45163,high_sustained,2020
3501,"PUGSLEY AVE AND BLA CKROCK AVE, NEW YORK, NY",Speed,36,40.828225012323,-73.856490987286,2022-07-25,2022-07-25,2023-03-20,52,low_fallback,2022
3502,"PUGSLEY AVE AND TUR NBULL AVE, NEW YORK, NY",Speed,36,40.823199013631,-73.855311988786,2026-06-15,2026-06-15,2026-08-24,197,high_sustained,2026
3503,"PULASKI ST AND MARC Y AVE, NEW YORK, NY",Speed,36,40.692439019071,-73.948622017144,2025-02-24,2025-02-24,2026-08-24,426,high_sustained,2025
3504,"PULASKI ST. THROO P AV- MARCS GRVY BV, NEW YORK, NY",Speed,36,40.693074453335,-73.943086645381,2018-03-05,2018-03-05,2021-12-06,7,low_fallback,2018
3505,"PUTNAM AVE AND CLAV ER PL, NEW YORK, NY",Speed,36,40.683151996081,-73.957681010458,2025-04-28,2025-04-28,2026-08-24,646,high_sustained,2025
3506,"PUTNAM AVE AND NOST RAND AVE, NEW YORK, NY",Speed,36,40.684004016539,-73.950282975077,2025-01-27,2025-01-27,2026-08-03,41,low_fallback,2025
3507,"PUTNAM AVE AND TOMP KINS AVE, NEW YORK, NY",Speed,36,40.684709982334,-73.944193019506,2022-02-28,2022-02-28,2026-08-24,3869,high_sustained,2022
3508,"QUARRY RD AND OAK T REE PL, NEW YORK, NY",Speed,36,40.851669991786,-73.891731022807,2021-06-28,2021-06-28,2026-08-24,3211,high_sustained,2021
3509,"QUEENS BLVD AND 35T H ST, NEW YORK, NY",Speed,36,40.74430200306,-73.929852002268,2016-09-05,2016-09-05,2026-08-24,51163,high_sustained,2016
3510,"QUEENS BLVD AND 36T H ST, NEW YORK, NY",Speed,36,40.744194002237,-73.928926975433,2016-06-13,2016-06-13,2026-08-24,76120,high_sustained,2016
3511,"QUEENS BLVD AND 39TH ST, NEW YORK, NY",Red Light,7,40.743872011427,-73.926192966255,2016-05-30,2016-05-30,2026-07-20,71275,high_sustained,2016
3512,"QUEENS BLVD AND 43R D ST, NEW YORK, NY",Red Light,7,40.743335988719,-73.92151703775,2026-01-12,2026-01-05,2026-07-20,1838,high_sustained,2026
3513,"QUEENS BLVD AND 43R D ST, NEW YORK, NY",Speed,36,40.743335988719,-73.92151703775,2026-07-27,2026-07-27,2026-08-24,651,high_sustained,2026
3514,"QUEENS BLVD AND 50T H ST, NEW YORK, NY",Speed,36,40.742658982399,-73.915015027819,2024-10-28,2024-10-28,2026-08-24,2451,high_sustained,2024
3515,"QUEENS BLVD AND 51S T AVE, NEW YORK, NY",Speed,36,40.737685999245,-73.882482011748,2019-07-08,2019-07-08,2026-08-24,64274,high_sustained,2019
3516,"QUEENS BLVD AND 55T H RD, NEW YORK, NY",Speed,36,40.735031995333,-73.875527965778,2024-09-30,2024-09-30,2026-08-24,16406,high_sustained,2024
3517,"QUEENS BLVD AND 55T H ST, NEW YORK, NY",Speed,36,40.742351995195,-73.910112033556,2016-06-13,2016-06-13,2026-08-24,73984,high_sustained,2016
3518,"QUEENS BLVD AND 56T H ST, NEW YORK, NY",Speed,36,40.742004984404,-73.909260013098,2016-06-13,2016-06-13,2026-08-24,113252,high_sustained,2016
3519,"QUEENS BLVD AND 58T H ST, NEW YORK, NY",Red Light,7,40.741804992194,-73.907524959141,2016-05-30,2016-05-23,2026-07-13,11887,high_sustained,2016
3520,"QUEENS BLVD AND 58TH ST, NEW YORK, NY",Red Light,7,40.741804992194,-73.907524959141,2016-05-30,2016-05-30,2026-07-20,11771,high_sustained,2016
3521,"QUEENS BLVD AND 62N D DR, NEW YORK, NY",Speed,36,40.731114000422,-73.86448003066,2019-07-08,2019-07-08,2026-08-24,59494,high_sustained,2019
3522,"QUEENS BLVD AND 63R D RD, NEW YORK, NY",Speed,36,40.730276983571,-73.862187999236,2020-06-29,2020-06-29,2026-08-24,28072,high_sustained,2020
3523,"QUEENS BLVD AND 65T H AVE, NEW YORK, NY",Red Light,7,40.72873701841,-73.857981038214,2026-02-02,2026-01-26,2026-07-20,1707,high_sustained,2026
3524,"QUEENS BLVD AND 66T H RD, NEW YORK, NY",Speed,36,40.727579016577,-73.85480002214,2021-12-27,2021-12-27,2026-08-24,98109,high_sustained,2021
3525,"QUEENS BLVD AND 70T H ST / 45TH AVE, NEW YORK, NY",Red Light,7,40.739905988211,-73.894214999813,2016-05-30,2016-05-23,2026-07-20,22665,high_sustained,2016
3526,"QUEENS BLVD AND 70TH ST, NEW YORK, NY",Red Light,7,40.739905988211,-73.894214999813,2016-05-30,2016-05-23,2026-07-20,23803,high_sustained,2016
3527,"QUEENS BLVD AND 71S T AVE / CONTINENTAL, NEW YORK, NY",Red Light,7,40.721623506733,-73.843853759507,2016-05-30,2016-05-30,2026-07-20,7634,high_sustained,2016
3528,"QUEENS BLVD AND 71S T RD, NEW YORK, NY",Speed,36,40.721135009416,-73.842766039932,2019-07-08,2019-07-08,2026-07-13,46706,high_sustained,2019
3529,"QUEENS BLVD AND 71ST AVE, NEW YORK, NY",Red Light,7,40.721623506733,-73.843853759507,2016-05-30,2016-05-23,2026-07-20,11398,high_sustained,2016
3530,"QUEENS BLVD AND 72N D RD, NEW YORK, NY",Speed,36,40.720189991742,-73.840636030697,2020-06-29,2020-06-29,2026-08-24,170647,high_sustained,2020
3531,"QUEENS BLVD AND 72N D ST, NEW YORK, NY",Speed,36,40.73939100408,-73.892233014988,2024-02-12,2024-02-12,2026-08-24,38764,high_sustained,2024
3532,"QUEENS BLVD AND 76T H RD, NEW YORK, NY",Speed,36,40.717283985912,-73.834753024315,2026-06-01,2026-06-01,2026-08-24,1087,high_sustained,2026
3533,"QUEENS BLVD AND 77T H AVE, NEW YORK, NY",Speed,36,40.71627300266,-73.833383002241,2022-02-28,2022-02-28,2026-08-24,59802,high_sustained,2022
3534,"QUEENS BLVD AND 80T H RD, NEW YORK, NY",Speed,36,40.714030298737,-73.830107689756,2023-09-04,2023-09-04,2026-08-24,3460,high_sustained,2023
3535,"QUEENS BLVD AND 82N D AVE, NEW YORK, NY",Speed,36,40.712774019089,-73.827584988357,2020-04-27,2020-04-27,2026-08-24,49416,high_sustained,2020
3536,"QUEENS BLVD AND 87T H AVE, NEW YORK, NY",Speed,36,40.706333993332,-73.816810973835,2020-09-28,2020-09-28,2026-08-24,68224,high_sustained,2020
3537,"QUEENS BLVD AND ASCAN AVE, NEW YORK, NY",Red Light,7,40.719742984846,-73.839651995264,2016-05-30,2016-05-23,2026-07-20,16769,high_sustained,2016
3538,"QUEENS BLVD AND BROADWAY, NEW YORK, NY",Red Light,7,40.736805019312,-73.877641965578,2016-05-30,2016-05-23,2026-07-20,40423,high_sustained,2016
3539,"QUEENS BLVD AND GRA ND AVE / BROADWAY, NEW YORK, NY",Red Light,7,40.736805019312,-73.877641965578,2016-05-30,2016-05-30,2026-07-20,17663,high_sustained,2016
3540,"QUEENS BLVD AND GRA ND AVE, NEW YORK, NY",Speed,36,40.758528729219,-73.958095341608,2024-09-02,2024-08-26,2026-08-24,741,high_sustained,2024
3541,"QUEENS BLVD AND IRE LAND ST, NEW YORK, NY",Speed,36,40.738272020006,-73.886402982234,2024-07-29,2024-07-29,2026-08-24,17775,high_sustained,2024
3542,"QUEENS BLVD AND JACOBUS ST, NEW YORK, NY",Red Light,7,40.73857460671,-73.887233461201,2016-05-23,2016-05-23,2026-07-20,82564,high_sustained,2016
3543,"QUEENS BLVD AND WOO DHAVEN BLVD, NEW YORK, NY",Red Light,7,40.733467010191,-73.870480970419,2026-03-16,2025-09-01,2026-07-20,286,high_sustained,2026
3544,"QUEENS MIDTOWN EX PRESSWAY. 58TH AVENU, NEW YORK, NY",Speed,36,40.72920785831,-73.878079628071,2026-03-09,2026-03-09,2026-08-24,2035,high_sustained,2026
3545,"QUEENS MIDTOWN EX PWY AND 69TH LN, NEW YORK, NY",Speed,36,40.725085987116,-73.892485980826,2023-08-21,2023-08-21,2026-08-24,129818,high_sustained,2023
3546,"QUEENS MIDTOWN EXPWY AND 43RD ST, NEW YORK, NY",Red Light,7,40.735626817092,-73.923064923809,2016-05-30,2016-05-30,2026-07-20,33978,high_sustained,2016
3547,"QUENTIN RD AND E 24 TH ST, NEW YORK, NY",Speed,36,40.609227004745,-73.949374963506,2021-08-09,2021-06-28,2024-06-24,536,high_sustained,2021
3548,"QUENTIN RD AND MADI SON PL, NEW YORK, NY",Speed,36,40.611310997331,-73.941925966154,2020-05-25,2020-05-25,2026-08-24,2957,high_sustained,2020
3549,"QUENTIN RD AND OCEA N PKWY, NEW YORK, NY",Speed,36,40.607247995495,-73.96733402925,2022-07-11,2022-06-27,2026-08-17,730,high_sustained,2022
3550,"QUENTIN RD. E13 S T- OCEAN PKY, NEW YORK, NY",Speed,36,40.650601598133,-73.972434111443,2020-02-03,2020-02-03,2022-04-25,15,low_fallback,2020
3551,"QUENTIN RD. OCEAN PKY- E13 ST, NEW YORK, NY",Speed,36,40.606824257261,-73.971255502643,2022-03-07,2022-03-07,2022-03-07,1,low_fallback,2022
3552,"RADCLIFF AVE. NEI LL AVE - MORRIS PARK, NEW YORK, NY",Speed,36,40.847645223914,-73.857030839035,2024-05-06,2024-05-06,2024-05-06,2,low_fallback,2024
3553,"RALPH AV. BAINBRI DGE ST - FULTON AV, NEW YORK, NY",Speed,36,40.681804368391,-73.923756872064,2019-08-19,2019-08-19,2019-08-19,4,low_fallback,2019
3554,"RALPH AV. BAINBRI DGE ST - FULTON ST, NEW YORK, NY",Speed,36,40.681804368391,-73.923756872064,2019-11-18,2019-11-18,2020-07-27,10,low_fallback,2019
3555,"RALPH AV. E 79 ST - FLATLANDS AV, NEW YORK, NY",Speed,36,40.652237865144,-73.887811362866,2020-01-13,2020-01-13,2020-01-13,18,low_fallback,2020
3556,"RALPH AV. FLATLAN DS AV - E 79 ST, NEW YORK, NY",Speed,36,40.64055380426,-73.921510747209,2020-01-13,2020-01-13,2020-08-17,362,low_fallback,2020
3557,"RALPH AVE AND ATLAN TIC AVE, NEW YORK, NY",Red Light,7,40.67702997973,-73.921817026065,2026-06-29,2026-06-29,2026-07-20,63,high_sustained,2026
3558,"RALPH AVE AND ATLAN TIC AVE, NEW YORK, NY",Speed,36,40.67702997973,-73.921817026065,2026-07-27,2026-07-27,2026-08-24,16,low_fallback,2026
3559,"RALPH AVE AND BERGE N AVE, NEW YORK, NY",Speed,36,40.629730900111,-73.918288496285,2020-08-31,2020-08-31,2026-08-24,40841,high_sustained,2020
3560,"RALPH AVE AND BEVER LEY RD, NEW YORK, NY",Speed,36,40.646987017545,-73.920190014839,2016-06-13,2016-06-13,2026-08-24,164182,high_sustained,2016
3561,"RALPH AVE AND CHAUN CEY ST, NEW YORK, NY",Speed,36,40.681214016248,-73.922401999087,2020-09-28,2020-09-28,2024-07-22,2251,high_sustained,2020
3562,"RALPH AVE AND CLARE NDON RD, NEW YORK, NY",Red Light,7,40.645031980539,-73.919974013194,2026-01-19,2026-01-19,2026-07-20,1860,high_sustained,2026
3563,"RALPH AVE AND DECAT UR ST, NEW YORK, NY",Speed,36,40.682680011113,-73.922668962703,2023-05-29,2023-05-29,2026-08-17,867,high_sustained,2023
3564,"RALPH AVE AND E 64T H ST, NEW YORK, NY",Speed,36,40.620919005303,-73.917409989013,2021-05-31,2021-05-31,2026-08-24,11886,high_sustained,2021
3565,"RALPH AVE AND E 65T H ST, NEW YORK, NY",Speed,36,40.621941010757,-73.917520965411,2021-05-31,2021-05-31,2026-08-24,39353,high_sustained,2021
3566,"RALPH AVE AND E 66T H ST, NEW YORK, NY",Speed,36,40.623590695031,-73.917733530476,2019-07-08,2019-07-08,2021-03-22,32533,high_sustained,2019
3567,"RALPH AVE AND E 76T H ST, NEW YORK, NY",Speed,36,40.635907985566,-73.919002969712,2024-08-26,2024-08-26,2026-08-24,7521,high_sustained,2024
3568,"RALPH AVE AND E 88T H ST, NEW YORK, NY",Speed,36,40.650982000237,-73.920615983159,2023-11-20,2023-11-20,2026-08-24,13970,high_sustained,2023
3569,"RALPH AVE. ATLNTC AV- PARK PL, NEW YORK, NY",Speed,36,40.688169039942,-73.923763731472,2017-05-15,2017-05-15,2017-10-09,2,low_fallback,2017
3570,"RALPH AVE. FULTON ST- DECATUR ST, NEW YORK, NY",Speed,36,40.6788219,-73.9207861,2017-06-12,2017-06-12,2017-07-31,31,low_fallback,2017
3571,"RALPH AVE. PARK P L- ATLNTC AV, NEW YORK, NY",Speed,36,40.688169039942,-73.923763731472,2016-09-19,2016-09-19,2017-12-18,9,low_fallback,2016
3572,"RANDALL AV. BEACH AV- BOLTON AV, NEW YORK, NY",Speed,36,43.514179671292,-73.667398603307,2016-10-17,2016-10-17,2024-03-04,34,low_fallback,2016
3573,"RANDALL AV. BOLTO N AV- BEACH AV, NEW YORK, NY",Speed,36,40.817989341482,-73.85571403739,2017-01-09,2017-01-09,2024-02-19,123,low_fallback,2017
3574,"RANDALL AV. EDISO N AV- VINCENT AV, NEW YORK, NY",Speed,36,40.817989341482,-73.85571403739,2018-01-15,2016-10-17,2020-11-30,230,high_sustained,2018
3575,"RANDALL AV. VINCE NT AV- EDISON AV, NEW YORK, NY",Speed,36,40.817989341482,-73.85571403739,2016-09-19,2016-09-19,2019-04-29,31,low_fallback,2016
3576,"RANDALL AVE AND BAR RETTO ST, NEW YORK, NY",Speed,36,40.811827788507,-73.888665928454,2022-09-12,2022-01-24,2023-10-16,358,high_sustained,2022
3577,"RANDALL AVE AND BRY ANT AVE, NEW YORK, NY",Speed,36,40.812384095421,-73.884963809459,2020-09-28,2020-09-28,2026-08-24,3839,high_sustained,2020
3578,"RANDALL AVE AND CRO SS BRONX EXPWY EXT, NEW YORK, NY",Speed,36,40.824938007083,-73.824303976178,2021-01-04,2020-12-28,2026-08-24,22325,high_sustained,2021
3579,"RANDALL AVE AND STI CKBALL BLVD, NEW YORK, NY",Speed,36,40.817919001364,-73.856212959558,2024-03-04,2024-03-04,2026-06-29,1181,high_sustained,2024
3580,"RANDALL AVE AND TIF FANY ST, NEW YORK, NY",Red Light,7,40.811550179874,-73.89053869708,2026-03-23,2026-01-26,2026-07-20,236,high_sustained,2026
3581,"RANDALLS ISLAND WARDS MEADOW, NEW YORK, NY",Red Light,7,40.783851,-73.929187,2025-07-28,2025-07-28,2025-07-28,1,low_fallback,2025
3582,"REMSEN AV. AVE A- LINDEN BV, NEW YORK, NY",Speed,36,40.65442088701,-73.910113695813,2017-10-23,2017-10-23,2020-09-21,134,low_fallback,2017
3583,"REMSEN AV. LINDEN BV- AVE A, NEW YORK, NY",Speed,36,40.65442088701,-73.910113695813,2017-05-08,2017-05-08,2017-10-23,32,low_fallback,2017
3584,"REMSEN AVE AND AVE L, NEW YORK, NY",Speed,36,40.635289987845,-73.900533026969,2020-07-27,2020-07-27,2026-08-24,18491,high_sustained,2020
3585,"REMSEN AVE AND AVE N, NEW YORK, NY",Speed,36,40.632024985101,-73.89690399817,2021-09-27,2021-09-27,2026-08-24,12201,high_sustained,2021
3586,"REMSEN AVE AND BAY VIEW PL, NEW YORK, NY",Speed,36,40.642689992973,-73.908705969299,2016-06-13,2016-06-13,2026-08-24,32942,high_sustained,2016
3587,"REMSEN AVE AND DITM AS AVE, NEW YORK, NY",Red Light,7,40.648096991073,-73.914738005919,2026-06-01,2026-06-01,2026-07-20,1102,high_sustained,2026
3588,"REMSEN AVE AND DITM AS AVE, NEW YORK, NY",Speed,36,40.648096991073,-73.914738005919,2021-09-27,2021-09-27,2026-08-24,6609,high_sustained,2021
3589,"REMSEN AVE AND E 53 RD ST, NEW YORK, NY",Speed,36,40.66015100603,-73.928160031293,2020-08-31,2020-08-31,2026-08-24,39477,high_sustained,2020
3590,"REMSEN AVE AND E 58 TH ST, NEW YORK, NY",Speed,36,40.6554009815,-73.922871972398,2021-12-06,2021-11-29,2025-01-27,6216,high_sustained,2021
3591,"REMSEN AVE AND FARR AGUT RD, NEW YORK, NY",Red Light,7,40.64321398765,-73.909293037797,2025-09-01,2025-09-01,2026-07-20,6752,high_sustained,2025
3592,"REMSEN AVE AND FARR AGUT RD, NEW YORK, NY",Speed,36,40.64321398765,-73.909293037797,2016-09-05,2016-06-20,2026-08-24,30751,high_sustained,2016
3593,"REMSEN AVE AND L ENOX RD, NEW YORK, NY",Red Light,7,40.655853981458,-73.923374970408,2016-05-30,2016-05-23,2026-07-20,37447,high_sustained,2016
3594,"REMSEN AVE AND RUTL AND RD, NEW YORK, NY",Speed,36,40.660949005122,-73.929059996237,2020-12-28,2020-12-28,2026-08-24,13198,high_sustained,2020
3595,"REMSEN AVE AND STIL LWELL PL, NEW YORK, NY",Speed,36,40.636060997209,-73.901401978872,2019-09-30,2019-09-30,2026-08-24,25993,high_sustained,2019
3596,"REMSEN AVE AND W INTHROP ST, NEW YORK, NY",Red Light,7,40.658650980638,-73.926487003419,2016-05-23,2016-05-16,2026-07-20,50920,high_sustained,2016
3597,"RENWICK AVE AND CAT TARAUGUS ST, NEW YORK, NY",Speed,36,40.612063985603,-74.106103980032,2020-04-27,2020-04-27,2026-08-24,1673,high_sustained,2020
3598,"RENWICK AVE AND OSW EGO ST, NEW YORK, NY",Speed,36,40.611694008397,-74.105887978387,2024-09-23,2024-09-23,2026-07-27,159,low_fallback,2024
3599,"RESERVOIR AV STRO NG ST - W195 ST, NEW YORK, NY",Speed,36,40.87253251535,-73.897988674556,2017-11-27,2017-11-27,2018-07-02,17,low_fallback,2017
3600,"RESERVOIR AV W195 ST - STRONG ST, NEW YORK, NY",Speed,36,40.871271448367,-73.89922310916,2016-10-24,2016-10-24,2018-05-21,88,low_fallback,2016
3601,"RESERVOIR AVE AND U NIVERSITY AVE, NEW YORK, NY",Speed,36,40.873763012175,-73.898467977484,2021-12-27,2021-12-27,2026-08-24,29077,high_sustained,2021
3602,"RESRVOIR AV STRON G ST- W.KINGSBRDG RD, NEW YORK, NY",Speed,36,40.868106453424,-73.900333000131,2018-07-30,2018-07-30,2021-12-20,106,low_fallback,2018
3603,"RESRVOIR AV W.KIN GSBRDG RD- STRONG ST, NEW YORK, NY",Speed,36,40.871094086416,-73.898529154863,2018-07-23,2018-07-23,2021-12-13,62,low_fallback,2018
3604,"RHINELANDER AVE AND HAIGHT AVE, NEW YORK, NY",Speed,36,40.851507005678,-73.854575973868,2020-08-31,2020-08-31,2024-08-26,1347,high_sustained,2020
3605,"RHINELANDER AVE AND HONE AVE, NEW YORK, NY",Speed,36,40.850781007135,-73.856200973436,2020-01-13,2020-01-13,2025-05-26,725,high_sustained,2020
3606,"RICHLAND AVE AND 21 3TH ST, NEW YORK, NY",Speed,36,40.735546015546,-73.758852963224,2025-05-26,2025-05-26,2026-08-24,365,high_sustained,2025
3607,"RICHLAND AVE. 212 TH ST - 215TH ST, NEW YORK, NY",Speed,36,40.735175101812,-73.760853368779,2025-03-10,2025-03-10,2025-03-10,2,low_fallback,2025
3608,"RICHLAND AVE. 212 TH ST- 215TH ST, NEW YORK, NY",Speed,36,40.735175101812,-73.760853368779,2025-03-10,2025-03-10,2025-05-05,123,high_sustained,2025
3609,"RICHMND AV. LARED O AV- LEVRETT AV, NEW YORK, NY",Speed,36,40.549409776012,-74.171060053715,2016-09-12,2016-06-13,2020-01-27,3840,high_sustained,2016
3610,"RICHMND TER. NICH LAS ST- ST.PETRS PL, NEW YORK, NY",Speed,36,40.840603709816,-73.847665991511,2017-09-18,2017-09-18,2019-08-19,213,low_fallback,2017
3611,"RICHMND TER. ST.P ETRS PL- NICHLAS ST, NEW YORK, NY",Speed,36,40.7130466,-74.0072301,2016-09-05,2016-06-20,2019-11-18,2646,high_sustained,2016
3612,"RICHMOND AVE AND AR THUR KILL RD, NEW YORK, NY",Red Light,7,40.561075988487,-74.16983200897,2016-08-08,2016-05-30,2026-07-20,1650,high_sustained,2016
3613,"RICHMOND AVE AND ARTHUR KILL RD, NEW YORK, NY",Red Light,7,40.561075988487,-74.16983200897,2016-05-30,2016-05-30,2026-07-20,7786,high_sustained,2016
3614,"RICHMOND AVE AND DRAPER PL, NEW YORK, NY",Red Light,7,40.592652000763,-74.163308960462,2016-06-13,2016-05-30,2026-07-20,19877,high_sustained,2016
3615,"RICHMOND AVE AND ETON PL, NEW YORK, NY",Red Light,7,40.604637284113,-74.16227203522,2016-10-03,2016-05-30,2026-07-20,11985,high_sustained,2016
3616,"RICHMOND AVE AND FI GUREA AVE, NEW YORK, NY",Speed,36,40.551287979144,-74.167787998062,2025-05-26,2025-05-26,2026-08-24,723,high_sustained,2025
3617,"RICHMOND AVE AND GA BRIELLE CT, NEW YORK, NY",Speed,36,40.551344012167,-74.167714991685,2020-06-29,2020-06-29,2026-08-24,12452,high_sustained,2020
3618,"RICHMOND AVE AND GE NESEE AVE, NEW YORK, NY",Speed,36,40.552710010928,-74.168107013296,2020-01-27,2020-01-27,2025-02-24,7963,high_sustained,2020
3619,"RICHMOND AVE AND LANDER AVE, NEW YORK, NY",Red Light,7,40.613023001055,-74.158826989196,2016-05-30,2016-05-30,2026-07-20,9812,high_sustained,2016
3620,"RICHMOND AVE AND MO NSEY PL, NEW YORK, NY",Speed,36,40.624200017482,-74.149056959035,2024-06-24,2024-06-24,2026-08-24,2490,high_sustained,2024
3621,"RICHMOND AVE AND OA KDALE ST, NEW YORK, NY",Speed,36,40.541496994226,-74.162526006886,2020-09-28,2020-09-28,2025-08-18,2947,high_sustained,2020
3622,"RICHMOND AVE AND RI CHMOND HILL RD, NEW YORK, NY",Red Light,7,40.588995982236,-74.167696970593,2026-02-16,2026-02-16,2026-07-20,3876,high_sustained,2026
3623,"RICHMOND AVE AND SA XON AVE, NEW YORK, NY",Speed,36,40.594508005583,-74.161824022495,2020-06-29,2020-06-29,2026-08-24,10789,high_sustained,2020
3624,"RICHMOND AVE AND SH IRLEY AVE, NEW YORK, NY",Speed,36,40.537225995463,-74.158518032245,2026-06-01,2026-06-01,2026-08-24,145,high_sustained,2026
3625,"RICHMOND AVE AND TR AVIS AVE, NEW YORK, NY",Speed,36,40.593101983235,-74.162504968309,2019-07-29,2019-07-29,2026-08-24,19217,high_sustained,2019
3626,"RICHMOND AVE AND VE DDER AVE, NEW YORK, NY",Speed,36,40.622531390107,-74.150010484341,2025-05-26,2025-05-26,2026-08-24,1515,high_sustained,2025
3627,"RICHMOND AVE AND VI CTORY BLVD, NEW YORK, NY",Speed,36,40.607226998828,-74.162498011329,2019-07-15,2019-07-08,2023-06-05,479,high_sustained,2019
3628,"RICHMOND AVE AND VICTORY BLVD, NEW YORK, NY",Red Light,7,40.607226998828,-74.162498011329,2016-05-30,2016-05-23,2026-07-20,26041,high_sustained,2016
3629,"RICHMOND AVE AND W CASWELL AVE, NEW YORK, NY",Red Light,7,40.616414989632,-74.156790019086,2016-05-30,2016-05-23,2026-07-20,8748,high_sustained,2016
3630,"RICHMOND AVE AND YO NA AVE, NEW YORK, NY",Speed,36,40.634966678372,-74.135443447734,2026-06-08,2026-06-08,2026-08-24,272,high_sustained,2026
3631,"RICHMOND AVE AND YU KON AVE, NEW YORK, NY",Red Light,7,40.577004999191,-74.169852963728,2025-09-01,2025-09-01,2026-07-20,1163,high_sustained,2025
3632,"RICHMOND HILL RD AND BRIDGETOWN ST, NEW YORK, NY",Speed,36,40.582944709148,-74.156866797319,2020-05-25,2020-05-25,2026-08-24,15372,high_sustained,2020
3633,"RICHMOND HILL RD AND LAMPED LOOP, NEW YORK, NY",Speed,36,40.586285987211,-74.162963039318,2025-05-26,2025-05-26,2026-08-24,8811,high_sustained,2025
3634,"RICHMOND HILL RD AND WELLINGTON CT, NEW YORK, NY",Speed,36,40.582272480513,-74.155606159082,2019-11-25,2019-11-25,2026-08-24,23066,high_sustained,2019
3635,"RICHMOND RD AND ALT OONA AVE, NEW YORK, NY",Speed,36,40.573741002275,-74.131951003397,2023-11-13,2023-11-13,2026-08-24,1589,high_sustained,2023
3636,"RICHMOND RD AND BUR BANK AVE, NEW YORK, NY",Speed,36,40.577178001673,-74.118033020812,2023-12-04,2023-11-13,2026-08-24,1306,high_sustained,2023
3637,"RICHMOND RD AND CON CORD PL, NEW YORK, NY",Speed,36,40.610676990175,-74.088999030222,2020-09-14,2020-08-31,2026-08-24,5033,high_sustained,2020
3638,"RICHMOND RD AND DEL AWARE AVE, NEW YORK, NY",Speed,36,40.594051988141,-74.099497028673,2020-11-30,2020-11-30,2026-08-24,6862,high_sustained,2020
3639,"RICHMOND RD AND DEL AWARE ST, NEW YORK, NY",Speed,36,40.593876010084,-74.099790982017,2021-05-24,2021-05-24,2026-08-24,4938,high_sustained,2021
3640,"RICHMOND RD AND DON GAN HILLS AVE, NEW YORK, NY",Speed,36,40.588745991974,-74.102086030926,2024-02-26,2024-02-26,2026-08-24,448,high_sustained,2024
3641,"RICHMOND RD AND NAR ROWS RD N, NEW YORK, NY",Red Light,7,40.609410987519,-74.090104016517,2016-06-06,2016-05-30,2026-07-20,14716,high_sustained,2016
3642,"RICHMOND RD AND NEW DORP LANE, NEW YORK, NY",Red Light,7,40.575848003186,-74.119818030912,2016-05-23,2016-05-23,2026-07-20,67407,high_sustained,2016
3643,"RICHMOND RD AND RAL PH PL, NEW YORK, NY",Speed,36,40.605121003746,-74.092580030715,2025-04-28,2025-04-28,2026-08-24,2792,high_sustained,2025
3644,"RICHMOND RD AND ROS E AVE, NEW YORK, NY",Speed,36,40.575255989365,-74.121233985816,2019-09-30,2019-09-30,2026-08-10,2050,high_sustained,2019
3645,"RICHMOND RD AND ST PATRICKS PL, NEW YORK, NY",Speed,36,40.572045007987,-74.144195036098,2026-06-15,2026-06-15,2026-08-24,67,high_sustained,2026
3646,"RICHMOND RD AND VEN ICE AVE, NEW YORK, NY",Speed,36,40.602509998997,-74.092727971306,2019-10-28,2019-10-28,2026-08-24,13549,high_sustained,2019
3647,"RICHMOND RD. RALP H PL - ROME AV, NEW YORK, NY",Speed,36,40.779172226026,-73.75146544939,2016-07-18,2016-06-20,2019-07-22,2570,high_sustained,2016
3648,"RICHMOND TER AND TR EADWELL AVE, NEW YORK, NY",Speed,36,40.639981003776,-74.13767198759,2020-03-16,2020-02-24,2022-10-03,539,high_sustained,2020
3649,"RICHMOND TERR AND J OHN ST, NEW YORK, NY",Speed,36,40.640291970323,-74.134223595402,2024-08-26,2024-08-26,2026-08-24,2126,high_sustained,2024
3650,"RICHMOND TERR AND N ICHOLAS AVE, NEW YORK, NY",Speed,36,40.639706999361,-74.139103029919,2024-07-01,2024-06-24,2026-08-24,571,high_sustained,2024
3651,"RICHMOND TERR AND N ICHOLAS ST, NEW YORK, NY",Speed,36,40.647286000032,-74.080703041554,2023-07-17,2023-07-17,2026-08-24,8610,high_sustained,2023
3652,"RICHMOND TERR AND P ARK AVE, NEW YORK, NY",Speed,36,40.640291970323,-74.134223595402,2024-12-30,2024-12-30,2026-08-24,459,high_sustained,2024
3653,"RICHMOND TERR AND S TUYVESANT PL, NEW YORK, NY",Speed,36,40.646265000406,-74.078603039532,2023-06-26,2023-06-26,2026-08-24,1345,high_sustained,2023
3654,"RICHMOND TERR AND T YSEN ST, NEW YORK, NY",Speed,36,40.64476099361,-74.09973096759,2019-09-30,2019-09-30,2025-04-07,2723,high_sustained,2019
3655,"RIDGE BLVD AND BAY RIDGE PKWY, NEW YORK, NY",Speed,36,40.632102014791,-74.030480018831,2024-11-18,2024-11-18,2026-06-29,93,low_fallback,2024
3656,"RIDGE BLVD AND OVIN GTON AVE, NEW YORK, NY",Speed,36,40.635372004768,-74.029132963172,2021-12-27,2021-08-30,2026-06-22,340,high_sustained,2021
3657,"RIDGEWOOD AVE AND C HESTNUT ST, NEW YORK, NY",Speed,36,40.684644016756,-73.875841029862,2021-12-06,2021-10-25,2023-10-16,675,high_sustained,2021
3658,"RIVER AVE AND E 150 TH ST, NEW YORK, NY",Speed,36,40.820258013355,-73.929762986456,2024-12-30,2024-12-30,2026-08-24,663,high_sustained,2024
3659,"RIVERDALE AVE AND H ENRY HUDSON PKWY E, NEW YORK, NY",Speed,36,40.896610325841,-73.908054085703,2022-08-01,2022-08-01,2025-04-28,556,high_sustained,2022
3660,"RIVERDALE AVE AND I RWIN AVE, NEW YORK, NY",Speed,36,40.880436012931,-73.910554011311,2021-11-29,2021-11-29,2026-08-24,34731,high_sustained,2021
3661,"RIVERDALE AVE AND W 238TH ST, NEW YORK, NY",Speed,36,40.888289185655,-73.907650017137,2020-02-24,2020-02-24,2026-08-24,5657,high_sustained,2020
3662,"RIVERDALE AVE AND W 254TH ST, NEW YORK, NY",Speed,36,40.901697003702,-73.906075979539,2016-06-13,2016-06-13,2026-08-24,97382,high_sustained,2016
3663,"RIVERDALE AVE AND W 256TH ST, NEW YORK, NY",Speed,36,40.904142004859,-73.905013992407,2016-09-05,2016-06-20,2026-08-24,22947,high_sustained,2016
3664,"RIVERDALE AVE AND W 261ST ST, NEW YORK, NY",Speed,36,40.910118008456,-73.90322001367,2021-11-29,2021-11-29,2026-08-24,34451,high_sustained,2021
3665,"RIVERDALE AVE MOT HER GASTON BLVD - PO, NEW YORK, NY",Speed,36,40.664366669732,-73.905448870685,2025-10-06,2025-10-06,2025-10-20,7,low_fallback,2025
3666,"RIVERSIDE DR AND W 119TH ST, NEW YORK, NY",Speed,36,40.810740990942,-73.964373038134,2020-09-28,2020-09-28,2020-12-07,1223,high_sustained,2020
3667,"RIVERSIDE DR AND W 120TH ST, NEW YORK, NY",Speed,36,40.811319006985,-73.963946985995,2020-11-30,2020-11-30,2020-12-07,96,low_fallback,2020
3668,"RIVERSIDE DR AND W 148TH ST, NEW YORK, NY",Speed,36,40.828942000321,-73.950452038064,2019-11-25,2019-11-25,2026-08-24,28651,high_sustained,2019
3669,"RIVERSIDE DR AND W 77TH ST, NEW YORK, NY",Speed,36,40.783788017362,-73.983889964402,2021-06-28,2021-06-28,2024-11-25,1252,high_sustained,2021
3670,"RIVERSIDE DR BROA DWAY - PAYSON AVE, NEW YORK, NY",Speed,36,40.865704969814,-73.928822024199,2025-08-25,2025-07-14,2026-07-06,507,high_sustained,2025
3671,"RIVERSIDE DR. DYC KMAN ST - SEAMAN AV, NEW YORK, NY",Speed,36,40.865704969814,-73.928822024199,2020-01-27,2020-01-27,2020-02-10,936,low_fallback,2020
3672,"RIVERSIDE DR. PAY SON - BROADWAY, NEW YORK, NY",Speed,36,40.865704969814,-73.928822024199,2025-08-25,2025-08-25,2025-08-25,12,low_fallback,2025
3673,"RIVERSIDE DR. SEA MAN AV - DYCKMAN ST, NEW YORK, NY",Speed,36,40.865704969814,-73.928822024199,2020-01-27,2020-01-27,2020-01-27,14,low_fallback,2020
3674,"RIVERSIDE DR. W 1 04 ST - W 98 ST, NEW YORK, NY",Speed,36,40.834415508823,-73.949097522511,2022-07-11,2022-07-11,2025-03-03,27,low_fallback,2022
3675,"RIVERSIDE DR. W 1 13 ST - W 116 ST, NEW YORK, NY",Speed,36,40.834415508823,-73.949097522511,2022-05-09,2022-05-09,2025-09-22,83,low_fallback,2022
3676,"RIVERSIDE DR. W 1 16 ST - W 113 ST, NEW YORK, NY",Speed,36,40.834415508823,-73.949097522511,2022-11-28,2022-11-28,2023-10-09,56,low_fallback,2022
3677,"RIVERSIDE DR. W 8 4 ST - W 87 ST, NEW YORK, NY",Speed,36,40.834415508823,-73.949097522511,2022-04-18,2022-04-18,2024-02-05,6,low_fallback,2022
3678,"RIVERSIDE DR. W 8 7 ST - W 84 ST, NEW YORK, NY",Speed,36,40.834415508823,-73.949097522511,2022-12-05,2022-12-05,2022-12-05,1,low_fallback,2022
3679,"RIVERSIDE DR. W 9 8 ST - W 104 ST, NEW YORK, NY",Speed,36,40.834415508823,-73.949097522511,2022-09-19,2022-09-19,2023-11-13,11,low_fallback,2022
3680,"RIVERSIDE DR. W11 9 ST - W122 ST, NEW YORK, NY",Speed,36,40.674697120407,-73.997540948108,2018-02-12,2018-02-12,2024-03-18,349,low_fallback,2018
3681,"ROCHSTR AVE. ATLA NTC AV- PARK PL, NEW YORK, NY",Speed,36,40.716661891544,-74.015566672869,2016-10-31,2016-10-31,2026-05-11,54,low_fallback,2016
3682,"ROCHSTR AVE. PARK PL- ATLANTC AV, NEW YORK, NY",Speed,36,40.716661891544,-74.015566672869,2016-09-19,2016-09-19,2025-06-02,123,low_fallback,2016
3683,"ROCKAWAY AV LINDE N BV - LOTT AV, NEW YORK, NY",Speed,36,40.663320251896,-73.909111686297,2017-07-17,2016-07-11,2019-09-23,124,high_sustained,2017
3684,"ROCKAWAY AV LOTT AV - LINDEN BV, NEW YORK, NY",Speed,36,40.663320251896,-73.909111686297,2016-07-18,2016-07-18,2020-08-31,56,low_fallback,2016
3685,"ROCKAWAY AV. CHAU NCY ST- SOMRS ST, NEW YORK, NY",Speed,36,40.663320251896,-73.909111686297,2017-01-30,2017-01-30,2019-05-13,3,low_fallback,2017
3686,"ROCKAWAY AV. SOMR S ST- CHAUNCY ST, NEW YORK, NY",Speed,36,40.663320251896,-73.909111686297,2016-09-05,2016-09-05,2017-04-24,11,low_fallback,2016
3687,"ROCKAWAY AVE AND AV E D, NEW YORK, NY",Red Light,7,40.663320251896,-73.909111686297,2026-01-19,2026-01-19,2026-07-20,867,high_sustained,2026
3688,"ROCKAWAY AVE AND AV E D, NEW YORK, NY",Speed,36,40.663320251896,-73.909111686297,2024-12-02,2024-12-02,2026-08-24,1853,high_sustained,2024
3689,"ROCKAWAY AVE AND NE WPORT ST, NEW YORK, NY",Speed,36,40.659483010256,-73.908137005711,2020-02-03,2020-01-27,2026-08-24,4202,high_sustained,2020
3690,"ROCKAWAY BCH BV. BCH 111 ST - BCH 108, NEW YORK, NY",Speed,36,40.589713923464,-73.799025174291,2016-06-13,2016-06-13,2018-07-02,56,low_fallback,2016
3691,"ROCKAWAY BEACH BL VD AND B 105TH ST, NEW YORK, NY",Red Light,7,40.678978981766,-73.83456904154,2026-01-26,2026-01-26,2026-07-20,1599,high_sustained,2026
3692,"ROCKAWAY BEACH BL VD AND B 105TH ST, NEW YORK, NY",Speed,36,40.678978981766,-73.83456904154,2020-11-30,2020-11-30,2026-08-24,8536,high_sustained,2020
3693,"ROCKAWAY BEACH BL VD AND B 110TH ST, NEW YORK, NY",Speed,36,40.677705393488,-73.828844620767,2020-05-25,2020-05-25,2026-04-27,5784,high_sustained,2020
3694,"ROCKAWAY BEACH BL VD AND B 134TH ST, NEW YORK, NY",Speed,36,40.674639209488,-73.804516398257,2021-08-30,2021-08-30,2026-08-24,6758,high_sustained,2021
3695,"ROCKAWAY BEACH BL VD AND B 47TH ST, NEW YORK, NY",Speed,36,40.589713923464,-73.799025174291,2021-06-28,2021-06-28,2026-08-24,9774,high_sustained,2021
3696,"ROCKAWAY BEACH BL VD AND B 73RD ST, NEW YORK, NY",Speed,36,40.727250005923,-73.889003761061,2020-06-22,2019-10-14,2026-08-24,17170,high_sustained,2020
3697,"ROCKAWAY BEACH BL VD AND B 97TH ST, NEW YORK, NY",Speed,36,40.584947984007,-73.818807040257,2025-03-03,2025-03-03,2026-08-24,485,high_sustained,2025
3698,"ROCKAWAY BEACH BL VD AND BEACH 52ND ST, NEW YORK, NY",Speed,36,40.592987905533,-73.782519685935,2024-02-12,2024-02-12,2026-08-24,4971,high_sustained,2024
3699,"ROCKAWAY BEACH BL VD AND SEA GRASS LN, NEW YORK, NY",Speed,36,40.591649692781,-73.792230623677,2021-08-30,2021-08-30,2026-08-24,49153,high_sustained,2021
3700,"ROCKAWAY BEACH BL VD AND WHITE SANDS WAY, NEW YORK, NY",Speed,36,40.591417514063,-73.793124134556,2021-08-30,2021-08-30,2026-08-24,20317,high_sustained,2021
3701,"ROCKAWAY BLVD AND 1 00TH ST, NEW YORK, NY",Speed,36,40.679964986946,-73.839533978067,2016-06-13,2016-06-13,2026-08-24,32455,high_sustained,2016
3702,"ROCKAWAY BLVD AND 1 04TH ST, NEW YORK, NY",Speed,36,40.67929200394,-73.835710992029,2016-09-05,2016-09-05,2026-08-24,23672,high_sustained,2016
3703,"ROCKAWAY BLVD AND 1 11TH ST, NEW YORK, NY",Speed,36,40.677508586402,-73.827578869568,2021-11-29,2021-11-29,2026-08-24,6661,high_sustained,2021
3704,"ROCKAWAY BLVD AND 1 12TH ST, NEW YORK, NY",Speed,36,40.677326699103,-73.82646977614,2021-10-25,2021-10-25,2026-08-24,3143,high_sustained,2021
3705,"ROCKAWAY BLVD AND 1 22ND PL, NEW YORK, NY",Speed,36,40.675631584914,-73.815399880435,2026-07-27,2026-07-27,2026-08-24,84,high_sustained,2026
3706,"ROCKAWAY BLVD AND 1 30TH ST, NEW YORK, NY",Speed,36,40.67499481173,-73.808542226352,2016-09-05,2016-09-05,2026-08-24,14027,high_sustained,2016
3707,"ROCKAWAY BLVD AND 1 32ND AVE, NEW YORK, NY",Speed,36,40.671560913637,-73.784638714876,2020-10-26,2020-10-26,2026-08-24,49436,high_sustained,2020
3708,"ROCKAWAY BLVD AND 1 40TH ST, NEW YORK, NY",Speed,36,40.674283900612,-73.800624177698,2020-05-25,2020-05-25,2026-08-24,13152,high_sustained,2020
3709,"ROCKAWAY BLVD AND 1 46TH ST, NEW YORK, NY",Speed,36,40.673486488254,-73.791654200196,2024-10-28,2024-10-28,2026-08-24,1103,high_sustained,2024
3710,"ROCKAWAY BLVD AND 1 50TH ST, NEW YORK, NY",Speed,36,40.673018191323,-73.788103626011,2020-12-28,2020-12-28,2026-08-24,27188,high_sustained,2020
3711,"ROCKAWAY BLVD AND 8 2ND ST, NEW YORK, NY",Speed,36,40.684213983214,-73.858562993751,2021-08-30,2021-08-30,2026-08-24,2273,high_sustained,2021
3712,"ROCKAWAY BLVD AND 8 9TH ST, NEW YORK, NY",Speed,36,40.682249013652,-73.850856001419,2020-11-02,2020-10-26,2024-07-29,2187,high_sustained,2020
3713,"ROCKAWAY BLVD AND 9 1ST AVE, NEW YORK, NY",Red Light,7,40.685886005259,-73.865241023649,2026-06-29,2026-06-29,2026-07-20,160,high_sustained,2026
3714,"ROCKAWAY BLVD AND B AISLEY BLVD, NEW YORK, NY",Red Light,7,40.672380579949,-73.78576381774,2025-09-01,2025-09-01,2026-07-20,808,high_sustained,2025
3715,"ROCKAWAY BLVD AND B AISLEY BLVD, NEW YORK, NY",Speed,36,40.672380579949,-73.78576381774,2026-07-27,2026-07-27,2026-08-24,646,high_sustained,2026
3716,"ROCKAWAY BLVD AND BROOKVILLE BLVD, NEW YORK, NY",Red Light,7,40.640718988441,-73.74336102686,2016-05-30,2016-05-23,2026-07-20,37200,high_sustained,2016
3717,"ROCKAWAY BLVD AND F ARMERS BLVD, NEW YORK, NY",Red Light,7,40.659654001081,-73.773951033956,2025-09-01,2025-09-01,2026-07-20,1779,high_sustained,2025
3718,"ROCKAWAY BLVD AND GUY R BREWER BLVD, NEW YORK, NY",Red Light,7,40.656143995307,-73.767468972955,2016-05-23,2016-05-23,2026-07-20,17756,high_sustained,2016
3719,"ROCKAWAY BLVD AND L INCOLN ST, NEW YORK, NY",Speed,36,40.674905879737,-73.807443694122,2016-06-13,2016-06-13,2026-08-24,41122,high_sustained,2016
3720,"ROCKAWAY BLVD AND N CONDUIT AVE, NEW YORK, NY",Red Light,7,40.667523015601,-73.780694023604,2016-06-06,2016-06-06,2026-07-20,21032,high_sustained,2016
3721,"ROCKAWAY BV 105 S TREET - 100 STREET, NEW YORK, NY",Speed,36,40.651658646773,-73.759494205913,2016-06-20,2016-06-20,2016-06-20,65,low_fallback,2016
3722,"ROCKAWAY BV. 101 AV- WOODHVN BV, NEW YORK, NY",Speed,36,40.685439433938,-73.863391743626,2016-09-05,2016-06-20,2020-10-05,1035,high_sustained,2016
3723,"ROCKAWAY BV. 118 ST- 121 ST, NEW YORK, NY",Speed,36,40.788073013904,-73.847155307348,2021-07-05,2021-07-05,2021-10-25,11,low_fallback,2021
3724,"ROCKAWAY BV. 118 ST- 124 ST, NEW YORK, NY",Speed,36,40.651658646773,-73.759494205913,2016-09-12,2016-06-20,2021-03-29,815,high_sustained,2016
3725,"ROCKAWAY BV. 124 ST- 118 ST, NEW YORK, NY",Speed,36,40.651658646773,-73.759494205913,2020-03-02,2016-10-31,2021-10-18,919,high_sustained,2020
3726,"ROCKAWAY BV. WOOD HVN BV- 101 AV, NEW YORK, NY",Speed,36,40.685439433938,-73.863391743626,2016-10-03,2016-09-12,2020-08-03,491,high_sustained,2016
3727,"ROCKAWAY FREEWAY AND CROSS BAY PKWY, NEW YORK, NY",Red Light,7,40.586495618609,-73.817804396999,2026-02-02,2026-01-19,2026-07-20,489,high_sustained,2026
3728,"ROCKAWAY FWY AND B 104TH ST, NEW YORK, NY",Speed,36,40.67929200394,-73.835710992029,2020-08-31,2020-08-31,2023-06-12,4493,high_sustained,2020
3729,"ROCKAWAY FWY AND B 108TH ST, NEW YORK, NY",Speed,36,40.678171092029,-73.831109494824,2021-12-27,2021-12-27,2026-08-24,12816,high_sustained,2021
3730,"ROCKAWAY FWY AND B 25TH ST, NEW YORK, NY",Speed,36,40.591668236835,-73.793202050249,2025-01-27,2025-01-27,2026-08-24,17091,high_sustained,2025
3731,"ROCKAWAY FWY AND B 47TH ST, NEW YORK, NY",Speed,36,40.591668236835,-73.793202050249,2021-12-27,2021-12-27,2026-08-24,18443,high_sustained,2021
3732,"ROCKAWAY FWY AND B 54TH ST, NEW YORK, NY",Red Light,7,40.591668236835,-73.793202050249,2026-06-29,2026-06-29,2026-07-20,213,high_sustained,2026
3733,"ROCKAWAY FWY AND B 54TH ST, NEW YORK, NY",Speed,36,40.591668236835,-73.793202050249,2026-07-27,2026-07-27,2026-08-24,817,high_sustained,2026
3734,"ROCKAWAY FWY AND BA Y 32ND ST, NEW YORK, NY",Speed,36,40.591668236835,-73.793202050249,2019-09-30,2019-09-30,2026-08-24,21112,high_sustained,2019
3735,"ROCKAWAY FWY AND BE ACH 41ST ST, NEW YORK, NY",Red Light,7,40.591668236835,-73.793202050249,2026-02-02,2026-01-19,2026-07-20,1310,high_sustained,2026
3736,"ROCKAWAY FWY AND CO RNAGA AVE, NEW YORK, NY",Speed,36,40.602283980978,-73.758692030683,2022-01-03,2021-12-27,2026-08-17,2403,high_sustained,2022
3737,"ROCKAWAY PKWY AND A VE B, NEW YORK, NY",Speed,36,40.665920982447,-73.925467009621,2021-05-24,2021-05-24,2026-08-17,12986,high_sustained,2021
3738,"ROCKAWAY PKWY AND A VE J, NEW YORK, NY",Speed,36,40.665920982447,-73.925467009621,2019-01-28,2019-01-28,2026-08-24,16891,high_sustained,2019
3739,"ROCKAWAY PKWY AND L INDEN BLVD, NEW YORK, NY",Speed,36,40.653971992738,-73.912275989499,2021-05-24,2021-05-24,2026-08-24,22433,high_sustained,2021
3740,"ROCKAWAY PKWY AND S CHENCK ST, NEW YORK, NY",Speed,36,40.631410004865,-73.887151989102,2023-06-26,2023-06-26,2026-08-24,75512,high_sustained,2023
3741,"ROCKAWAY PKWY AND S EAVIEW AVE, NEW YORK, NY",Speed,36,40.63381100103,-73.889824978025,2020-08-31,2020-08-31,2026-08-24,6956,high_sustained,2020
3742,"ROCKAWAY PKWY AND S KIDMORE AVE, NEW YORK, NY",Speed,36,40.632384987842,-73.888245995104,2023-11-27,2023-11-27,2026-08-24,20601,high_sustained,2023
3743,"ROCKAWAY PKWY AND SEAVIEW AVE, NEW YORK, NY",Red Light,7,40.63381100103,-73.889824978025,2016-06-06,2016-05-23,2026-07-20,15718,high_sustained,2016
3744,"ROCKAWAY PKWY AND W ILLMOHR ST, NEW YORK, NY",Speed,36,40.657835505278,-73.916512873916,2020-08-31,2020-08-31,2026-08-24,43785,high_sustained,2020
3745,"ROCKAWAY PKY. KIN GS HWY - RUTLND RD, NEW YORK, NY",Speed,36,40.63915843447,-73.895656903731,2016-09-26,2016-09-26,2016-11-28,145,low_fallback,2016
3746,"ROCKAWY PKY. RUTL ND RD - KINGS HWY, NEW YORK, NY",Speed,36,40.63915843447,-73.895656903731,2016-10-24,2016-10-24,2017-01-16,28,low_fallback,2016
3747,"ROCKAWY PWY. AVE N - FLTLNDS AV, NEW YORK, NY",Speed,36,40.63915843447,-73.895656903731,2016-09-19,2016-07-11,2019-11-25,1919,high_sustained,2016
3748,"ROCKAWY PWY. FLTL NDS AV - AVE N, NEW YORK, NY",Speed,36,40.63915843447,-73.895656903731,2016-07-11,2016-06-13,2018-11-26,2388,high_sustained,2016
3749,"ROCKLAND AVE AND BO RMAN AVE, NEW YORK, NY",Speed,36,40.592135004975,-74.154515002926,2019-11-25,2019-11-25,2026-08-24,38004,high_sustained,2019
3750,"ROCKLAND AVE AND FE RNDALE ST, NEW YORK, NY",Speed,36,40.594094819666,-74.157987541593,2024-09-30,2024-09-30,2026-08-24,2590,high_sustained,2024
3751,"ROCKLAND AVE AND SW EETGUM LN, NEW YORK, NY",Speed,36,40.591345890701,-74.153099131842,2020-05-25,2020-05-25,2026-08-24,32283,high_sustained,2020
3752,"RODNEY ST AND AINSL IE ST, NEW YORK, NY",Speed,36,40.713124005456,-73.953476983101,2021-12-27,2021-12-27,2026-08-24,38282,high_sustained,2021
3753,"ROGERS AV. LENOX RD- FENIMRE ST, NEW YORK, NY",Speed,36,40.673620320727,-73.952926746286,2018-06-11,2018-06-11,2019-01-07,13,low_fallback,2018
3754,"ROGERS AV. LENOX RD- RUTLAND RD, NEW YORK, NY",Speed,36,40.659184303701,-73.954056303891,2019-02-11,2019-02-11,2019-07-15,16,low_fallback,2019
3755,"ROGERS AVE AND FOST ER AVE, NEW YORK, NY",Speed,36,40.638442798815,-73.951172965556,2021-08-30,2021-08-30,2026-08-24,14639,high_sustained,2021
3756,"ROGERS AVE AND LENO X RD, NEW YORK, NY",Speed,36,40.653971992738,-73.952812968731,2019-09-30,2019-09-30,2026-08-24,15379,high_sustained,2019
3757,"ROGERS AVE AND PROS PECT PL, NEW YORK, NY",Speed,36,40.674463985802,-73.95284599343,2019-07-08,2019-07-08,2026-08-24,29996,high_sustained,2019
3758,"ROGERS AVE AND TILD EN AVE, NEW YORK, NY",Speed,36,40.646766992587,-73.952045018762,2021-11-29,2021-11-29,2026-08-24,10279,high_sustained,2021
3759,"ROGERS AVE. FENI MORE ST - LEFFERTS A, NEW YORK, NY",Speed,36,40.65847483923,-73.953982045045,2019-04-01,2019-04-01,2019-08-12,35,low_fallback,2019
3760,"ROOSEVELT AVE AND C OLLEGE POINT BLVD, NEW YORK, NY",Red Light,7,40.758266002293,-73.834367037674,2026-06-01,2026-06-01,2026-07-20,116,high_sustained,2026
3761,"ROOSEVELT AVE AND C OLLEGE POINT BLVD, NEW YORK, NY",Speed,36,40.758266002293,-73.834367037674,2026-08-10,2026-08-10,2026-08-24,15,low_fallback,2026
3762,"ROOSEVLT AV. 102 ST- WARRN ST, NEW YORK, NY",Speed,36,40.60407125068,-74.132901653208,2021-12-06,2021-12-06,2021-12-06,1,low_fallback,2021
3763,"ROOSEVLT AV. WARR N ST- 102 ST, NEW YORK, NY",Speed,36,40.770323490546,-73.867584265608,2016-06-13,2016-06-13,2023-02-06,22,low_fallback,2016
3764,"ROSE AV. HYLAN BL VD - 10 ST, NEW YORK, NY",Speed,36,40.611346253533,-74.071656580667,2022-01-31,2022-01-31,2023-12-25,14,low_fallback,2022
3765,"ROSEDALE AVE AND BR UCKNER BLVD, NEW YORK, NY",Speed,36,40.824797987391,-73.867803958183,2020-08-31,2020-08-31,2026-08-24,10356,high_sustained,2020
3766,"ROSEDALE AVE AND E 172ND ST, NEW YORK, NY",Speed,36,40.832538004421,-73.869422000772,2020-04-27,2020-04-27,2026-08-24,5214,high_sustained,2020
3767,"ROSEDALE AVE AND SE WARD AVE, NEW YORK, NY",Speed,36,40.818750989073,-73.866198991363,2021-07-12,2021-06-28,2025-01-27,762,high_sustained,2021
3768,"ROSSVILLE AVE. MA SON BLVD. - WOODROW, NEW YORK, NY",Speed,36,40.548648443967,-74.210728359414,2024-05-06,2023-03-27,2025-01-13,3778,high_sustained,2024
3769,"ROSSVILLE AVE. WO ODROW RD - MASON BLV, NEW YORK, NY",Speed,36,40.548648443967,-74.210728359414,2023-03-20,2023-03-20,2025-01-27,195,low_fallback,2023
3770,"RUGBY AVE AND ALPIN E AVE, NEW YORK, NY",Speed,36,40.616468005169,-74.098279976332,2023-11-06,2023-11-06,2026-08-24,477,high_sustained,2023
3771,"RUST ST AND 58TH AV E, NEW YORK, NY",Speed,36,40.720948009156,-73.912488973659,2021-09-27,2021-09-27,2026-08-24,26288,high_sustained,2021
3772,"RUTLAND AVE AND ROG ERS AVE, NEW YORK, NY",Speed,36,40.659225015277,-73.953386961461,2025-03-31,2025-03-31,2026-08-17,46,low_fallback,2025
3773,"S 5TH ST AND DRIGGS AVE, NEW YORK, NY",Red Light,7,40.710746897715,-73.961806164105,2026-04-27,2026-04-27,2026-07-20,291,high_sustained,2026
3774,"S CONDUIT AVE AND 1 29TH ST, NEW YORK, NY",Speed,36,40.666386010436,-73.811548982659,2024-06-24,2024-06-24,2026-08-24,40002,high_sustained,2024
3775,"S CONDUIT AVE AND 2 43RD ST, NEW YORK, NY",Red Light,7,40.665281988059,-73.735687981237,2026-03-09,2026-01-12,2026-07-20,481,high_sustained,2026
3776,"S CONDUIT AVE AND 2 45TH ST, NEW YORK, NY",Speed,36,40.665323981394,-73.734320976648,2020-10-26,2020-10-26,2026-08-24,52674,high_sustained,2020
3777,"S CONDUIT AVE AND 7 9TH ST, NEW YORK, NY",Speed,36,40.673615988658,-73.857186014698,2023-09-04,2023-09-04,2026-08-24,56675,high_sustained,2023
3778,"S CONDUIT AVE AND BROOKVILLE BLVD, NEW YORK, NY",Red Light,7,40.665253992502,-73.739553966438,2016-06-06,2016-05-30,2026-07-20,18902,high_sustained,2016
3779,"S CONDUIT AVE AND FARMERS BLVD, NEW YORK, NY",Red Light,7,40.666708001246,-73.767122967992,2016-05-30,2016-05-30,2026-07-20,30667,high_sustained,2016
3780,"S CONDUIT AVE AND H OOK CREEK BLVD, NEW YORK, NY",Red Light,7,40.665357006092,-73.729869012595,2026-04-27,2026-04-27,2026-07-20,1341,high_sustained,2026
3781,"S CONDUIT AVE AND M EMPHIS AVE, NEW YORK, NY",Speed,36,40.665258979735,-73.739244003659,2025-05-26,2025-05-26,2026-08-17,39882,high_sustained,2025
3782,"S CONDUIT AVE AND S PRINGFIELD BLVD, NEW YORK, NY",Speed,36,40.665649995518,-73.758242006301,2021-10-25,2021-10-25,2026-08-24,80281,high_sustained,2021
3783,"S CONDUIT AVE AND S UTTER AVE, NEW YORK, NY",Speed,36,40.674245008581,-73.861797989282,2021-10-25,2021-10-25,2026-08-24,86986,high_sustained,2021
3784,"S RAILROAD AVE AND BURBANK AVE, NEW YORK, NY",Speed,36,40.575383981026,-74.114159994812,2026-06-01,2026-06-01,2026-08-24,1014,high_sustained,2026
3785,"S RAILROAD AVE AND PETER AVE, NEW YORK, NY",Speed,36,40.566819981004,-74.124287010228,2020-11-30,2020-11-30,2026-08-24,12216,high_sustained,2020
3786,"S RAILROAD AVE AND PRINCETON AVE, NEW YORK, NY",Speed,36,40.569832981829,-74.121342028548,2024-11-25,2024-11-25,2026-08-24,8549,high_sustained,2024
3787,"SAMPSON AVE AND CAL HOUN AVE, NEW YORK, NY",Speed,36,40.819870015057,-73.819856035439,2021-11-29,2021-11-29,2025-05-26,280,low_fallback,2021
3788,"SAND LN AND QUINCY AVE, NEW YORK, NY",Speed,36,40.592096280582,-74.067942683617,2020-09-28,2020-09-28,2026-08-24,7865,high_sustained,2020
3789,"SANDS ST AND GOLD S T, NEW YORK, NY",Speed,36,40.699731191015,-73.983003913417,2021-12-06,2021-12-06,2026-08-24,9383,high_sustained,2021
3790,"SANFORD AV 149 ST - 159 ST, NEW YORK, NY",Speed,36,40.760269651848,-73.804010173586,2016-07-25,2016-07-25,2016-07-25,1,low_fallback,2016
3791,"SANFORD AV 159 ST - 149 ST, NEW YORK, NY",Speed,36,40.760269651848,-73.804010173586,2016-06-20,2016-06-20,2016-06-20,4,low_fallback,2016
3792,"SANFORD AVE AND 147 TH ST, NEW YORK, NY",Speed,36,40.75977600215,-73.817301985723,2020-02-03,2020-01-27,2020-12-28,618,high_sustained,2020
3793,"SANFORD AVE AND 149 TH ST, NEW YORK, NY",Speed,36,40.760369985718,-73.815084972333,2023-06-05,2023-03-27,2026-08-10,493,high_sustained,2023
3794,"SANFORD AVE AND 150 TH ST, NEW YORK, NY",Speed,36,40.760902990941,-73.813126959751,2021-12-27,2021-12-27,2023-06-19,158,low_fallback,2021
3795,"SANFORD AVE AND PAR SONS BLVD, NEW YORK, NY",Speed,36,40.758851017225,-73.82071300122,2021-07-19,2021-07-12,2022-08-08,236,high_sustained,2021
3796,"SARATOGA AVE AND MA CDOUGAL ST, NEW YORK, NY",Speed,36,40.679640984479,-73.916543970777,2021-04-26,2021-04-26,2026-08-24,17241,high_sustained,2021
3797,"SARATOGA AVE AND PI TKIN AVE, NEW YORK, NY",Speed,36,40.668712994395,-73.91730898708,2020-10-26,2020-10-26,2026-08-24,3770,high_sustained,2020
3798,"SARATOGA AVE AND SU TTER AVE, NEW YORK, NY",Speed,36,40.666188993801,-73.91665796466,2022-06-27,2022-06-27,2026-08-24,3301,high_sustained,2022
3799,"SAULTELL AVE AND VA N CLEEF ST, NEW YORK, NY",Speed,36,40.739955986263,-73.850324002025,2021-12-27,2021-12-27,2026-08-24,10342,high_sustained,2021
3800,"SCHENCK AVE AND FLA TLANDS AVE, NEW YORK, NY",Red Light,7,40.655496996201,-73.879732998963,2026-01-19,2026-01-19,2026-07-20,4400,high_sustained,2026
3801,"SCHENCTDY AV. AVE I - AVE K, NEW YORK, NY",Speed,36,40.638891596745,-73.899292470096,2021-02-22,2021-02-22,2021-06-14,93,high_sustained,2021
3802,"SCHENCTDY AV. AVE K - AVE I, NEW YORK, NY",Speed,36,40.625920133581,-73.976796112049,2021-03-29,2021-03-29,2021-03-29,3,low_fallback,2021
3803,"SCHENCTDY AV. FUL TN AV- ATLANTC AV, NEW YORK, NY",Speed,36,40.7130466,-74.0072301,2016-07-04,2016-07-04,2016-08-08,46,low_fallback,2016
3804,"SCHENCTDY AV. FUL TN ST - ATLANTC AV, NEW YORK, NY",Speed,36,40.7130466,-74.0072301,2016-08-08,2016-08-08,2023-08-14,28,low_fallback,2016
3805,"SCHENECTADY AVE AND AVE D, NEW YORK, NY",Speed,36,40.641953014136,-73.932263978725,2020-10-26,2020-10-26,2026-08-24,7308,high_sustained,2020
3806,"SCHENECTADY AVE AND AVE J, NEW YORK, NY",Speed,36,40.62799098465,-73.930770994132,2021-06-28,2021-06-28,2026-08-24,2478,high_sustained,2021
3807,"SCHENECTADY AVE AND FARRAGUT RD, NEW YORK, NY",Speed,36,40.637281989044,-73.931771039,2024-03-25,2024-03-25,2026-08-24,830,high_sustained,2024
3808,"SCHENECTADY AVE AND LENOX RD, NEW YORK, NY",Speed,36,40.65514998541,-73.933668031326,2022-08-29,2022-08-29,2026-04-27,3599,high_sustained,2022
3809,"SCHENECTADY AVE AND MIDWOOD ST, NEW YORK, NY",Speed,36,40.661152014817,-73.934315030432,2024-05-27,2024-05-27,2026-08-24,4814,high_sustained,2024
3810,"SCHERMERHRN ST. N EVINS ST- FLATBSH AV, NEW YORK, NY",Speed,36,40.684252541328,-73.98390253225,2020-03-09,2020-03-09,2020-03-09,1,low_fallback,2020
3811,"SCHOLES ST AND GRAH AM AVE, NEW YORK, NY",Speed,36,40.708791986438,-73.94344300681,2022-10-03,2022-10-03,2024-05-20,55,low_fallback,2022
3812,"SCHRDRS AVE. VAN SCKLN AV- PNNSYLVNIA, NEW YORK, NY",Speed,36,40.7130466,-74.0072301,2019-06-24,2019-06-24,2022-03-07,13,low_fallback,2019
3813,"SCHURZ AV BUTTRIC K AV - CALHOUN AV, NEW YORK, NY",Speed,36,40.828334303182,-73.826578693628,2017-01-30,2017-01-30,2017-01-30,1,low_fallback,2017
3814,"SCHURZ AV. CALHOU N AV - GRAFF AV, NEW YORK, NY",Speed,36,40.828334303182,-73.826578693628,2016-10-24,2016-10-24,2021-10-25,44,low_fallback,2016
3815,"SCHURZ AV. GRAFF AV - CALHOUN AV, NEW YORK, NY",Speed,36,40.828334303182,-73.826578693628,2016-09-12,2016-09-12,2021-09-27,72,low_fallback,2016
3816,"SCHURZ AVE AND HUNT INGTON AVE, NEW YORK, NY",Speed,36,40.814033989242,-73.820531030102,2023-06-19,2021-11-29,2025-04-21,385,high_sustained,2023
3817,"SEAGIRT BLVD AND B 11TH ST, NEW YORK, NY",Speed,36,40.78791901959,-73.837574903435,2020-12-14,2020-12-14,2026-08-24,113900,high_sustained,2020
3818,"SEAGIRT BLVD AND B 13TH ST, NEW YORK, NY",Speed,36,40.596299349652,-73.744424987687,2025-05-26,2025-05-26,2026-08-24,5912,high_sustained,2025
3819,"SEAGIRT BLVD AND B 20TH ST, NEW YORK, NY",Speed,36,40.596299349652,-73.744424987687,2020-06-29,2020-06-29,2026-08-24,24485,high_sustained,2020
3820,"SEAGIRT BLVD AND B 30TH ST, NEW YORK, NY",Speed,36,40.596086988503,-73.76301801473,2022-07-25,2022-07-25,2026-08-24,27953,high_sustained,2022
3821,"SEAGIRT BLVD AND B 31ST ST, NEW YORK, NY",Speed,36,40.596299349652,-73.744424987687,2020-12-28,2020-12-14,2026-08-24,15602,high_sustained,2020
3822,"SEAGIRT BLVD AND BEACH 9TH ST, NEW YORK, NY",Red Light,7,40.596564002613,-73.744170970164,2016-05-30,2016-05-23,2026-07-20,31519,high_sustained,2016
3823,"SEAGIRT BLVD AND CR EST RD, NEW YORK, NY",Speed,36,40.595300011614,-73.756017030103,2019-07-08,2019-07-08,2026-08-24,95920,high_sustained,2019
3824,"SEAGIRT BLVD AND ROCKAWAY FREEWAY, NEW YORK, NY",Red Light,7,40.596195995154,-73.766891040731,2017-02-06,2017-02-06,2026-07-20,22621,high_sustained,2017
3825,"SEAGIRT BV. BEACH 14 ST- BCH 20 ST, NEW YORK, NY",Speed,36,40.595296394698,-73.753924894935,2019-01-07,2019-01-07,2019-06-24,1110,low_fallback,2019
3826,"SEAGIRT BV. BEACH 20 ST- BCH 14 ST, NEW YORK, NY",Speed,36,40.596299349652,-73.744424987687,2018-10-29,2018-10-29,2019-05-27,2591,low_fallback,2018
3827,"SEAVIEW AVE AND E 1 00TH ST, NEW YORK, NY",Speed,36,40.635369993111,-73.887408978253,2016-06-13,2016-06-13,2026-08-24,34495,high_sustained,2016
3828,"SEAVIEW AVE AND E 1 04TH ST, NEW YORK, NY",Speed,36,40.637244982942,-73.884503978251,2016-09-05,2016-06-13,2026-08-24,22254,high_sustained,2016
3829,"SEAVIEW AVE AND MAS ON AVE, NEW YORK, NY",Speed,36,40.584734999847,-74.088589993347,2020-03-30,2020-03-30,2026-08-24,55704,high_sustained,2020
3830,"SEAVIEW AVE AND N R AILROAD AVE, NEW YORK, NY",Speed,36,40.588756008348,-74.096501001202,2020-05-25,2020-05-25,2026-08-24,4932,high_sustained,2020
3831,"SEAVIEW AVE AND OLY MPIA BLVD, NEW YORK, NY",Speed,36,40.582566014762,-74.084389989304,2026-06-01,2026-06-01,2026-08-24,713,high_sustained,2026
3832,"SEAVIEW AVE AND REM SEN AVE, NEW YORK, NY",Red Light,7,40.630393992472,-73.895124017212,2026-01-19,2026-01-19,2026-07-20,3262,high_sustained,2026
3833,"SEAVIEW AVE. E 91 ST - E 95 ST, NEW YORK, NY",Speed,36,40.625951028735,-73.900800496024,2023-02-13,2023-02-13,2023-11-13,80,low_fallback,2023
3834,"SEAVIEW AVE. E 95 ST - E 91 ST, NEW YORK, NY",Speed,36,40.625961044847,-73.900793250184,2023-07-24,2023-07-24,2023-07-24,42,low_fallback,2023
3835,"SEDGWICK AV DICKN SN AV - STEVNSN PL, NEW YORK, NY",Speed,36,40.881671125392,-73.896490785811,2017-05-22,2017-03-20,2018-11-12,1169,high_sustained,2017
3836,"SEDGWICK AV STEVN SN PL - DICKNSN AV, NEW YORK, NY",Speed,36,40.881671125392,-73.896490785811,2018-04-23,2018-04-23,2018-05-21,12,low_fallback,2018
3837,"SEDGWICK AVE AND SA XON AVE, NEW YORK, NY",Speed,36,40.882600010784,-73.890318001569,2019-01-28,2019-01-28,2026-08-24,136302,high_sustained,2019
3838,"SEDGWICK AVE AND VA N CORTLAND AVE W, NEW YORK, NY",Red Light,7,40.882646320799,-73.89284749231,2026-01-19,2026-01-19,2026-07-20,3735,high_sustained,2026
3839,"SEDGWICK AVE AND W 231ST ST, NEW YORK, NY",Speed,36,40.875663105806,-73.900694713882,2022-02-21,2021-12-27,2025-04-14,461,high_sustained,2022
3840,"SEDGWICK AVE AND W 238TH ST, NEW YORK, NY",Speed,36,40.88182900142,-73.896398988504,2024-12-30,2024-12-30,2026-08-24,633,high_sustained,2024
3841,"SEDGWICK AVE AND W FORDHAM RD, NEW YORK, NY",Speed,36,40.862702085107,-73.909022386143,2019-09-30,2019-09-30,2023-10-23,277,low_fallback,2019
3842,"SEDGWICK AVE AND W KINGSBRIDGE RD, NEW YORK, NY",Speed,36,40.869607096943,-73.903774476565,2021-06-28,2021-06-28,2026-08-24,17014,high_sustained,2021
3843,"SEDGWICK AVE WEST KINGSBRIDGE RD - BA, NEW YORK, NY",Speed,36,40.882418252019,-73.891805164294,2024-05-20,2024-05-20,2025-07-14,71,high_sustained,2024
3844,"SEDGWICK AVE. PER OT ST- W197 ST, NEW YORK, NY",Speed,36,40.881671125392,-73.896490785811,2016-07-11,2016-07-11,2021-03-08,11,low_fallback,2016
3845,"SEDGWICK AVE. STE VENSON PL. - FT INDE, NEW YORK, NY",Speed,36,40.881671125392,-73.896490785811,2023-09-11,2023-09-11,2023-09-11,2,low_fallback,2023
3846,"SEDGWICK AVE. W19 7 ST- PEROT ST, NEW YORK, NY",Speed,36,40.571674318319,-74.118674320224,2016-07-04,2016-07-04,2020-03-16,25,low_fallback,2016
3847,"SEMINOLE AVE. NEILL AVE - RHINELANDER AV, NEW YORK, NY",Speed,36,40.852430467677,-73.852518701825,2024-03-04,2024-03-04,2024-03-04,1,low_fallback,2024
3848,"SENECA AV. HARMAN ST - DEKALB AV, NEW YORK, NY",Speed,36,40.695688656389,-73.923022429523,2016-12-05,2016-12-05,2019-12-09,3,low_fallback,2016
3849,"SENECA AVE AND HIMR OD ST, NEW YORK, NY",Speed,36,40.706315008321,-73.91362203933,2020-04-06,2020-04-06,2024-11-25,229,low_fallback,2020
3850,"SENECA AVE AND WEIR FIELD ST, NEW YORK, NY",Red Light,7,40.700002010306,-73.902946009255,2026-01-19,2026-01-19,2026-07-20,648,high_sustained,2026
3851,"SEWARD AVE AND BOLT ON AVE, NEW YORK, NY",Speed,36,40.819746717261,-73.858777738111,2021-06-28,2021-06-28,2024-07-29,3112,high_sustained,2021
3852,"SEWARD AVE AND TAYL OR AVE, NEW YORK, NY",Speed,36,40.819252017336,-73.862454962853,2024-09-23,2024-09-23,2026-08-17,186,low_fallback,2024
3853,"SEXTON PL AND YOUNG AVE, NEW YORK, NY",Speed,36,40.868697995724,-73.847998023894,2024-08-26,2024-08-26,2026-08-24,4269,high_sustained,2024
3854,"SEXTON PL. E GUNH ILL RD - WILSON AVE, NEW YORK, NY",Speed,36,40.871880479549,-73.848852735421,2024-01-08,2024-01-08,2024-01-08,2,low_fallback,2024
3855,"SEXTON PL. WILSON AVE - E GUNHILL RD, NEW YORK, NY",Speed,36,40.879426562736,-73.875049845966,2023-04-24,2023-04-24,2023-04-24,3,low_fallback,2023
3856,"SHARROTS RD AND CAR LIN ST, NEW YORK, NY",Speed,36,40.537611982104,-74.23275302827,2024-03-25,2024-03-25,2026-08-24,3510,high_sustained,2024
3857,"SHARROTT AVE AND BE DELL ST, NEW YORK, NY",Speed,36,40.521235000585,-74.213540029811,2020-04-27,2020-04-27,2026-08-24,9791,high_sustained,2020
3858,"SHARROTT AVE AND KE NNETH PL, NEW YORK, NY",Speed,36,40.518428990859,-74.21274802378,2023-10-30,2023-10-30,2026-08-24,4658,high_sustained,2023
3859,"SHELL RD AND BOUCK CT, NEW YORK, NY",Speed,36,40.588722983649,-73.974162011395,2019-07-29,2019-07-29,2026-08-24,63898,high_sustained,2019
3860,"SHELL RD AND NEPTUN E AVE, NEW YORK, NY",Red Light,7,40.579762980612,-73.976281962346,2026-06-29,2026-06-29,2026-07-20,397,high_sustained,2026
3861,"SHELL RD AND NEPTUN E AVE, NEW YORK, NY",Speed,36,40.579762980612,-73.976281962346,2022-08-01,2022-07-25,2023-10-23,410,high_sustained,2022
3862,"SHERMAN AVE AND 204 TH ST, NEW YORK, NY",Speed,36,40.865108319961,-73.921889697165,2020-03-09,2020-02-24,2020-06-01,413,high_sustained,2020
3863,"SHERMAN AVE AND SIC KLES ST, NEW YORK, NY",Speed,36,40.862620990194,-73.928607038189,2022-08-01,2022-06-27,2024-04-22,536,high_sustained,2022
3864,"SHERMAN AVE AND W 2 04TH ST, NEW YORK, NY",Speed,36,40.865108319961,-73.921889697165,2020-06-01,2020-06-01,2026-04-27,3171,high_sustained,2020
3865,"SHORE BLVD AND GIRA RD ST, NEW YORK, NY",Speed,36,40.581406001272,-73.946067967427,2019-02-25,2019-02-11,2026-08-24,13371,high_sustained,2019
3866,"SHORE BLVD AND LANG HAM ST, NEW YORK, NY",Speed,36,40.580810006047,-73.941233034218,2024-10-28,2024-10-28,2026-08-24,649,high_sustained,2024
3867,"SHORE BV. IRWIN S T - PEMBRKE ST, NEW YORK, NY",Speed,36,40.580897011464,-73.943334038456,2016-11-28,2016-06-20,2018-11-05,1384,high_sustained,2016
3868,"SHORE BV. PEMBRKE ST - IRWIN ST, NEW YORK, NY",Speed,36,40.579456761024,-73.94383797189,2016-11-14,2016-06-27,2019-05-06,1321,high_sustained,2016
3869,"SHORE FRONT PKWY AND B 105TH ST, NEW YORK, NY",Speed,36,40.589493880553,-73.787336701664,2022-01-03,2021-12-27,2024-08-26,434,high_sustained,2022
3870,"SHORE FRONT PKWY AND B 108TH ST, NEW YORK, NY",Speed,36,40.589493880553,-73.787336701664,2021-12-27,2021-12-27,2026-08-24,4306,high_sustained,2021
3871,"SHORE FRONT PKWY AND B 77TH ST, NEW YORK, NY",Speed,36,40.632287003394,-74.037885011191,2021-06-28,2021-06-28,2021-11-15,3852,high_sustained,2021
3872,"SHORE FRONT PKWY AND B 81ST ST, NEW YORK, NY",Speed,36,40.660671501262,-73.852015511995,2021-06-28,2021-06-28,2022-01-10,3615,high_sustained,2021
3873,"SHORE PKWY AND 25TH AVE, NEW YORK, NY",Speed,36,40.591589007802,-73.994751988908,2024-02-26,2024-02-26,2026-01-19,1050,high_sustained,2024
3874,"SHORE PKWY AND BAY 38TH ST, NEW YORK, NY",Speed,36,40.59253800688,-73.994574963113,2026-03-02,2026-02-02,2026-08-17,245,high_sustained,2026
3875,"SHORE PKWY AND BRIG HAM ST, NEW YORK, NY",Speed,36,40.585744013351,-73.932342014244,2021-12-27,2021-12-27,2022-01-17,1281,high_sustained,2021
3876,"SHORE PKWY AND BROW N ST, NEW YORK, NY",Speed,36,40.585747994755,-73.937155992695,2021-09-27,2021-09-27,2026-02-02,64538,high_sustained,2021
3877,"SHORE PKWY AND E 29 TH ST, NEW YORK, NY",Speed,36,40.585226011735,-73.940030985484,2021-09-27,2021-09-27,2026-08-24,26651,high_sustained,2021
3878,"SHORE PKWY AND HARI NG ST, NEW YORK, NY",Speed,36,40.585582996991,-73.938066015923,2026-02-02,2026-02-02,2026-08-24,4620,high_sustained,2026
3879,"SHORE PKWY AND KNAP P ST, NEW YORK, NY",Speed,36,40.585830011678,-73.931411958268,2021-10-25,2021-10-25,2026-08-24,106760,high_sustained,2021
3880,"SHORE PKWY AND OCEA N AVE, NEW YORK, NY",Speed,36,40.58466199347,-73.948628974123,2022-02-28,2022-02-28,2026-08-24,3182,high_sustained,2022
3881,"SHORE PKWY AND OCEA N PKWY, NEW YORK, NY",Speed,36,40.583374994147,-73.96699900458,2016-06-13,2016-06-13,2026-08-24,153470,high_sustained,2016
3882,"SHORE PKWY N AND 84 TH ST, NEW YORK, NY",Speed,36,40.662653004128,-73.850110012037,2021-12-06,2021-12-06,2026-08-24,5122,high_sustained,2021
3883,"SHORE PWY. KNAPP ST - BATCHELDR ST, NEW YORK, NY",Speed,36,40.622233634498,-73.896961008541,2017-02-27,2017-02-27,2017-02-27,86,low_fallback,2017
3884,"SHORE RD AND 3RD AV E, NEW YORK, NY",Speed,36,40.612573018583,-74.036117016355,2023-12-04,2023-12-04,2026-08-24,2379,high_sustained,2023
3885,"SHORE RD AND 71ST S T, NEW YORK, NY",Speed,36,40.636567012703,-74.036597969959,2020-01-27,2020-01-27,2026-08-24,12509,high_sustained,2020
3886,"SHORE RD AND 80TH S T, NEW YORK, NY",Speed,36,40.630655004937,-74.039559966903,2024-09-30,2024-09-30,2026-08-24,1262,high_sustained,2024
3887,"SHORE RD AND 83RD S T, NEW YORK, NY",Speed,36,40.628024009349,-74.039940002393,2016-07-04,2016-06-13,2026-08-24,72103,high_sustained,2016
3888,"SHORE RD AND 91ST S T, NEW YORK, NY",Speed,36,40.621602004683,-74.040204032343,2023-07-17,2022-08-29,2024-01-29,255,high_sustained,2023
3889,"SHORE RD AND 97TH S T, NEW YORK, NY",Speed,36,40.615190016392,-74.037665992061,2022-02-28,2022-02-28,2023-11-27,14826,high_sustained,2022
3890,"SHORE RD AND CITY I SLAND RD, NEW YORK, NY",Red Light,7,40.862733005405,-73.815325436484,2026-02-02,2026-02-02,2026-07-20,4855,high_sustained,2026
3891,"SHORE RD AND MACKAY PL, NEW YORK, NY",Speed,36,40.637302985712,-74.036061025241,2020-07-13,2020-07-13,2023-07-31,78,low_fallback,2020
3892,"SHORE RD. 72 ST - BAY RIDGE AV, NEW YORK, NY",Speed,36,40.637806444726,-74.033188882299,2019-01-14,2019-01-14,2019-12-09,100,low_fallback,2019
3893,"SHORE RD. BAY RID GE AV - 72 ST, NEW YORK, NY",Speed,36,40.637806444726,-74.033188882299,2017-04-24,2017-04-24,2025-01-20,84,low_fallback,2017
3894,"SHORE ROAD DR AND 4 TH AVE, NEW YORK, NY",Speed,36,40.637215981557,-74.022209008235,2021-12-27,2021-12-20,2026-08-24,13947,high_sustained,2021
3895,"SHORE ROAD DRIVE AND 4TH AVE, NEW YORK, NY",Speed,36,40.637215981557,-74.022209008235,2021-12-13,2021-12-13,2021-12-20,51,low_fallback,2021
3896,"SKILLMAN AVE AND 27 TH ST, NEW YORK, NY",Speed,36,40.744415996943,-73.940289986292,2021-10-25,2021-10-25,2026-08-24,26983,high_sustained,2021
3897,"SKILLMAN AVE AND 32 ND PL, NEW YORK, NY",Speed,36,40.746490015065,-73.932309995374,2024-04-22,2024-04-22,2026-08-24,799,high_sustained,2024
3898,"SKILLMAN AVE AND 38 TH ST, NEW YORK, NY",Speed,36,40.747535992762,-73.926369992051,2019-11-25,2019-11-25,2026-08-24,8271,high_sustained,2019
3899,"SKILLMAN AVE AND 54 TH ST, NEW YORK, NY",Speed,36,40.745670013477,-73.910353013273,2022-01-03,2022-01-03,2026-08-24,3715,high_sustained,2022
3900,"SKILLMAN AVE AND TH OMSON AVE, NEW YORK, NY",Red Light,7,40.745225604971,-73.937723112264,2026-02-16,2026-02-16,2026-07-20,298,high_sustained,2026
3901,"SLATER BLVD AND LAC ONIA AVE, NEW YORK, NY",Speed,36,40.582463001172,-74.093202973759,2020-11-30,2020-11-30,2026-08-24,10746,high_sustained,2020
3902,"SLOSSON AV. KNOX PL - LORTEL AV, NEW YORK, NY",Speed,36,40.611991607869,-74.116856411154,2017-06-05,2016-06-27,2024-04-15,1867,high_sustained,2017
3903,"SLOSSON AV. LORTE L AV - KNOX PL, NEW YORK, NY",Speed,36,40.611991607869,-74.116856411154,2017-05-01,2016-06-20,2024-04-29,3423,high_sustained,2017
3904,"SLOSSON AVE AND ELL SWORTH PL, NEW YORK, NY",Speed,36,40.614239005658,-74.116891992333,2024-05-27,2024-05-27,2026-08-24,3588,high_sustained,2024
3905,"SLOSSON AVE AND REO N AVE, NEW YORK, NY",Red Light,7,40.611991607869,-74.116856411154,2026-03-30,2026-03-30,2026-07-20,2646,high_sustained,2026
3906,"SMITH ST AND LUQUER ST, NEW YORK, NY",Speed,36,40.676691015566,-73.996829024515,2026-07-27,2026-07-27,2026-08-17,58,high_sustained,2026
3907,"SNYDER AVE AND E 55 TH ST, NEW YORK, NY",Speed,36,40.650411988911,-73.925405989366,2022-08-29,2022-08-29,2026-08-24,1166,high_sustained,2022
3908,"SNYDER AVE AND E 58 TH ST, NEW YORK, NY",Speed,36,40.650585997221,-73.922529990749,2021-05-03,2021-04-26,2024-03-25,767,high_sustained,2021
3909,"SNYDER AVE. NSTRN D AV- BDFORD AV, NEW YORK, NY",Speed,36,40.649910443149,-73.933530920402,2018-12-03,2018-12-03,2019-05-13,3,low_fallback,2018
3910,"SO CONDUIT AVE AND 89TH ST, NEW YORK, NY",Red Light,7,40.669570211633,-73.846365564431,2016-05-30,2016-05-30,2026-07-20,53473,high_sustained,2016
3911,"SO GANNON AVE AND BRADLEY AVE, NEW YORK, NY",Red Light,7,40.607758998223,-74.132040019209,2016-05-30,2016-05-30,2026-07-20,10091,high_sustained,2016
3912,"SOUNDVIEW AV. O'B RIEN AVE - UNDERHILL, NEW YORK, NY",Speed,36,40.811608625316,-73.854636127011,2022-04-11,2022-04-11,2026-06-01,179,low_fallback,2022
3913,"SOUNDVIEW AV. UND ERHILL AV - O'BRIEN, NEW YORK, NY",Speed,36,40.817617437384,-73.862183758331,2022-03-21,2022-03-07,2025-04-28,110,high_sustained,2022
3914,"SOUNDVIEW AVE AND B EACH AVE, NEW YORK, NY",Speed,36,40.817617437384,-73.862183758331,2016-06-13,2016-06-13,2026-08-24,25674,high_sustained,2016
3915,"SOUNDVIEW AVE AND L ACOMBE AVE, NEW YORK, NY",Speed,36,40.815275013826,-73.859726988645,2026-06-15,2026-06-15,2026-08-24,246,high_sustained,2026
3916,"SOUNDVIEW AVE AND L AFAYETTE AVE, NEW YORK, NY",Speed,36,40.821059993851,-73.865778974195,2024-11-25,2024-11-25,2026-01-12,131,low_fallback,2024
3917,"SOUNDVIEW AVE AND R OSEDALE AVE, NEW YORK, NY",Speed,36,40.823066998656,-73.867278999587,2026-02-02,2026-02-02,2026-08-17,41,low_fallback,2026
3918,"SOUNDVIEW AVE AND T AYLOR AVE, NEW YORK, NY",Speed,36,40.817505019166,-73.862066964555,2016-06-13,2016-06-13,2026-08-24,27753,high_sustained,2016
3919,"SOUTH AVE AND GLEN ST, NEW YORK, NY",Red Light,7,40.620552003673,-74.169205964622,2026-01-26,2026-01-19,2026-07-20,382,high_sustained,2026
3920,"SOUTH AVE AND GOETH ALS RD N, NEW YORK, NY",Red Light,7,40.621562986924,-74.168478666883,2026-06-29,2026-06-29,2026-07-20,119,high_sustained,2026
3921,"SOUTH AVE AND REGAL WALK, NEW YORK, NY",Speed,36,40.622081994369,-74.16813702051,2020-08-31,2020-08-31,2026-08-24,4819,high_sustained,2020
3922,"SOUTH AVE AND TELEP ORT DR, NEW YORK, NY",Speed,36,40.604248992449,-74.182527993891,2025-05-26,2025-05-26,2026-08-24,3274,high_sustained,2025
3923,"SOUTH AVE AND TR AVIS AVE, NEW YORK, NY",Red Light,7,40.602690000368,-74.184153999288,2018-05-21,2018-05-21,2026-07-20,14039,high_sustained,2018
3924,"SOUTH ST AND MAIDEN LN, NEW YORK, NY",Speed,36,40.705252979279,-74.004767022098,2023-07-10,2023-07-10,2026-08-24,2245,high_sustained,2023
3925,"SOUTH ST AND MONTGO MERY ST, NEW YORK, NY",Speed,36,40.710709011513,-73.984635031775,2021-10-25,2021-10-25,2026-06-29,3205,high_sustained,2021
3926,"SOUTH ST AND PECK S LIP, NEW YORK, NY",Speed,36,40.707312790075,-74.001293058508,2022-01-03,2022-01-03,2026-08-24,2431,high_sustained,2022
3927,"SOUTH ST AND PIKE S LIP, NEW YORK, NY",Speed,36,40.709835994388,-73.991882779632,2022-01-03,2021-12-27,2026-08-24,3437,high_sustained,2022
3928,"SOUTHERN BLVD AND A VE ST JOHN, NEW YORK, NY",Speed,36,40.812949287152,-73.901473141229,2021-01-04,2020-12-28,2026-08-24,2301,high_sustained,2021
3929,"SOUTHERN BLVD AND A VENUE ST JOHN, NEW YORK, NY",Speed,36,40.812949287152,-73.901473141229,2022-08-01,2022-07-25,2025-02-24,842,high_sustained,2022
3930,"SOUTHERN BLVD AND C ROTONA AVE, NEW YORK, NY",Speed,36,40.858602999178,-73.881032026317,2024-08-26,2024-08-26,2026-08-24,65751,high_sustained,2024
3931,"SOUTHERN BLVD AND E 143RD ST, NEW YORK, NY",Speed,36,40.808228892651,-73.907917567486,2026-06-01,2026-06-01,2026-08-24,570,high_sustained,2026
3932,"SOUTHERN BLVD AND E 145TH ST, NEW YORK, NY",Speed,36,40.80993951336,-73.907306526744,2020-02-24,2020-02-24,2025-04-28,2229,high_sustained,2020
3933,"SOUTHERN BLVD AND E 180TH ST, NEW YORK, NY",Red Light,7,40.845991000927,-73.884460979087,2026-01-26,2026-01-26,2026-07-20,1161,high_sustained,2026
3934,"SOUTHERN BLVD AND E 181ST ST, NEW YORK, NY",Speed,36,40.846776008069,-73.883794031052,2022-03-28,2022-03-28,2026-08-24,4248,high_sustained,2022
3935,"SOUTHERN BLVD AND E 182ND ST, NEW YORK, NY",Speed,36,40.848229010984,-73.88312498754,2020-02-24,2020-02-24,2026-08-24,16427,high_sustained,2020
3936,"SOUTHERN BLVD AND E 187TH ST, NEW YORK, NY",Speed,36,40.85336200467,-73.881673996282,2016-06-13,2016-06-13,2026-08-24,89063,high_sustained,2016
3937,"SOUTHERN BLVD AND E FORDHAM RD, NEW YORK, NY",Red Light,7,40.856864005726,-73.88080496056,2026-04-27,2026-04-27,2026-07-20,478,high_sustained,2026
3938,"SOUTHERN BLVD AND E FORDHAM RD, NEW YORK, NY",Speed,36,40.856864005726,-73.88080496056,2026-08-10,2026-08-10,2026-08-24,361,high_sustained,2026
3939,"SOUTHERN BV. AVE ST JOHN- E156 ST, NEW YORK, NY",Speed,36,40.863818550107,-73.883562845894,2016-06-20,2016-06-20,2020-12-28,159,low_fallback,2016
3940,"SOUTHERN BV. E142 ST - E149 ST, NEW YORK, NY",Speed,36,40.863818550107,-73.883562845894,2016-09-12,2016-06-13,2020-01-13,500,high_sustained,2016
3941,"SOUTHERN BV. E149 ST - E142 ST, NEW YORK, NY",Speed,36,40.863818550107,-73.883562845894,2016-10-03,2016-10-03,2019-07-15,275,low_fallback,2016
3942,"SOUTHERN BV. E156 ST- AVE ST JOHN, NEW YORK, NY",Speed,36,40.863818550107,-73.883562845894,2016-08-01,2016-08-01,2019-11-04,34,low_fallback,2016
3943,"SOUTHRN BV. BARET TO ST - E156 ST, NEW YORK, NY",Speed,36,40.814251986503,-73.896489529636,2016-07-11,2016-07-11,2022-03-21,53,low_fallback,2016
3944,"SOUTHRN BV. BARET TO ST- LONGWOOD AVE, NEW YORK, NY",Speed,36,40.816327089358,-73.896234787021,2022-05-16,2022-05-16,2024-04-29,25,low_fallback,2022
3945,"SOUTHRN BV. E156 ST - BARETTO ST, NEW YORK, NY",Speed,36,40.814251986503,-73.896489529636,2016-09-12,2016-09-12,2022-01-10,40,low_fallback,2016
3946,"SOUTHRN BV. LONGW OOD AVE - BARETTO ST, NEW YORK, NY",Speed,36,40.816327089358,-73.896234787021,2022-06-13,2022-06-13,2024-02-26,14,low_fallback,2022
3947,"SPOFFORD AVE AND LO NGFELLOW AVE, NEW YORK, NY",Speed,36,40.814787019424,-73.884641022368,2020-11-30,2020-11-30,2026-08-24,3097,high_sustained,2020
3948,"SPRINGFELD BV. 19 3 ST- MERRICK BV, NEW YORK, NY",Speed,36,40.678651961814,-73.995045439338,2017-09-18,2016-06-20,2018-07-16,2723,high_sustained,2017
3949,"SPRINGFELD BV. ME RRICK BV- 193 ST, NEW YORK, NY",Speed,36,40.708468725931,-73.795701097707,2016-07-25,2016-06-20,2018-09-10,13016,high_sustained,2016
3950,"SPRINGFIELD BLVD AND 109TH AVE, NEW YORK, NY",Speed,36,40.708814198481,-73.73820590495,2016-09-05,2016-09-05,2026-08-24,41681,high_sustained,2016
3951,"SPRINGFIELD BLVD AND 115TH RD, NEW YORK, NY",Speed,36,40.699562882399,-73.742386630616,2020-12-28,2020-12-28,2026-08-24,50320,high_sustained,2020
3952,"SPRINGFIELD BLVD AND 118TH AVE, NEW YORK, NY",Red Light,7,40.694569992225,-73.74421899847,2026-02-02,2026-02-02,2026-07-20,1355,high_sustained,2026
3953,"SPRINGFIELD BLVD AND 132ND RD, NEW YORK, NY",Red Light,7,40.682438989488,-73.75189497776,2026-01-26,2026-01-26,2026-07-20,4659,high_sustained,2026
3954,"SPRINGFIELD BLVD AND 133RD RD, NEW YORK, NY",Speed,36,40.680816001576,-73.752541976866,2018-11-12,2018-10-22,2026-08-24,120268,high_sustained,2018
3955,"SPRINGFIELD BLVD AND 136TH AVE, NEW YORK, NY",Speed,36,40.677958987969,-73.754954037142,2024-07-29,2024-07-29,2026-08-24,11730,high_sustained,2024
3956,"SPRINGFIELD BLVD AND 139TH AVE, NEW YORK, NY",Speed,36,40.673362016991,-73.756239988728,2024-09-30,2024-09-30,2026-08-24,5783,high_sustained,2024
3957,"SPRINGFIELD BLVD AND 140TH AVE, NEW YORK, NY",Red Light,7,40.672447006531,-73.756431012301,2026-01-26,2026-01-26,2026-07-20,1949,high_sustained,2026
3958,"SPRINGFIELD BLVD AND 141ST RD, NEW YORK, NY",Speed,36,40.670667989492,-73.756496977879,2025-05-26,2025-05-26,2026-08-24,22630,high_sustained,2025
3959,"SPRINGFIELD BLVD AND 143RD AVE, NEW YORK, NY",Speed,36,40.66854900246,-73.756781962587,2016-09-05,2016-09-05,2026-08-24,75072,high_sustained,2016
3960,"SPRINGFIELD BLVD AND 144TH AVE, NEW YORK, NY",Speed,36,40.667042984006,-73.757399038299,2016-07-04,2016-06-13,2019-06-24,678,high_sustained,2016
3961,"SPRINGFIELD BLVD AND 145TH RD, NEW YORK, NY",Speed,36,40.663622999873,-73.759470960945,2022-12-05,2022-12-05,2026-08-24,11884,high_sustained,2022
3962,"SPRINGFIELD BLVD AND 146TH AVE, NEW YORK, NY",Speed,36,40.661959820735,-73.760555998311,2022-08-22,2022-08-22,2026-08-24,21162,high_sustained,2022
3963,"SPRINGFIELD BLVD AND 193RD ST, NEW YORK, NY",Speed,36,40.68422898682,-73.751090985607,2026-06-01,2026-06-01,2026-08-24,1515,high_sustained,2026
3964,"SPRINGFIELD BLVD AND 50TH AVE, NEW YORK, NY",Speed,36,40.755161010081,-73.761446994618,2024-02-19,2024-02-19,2026-08-24,4034,high_sustained,2024
3965,"SPRINGFIELD BLVD AND 59TH AVE, NEW YORK, NY",Speed,36,40.750237983069,-73.757377999722,2021-10-04,2021-09-27,2026-08-24,1498,high_sustained,2021
3966,"SPRINGFIELD BLVD AND 67TH AVE, NEW YORK, NY",Speed,36,40.745628984061,-73.754943978859,2020-02-24,2020-02-24,2026-08-24,17496,high_sustained,2020
3967,"SPRINGFIELD BLVD AND 91ST AVE, NEW YORK, NY",Speed,36,40.7257210001,-73.740330968863,2022-01-03,2022-01-03,2026-08-24,6248,high_sustained,2022
3968,"SPRINGFIELD BLVD AND 94TH DR, NEW YORK, NY",Speed,36,40.719864019528,-73.735720000107,2024-02-26,2024-02-26,2026-08-24,8683,high_sustained,2024
3969,"SPRINGFIELD BLVD AND DAVENPORT AVE, NEW YORK, NY",Speed,36,40.723648993635,-73.738120996271,2024-07-29,2024-07-29,2026-08-24,9183,high_sustained,2024
3970,"SPRINGFIELD BLVD AND HEMPSTEAD AVE, NEW YORK, NY",Red Light,7,40.713266916905,-73.735884285409,2026-02-16,2026-01-26,2026-07-20,365,high_sustained,2026
3971,"SPRINGFIELD BLVD AND HOLLIS AVE, NEW YORK, NY",Speed,36,40.712020695541,-73.736465738032,2016-06-13,2016-06-13,2026-08-24,33644,high_sustained,2016
3972,"SPRINGFIELD BLVD AND HORACE HARDING EXP, NEW YORK, NY",Red Light,7,40.749584990903,-73.756994024737,2026-02-02,2026-02-02,2026-07-20,508,high_sustained,2026
3973,"SPRINGFIELD BLVD AND LINDEN BLVD, NEW YORK, NY",Speed,36,40.696245995674,-73.74365196272,2020-09-28,2020-09-28,2026-08-24,8925,high_sustained,2020
3974,"SPRINGFIELD BLVD AND LUCAS ST, NEW YORK, NY",Red Light,7,40.682438989488,-73.75189497776,2026-06-29,2026-06-29,2026-07-20,375,high_sustained,2026
3975,"SPRINGFIELD BLVD AND LUCAS ST, NEW YORK, NY",Speed,36,40.682438989488,-73.75189497776,2025-05-26,2025-05-26,2026-08-24,4691,high_sustained,2025
3976,"SPRINGFIELD BLVD AND SOUTH CONDUIT AVE, NEW YORK, NY",Red Light,7,40.665649995518,-73.758242006301,2025-09-01,2025-09-01,2026-07-20,2163,high_sustained,2025
3977,"SPRINGFIELD BV. 5 1 AVE-56AVE, NEW YORK, NY",Speed,36,40.723101143048,-73.988604432108,2018-12-31,2018-12-31,2021-08-23,38,low_fallback,2018
3978,"SPRINGFIELD BV. 5 6 AVE-51 AVE, NEW YORK, NY",Speed,36,40.734253778486,-73.999162879098,2018-12-03,2018-12-03,2021-09-20,77,low_fallback,2018
3979,"SPRNGFLD BV. 91 R D - 94 AV, NEW YORK, NY",Speed,36,40.758910498531,-73.762229160743,2016-10-31,2016-06-20,2018-06-11,4079,high_sustained,2016
3980,"SPRNGFLD BV. 94 A V- 91 AV, NEW YORK, NY",Speed,36,40.758910498531,-73.762229160743,2016-10-10,2016-09-19,2018-06-18,5284,high_sustained,2016
3981,"ST ANNS AV. E139 ST- BRCKNR BV, NEW YORK, NY",Speed,36,40.822854852687,-73.909367804373,2021-12-06,2021-12-06,2023-06-26,5,low_fallback,2021
3982,"ST JOHNS PL AND KIN GSTON AVE, NEW YORK, NY",Speed,36,40.671141902297,-73.942027387182,2020-03-02,2020-02-24,2024-01-29,1693,high_sustained,2020
3983,"ST JOHNS PL AND RAL PH AVE, NEW YORK, NY",Speed,36,40.670088003702,-73.922465030999,2025-10-20,2024-12-30,2026-08-24,314,high_sustained,2025
3984,"ST JOHNS PL AND ROC HESTER AVE, NEW YORK, NY",Speed,36,40.670390003673,-73.928179812584,2021-09-27,2021-09-27,2026-08-24,2369,high_sustained,2021
3985,"ST JOHNS PL AND TRO Y AVE, NEW YORK, NY",Speed,36,40.670832903437,-73.936498432391,2020-10-26,2020-10-26,2024-09-30,2731,high_sustained,2020
3986,"ST JOHNS PL AND WAS HINGTON AVE, NEW YORK, NY",Speed,36,40.673593986162,-73.962951970269,2020-09-28,2020-09-28,2021-03-08,431,high_sustained,2020
3987,"ST MARKS AVE AND RO GERS AVE, NEW YORK, NY",Speed,36,40.675351000705,-73.952769969568,2025-02-24,2025-02-24,2026-08-24,478,high_sustained,2025
3988,"ST MARKS PL AND HYA TT ST, NEW YORK, NY",Speed,36,40.641613002234,-74.077889991029,2023-07-17,2023-07-17,2026-08-24,1614,high_sustained,2023
3989,"ST MARKS PL AND NIC HOLAS ST, NEW YORK, NY",Speed,36,40.64603001375,-74.08142103538,2020-06-01,2020-05-25,2025-04-28,800,high_sustained,2020
3990,"ST MARKS PL AND WAL L ST, NEW YORK, NY",Speed,36,40.643427013719,-74.079211984798,2020-09-28,2020-09-28,2023-06-26,1230,high_sustained,2020
3991,"ST NICHOLAS AV. W 162 ST - W 166 ST, NEW YORK, NY",Speed,36,40.807306560617,-73.952816649155,2019-09-16,2019-09-16,2019-09-16,1,low_fallback,2019
3992,"ST NICHOLAS AV. W 166 ST - W162 ST, NEW YORK, NY",Speed,36,40.807320033116,-73.952817401538,2018-02-12,2018-02-12,2020-09-07,5,low_fallback,2018
3993,"ST NICHOLAS AVE AND W 119TH ST, NEW YORK, NY",Speed,36,40.805864986407,-73.952812968731,2021-01-04,2020-11-30,2024-06-24,1152,high_sustained,2021
3994,"ST NICHOLAS AVE AND W 136TH ST, NEW YORK, NY",Speed,36,40.817872188435,-73.947713418839,2020-02-03,2020-01-27,2026-06-29,4816,high_sustained,2020
3995,"ST NICHOLAS AVE AND W 149TH ST, NEW YORK, NY",Speed,36,40.826636893128,-73.942996167551,2021-01-04,2020-12-28,2024-07-29,1971,high_sustained,2021
3996,"ST NICHOLAS AVE AND W 157TH ST, NEW YORK, NY",Speed,36,40.832391991668,-73.940888035084,2020-08-31,2020-08-31,2024-05-20,1016,high_sustained,2020
3997,"ST NICHOLAS AVE AND W 174TH ST, NEW YORK, NY",Speed,36,40.84480391389,-73.937074772053,2021-11-01,2021-10-25,2024-08-26,1072,high_sustained,2021
3998,"ST PAULS AVE AND CE BRA AVE, NEW YORK, NY",Speed,36,40.630298983599,-74.081398990974,2020-03-30,2020-03-30,2026-08-24,1651,high_sustained,2020
3999,"ST PAULS AVE AND SW AN ST, NEW YORK, NY",Speed,36,40.634881705341,-74.078455937132,2019-01-28,2019-01-28,2026-06-29,11544,high_sustained,2019
4000,"ST. ANN'S AV. E14 6 ST- WESTSCHSTR AV, NEW YORK, NY",Speed,36,40.675161281165,-73.99441378755,2016-06-27,2016-06-27,2023-02-20,51,low_fallback,2016
4001,"ST. ANN'S AV. WES TCHSTR AV- E146 ST, NEW YORK, NY",Speed,36,40.817677167697,-73.929688585634,2016-09-19,2016-09-19,2026-04-06,59,low_fallback,2016
4002,"ST. PAULS AV. HAN NAH ST- CLINTN ST, NEW YORK, NY",Speed,36,40.853851221396,-73.829717341138,2018-01-29,2016-09-05,2019-01-07,1125,high_sustained,2018
4003,"STANHOPE ST AND WOO DWARD AVE, NEW YORK, NY",Speed,36,40.708778994488,-73.912302979227,2022-01-03,2022-01-03,2024-07-29,836,high_sustained,2022
4004,"STANLEY AVE AND EUC LID AVE, NEW YORK, NY",Speed,36,40.665182997782,-73.869428035742,2021-10-25,2021-10-25,2026-08-17,1613,high_sustained,2021
4005,"STANLEY AVE AND HIN SDALE ST, NEW YORK, NY",Speed,36,40.654137619144,-73.895999171723,2020-11-02,2020-10-26,2026-08-24,2742,high_sustained,2020
4006,"STANLEY AVE AND LIN COLN AVE, NEW YORK, NY",Speed,36,40.665864991334,-73.864765015368,2026-06-15,2026-06-15,2026-08-24,210,high_sustained,2026
4007,"STANLEY AVE AND VER MONT ST, NEW YORK, NY",Speed,36,40.657673986004,-73.887785996258,2016-09-12,2016-09-12,2026-08-17,1389,high_sustained,2016
4008,"STATE ST. HOYT ST - 3RD AVE, NEW YORK, NY",Speed,36,40.703039405294,-74.014403101581,2019-07-15,2019-07-15,2019-07-15,1,low_fallback,2019
4009,"STATEN ISLAND EXP RESSWAY EXIT 12 AND SL, NEW YORK, NY",Red Light,7,40.6109594,-74.112101,2026-01-26,2026-01-26,2026-07-20,5195,high_sustained,2026
4010,"STEENWICK AVE. BO STON RD - NEW ENGLAN, NEW YORK, NY",Speed,36,40.883446541951,-73.830587435461,2019-08-12,2019-08-12,2019-08-12,4,low_fallback,2019
4011,"STEINWAY ST AND 21S T AVE, NEW YORK, NY",Speed,36,40.774685019057,-73.903820996128,2020-01-27,2020-01-27,2026-08-24,6347,high_sustained,2020
4012,"STEINWAY ST AND 28T H AVE, NEW YORK, NY",Red Light,7,40.765481018818,-73.913698985201,2026-01-26,2026-01-26,2026-07-20,568,high_sustained,2026
4013,"STEINWAY ST AND NORTHERN BLVD, NEW YORK, NY",Red Light,7,40.752323987313,-73.924478028866,2017-01-30,2016-05-30,2026-07-20,2853,high_sustained,2017
4014,"STERLING PL AND CLA SSON AVE, NEW YORK, NY",Speed,36,40.673998999723,-73.960398004372,2025-04-28,2025-04-28,2026-08-24,273,high_sustained,2025
4015,"STERLING PL. FRAN KLIN AVE - CLASSON A, NEW YORK, NY",Speed,36,40.672634929839,-73.952297137487,2023-04-10,2023-04-10,2023-04-10,1,low_fallback,2023
4016,"STERLING PL. FRAN KLYN AVE - CLASSON A, NEW YORK, NY",Speed,36,40.672634929839,-73.952297137487,2023-04-03,2023-04-03,2023-04-03,4,low_fallback,2023
4017,"STEUBEN ST AND HYLA N BLVD, NEW YORK, NY",Speed,36,40.598539994377,-74.078408998474,2020-05-25,2020-05-25,2026-06-29,3519,high_sustained,2020
4018,"STEUBEN ST AND RADC LIFF RD, NEW YORK, NY",Speed,36,40.599564011488,-74.077223965003,2019-08-26,2019-08-26,2026-08-24,37874,high_sustained,2019
4019,"STEUBEN ST. OLGA PLACE - WINDERMERE R, NEW YORK, NY",Speed,36,40.6947664379,-73.96333839176,2024-12-16,2024-12-16,2024-12-23,184,low_fallback,2024
4020,"STEUBEN ST. WINDE RMERE RD - OLGA PLAC, NEW YORK, NY",Speed,36,40.602089981829,-74.078436223899,2023-10-16,2023-09-25,2026-08-03,2894,high_sustained,2023
4021,"STEWART AVE AND JOH NSON AVE, NEW YORK, NY",Red Light,7,40.708803008641,-73.925782001543,2026-03-16,2026-01-12,2026-07-20,242,high_sustained,2026
4022,"STILLWELL AVE AND A VE T, NEW YORK, NY",Speed,36,40.861106820591,-73.825512671876,2019-07-29,2019-07-29,2026-08-24,14111,high_sustained,2019
4023,"STILLWELL AVE AND M ERMAID AVE, NEW YORK, NY",Speed,36,40.57697997921,-73.981575972392,2020-08-31,2020-08-31,2023-10-16,1160,high_sustained,2020
4024,"STILLWELL AVE AND Q UENTIN RD, NEW YORK, NY",Speed,36,40.605096989593,-73.986843998538,2024-02-26,2024-02-26,2026-08-24,3005,high_sustained,2024
4025,"STILLWELL AVE AND W 15TH PL, NEW YORK, NY",Speed,36,40.586220985551,-73.983268027186,2020-12-28,2020-12-28,2026-08-24,13047,high_sustained,2020
4026,"STORY AVE AND BOYNT ON AVE, NEW YORK, NY",Speed,36,40.821810006547,-73.876636975387,2020-07-27,2020-07-27,2026-08-24,4887,high_sustained,2020
4027,"STORY AVE AND COLGA TE AVE, NEW YORK, NY",Speed,36,40.821303991052,-73.88035401417,2025-09-08,2025-01-27,2026-08-24,301,high_sustained,2025
4028,"STORY AVE AND TAYLO R AVE, NEW YORK, NY",Speed,36,40.823574019979,-73.863509993005,2019-08-26,2019-08-26,2026-08-24,6364,high_sustained,2019
4029,"STRATFORD AVE AND W ATSON AVE, NEW YORK, NY",Speed,36,40.826534005267,-73.874891024956,2016-09-19,2016-09-05,2018-11-12,271,high_sustained,2016
4030,"STRAUSS ST AND SUTT ER AVE, NEW YORK, NY",Speed,36,40.666332994898,-73.915706031917,2024-12-02,2024-12-02,2026-08-24,563,high_sustained,2024
4031,"STRICKLAND AVE AND MAYFAIR DR S, NEW YORK, NY",Speed,36,40.610308815078,-73.913498825353,2022-06-27,2022-06-27,2023-12-25,339,high_sustained,2022
4032,"STRICKLAND AVE AND MILL AVE, NEW YORK, NY",Speed,36,40.613741581614,-73.911973235156,2020-11-30,2020-11-30,2026-04-27,9200,high_sustained,2020
4033,"STUART ST AVENUE U - FILMORE AV, NEW YORK, NY",Speed,36,40.604016557606,-73.936244070911,2016-07-18,2016-07-18,2023-07-31,133,low_fallback,2016
4034,"STUYVESANT AVE AND JEFFERSON AVE, NEW YORK, NY",Speed,36,40.685291979781,-73.932525997019,2026-07-27,2026-07-27,2026-08-24,166,high_sustained,2026
4035,"STUYVESANT AVE AND VAN BUREN ST, NEW YORK, NY",Speed,36,40.691159018637,-73.933686974428,2022-07-25,2022-07-25,2022-08-08,26,low_fallback,2022
4036,"SUNRISE HWY AND BROOKVILLE BLVD, NEW YORK, NY",Red Light,7,40.665253992502,-73.739553966438,2016-05-30,2016-05-23,2026-07-20,18723,high_sustained,2016
4037,"SUNRISE HWY AND FRA NCIS LEWIS BLVD, NEW YORK, NY",Red Light,7,40.665425989155,-73.746034015783,2026-04-20,2026-03-30,2026-07-20,189,high_sustained,2026
4038,"SUNRISE HWY AND FRA NCIS LEWIS BLVD, NEW YORK, NY",Speed,36,40.665425989155,-73.746034015783,2021-04-26,2021-04-26,2026-08-24,18374,high_sustained,2021
4039,"SUNRISE HWY AND HOO K CREEK BLVD, NEW YORK, NY",Red Light,7,40.665357006092,-73.729869012595,2026-01-26,2026-01-26,2026-07-20,2958,high_sustained,2026
4040,"SUNRISE HWY. HOOK CRK BV - FRANCIS LS, NEW YORK, NY",Speed,36,40.665293827102,-73.741660622248,2019-07-29,2019-07-29,2020-10-26,466,low_fallback,2019
4041,"SURF AV. W22 ST- W29 ST, NEW YORK, NY",Speed,36,40.574694148524,-73.970251270234,2020-11-09,2020-11-09,2020-11-16,2,low_fallback,2020
4042,"SURF AVE AND W 12TH ST, NEW YORK, NY",Speed,36,40.575499986566,-73.979641010044,2019-10-28,2019-10-28,2026-08-24,10099,high_sustained,2019
4043,"SURF AVE AND W 22ND ST, NEW YORK, NY",Speed,36,40.574347013875,-73.98870243411,2021-06-28,2021-06-28,2026-08-24,13179,high_sustained,2021
4044,"SURF AVE AND W 28TH ST, NEW YORK, NY",Speed,36,40.573073006502,-73.993837020357,2024-02-26,2024-02-26,2026-08-24,4421,high_sustained,2024
4045,"SURF AVE AND W 35TH ST, NEW YORK, NY",Speed,36,40.572987008175,-74.000320590101,2021-06-28,2021-06-28,2026-08-24,8972,high_sustained,2021
4046,"SURF AVE AND W 5 TH ST, NEW YORK, NY",Red Light,7,40.574745992466,-73.97346296067,2016-05-30,2016-05-23,2026-07-20,15037,high_sustained,2016
4047,"SURREY PL AND KILDA RE RD, NEW YORK, NY",Speed,36,40.724582989106,-73.786814992217,2024-07-29,2024-07-29,2026-08-24,6553,high_sustained,2024
4048,"SUTPHIN BLVD AND 11 0TH RD, NEW YORK, NY",Speed,36,40.689296014928,-73.796112031581,2020-03-30,2020-03-30,2026-08-24,1620,high_sustained,2020
4049,"SUTPHIN BLVD AND 11 9TH AVE, NEW YORK, NY",Speed,36,40.679342001993,-73.791730978429,2019-08-26,2019-08-26,2026-08-24,5548,high_sustained,2019
4050,"SUTPHIN BLVD AND 12 5TH AVE, NEW YORK, NY",Speed,36,40.675189984345,-73.789881008579,2024-02-26,2024-02-26,2026-08-24,1324,high_sustained,2024
4051,"SUTPHIN BLVD AND LI BERTY AVE, NEW YORK, NY",Red Light,7,40.6962342191,-73.804568701333,2026-05-04,2026-04-27,2026-07-20,168,high_sustained,2026
4052,"SUTPHIN BLVD AND LI BERTY AVE, NEW YORK, NY",Speed,36,40.6962342191,-73.804568701333,2020-02-17,2020-02-17,2024-12-23,233,low_fallback,2020
4053,"SUTTER AV. HERZL ST- UNION ST, NEW YORK, NY",Speed,36,40.666803810361,-73.912531336722,2018-07-09,2018-07-09,2023-12-25,44,low_fallback,2018
4054,"SUTTER AV. UNION ST- HERZL ST, NEW YORK, NY",Speed,36,40.666803810361,-73.912531336722,2018-03-05,2018-03-05,2022-11-28,25,low_fallback,2018
4055,"SUTTER AVE AND 118T H ST, NEW YORK, NY",Speed,36,40.674347980262,-73.820691040634,2021-08-30,2021-08-30,2024-10-28,1166,high_sustained,2021
4056,"SUTTER AVE AND ASHF ORD ST, NEW YORK, NY",Speed,36,40.670982017494,-73.884381015731,2022-01-17,2021-11-29,2024-01-29,490,high_sustained,2022
4057,"SUTTER AVE AND AUTU MN AVE, NEW YORK, NY",Speed,36,40.673415996448,-73.867603965973,2021-06-28,2021-06-28,2026-08-24,2695,high_sustained,2021
4058,"SUTTER AVE AND FOUN TAIN AVE, NEW YORK, NY",Speed,36,40.672394996822,-73.874617020541,2022-04-11,2022-02-28,2024-08-26,920,high_sustained,2022
4059,"SUTTER AVE AND N CO NDUIT AVE, NEW YORK, NY",Speed,36,40.674556019099,-73.859592040004,2019-07-29,2019-07-29,2026-08-24,9853,high_sustained,2019
4060,"SUTTER AVE AND NEW JERSEY AVE, NEW YORK, NY",Speed,36,40.669518998204,-73.894238972056,2020-04-27,2020-04-27,2024-03-25,1020,high_sustained,2020
4061,"SUTTER AVE AND ROCK AWAY AVE, NEW YORK, NY",Speed,36,40.667158989546,-73.910096024121,2022-12-12,2021-04-12,2026-08-17,861,high_sustained,2022
4062,"SUTTER AVE. CHRIS TOPHER AVE - ROCKAWA, NEW YORK, NY",Speed,36,40.5817691,-73.8302275,2025-06-16,2025-06-16,2025-06-23,6,low_fallback,2025
4063,"SYCAMORE ST AND RET FORD AVE, NEW YORK, NY",Speed,36,40.539082000283,-74.162566994393,2020-02-24,2020-02-24,2026-08-24,7638,high_sustained,2020
4064,"TANGLEWOOD DR AND T EAKWOOD CT, NEW YORK, NY",Speed,36,40.56459299315,-74.148638031515,2021-01-04,2020-12-28,2026-08-24,3151,high_sustained,2021
4065,"TAPSCOTT ST AND BLA KE AVE, NEW YORK, NY",Speed,36,40.66408899178,-73.920050037056,2024-01-29,2024-01-29,2026-08-24,8754,high_sustained,2024
4066,"TARGEE ST AND BROAD ST, NEW YORK, NY",Speed,36,40.623264094174,-74.083816667126,2019-11-04,2019-10-28,2026-08-24,4874,high_sustained,2019
4067,"TARGEE ST AND DEKAL B AVE, NEW YORK, NY",Speed,36,40.608982001715,-74.088114990894,2018-11-26,2018-11-26,2026-08-24,15796,high_sustained,2018
4068,"TARGEE ST AND ELLIN GTON ST, NEW YORK, NY",Speed,36,40.612714002194,-74.084990971761,2024-07-29,2024-07-29,2026-08-24,5742,high_sustained,2024
4069,"TARGEE ST AND FINGE RBOARD RD, NEW YORK, NY",Speed,36,40.599279990699,-74.091649974739,2020-09-28,2020-09-28,2025-09-22,43549,high_sustained,2020
4070,"TARGEE ST AND HAY S T, NEW YORK, NY",Speed,36,40.604153983576,-74.091148988386,2023-11-13,2023-11-13,2026-08-24,18614,high_sustained,2023
4071,"TARGEE ST AND W FIN GERBOARD RD, NEW YORK, NY",Speed,36,40.599279990699,-74.091649974739,2025-09-22,2025-09-22,2026-08-24,3834,high_sustained,2025
4072,"TARGEE ST AND WAVER LY PL, NEW YORK, NY",Speed,36,40.618160018054,-74.08490799092,2024-02-05,2024-02-05,2026-08-24,10818,high_sustained,2024
4073,"TARGEE ST ROME AV - RALPH PL, NEW YORK, NY",Speed,36,40.612600698651,-74.085039625212,2016-06-13,2016-06-13,2020-10-12,1514,high_sustained,2016
4074,"TARGEE ST. DEKALB ST- CLIFFSIDE AV, NEW YORK, NY",Speed,36,40.613690475116,-74.085567152025,2016-09-05,2016-06-13,2018-10-22,2772,high_sustained,2016
4075,"TAYLOR ST AND LEE A VE, NEW YORK, NY",Speed,36,40.70701799854,-73.961378016491,2022-08-01,2022-08-01,2026-08-24,1847,high_sustained,2022
4076,"THERESA AVE. MAYF LOWER AVE - WESTCHES, NEW YORK, NY",Speed,36,40.84436244605,-73.834642599732,2023-10-09,2023-10-09,2024-08-26,2,low_fallback,2023
4077,"THIRD AVE AND CYRUS PL, NEW YORK, NY",Speed,36,40.858415998918,-73.891115036742,2020-11-30,2020-11-30,2025-04-21,836,high_sustained,2020
4078,"THIRD AVE AND E 137 TH ST, NEW YORK, NY",Speed,36,40.810494982084,-73.928045031581,2021-06-28,2021-06-28,2026-08-24,55570,high_sustained,2021
4079,"THIRD AVE AND E 163 RD ST, NEW YORK, NY",Red Light,7,40.824050782632,-73.908705298746,2026-02-09,2026-01-26,2026-07-20,1426,high_sustained,2026
4080,"THIRD AVE AND E 176 TH ST, NEW YORK, NY",Speed,36,40.845368979892,-73.896840966259,2024-11-18,2024-11-18,2026-08-17,170,low_fallback,2024
4081,"THIRD AVE AND E 178 TH ST, NEW YORK, NY",Speed,36,40.84779998327,-73.895613017443,2022-04-18,2021-11-29,2024-10-28,1070,high_sustained,2022
4082,"THIRD AVE AND E 182 ND ST, NEW YORK, NY",Speed,36,40.852759681108,-73.892177526789,2021-11-29,2021-11-29,2024-06-24,1906,high_sustained,2021
4083,"THIRD AVE AND ST PA ULS PL, NEW YORK, NY",Speed,36,40.798622980154,-73.939522958332,2022-01-10,2022-01-03,2024-08-26,657,high_sustained,2022
4084,"THMS BOYLND ST. H GMAN AV- NEWPRT ST, NEW YORK, NY",Speed,36,40.659482866566,-73.908137952991,2018-09-17,2018-09-17,2022-01-10,10,low_fallback,2018
4085,"THMS BOYLND ST. N EWPRT ST- HGMAN AV, NEW YORK, NY",Speed,36,40.7130466,-74.0072301,2018-07-09,2018-07-09,2022-05-23,29,low_fallback,2018
4086,"THOMAS S BOYLAND ST AND NEWPORT ST, NEW YORK, NY",Speed,36,40.659060017513,-73.91094100378,2022-07-25,2022-07-25,2026-08-24,2584,high_sustained,2022
4087,"THOMAS S BOYLND S T. PRSPCT PL- ATLNTC, NEW YORK, NY",Speed,36,40.662537297183,-73.911834306252,2018-05-07,2018-05-07,2018-09-03,14,low_fallback,2018
4088,"THOMSN AVE. 32 PL - SKILLMN AV, NEW YORK, NY",Speed,36,40.715279537586,-73.950452289521,2016-09-19,2016-09-05,2019-01-21,3118,high_sustained,2016
4089,"THOMSN AVE. SKILL MN AV- 32 PL, NEW YORK, NY",Speed,36,40.715279537586,-73.950452289521,2016-09-05,2016-09-05,2018-07-23,307,low_fallback,2016
4090,"THOMSON AVE AND 30T H PL, NEW YORK, NY",Speed,36,40.745069994938,-73.936338002764,2019-01-28,2019-01-28,2026-04-27,87821,high_sustained,2019
4091,"THRGS NECK EXPY. LAWTON AV - THROG NE, NEW YORK, NY",Speed,36,40.817631611204,-73.816208696854,2022-03-14,2022-03-14,2024-02-12,69,low_fallback,2022
4092,"THRGS NECK EXPY. THROG NECK BLVD - LA, NEW YORK, NY",Speed,36,40.819114885114,-73.811512240892,2022-02-28,2022-02-28,2024-03-25,21,low_fallback,2022
4093,"THROGS NECK EXPWY AND BARKLEY AVE, NEW YORK, NY",Speed,36,40.833072720668,-73.821649481902,2021-10-25,2021-10-25,2026-08-24,15697,high_sustained,2021
4094,"THROGS NECK EXPWY AND HOLLYWOOD AVE, NEW YORK, NY",Speed,36,40.820300886789,-73.815307930957,2024-06-24,2024-06-24,2026-08-24,5541,high_sustained,2024
4095,"THROGS NECK EXPWY AND MEAGHER AVE, NEW YORK, NY",Speed,36,40.819054204421,-73.8113100146,2024-05-27,2024-05-27,2026-08-24,923,high_sustained,2024
4096,"THROGS NECK EXPWY AND SCHLEY AVE, NEW YORK, NY",Speed,36,40.826205228122,-73.816473934218,2021-10-25,2021-10-25,2026-08-24,62880,high_sustained,2021
4097,"THROGS NECK EXPY LAWTON AV - THROGS N, NEW YORK, NY",Speed,36,40.819114885114,-73.811512240892,2025-03-31,2025-03-31,2025-03-31,2,low_fallback,2025
4098,"THROOP AVE AND DEKA LB AVE, NEW YORK, NY",Speed,36,40.692353984663,-73.942818974118,2019-12-02,2019-12-02,2026-08-17,8099,high_sustained,2019
4099,"THROOP AVE AND PARK AVE, NEW YORK, NY",Speed,36,40.698243989934,-73.943941981506,2021-11-29,2021-11-29,2026-06-08,3095,high_sustained,2021
4100,"THROOP AVE AND PUTN AM AVE, NEW YORK, NY",Speed,36,40.685031009226,-73.941355996738,2020-08-31,2020-08-31,2026-08-24,3281,high_sustained,2020
4101,"THROOP AVE AND VERN ON AVE, NEW YORK, NY",Red Light,7,40.695288991879,-73.943388021525,2026-03-16,2026-01-12,2026-07-20,682,high_sustained,2026
4102,"TIBBETT AVE AND W 2 36TH ST, NEW YORK, NY",Speed,36,40.884773983101,-73.904019982509,2025-02-03,2025-01-27,2026-08-24,430,high_sustained,2025
4103,"TIFFANY ST AND BURN ETT PL, NEW YORK, NY",Speed,36,40.814310005314,-73.891258032011,2020-12-28,2020-12-28,2025-01-27,1933,high_sustained,2020
4104,"TIFFANY ST. E169 ST - E165 ST, NEW YORK, NY",Speed,36,40.806041514258,-73.889183522523,2021-04-05,2021-04-05,2022-11-21,25,low_fallback,2021
4105,"TILDEN AV KINGS H WY - RALPH AV, NEW YORK, NY",Speed,36,40.648391815448,-73.926646100921,2016-09-26,2016-09-26,2024-04-29,167,low_fallback,2016
4106,"TILDEN AV RALPH A V - KINGS HWY, NEW YORK, NY",Speed,36,40.648391815448,-73.926646100921,2016-10-10,2016-10-10,2023-03-06,185,low_fallback,2016
4107,"TILDEN AVE AND UTIC A AVE, NEW YORK, NY",Red Light,7,40.648185001057,-73.930013018628,2026-03-02,2026-02-16,2026-07-20,311,high_sustained,2026
4108,"TILLARY ST AND F LATBUSH AVE, NEW YORK, NY",Red Light,7,40.696112010952,-73.984660009846,2016-05-30,2016-05-23,2018-11-05,2572,high_sustained,2016
4109,"TILLARY ST AND JAY ST, NEW YORK, NY",Speed,36,40.696046087284,-73.987094365986,2020-03-09,2020-01-06,2026-08-24,9914,high_sustained,2020
4110,"TILLARY ST. ADAMS ST - PRINCE ST, NEW YORK, NY",Speed,36,40.696170803632,-73.981520173006,2018-10-01,2018-10-01,2018-10-01,1,low_fallback,2018
4111,"TIMPSON PL AND AVE ST JOHN, NEW YORK, NY",Speed,36,40.812169183424,-73.901098973072,2020-02-03,2020-01-27,2026-08-17,2787,high_sustained,2020
4112,"TINTON AV. E152 S T - WESTCHESTER AV, NEW YORK, NY",Speed,36,40.839231190797,-73.84383330187,2017-04-03,2017-04-03,2018-12-10,2,low_fallback,2017
4113,"TINTON AV. WESTCH ESTER AV - E152 ST, NEW YORK, NY",Speed,36,40.829988014356,-73.872968315893,2017-10-02,2017-10-02,2018-11-26,6,low_fallback,2017
4114,"TINTON AVE AND E 16 3RD ST, NEW YORK, NY",Speed,36,40.822718982037,-73.903156981758,2021-06-28,2021-06-28,2023-10-09,497,high_sustained,2021
4115,"TINTON AVE AND E 16 5TH ST, NEW YORK, NY",Speed,36,40.824667984072,-73.902338991827,2021-07-05,2021-06-28,2025-04-21,370,high_sustained,2021
4116,"TODT HILL RD AND CI RCLE RD, NEW YORK, NY",Speed,36,40.595330982746,-74.110388976573,2020-06-29,2020-06-29,2024-05-20,1199,high_sustained,2020
4117,"TODT HILL RD AND HE LENA RD, NEW YORK, NY",Speed,36,40.596169005426,-74.110831960156,2019-10-28,2019-10-28,2026-08-24,12491,high_sustained,2019
4118,"TOMLINSON AVE AND M ORRIS PARK AVE, NEW YORK, NY",Speed,36,40.849911007495,-73.8522410271,2025-03-17,2025-02-24,2026-07-27,162,high_sustained,2025
4119,"TOMPKINS AV. BELA IR RD - MARYLAND AV, NEW YORK, NY",Speed,36,40.696073244424,-73.946448078661,2022-05-16,2022-05-16,2024-03-11,90,low_fallback,2022
4120,"TOMPKINS AV. ELLE RY ST - MYRTLE AVE, NEW YORK, NY",Speed,36,40.696073244424,-73.946448078661,2020-09-21,2020-09-21,2020-09-21,1,low_fallback,2020
4121,"TOMPKINS AV. MARY LAND AV - BELAIR RD, NEW YORK, NY",Speed,36,40.696073244424,-73.946448078661,2022-05-16,2022-05-16,2023-08-14,45,low_fallback,2022
4122,"TOMPKINS AVE AND QU INCY ST, NEW YORK, NY",Speed,36,40.6876319976,-73.944765000578,2022-11-07,2022-09-26,2024-10-28,416,high_sustained,2022
4123,"TOMPKINS AVE AND ST JOHNS AVE, NEW YORK, NY",Speed,36,40.609778994978,-74.069687963496,2024-11-25,2024-11-25,2026-08-24,545,high_sustained,2024
4124,"TOMPKINS AVE AND TO MPKINS ST, NEW YORK, NY",Speed,36,40.623882008076,-74.079226988405,2024-04-01,2024-04-01,2025-07-07,429,high_sustained,2024
4125,"TOMPKINS AVE AND TO WNSEND AVE, NEW YORK, NY",Speed,36,40.618503005532,-74.075569964049,2019-09-30,2019-09-30,2026-08-24,11143,high_sustained,2019
4126,"TOMPKINS AVE AND VA NDERBILT AVE, NEW YORK, NY",Speed,36,40.620166017031,-74.076962030529,2020-06-29,2020-06-29,2024-02-26,1746,high_sustained,2020
4127,"TRANTOR PL AND DIXO N AVE, NEW YORK, NY",Speed,36,40.627637016879,-74.144860978306,2020-10-26,2020-10-26,2026-08-24,51003,high_sustained,2020
4128,"TRAVIS AV NEHRING AV - STEINWAY AV, NEW YORK, NY",Speed,36,40.592053443398,-74.16234205613,2016-06-20,2016-06-20,2020-10-05,3392,high_sustained,2016
4129,"TRAVIS AV STEINWA Y AV - NEHRING AV, NEW YORK, NY",Speed,36,40.589933929818,-74.156974705857,2016-12-05,2016-07-11,2020-09-07,480,high_sustained,2016
4130,"TRAVIS AVE AND DENK ER PL, NEW YORK, NY",Speed,36,40.588558991714,-74.15435800988,2021-04-26,2021-04-26,2026-08-24,14007,high_sustained,2021
4131,"TRAVIS AVE AND FERN DALE AVE, NEW YORK, NY",Speed,36,40.591782001123,-74.160159963258,2020-10-26,2020-10-26,2026-08-24,2682,high_sustained,2020
4132,"TRINITY AVE AND E 1 63RD ST, NEW YORK, NY",Speed,36,40.823339997243,-73.90574698984,2025-03-31,2025-03-31,2026-08-24,29,low_fallback,2025
4133,"TROUTMAN ST AND CYP RESS AVE, NEW YORK, NY",Speed,36,40.70869400199,-73.920699969828,2021-12-27,2021-12-27,2026-08-24,2623,high_sustained,2021
4134,"TROY AVE AND ATLANT IC AVE, NEW YORK, NY",Speed,36,40.677705016303,-73.935857971169,2020-03-23,2020-02-03,2024-01-29,685,high_sustained,2020
4135,"TROY AVE AND CHURCH AVE, NEW YORK, NY",Speed,36,40.651467019064,-73.936173968919,2024-03-25,2024-03-25,2026-08-17,1134,high_sustained,2024
4136,"TROY AVE AND PROSPE CT PL, NEW YORK, NY",Speed,36,40.673554004484,-73.936257033579,2024-12-02,2024-11-25,2026-08-10,372,high_sustained,2024
4137,"TROY AVE AND UNION ST, NEW YORK, NY",Speed,36,40.668127015544,-73.936748967477,2021-11-01,2021-10-25,2026-08-24,4795,high_sustained,2021
4138,"TROY AVE. WINTHRO P ST - FENIMORE ST, NEW YORK, NY",Speed,36,40.65847483923,-73.953982045045,2025-06-09,2025-06-09,2025-06-23,37,high_sustained,2025
4139,"TUSKEEGEE AIRMEN WAY AND 159TH ST, NEW YORK, NY",Speed,36,40.698694014316,-73.796487959938,2020-12-28,2020-12-28,2026-08-24,3092,high_sustained,2020
4140,"TUSKEGEE AIRMEN W AY AND 160TH ST, NEW YORK, NY",Red Light,7,40.699025015672,-73.795725039111,2026-04-27,2026-04-27,2026-07-20,515,high_sustained,2026
4141,"TUSKEGEE AIRMEN W AY AND UNION HALL ST, NEW YORK, NY",Speed,36,40.699387993989,-73.79448895985,2022-06-27,2022-06-27,2026-08-24,874,high_sustained,2022
4142,"TYLER AVE AND 64TH ST, NEW YORK, NY",Speed,36,40.734316013164,-73.901944958559,2024-04-01,2024-04-01,2026-08-24,1844,high_sustained,2024
4143,"TYSENS LANE. AMBO Y RA - CRANFORD AVE, NEW YORK, NY",Speed,36,40.903576660538,-73.844098608781,2023-05-01,2023-05-01,2023-05-01,9,low_fallback,2023
4144,"TYSENS LANE. CRAN FORD AVE - AMBOY RD, NEW YORK, NY",Speed,36,40.903576660538,-73.844098608781,2023-06-12,2023-06-12,2023-07-31,58,low_fallback,2023
4145,"TYSENS LN AND ISORA PL, NEW YORK, NY",Speed,36,40.5653599792,-74.118766018245,2020-08-31,2020-08-31,2026-08-24,14166,high_sustained,2020
4146,"TYSENS LN AND SHADO W LN, NEW YORK, NY",Speed,36,40.570005984311,-74.126804011933,2023-10-30,2023-10-30,2024-02-19,699,high_sustained,2023
4147,"UNION AVE AND JOURN EAY ST, NEW YORK, NY",Speed,36,40.632111989256,-74.158110001198,2021-01-04,2021-01-04,2025-01-27,460,high_sustained,2021
4148,"UNION AVE AND MAUJE R ST, NEW YORK, NY",Speed,36,40.71021498214,-73.950993006095,2020-03-30,2020-03-30,2024-02-19,1423,high_sustained,2020
4149,"UNION AVE. FOREST CT - NETHERLAND AV, NEW YORK, NY",Speed,36,40.901296870919,-73.907262434008,2019-04-15,2019-04-15,2020-09-14,17,low_fallback,2019
4150,"UNION AVE. NETHER LAND AV - FOREST CT, NEW YORK, NY",Speed,36,40.901296870919,-73.907262434008,2019-01-28,2018-12-03,2020-09-21,471,high_sustained,2019
4151,"UNION ST AND 37TH A VE, NEW YORK, NY",Speed,36,40.762417014112,-73.827508964496,2022-03-21,2022-03-21,2024-09-23,142,low_fallback,2022
4152,"UNION ST AND HOYT S T, NEW YORK, NY",Speed,36,40.68079399908,-73.991725032214,2020-05-25,2020-05-25,2026-08-24,2819,high_sustained,2020
4153,"UNION ST. 33 AV- NORTHRN BV, NEW YORK, NY",Speed,36,40.751846009284,-73.93115203545,2016-11-07,2016-11-07,2021-12-27,31,low_fallback,2016
4154,"UNION ST. BEDFORD AV - NEW YORK AV, NEW YORK, NY",Speed,36,40.693835379491,-73.95600938316,2022-07-25,2022-07-25,2022-07-25,1,low_fallback,2022
4155,"UNION ST. NORTHRN BV- 33 AV, NEW YORK, NY",Speed,36,40.679431017805,-73.988216032269,2016-07-18,2016-07-18,2018-03-05,12,low_fallback,2016
4156,"UNION TPK AND 222ND ST, NEW YORK, NY",Speed,36,40.735459011391,-73.748665011371,2026-06-01,2026-06-01,2026-08-24,2688,high_sustained,2026
4157,"UNION TPK AND 233RD ST, NEW YORK, NY",Speed,36,40.737443007872,-73.738580995118,2020-12-28,2020-12-28,2026-08-24,63537,high_sustained,2020
4158,"UNION TPK AND 235TH ST, NEW YORK, NY",Speed,36,40.737826982857,-73.736777963926,2021-04-26,2021-04-26,2026-08-24,83871,high_sustained,2021
4159,"UNION TPK. 255 ST - 262 ST, NEW YORK, NY",Speed,36,40.750702508143,-73.704903011073,2017-01-16,2016-06-13,2018-11-12,5942,high_sustained,2017
4160,"UNION TPK. 262 ST - 255 ST, NEW YORK, NY",Speed,36,40.750702508143,-73.704903011073,2016-09-26,2016-09-26,2018-11-05,4903,high_sustained,2016
4161,"UNION TPKE AND 160T H ST, NEW YORK, NY",Speed,36,40.720473006703,-73.807207995005,2024-02-26,2024-02-26,2026-08-24,19953,high_sustained,2024
4162,"UNION TPKE AND 162N D ST, NEW YORK, NY",Speed,36,40.721077006646,-73.805820035658,2025-05-26,2025-05-26,2026-08-24,5926,high_sustained,2025
4163,"UNION TPKE AND 175T H ST, NEW YORK, NY",Speed,36,40.725042987952,-73.794232976527,2024-09-30,2024-09-30,2026-08-24,12597,high_sustained,2024
4164,"UNION TPKE AND 210T H ST, NEW YORK, NY",Speed,36,40.733411982997,-73.760831008554,2016-06-13,2016-06-13,2026-08-24,52311,high_sustained,2016
4165,"UNION TPKE AND 220T H PL, NEW YORK, NY",Speed,36,40.735153993934,-73.750485979836,2023-04-17,2023-04-17,2023-06-05,1235,high_sustained,2023
4166,"UNION TPKE AND 254T H ST, NEW YORK, NY",Speed,36,40.744415996943,-73.716800032983,2024-09-30,2024-09-30,2026-08-24,6224,high_sustained,2024
4167,"UNION TPKE AND 259T H ST, NEW YORK, NY",Speed,36,40.746635985908,-73.712818964251,2018-11-19,2018-11-19,2026-08-24,76558,high_sustained,2018
4168,"UNION TPKE AND 263R D ST, NEW YORK, NY",Speed,36,40.748351007117,-73.709593021176,2024-07-29,2024-07-29,2026-08-24,10432,high_sustained,2024
4169,"UNION TPKE AND 88TH ST, NEW YORK, NY",Speed,36,40.704812007353,-73.860208026068,2020-08-03,2020-08-03,2026-08-24,12672,high_sustained,2020
4170,"UNION TPKE AND COMM ONWEALTH BLVD, NEW YORK, NY",Speed,36,40.741429985846,-73.724907009734,2016-09-19,2016-09-19,2026-08-24,22664,high_sustained,2016
4171,"UNION TPKE AND FRAN CIS LEWIS BLVD, NEW YORK, NY",Red Light,7,40.731819002299,-73.770213040416,2026-01-19,2026-01-19,2026-07-20,4850,high_sustained,2026
4172,"UNION TPKE AND KENT ST, NEW YORK, NY",Speed,36,40.727514014918,-73.786163969797,2018-11-19,2018-11-19,2026-08-24,79469,high_sustained,2018
4173,"UNION TPKE AND KEW FOREST LN, NEW YORK, NY",Speed,36,40.713794012886,-73.832559983168,2020-06-01,2020-05-04,2024-12-30,843,high_sustained,2020
4174,"UNION TPKE AND MAIN ST, NEW YORK, NY",Speed,36,40.717705008908,-73.817209030416,2019-07-08,2019-07-08,2026-08-24,65488,high_sustained,2019
4175,"UNION TPKE AND METR OPOLITAN AVE, NEW YORK, NY",Red Light,7,40.709329014974,-73.843848981822,2026-01-12,2026-01-12,2026-07-20,3721,high_sustained,2026
4176,"UNION TPKE AND PARS ONS BLVD, NEW YORK, NY",Red Light,7,40.719971014522,-73.809059976511,2026-02-02,2026-02-02,2026-07-20,1350,high_sustained,2026
4177,"UNION TPKE AND STEW ART RD, NEW YORK, NY",Speed,36,40.734775006182,-73.752765019309,2023-04-17,2023-04-17,2026-08-24,17453,high_sustained,2023
4178,"UNION TPKE AND WOOD HAVEN BLVD, NEW YORK, NY",Red Light,7,40.705556990907,-73.858426033453,2016-05-30,2016-05-23,2026-07-20,8493,high_sustained,2016
4179,"UNION TPKE AND WOOD HAVEN BLVD, NEW YORK, NY",Speed,36,40.705556990907,-73.858426033453,2019-07-08,2019-07-08,2026-08-24,41812,high_sustained,2019
4180,"UNION TPKE. 180 S T- 187 ST, NEW YORK, NY",Speed,36,40.750702508143,-73.704903011073,2016-09-05,2016-06-20,2018-10-22,6016,high_sustained,2016
4181,"UNION TPKE. 187 S T- 180 ST, NEW YORK, NY",Speed,36,40.750702508143,-73.704903011073,2016-06-20,2016-06-20,2018-09-10,1053,low_fallback,2016
4182,"UNION TRPK AND 213T H ST, NEW YORK, NY",Speed,36,40.733876005157,-73.758055006041,2016-06-13,2016-06-13,2026-08-24,92412,high_sustained,2016
4183,"UNION TRPK AND CROS S ISLAND PKWY, NEW YORK, NY",Speed,36,40.741114281463,-73.725875119551,2016-06-20,2016-06-13,2026-08-24,37599,high_sustained,2016
4184,"UNION TURNPIKE. 2 17 ST - 221 ST, NEW YORK, NY",Speed,36,40.66655344355,-73.996280146462,2022-05-02,2021-09-27,2023-02-06,918,high_sustained,2022
4185,"UNION TURNPIKE. 2 21 ST - 217 ST, NEW YORK, NY",Speed,36,40.664947266628,-73.999363162656,2021-09-27,2021-09-27,2022-12-12,174,low_fallback,2021
4186,"UNIONPORT RD AND AR CHER RD, NEW YORK, NY",Speed,36,40.840401361563,-73.863116800677,2021-09-27,2021-09-27,2026-08-24,12767,high_sustained,2021
4187,"UNIONPORT RD AND GU ERLAIN ST, NEW YORK, NY",Speed,36,40.840671006982,-73.863057034958,2021-10-25,2021-10-25,2026-08-24,16908,high_sustained,2021
4188,"UNIONPORT RD AND MC GRAW AVE, NEW YORK, NY",Speed,36,40.835691988857,-73.855699987084,2022-10-24,2022-10-24,2026-08-24,5782,high_sustained,2022
4189,"UNIVERSITY AV. BR ANDT PL - FEATHERBED, NEW YORK, NY",Speed,36,40.86647493728,-73.902466037001,2022-03-07,2022-03-07,2023-05-01,22,low_fallback,2022
4190,"UNIVERSITY AV. FE ATHERBED LN - BRANDT, NEW YORK, NY",Speed,36,40.86647493728,-73.902466037001,2022-03-21,2022-03-21,2023-07-10,117,low_fallback,2022
4191,"UNIVERSITY AVE AND FEATHERBED LN, NEW YORK, NY",Red Light,7,40.846818588137,-73.92057172671,2026-01-26,2026-01-26,2026-07-20,3711,high_sustained,2026
4192,"UNIVERSITY AVE AND W 183RD ST, NEW YORK, NY",Speed,36,40.859611006854,-73.907782032112,2020-08-31,2020-08-31,2026-08-24,18655,high_sustained,2020
4193,"UNIVERSITY AVE AND W 188TH ST, NEW YORK, NY",Speed,36,40.86422801058,-73.904007996388,2021-11-29,2021-11-29,2026-08-24,5550,high_sustained,2021
4194,"UNIVERSITY AVE AND W BURNSIDE AVE, NEW YORK, NY",Speed,36,40.853760019342,-73.912284036126,2016-06-13,2016-06-13,2026-08-24,111604,high_sustained,2016
4195,"UNIVRSTY AV. FR. ZEISER PL - W183 ST, NEW YORK, NY",Speed,36,40.850385227743,-73.932553255858,2016-11-21,2016-11-21,2020-01-13,413,low_fallback,2016
4196,"UNIVRSTY AV. W183 ST - FR. ZEISER PL, NEW YORK, NY",Speed,36,40.863539707491,-73.907065500292,2016-11-28,2016-11-28,2020-03-09,337,low_fallback,2016
4197,"UTICA AVE AND ATLAN TIC AVE, NEW YORK, NY",Red Light,7,40.677405991907,-73.930315018599,2025-08-18,2025-07-28,2026-07-20,623,high_sustained,2025
4198,"UTICA AVE AND ATLAN TIC AVE, NEW YORK, NY",Speed,36,40.677405991907,-73.930315018599,2026-08-03,2026-08-03,2026-08-24,33,low_fallback,2026
4199,"UTICA AVE AND BEVER LEY RD, NEW YORK, NY",Speed,36,40.646319985691,-73.929810008933,2021-04-26,2021-04-26,2026-08-24,20222,high_sustained,2021
4200,"UTICA AVE AND E NEW YORK AVE, NEW YORK, NY",Red Light,7,40.663232487004,-73.931601724556,2026-01-19,2026-01-19,2026-07-20,1315,high_sustained,2026
4201,"UTICA AVE AND FLATL ANDS AVE, NEW YORK, NY",Red Light,7,40.626269006462,-73.927668013576,2026-06-01,2026-06-01,2026-07-20,324,high_sustained,2026
4202,"UTICA AVE AND GLENW OOD RD, NEW YORK, NY",Speed,36,40.635192003397,-73.928611983512,2021-10-25,2021-10-25,2026-08-24,12894,high_sustained,2021
4203,"UTICA AVE AND LENOX RD, NEW YORK, NY",Red Light,7,40.655348007872,-73.93077199996,2025-09-01,2025-09-01,2026-07-20,2660,high_sustained,2025
4204,"UTICA AVE. EASTER N PKWY - PARK PL, NEW YORK, NY",Speed,36,40.680729693816,-73.904702909417,2023-08-28,2023-08-28,2023-08-28,2,low_fallback,2023
4205,"UTOPIA PKWY AND 16T H AVE, NEW YORK, NY",Speed,36,40.784056992635,-73.794806969257,2023-06-26,2023-06-26,2026-08-24,5168,high_sustained,2023
4206,"UTOPIA PKWY AND 17T H AVE, NEW YORK, NY",Speed,36,40.782601014144,-73.794541011469,2016-09-05,2016-09-05,2026-08-24,42855,high_sustained,2016
4207,"UTOPIA PKWY AND 182 ND ST, NEW YORK, NY",Speed,36,40.740424995655,-73.79277402246,2018-02-26,2016-09-05,2018-11-12,506,high_sustained,2018
4208,"UTOPIA PKWY AND 184 TH ST, NEW YORK, NY",Speed,36,40.744572989989,-73.792505969197,2024-07-29,2024-07-29,2026-08-24,4347,high_sustained,2024
4209,"UTOPIA PKWY AND 24T H RD, NEW YORK, NY",Speed,36,40.774736986856,-73.792970997185,2024-08-26,2024-08-26,2026-08-24,3805,high_sustained,2024
4210,"UTOPIA PKWY AND 29T H AVE, NEW YORK, NY",Speed,36,40.770399016687,-73.792291979209,2023-09-18,2023-09-11,2026-08-24,4132,high_sustained,2023
4211,"UTOPIA PKWY AND 33R D AVE, NEW YORK, NY",Speed,36,40.767150987297,-73.792750972227,2022-09-12,2022-09-12,2026-08-24,4131,high_sustained,2022
4212,"UTOPIA PKWY AND 56T H AVE, NEW YORK, NY",Speed,36,40.743010980423,-73.792616023585,2016-06-13,2016-06-13,2026-08-24,35823,high_sustained,2016
4213,"UTOPIA PKWY AND 68T H AVE, NEW YORK, NY",Speed,36,40.733563988811,-73.793350026847,2021-09-27,2021-09-27,2026-08-24,11158,high_sustained,2021
4214,"UTOPIA PKWY AND 74T H AVE, NEW YORK, NY",Speed,36,40.72933699504,-73.793280959964,2024-02-19,2024-02-19,2026-08-24,2192,high_sustained,2024
4215,"UTOPIA PKWY AND HOR ACE HARDING EXPWY, NEW YORK, NY",Red Light,7,40.739471009345,-73.792834036887,2024-08-12,2016-06-27,2026-07-20,1219,high_sustained,2024
4216,"UTOPIA PKWY AND WIL LETS PT BLVD, NEW YORK, NY",Speed,36,40.785835003846,-73.795150040553,2016-09-12,2016-06-13,2019-06-24,479,high_sustained,2016
4217,"UTOPIA PKWY. 46 A V - NORTHERN BLD, NEW YORK, NY",Speed,36,40.751787629329,-73.792437572867,2021-04-05,2021-04-05,2024-03-18,204,low_fallback,2021
4218,"UTOPIA PKWY. NORT HERN BLD - 46 AVE, NEW YORK, NY",Speed,36,40.761103914603,-73.793504725721,2021-03-15,2021-03-15,2024-05-06,69,low_fallback,2021
4219,"UTOPIA PKY. 77 RD - JEWEL AV, NEW YORK, NY",Speed,36,40.761103914603,-73.793504725721,2016-10-03,2016-06-20,2021-02-22,582,high_sustained,2016
4220,"UTOPIA PKY. JEWEL AV - 77 RD, NEW YORK, NY",Speed,36,40.761103914603,-73.793504725721,2016-09-26,2016-09-26,2020-10-05,160,low_fallback,2016
4221,"VALENTINE AVE AND M IRIAM ST, NEW YORK, NY",Speed,36,40.868013990516,-73.891273035617,2021-12-27,2021-12-27,2024-05-27,874,high_sustained,2021
4222,"VAN BRUNT ST AND VI SITATION PL, NEW YORK, NY",Speed,36,40.679454990048,-74.010411982429,2020-04-27,2020-04-27,2024-03-25,1285,high_sustained,2020
4223,"VAN CORTLANDT PAR K E AND E 241ST ST, NEW YORK, NY",Speed,36,40.901590385894,-73.869044563672,2020-09-28,2020-09-28,2026-08-24,15595,high_sustained,2020
4224,"VAN CORTLANDT PAR K S AND BROADWAY, NEW YORK, NY",Speed,36,40.886522992927,-73.899699027603,2019-10-28,2019-10-28,2021-01-18,5438,high_sustained,2019
4225,"VAN CORTLANDT PAR K S AND PUTNAM AVE W, NEW YORK, NY",Speed,36,40.886096018779,-73.897409007837,2020-07-27,2020-07-27,2021-01-18,2097,high_sustained,2020
4226,"VAN DAM ST AND 48TH AVE, NEW YORK, NY",Speed,36,40.741006993102,-73.934308995462,2018-11-26,2018-11-26,2026-08-24,68373,high_sustained,2018
4227,"VAN DAM ST. 48 AV - THOMSN AV, NEW YORK, NY",Speed,36,40.726429229193,-74.006282154391,2016-11-14,2016-10-24,2018-11-12,3022,high_sustained,2016
4228,"VAN DAM ST. 48 ST - THOMSN AV, NEW YORK, NY",Speed,36,40.726429229193,-74.006282154391,2016-09-19,2016-09-19,2016-09-19,280,low_fallback,2016
4229,"VAN DAM ST. THOMS N AV- 48 AV, NEW YORK, NY",Speed,36,40.726493500858,-74.006348681415,2017-01-16,2017-01-16,2018-07-09,344,low_fallback,2017
4230,"VAN DAM ST. THOMS N AV- 48 ST, NEW YORK, NY",Speed,36,40.726493500858,-74.006348681415,2016-09-26,2016-09-26,2016-09-26,11,low_fallback,2016
4231,"VAN DUZER ST AND MA XIE CT, NEW YORK, NY",Speed,36,40.621647015503,-74.085492963942,2020-09-28,2020-09-28,2026-08-24,17957,high_sustained,2020
4232,"VAN DUZER ST. BAL TIC ST - HANNAH ST, NEW YORK, NY",Speed,36,40.635222924034,-74.07660427085,2022-07-25,2022-07-25,2024-01-01,33,low_fallback,2022
4233,"VAN HORN ST AND 55T H RD, NEW YORK, NY",Speed,36,40.733404020189,-73.87770499749,2020-02-03,2020-02-03,2022-04-25,233,low_fallback,2020
4234,"VAN PELT AVE AND DE RUYTER PL, NEW YORK, NY",Speed,36,40.631304015699,-74.155277001744,2020-03-02,2020-02-24,2025-02-24,2164,high_sustained,2020
4235,"VAN SICLEN AVE AND NEW LOTS AVE, NEW YORK, NY",Speed,36,40.664052991506,-73.888077015936,2021-04-26,2021-04-26,2026-08-24,6533,high_sustained,2021
4236,"VAN SICLEN AVE AND STANLEY AVE, NEW YORK, NY",Speed,36,40.65906198726,-73.884578996284,2026-08-03,2026-07-27,2026-08-24,49,high_sustained,2026
4237,"VAN WYCK EXP SVC RD AND ROCKAWAY BLV, NEW YORK, NY",Red Light,7,40.67435158448,-73.801216862072,2016-05-30,2016-05-23,2021-02-22,16827,high_sustained,2016
4238,"VAN WYCK EXPWY AND 102ND AVE, NEW YORK, NY",Speed,36,40.693431981231,-73.811028969386,2021-10-25,2021-10-25,2026-08-24,25798,high_sustained,2021
4239,"VAN WYCK EXPWY AND HILLSIDE AVE, NEW YORK, NY",Red Light,7,40.70412402074,-73.816429010507,2026-02-16,2026-01-26,2026-07-20,4115,high_sustained,2026
4240,"VAN ZANDT AVE. OV ERBROOK ST - MARATHO, NEW YORK, NY",Speed,36,40.762847716687,-73.736110881597,2023-05-15,2023-05-15,2023-05-15,2,low_fallback,2023
4241,"VANDERBILT AVE AND CLIFFSIDE AVE, NEW YORK, NY",Speed,36,40.613982980425,-74.086279018822,2020-03-02,2020-02-24,2026-08-24,776,high_sustained,2020
4242,"VANDERBILT AVE AND GREENE AVE, NEW YORK, NY",Speed,36,40.68640098939,-73.968495006658,2025-03-31,2025-03-31,2026-08-24,157,low_fallback,2025
4243,"VANDERBILT AVE AND PARK AVE, NEW YORK, NY",Speed,36,40.696132001791,-73.97042703534,2020-03-16,2020-01-27,2024-01-29,509,high_sustained,2020
4244,"VANDERBILT AVE AND TALBOT PL, NEW YORK, NY",Speed,36,40.620883005029,-74.075599971263,2024-01-29,2024-01-29,2025-07-07,1595,high_sustained,2024
4245,"VANDERBILT AVE AND VAN DUZER ST, NEW YORK, NY",Speed,36,40.613368000189,-74.087218965444,2025-08-18,2025-08-18,2026-08-24,240,high_sustained,2025
4246,"VANDERBLT AV. DEK ALB AV- GATES AV, NEW YORK, NY",Speed,36,40.882411420327,-73.880295965614,2017-01-30,2017-01-30,2022-11-14,9,low_fallback,2017
4247,"VANDERBLT AV. GAT ES AV- DEKALB AV, NEW YORK, NY",Speed,36,40.882411420327,-73.880295965614,2017-07-10,2016-12-12,2022-06-06,362,high_sustained,2017
4248,"VANDERBLT AV. GAT ES AV- MYRTLE AV, NEW YORK, NY",Speed,36,40.694241562871,-73.959071316502,2024-02-26,2024-02-26,2024-07-15,13,low_fallback,2024
4249,"VANDERBLT AV. LAF AYTTE AV- MYRTLE AV, NEW YORK, NY",Speed,36,40.694241562871,-73.959071316502,2017-09-18,2017-09-18,2023-01-30,72,low_fallback,2017
4250,"VANDRBILT AVE. DE KALB AV- GREENE AV, NEW YORK, NY",Speed,36,40.689899667271,-73.980201020494,2019-10-28,2019-10-28,2020-01-27,2,low_fallback,2019
4251,"VANDRBILT AVE. GR EENE AV- DEKALB AV, NEW YORK, NY",Speed,36,40.882411420327,-73.880295965614,2017-07-17,2017-07-17,2023-10-23,48,low_fallback,2017
4252,"VARICK ST AND CANAL ST, NEW YORK, NY",Speed,36,40.722616091707,-74.006295797418,2022-02-28,2022-02-28,2024-09-30,234,low_fallback,2022
4253,"VARICK ST AND KING ST, NEW YORK, NY",Speed,36,40.727867982689,-74.005420978184,2020-10-26,2020-10-26,2026-08-24,12002,high_sustained,2020
4254,"VERMONT ST. FLTLN DS AV- STANLY AV, NEW YORK, NY",Speed,36,40.666166084927,-73.892414318186,2017-11-06,2017-11-06,2022-05-02,8,low_fallback,2017
4255,"VERMONT ST. STANL Y AV- FLTLNDS AV, NEW YORK, NY",Speed,36,40.666166084927,-73.892414318186,2017-10-30,2017-10-30,2019-07-01,13,low_fallback,2017
4256,"VERNON BLVD 47 AV E - 50 AVE, NEW YORK, NY",Speed,36,40.770944979088,-73.934279816783,2022-08-29,2022-08-29,2024-01-22,3,low_fallback,2022
4257,"VERNON BLVD 50 AV E - 47 AVE, NEW YORK, NY",Speed,36,40.763345016522,-73.943104964654,2022-09-26,2022-09-26,2024-01-15,9,low_fallback,2022
4258,"VERNON BLVD AND 33R D RD, NEW YORK, NY",Speed,36,40.766818980112,-73.93859600366,2024-04-22,2024-04-22,2026-08-24,5523,high_sustained,2024
4259,"VERNON BLVD AND 37T H AVE, NEW YORK, NY",Speed,36,40.760642188024,-73.94331660771,2022-08-29,2022-08-29,2026-08-24,5606,high_sustained,2022
4260,"VETERANS AVE AND E 65TH ST, NEW YORK, NY",Speed,36,40.619706018185,-73.914728031454,2024-07-22,2024-07-22,2026-08-17,300,low_fallback,2024
4261,"VETERANS AVE AND E 66TH ST, NEW YORK, NY",Speed,36,40.619785017623,-73.913593959954,2022-09-12,2022-07-04,2024-06-24,1678,high_sustained,2022
4262,"VICTORY BLVD AND AL BERTA AVE, NEW YORK, NY",Speed,36,40.590753080598,-74.192359211944,2020-01-27,2020-01-27,2026-08-24,14240,high_sustained,2020
4263,"VICTORY BLVD AND BR ENTON PL, NEW YORK, NY",Speed,36,40.613660989615,-74.115129026638,2016-09-05,2016-09-05,2019-01-21,6133,high_sustained,2016
4264,"VICTORY BLVD AND CE BRA AVE, NEW YORK, NY",Red Light,7,40.633968999905,-74.085752970579,2026-03-16,2026-02-02,2026-07-20,310,high_sustained,2026
4265,"VICTORY BLVD AND CE BRA AVE, NEW YORK, NY",Speed,36,40.633968999905,-74.085752970579,2026-07-27,2026-07-27,2026-08-24,90,high_sustained,2026
4266,"VICTORY BLVD AND CE BRA PL, NEW YORK, NY",Speed,36,40.633968999905,-74.085752970579,2024-04-22,2024-04-22,2026-08-24,2204,high_sustained,2024
4267,"VICTORY BLVD AND CL OVE RD, NEW YORK, NY",Red Light,7,40.616430286605,-74.103494023021,2026-01-12,2026-01-12,2026-07-20,1110,high_sustained,2026
4268,"VICTORY BLVD AND ED DY ST, NEW YORK, NY",Speed,36,40.62654359761,-74.091589708855,2019-09-30,2019-09-30,2026-08-24,5496,high_sustained,2019
4269,"VICTORY BLVD AND FA IRVIEW AVE, NEW YORK, NY",Speed,36,40.613415986585,-74.11826695973,2016-09-12,2016-06-13,2018-11-26,1174,high_sustained,2016
4270,"VICTORY BLVD AND FO REST AVE, NEW YORK, NY",Speed,36,40.626387216068,-74.091696683535,2026-07-13,2026-07-06,2026-08-24,60,high_sustained,2026
4271,"VICTORY BLVD AND ME LVIN AVE, NEW YORK, NY",Speed,36,40.59162119431,-74.190800010316,2020-06-29,2020-06-29,2026-08-24,10789,high_sustained,2020
4272,"VICTORY BLVD AND MORANI ST, NEW YORK, NY",Red Light,7,40.608092011236,-74.157374992109,2016-05-30,2016-05-23,2026-07-20,53930,high_sustained,2016
4273,"VICTORY BLVD AND WI LLOW RD E, NEW YORK, NY",Red Light,7,40.609667012752,-74.149576972308,2026-03-30,2026-03-30,2026-07-20,1287,high_sustained,2026
4274,"VICTORY BLVD. EDD Y ST - FOREST AVE, NEW YORK, NY",Speed,36,40.626387216068,-74.091696683535,2024-03-04,2024-03-04,2025-09-15,1066,high_sustained,2024
4275,"VICTORY BV ALBERT ST - FAIRVIEW AV, NEW YORK, NY",Speed,36,40.857293495882,-73.930535568508,2016-06-13,2016-06-13,2022-01-24,28,low_fallback,2016
4276,"VICTORY BV. AUSTI N PL - PIKE ST, NEW YORK, NY",Speed,36,40.626387216068,-74.091696683535,2017-09-11,2016-10-31,2019-07-15,235,high_sustained,2017
4277,"VICTORY BV. AUSTI N ST - PIKE ST, NEW YORK, NY",Speed,36,40.626387216068,-74.091696683535,2016-09-12,2016-09-12,2016-09-19,31,low_fallback,2016
4278,"VICTORY BV. PIKE ST - AUSTIN PL, NEW YORK, NY",Speed,36,40.626387216068,-74.091696683535,2016-10-17,2016-10-17,2019-06-10,273,high_sustained,2016
4279,"VIRGINIA AVE AND BL ACKROCK AVE, NEW YORK, NY",Speed,36,40.827855999036,-73.859309988962,2023-06-26,2023-06-26,2026-08-24,1219,high_sustained,2023
4280,"VLEIGH PL AND 76TH RD, NEW YORK, NY",Speed,36,40.721775009633,-73.820216038181,2021-12-27,2021-12-27,2026-08-24,1925,high_sustained,2021
4281,"VOORHIES AVE. E 2 7TH ST - BROWN ST, NEW YORK, NY",Speed,36,40.67372489704,-73.992339796393,2026-08-17,2026-08-17,2026-08-17,1,low_fallback,2026
4282,"W 100TH ST AND MANH ATTAN AVE, NEW YORK, NY",Speed,36,40.794795006884,-73.964281004837,2021-09-27,2021-09-27,2023-08-07,128,low_fallback,2021
4283,"W 104TH ST AND COLU MBUS AVE, NEW YORK, NY",Speed,36,40.797911985218,-73.963845984062,2021-05-03,2021-05-03,2021-09-13,46,low_fallback,2021
4284,"W 116TH ST AND FRED ERICK DOUGLAS BLVD, NEW YORK, NY",Speed,36,40.804425017351,-73.955367018448,2020-09-28,2020-09-28,2021-10-11,1502,high_sustained,2020
4285,"W 116TH ST AND FRED ERICK DOUGLASS BLVD, NEW YORK, NY",Speed,36,40.804425017351,-73.955367018448,2021-10-18,2021-10-18,2026-08-24,4065,high_sustained,2021
4286,"W 116TH ST AND ST N ICHOLAS AVE, NEW YORK, NY",Speed,36,40.803317013571,-73.952754965961,2022-08-01,2022-07-25,2026-08-24,3794,high_sustained,2022
4287,"W 120TH ST AND AMST ERDAM AVE, NEW YORK, NY",Speed,36,40.809341003564,-73.9592200117,2021-12-13,2021-10-25,2024-09-23,576,high_sustained,2021
4288,"W 125TH ST AND 5TH AVE, NEW YORK, NY",Red Light,7,40.806407002176,-73.942255039672,2026-01-05,2026-01-05,2026-07-20,1187,high_sustained,2026
4289,"W 125TH ST AND AMST ERDAM AVE, NEW YORK, NY",Speed,36,40.813340512483,-73.956289279254,2021-02-08,2021-01-18,2026-08-24,3668,high_sustained,2021
4290,"W 125TH ST AND MORN INGSIDE AVE, NEW YORK, NY",Red Light,7,40.811392809642,-73.954055418239,2026-01-05,2026-01-05,2026-07-20,796,high_sustained,2026
4291,"W 125TH ST AND OLD BROADWAY, NEW YORK, NY",Speed,36,40.815133820667,-73.957849319073,2021-05-24,2021-05-24,2026-08-24,13908,high_sustained,2021
4292,"W 135TH ST AND 5 AV E, NEW YORK, NY",Speed,36,40.81273999103,-73.937626971834,2021-04-26,2021-04-26,2026-08-24,3299,high_sustained,2021
4293,"W 135TH ST AND BROA DWAY, NEW YORK, NY",Red Light,7,40.815767350371,-73.944805422246,2026-01-12,2026-01-12,2026-07-20,72,low_fallback,2026
4294,"W 145TH AND BROADWA Y, NEW YORK, NY",Speed,36,40.826465986123,-73.95053200142,2021-05-31,2021-05-24,2026-08-24,5944,high_sustained,2021
4295,"W 145TH ST AND ADAM CLAYTON POWELL JR B, NEW YORK, NY",Speed,36,40.821603015448,-73.938985007787,2020-08-31,2020-08-31,2026-08-24,27074,high_sustained,2020
4296,"W 145TH ST AND AMST ERDAM AVE, NEW YORK, NY",Speed,36,40.825239001226,-73.947604035003,2021-05-24,2021-05-24,2026-08-24,6581,high_sustained,2021
4297,"W 145TH ST AND BROA DWAY, NEW YORK, NY",Red Light,7,40.821639497681,-73.939070503199,2026-01-12,2026-01-05,2026-07-20,439,high_sustained,2026
4298,"W 145TH ST AND LENO X AVE, NEW YORK, NY",Red Light,7,40.820429087999,-73.936158127122,2026-01-26,2026-01-26,2026-07-20,1617,high_sustained,2026
4299,"W 155TH ST AND AMST ERDAM AVE, NEW YORK, NY",Speed,36,40.831554010898,-73.942980996307,2024-08-26,2024-08-26,2026-08-03,6186,high_sustained,2024
4300,"W 155TH ST AND ST N ICHOLAS PL, NEW YORK, NY",Speed,36,40.830374509483,-73.940143470625,2023-11-13,2023-11-13,2026-08-24,31727,high_sustained,2023
4301,"W 165TH ST AND BROA DWAY, NEW YORK, NY",Speed,36,40.840461693752,-73.94358661513,2025-02-10,2025-02-10,2026-07-27,73,low_fallback,2025
4302,"W 178TH ST AND ST N ICHOLAS AVE, NEW YORK, NY",Speed,36,40.847360394358,-73.935193202428,2019-11-25,2019-11-25,2026-08-24,10439,high_sustained,2019
4303,"W 179TH ST AND WADS WORTH AVE, NEW YORK, NY",Speed,36,40.848515001521,-73.935943969496,2024-06-10,2024-05-27,2026-08-17,316,high_sustained,2024
4304,"W 17TH ST AND MERMA ID AVE, NEW YORK, NY",Speed,36,40.576617000893,-73.984769980416,2019-12-30,2019-12-30,2026-08-24,6502,high_sustained,2019
4305,"W 183RD ST AND GRAN D AVE, NEW YORK, NY",Red Light,7,40.850385227743,-73.932553255858,2026-01-26,2026-01-26,2026-07-20,507,high_sustained,2026
4306,"W 207TH ST AND 10TH AVE, NEW YORK, NY",Red Light,7,40.864493004449,-73.91896499969,2025-09-01,2025-09-01,2026-07-20,1499,high_sustained,2025
4307,"W 207TH ST AND 10TH AVE, NEW YORK, NY",Speed,36,40.864493004449,-73.91896499969,2026-07-27,2026-07-27,2026-07-27,1,low_fallback,2026
4308,"W 21ST ST AND MERMA ID AVE, NEW YORK, NY",Speed,36,40.576268020354,-73.987947979005,2024-11-25,2024-11-25,2026-08-24,771,high_sustained,2024
4309,"W 225TH ST AND EXTE RIOR ST, NEW YORK, NY",Speed,36,40.873400997777,-73.906719206789,2024-12-02,2024-11-25,2026-08-24,964,high_sustained,2024
4310,"W 225TH ST AND MARB LE HILL AVE, NEW YORK, NY",Speed,36,40.874664988776,-73.91108902819,2025-04-28,2025-04-28,2026-08-24,124,low_fallback,2025
4311,"W 22ND ST AND MERMA ID AVE, NEW YORK, NY",Speed,36,40.576155996218,-73.989016001108,2024-02-26,2024-02-26,2026-08-17,1290,high_sustained,2024
4312,"W 230TH ST AND MARB LE HILL AVE, NEW YORK, NY",Red Light,7,40.878311996757,-73.908024017656,2026-06-29,2026-06-29,2026-07-20,274,high_sustained,2026
4313,"W 230TH ST AND MARB LE HILL AVE, NEW YORK, NY",Speed,36,40.878311996757,-73.908024017656,2022-07-25,2022-07-25,2026-08-24,6311,high_sustained,2022
4314,"W 230TH ST AND TIBB ET AVE, NEW YORK, NY",Speed,36,40.879514003582,-73.909688998903,2020-02-24,2020-02-24,2026-08-24,15064,high_sustained,2020
4315,"W 23RD ST AND 9TH A VE, NEW YORK, NY",Speed,36,40.746499989529,-74.001319964417,2020-11-30,2020-11-30,2026-08-24,18760,high_sustained,2020
4316,"W 40TH ST S/E C/O 6TH AVE, NEW YORK, NY",Speed,36,40.741222114647,-73.994033324529,2019-08-05,2019-08-05,2019-08-05,1,low_fallback,2019
4317,"W 41ST ST AND DYER AVE, NEW YORK, NY",Speed,36,40.758340014498,-73.994381005873,2021-12-27,2021-12-27,2026-08-17,6291,high_sustained,2021
4318,"W 42ND ST AND 11TH AVE, NEW YORK, NY",Speed,36,40.760806808602,-73.998366433195,2025-06-30,2025-06-30,2026-08-24,2404,high_sustained,2025
4319,"W 42ND ST AND DYER AVE, NEW YORK, NY",Speed,36,40.758975991401,-73.993936010634,2022-06-13,2020-11-02,2024-12-23,1206,high_sustained,2022
4320,"W 50 ST. 12 AVE- 9 AVE, NEW YORK, NY",Speed,36,40.749007063563,-74.007792881642,2022-03-07,2022-03-07,2024-01-01,9,low_fallback,2022
4321,"W 51ST ST AND 10TH AVE, NEW YORK, NY",Speed,36,40.765310991912,-73.991329993117,2024-05-27,2024-05-27,2026-08-17,248,high_sustained,2024
4322,"W 51ST ST AND 11TH AVE, NEW YORK, NY",Red Light,7,40.766510190799,-73.994172212665,2026-02-02,2026-02-02,2026-07-20,842,high_sustained,2026
4323,"W 55TH ST AND 10TH AVE, NEW YORK, NY",Speed,36,40.767818019152,-73.989515981632,2016-10-17,2016-09-05,2018-11-19,387,high_sustained,2016
4324,"W 57TH ST AND 10TH AVE, NEW YORK, NY",Speed,36,40.76913221775,-73.988563965069,2020-08-31,2020-08-31,2026-08-24,103986,high_sustained,2020
4325,"W 58TH ST AND 10TH AVE, NEW YORK, NY",Speed,36,40.76980398538,-73.988089968445,2022-01-03,2021-12-27,2026-08-24,3099,high_sustained,2022
4326,"W 59TH ST AND WEST END AVE, NEW YORK, NY",Speed,36,40.771632790925,-73.99045978393,2021-07-26,2021-07-26,2026-08-24,1502,high_sustained,2021
4327,"W 62ND ST AND COLUM BUS AVE, NEW YORK, NY",Speed,36,40.771111394638,-73.983409262255,2021-05-03,2021-04-26,2024-08-26,980,high_sustained,2021
4328,"W 65TH ST AND AMSTE RDAM AVE, NEW YORK, NY",Speed,36,40.774154989409,-73.984884980128,2022-07-04,2022-06-27,2026-08-24,1527,high_sustained,2022
4329,"W 66TH ST AND AMSTE RDAM AVE, NEW YORK, NY",Speed,36,40.774815986294,-73.984415006817,2022-06-27,2022-06-27,2026-08-24,13022,high_sustained,2022
4330,"W 6TH ST AND HIGHLA WN AVE, NEW YORK, NY",Speed,36,40.603471696658,-73.978859900487,2021-11-29,2021-11-29,2024-02-19,341,high_sustained,2021
4331,"W 6TH ST AND KINGS HWY, NEW YORK, NY",Speed,36,40.605080980158,-73.979191740034,2022-08-01,2021-11-29,2024-02-26,531,high_sustained,2022
4332,"W 72ND ST AND BROAD WAY, NEW YORK, NY",Speed,36,40.778796007288,-73.982057009815,2021-09-06,2021-08-30,2024-04-22,710,high_sustained,2021
4333,"W 72ND ST AND WEST END AVE, NEW YORK, NY",Speed,36,40.779820988318,-73.984497317106,2021-08-30,2021-08-30,2026-08-24,7052,high_sustained,2021
4334,"W 79TH ST AND AMSTE RDAM AVE, NEW YORK, NY",Speed,36,40.783155016034,-73.978324967426,2021-08-02,2021-07-26,2024-09-23,1221,high_sustained,2021
4335,"W 79TH ST AND BROAD WAY, NEW YORK, NY",Speed,36,40.783890989043,-73.98008198197,2022-08-01,2021-07-26,2026-08-24,1777,high_sustained,2022
4336,"W 8TH ST AND NEPTUN E AVE, NEW YORK, NY",Speed,36,40.579762980612,-73.976281962346,2021-01-04,2020-12-28,2023-10-09,708,high_sustained,2021
4337,"W 96TH ST AND AMSTE RDAM AVE, NEW YORK, NY",Speed,36,40.794051993077,-73.9703629976,2020-11-30,2020-11-30,2026-08-24,29897,high_sustained,2020
4338,"W 96TH ST AND COLUM BUS AVE, NEW YORK, NY",Speed,36,40.792858996798,-73.967523041166,2020-11-02,2020-10-26,2026-08-24,8289,high_sustained,2020
4339,"W 97TH AND COLUMBUS AVE, NEW YORK, NY",Speed,36,40.793538014774,-73.967017025671,2024-10-28,2024-10-28,2026-08-24,1131,high_sustained,2024
4340,"W FARMS RD AND CROS S BRONX EXPWY SVC RD, NEW YORK, NY",Speed,36,40.838099983911,-73.881724036244,2021-10-04,2021-09-27,2026-08-17,1624,high_sustained,2021
4341,"W FARMS RD AND RODM AN PL, NEW YORK, NY",Speed,36,40.83862900773,-73.881145014372,2021-10-04,2021-09-27,2026-08-24,1469,high_sustained,2021
4342,"W FINGERBOARD RD AND BRIARCLIFF RD, NEW YORK, NY",Speed,36,40.600260002818,-74.074984991027,2020-08-31,2020-08-31,2026-08-24,14701,high_sustained,2020
4343,"W FORDHAM RD AND CEDAR AVE, NEW YORK, NY",Red Light,7,40.861713984451,-73.911811967339,2016-05-23,2016-05-23,2026-07-20,54621,high_sustained,2016
4344,"W FORDHAM RD AND JE ROME AVE, NEW YORK, NY",Speed,36,40.862771990179,-73.901059997222,2020-06-01,2020-04-27,2026-08-24,4130,high_sustained,2020
4345,"W FORDHAM RD AND LA NDING RD, NEW YORK, NY",Speed,36,40.86219799745,-73.910012959461,2021-06-28,2021-06-28,2026-08-24,48518,high_sustained,2021
4346,"W FORDHAM RD AND SE DGWICK AVE, NEW YORK, NY",Red Light,7,40.862702085107,-73.909022386143,2026-01-05,2026-01-05,2026-07-20,2642,high_sustained,2026
4347,"W HOUSTON ST AND BR OADWAY, NEW YORK, NY",Red Light,7,40.72543,-73.9974,2026-04-27,2026-04-27,2026-07-20,310,high_sustained,2026
4348,"W HOUSTON ST AND TH OMPSON ST, NEW YORK, NY",Speed,36,40.727348011326,-74.000598701649,2020-07-27,2020-07-27,2026-08-24,7936,high_sustained,2020
4349,"W HOUSTON ST AND W BROADWAY, NEW YORK, NY",Speed,36,40.726981009695,-73.999869978987,2019-08-26,2019-08-26,2026-08-24,37186,high_sustained,2019
4350,"W KINGSBRDG RD. K INGSBRDG TER - EXTER, NEW YORK, NY",Speed,36,40.868106453424,-73.900333000131,2018-03-26,2018-03-26,2019-10-21,28,low_fallback,2018
4351,"W KINGSBRIDGE RD AND KINGSBRIDGE TERR, NEW YORK, NY",Speed,36,40.870387410219,-73.904441592239,2020-08-31,2020-08-31,2026-08-24,10367,high_sustained,2020
4352,"W KINGSBRIDGE RD SEDGEWICK AVE - GRAN, NEW YORK, NY",Speed,36,40.868106453424,-73.900333000131,2016-06-27,2016-06-27,2016-06-27,4,low_fallback,2016
4353,"W TREMONT AV GRAN D AV - MORRIS AV, NEW YORK, NY",Speed,36,40.850096598798,-73.914626504766,2016-07-04,2016-07-04,2016-07-04,1,low_fallback,2016
4354,"W TREMONT AV MORR IS - GRAND AV, NEW YORK, NY",Speed,36,40.850096598798,-73.914626504766,2016-07-04,2016-07-04,2016-07-04,1,low_fallback,2016
4355,"W. BURNSIDE AVE. UNIVRSTY AV- HENNSSY, NEW YORK, NY",Speed,36,40.853949110687,-73.91469657542,2022-08-29,2022-08-29,2022-10-24,2,low_fallback,2022
4356,"W. HOUSTN ST. 6 A V- WASHNGTN ST, NEW YORK, NY",Speed,36,40.70574197951,-74.015456966132,2018-10-15,2018-10-15,2018-10-22,7,low_fallback,2018
4357,"W.TREMNT AV. JERO ME AV- UNIVRSTY AV, NEW YORK, NY",Speed,36,40.854001492969,-73.90720844503,2017-07-10,2017-07-10,2022-01-31,9,low_fallback,2017
4358,"W.TREMNT AV. UNIV RSTY AV- JEROME AV, NEW YORK, NY",Speed,36,40.87120056378,-73.893459721517,2022-10-31,2022-10-31,2023-11-13,2,low_fallback,2022
4359,"W110 ST. AMSTRDM AV- RIVERSIDE DR, NEW YORK, NY",Speed,36,40.865704969814,-73.928822024199,2022-06-20,2022-06-20,2024-07-08,4,low_fallback,2022
4360,"W110 ST. RIVERSID E DR- AMSTRDM AV, NEW YORK, NY",Speed,36,40.787908896239,-73.980962836175,2022-11-14,2022-11-14,2024-04-08,17,low_fallback,2022
4361,"W116 ST. 5TH AVE- ADAM CLAYTN PWL JR B, NEW YORK, NY",Speed,36,40.785045852286,-73.95783387343,2018-10-01,2018-10-01,2018-10-29,25,low_fallback,2018
4362,"W133 ST. B'WAY- R IVERSDE DR, NEW YORK, NY",Speed,36,40.815667395639,-73.948573150993,2018-09-24,2018-09-24,2018-09-24,1,low_fallback,2018
4363,"W133 ST. RIVERSDE DR- B'WAY, NEW YORK, NY",Speed,36,40.815667395639,-73.948573150993,2018-12-17,2018-12-17,2018-12-17,5,low_fallback,2018
4364,"W135 ST. BWAY - S T. NICHLS TER., NEW YORK, NY",Speed,36,40.815767350371,-73.944805422246,2016-09-26,2016-09-26,2024-01-15,96,low_fallback,2016
4365,"W135 ST. FRDCK DG LASS BV- MLCOLM X BV, NEW YORK, NY",Speed,36,40.815767350371,-73.944805422246,2019-04-08,2019-04-08,2021-04-05,51,low_fallback,2019
4366,"W135 ST. ST. NICH LS TER. - BWAY, NEW YORK, NY",Speed,36,40.815767350371,-73.944805422246,2016-09-19,2016-09-19,2022-11-21,6,low_fallback,2016
4367,"W145 ST. AMSTRDM AV- BRADHURST AV, NEW YORK, NY",Speed,36,40.822666799562,-73.943467244851,2016-09-19,2016-09-19,2018-11-26,13,low_fallback,2016
4368,"W145 ST. BRADHURS T AV- AMSTRDM AV, NEW YORK, NY",Speed,36,40.826118036547,-73.940891029604,2016-09-12,2016-09-12,2019-01-21,40,low_fallback,2016
4369,"W155 ST BROADWAY - ST NICHOLAS AV, NEW YORK, NY",Speed,36,40.854966680294,-73.929658774883,2017-01-09,2016-06-27,2024-06-17,431,high_sustained,2017
4370,"W155 ST ST NICHOL AS AV - BROADWAY, NEW YORK, NY",Speed,36,40.704866447814,-73.916731725408,2024-05-20,2016-09-19,2026-03-16,1356,high_sustained,2024
4371,"W170 ST. WALTN AV - EDWRD L GRNT HWY, NEW YORK, NY",Speed,36,40.841454873878,-73.936955447698,2016-08-08,2016-08-08,2016-08-08,1,low_fallback,2016
4372,"W22 ST. 6 AV - 5 AV, NEW YORK, NY",Speed,36,40.745208118356,-74.000357075341,2018-09-17,2018-09-17,2023-11-13,7,low_fallback,2018
4373,"W24 ST. 8 AVE - 7 AVE, NEW YORK, NY",Speed,36,40.750270483899,-74.008370989006,2018-07-16,2018-07-16,2022-03-28,17,low_fallback,2018
4374,"W4 ST. HIGHLAWN A V - AVE S, NEW YORK, NY",Speed,36,40.602562385892,-73.986017459066,2022-06-27,2022-06-27,2022-07-04,7,low_fallback,2022
4375,"W51 ST. 9AV - 11A V, NEW YORK, NY",Speed,36,40.76594514908,-73.992846632039,2022-04-04,2022-04-04,2024-03-11,15,low_fallback,2022
4376,"W52 ST. 10 AV - 8 AV, NEW YORK, NY",Speed,36,40.765575658618,-73.990026536112,2022-07-25,2022-07-25,2023-05-01,2,low_fallback,2022
4377,"W56 ST. 10 AVE- 9 AVE, NEW YORK, NY",Speed,36,40.745241158675,-74.005960985808,2017-10-16,2017-10-16,2018-04-09,8,low_fallback,2017
4378,"W86 ST. AMSTRDM A V- COLUMBS AV, NEW YORK, NY",Speed,36,40.787610253696,-73.974841641343,2020-02-10,2020-02-10,2023-08-21,37,low_fallback,2020
4379,"W86 ST. COLUMBS A V- AMSTRDM AV, NEW YORK, NY",Speed,36,40.787610253696,-73.974841641343,2018-09-17,2018-09-17,2024-05-06,72,low_fallback,2018
4380,"W96 ST - BROADWAY - CENTRAL P W, NEW YORK, NY",Speed,36,40.710303872223,-73.965177700839,2018-05-28,2018-05-28,2020-03-02,63,low_fallback,2018
4381,"W96 ST - CENTRAL P W - BROADWAY, NEW YORK, NY",Speed,36,40.791622118981,-73.963672931036,2018-05-14,2018-05-14,2020-10-05,118,low_fallback,2018
4382,"W96 ST, CENTRAL P W - BROADWAY, NEW YORK, NY",Speed,36,40.791622118981,-73.963672931036,2018-04-30,2018-04-30,2018-04-30,8,low_fallback,2018
4383,"W96 ST. BROADWAY - RIVERSIDE DR, NEW YORK, NY",Speed,36,40.865704969814,-73.928822024199,2016-06-13,2016-06-13,2020-10-26,567,low_fallback,2016
4384,"WADSORTH AV. W184 ST - W181 ST, NEW YORK, NY",Speed,36,40.848098148521,-73.930728581702,2019-02-11,2019-02-11,2019-02-11,1,low_fallback,2019
4385,"WADSWORTH AV. W18 1 ST - W184 ST, NEW YORK, NY",Speed,36,40.678615626264,-73.992454760704,2019-02-25,2019-02-25,2019-12-16,14,low_fallback,2019
4386,"WADSWORTH AVE AND W 176TH ST, NEW YORK, NY",Speed,36,40.846641017518,-73.937308962428,2022-08-01,2021-10-25,2024-08-26,777,high_sustained,2022
4387,"WAINWRIGHT AVE AND LEVERETT AVE, NEW YORK, NY",Speed,36,40.554574020465,-74.170634995294,2020-11-30,2020-11-30,2025-02-24,1180,high_sustained,2020
4388,"WAKEMAN PL AND RIDG E BLVD, NEW YORK, NY",Speed,36,40.639437982179,-74.026960038593,2022-01-17,2022-01-17,2026-08-17,3057,high_sustained,2022
4389,"WAKEMAN PLACE AND R IDGE BLVD, NEW YORK, NY",Speed,36,40.639437982179,-74.026960038593,2022-01-17,2022-01-17,2022-01-17,3,low_fallback,2022
4390,"WALKER ST AND PULAS KI AVE, NEW YORK, NY",Speed,36,40.631339010145,-74.147782993572,2024-10-28,2024-10-28,2026-08-24,793,high_sustained,2024
4391,"WALKER ST MORNING STAR RD - PORT RICHM, NEW YORK, NY",Speed,36,40.631501541984,-74.14679174622,2017-04-24,2016-09-19,2023-07-31,293,high_sustained,2017
4392,"WALKER ST PORT RI CHMND AV - MORNINGST, NEW YORK, NY",Speed,36,40.63042597874,-74.143067829746,2018-05-07,2016-09-12,2024-05-13,505,high_sustained,2018
4393,"WALTON AV. E144 S T - E140 ST, NEW YORK, NY",Speed,36,40.820541687048,-73.927742725452,2018-10-15,2018-10-15,2021-08-09,11,low_fallback,2018
4394,"WARING AVE AND BRON XWOOD AVE, NEW YORK, NY",Speed,36,40.861243592045,-73.861730012047,2024-12-02,2024-12-02,2026-08-10,102,low_fallback,2024
4395,"WARING AVE AND DEME YER ST, NEW YORK, NY",Speed,36,40.86069000925,-73.832434003163,2024-04-29,2024-04-29,2026-08-24,1148,high_sustained,2024
4396,"WARING AVE AND EAST CHESTER RD, NEW YORK, NY",Speed,36,40.860897000349,-73.843199971059,2024-06-03,2024-06-03,2026-08-17,87,low_fallback,2024
4397,"WARING AVE AND SEYM OUR AVE, NEW YORK, NY",Speed,36,40.86095399729,-73.846398002397,2019-09-30,2019-09-30,2024-01-22,2088,high_sustained,2019
4398,"WASHINGTN AV. MNT GOMRY ST- PRSDENT ST, NEW YORK, NY",Speed,36,40.7130466,-74.0072301,2018-08-13,2018-08-13,2020-03-09,73,low_fallback,2018
4399,"WASHINGTON AVE AND CLAREMONT PKWY, NEW YORK, NY",Speed,36,40.838873004931,-73.902659012891,2021-12-27,2021-12-27,2026-08-24,6092,high_sustained,2021
4400,"WASHINGTON AVE AND E 164TH ST, NEW YORK, NY",Speed,36,40.825843001169,-73.909913885365,2021-10-25,2021-10-25,2023-04-24,584,high_sustained,2021
4401,"WASHINGTON AVE AND E 179TH ST, NEW YORK, NY",Speed,36,40.849644001969,-73.896606021513,2025-02-24,2025-02-24,2026-08-24,1087,high_sustained,2025
4402,"WASHINGTON AVE AND PRESIDENT ST, NEW YORK, NY",Speed,36,40.669666016786,-73.962196006422,2020-09-28,2020-09-28,2026-08-24,5606,high_sustained,2020
4403,"WASHINGTON AVE AND SULLIVAN PL, NEW YORK, NY",Speed,36,40.66406300788,-73.961109041218,2021-11-01,2021-10-25,2026-08-24,3169,high_sustained,2021
4404,"WASHINGTON AVE E1 78TH ST- E TREMONT A, NEW YORK, NY",Speed,36,40.776259559568,-73.963787813654,2024-01-22,2024-01-22,2024-01-22,1,low_fallback,2024
4405,"WASHINGTON AVE. E 172 ST- ST PAULS PL, NEW YORK, NY",Speed,36,40.798940129477,-73.940422856107,2016-07-18,2016-07-18,2016-07-18,1,low_fallback,2016
4406,"WASHINGTON AVE. E 173 ST- ST PAULS PL, NEW YORK, NY",Speed,36,40.799002354512,-73.940260152286,2016-09-19,2016-09-19,2021-11-29,174,low_fallback,2016
4407,"WASHINGTON AVE. P RESIDENT ST - MONTGO, NEW YORK, NY",Speed,36,40.699753175822,-73.977381176806,2025-05-05,2025-05-05,2025-05-12,2,low_fallback,2025
4408,"WASHINGTON ST AND W 10TH ST, NEW YORK, NY",Speed,36,40.733418017967,-74.008543404755,2022-07-11,2022-07-11,2024-05-27,69,low_fallback,2022
4409,"WASHNGTN AVE. E17 3 ST - E171 ST, NEW YORK, NY",Speed,36,40.678701876047,-73.995078966951,2016-07-11,2016-07-11,2016-07-18,2,low_fallback,2016
4410,"WASTON AVE. SOUND VIEW - STRATFORD AVE, NEW YORK, NY",Speed,36,40.829099137887,-73.875487612424,2023-05-22,2023-05-22,2023-05-22,1,low_fallback,2023
4411,"WASTON AVE. STRAT FORD AVE - SOUNDVIEW, NEW YORK, NY",Speed,36,40.829099137887,-73.875487612424,2023-04-24,2023-04-24,2023-04-24,1,low_fallback,2023
4412,"WATCHOGUE RD AND CA NTERBURY AVE, NEW YORK, NY",Speed,36,40.617431002025,-74.150858984399,2020-07-27,2020-07-27,2026-08-24,6621,high_sustained,2020
4413,"WATCHOGUE RD AND HA WTHORNE AVE, NEW YORK, NY",Speed,36,40.617060018991,-74.147092995302,2025-05-26,2025-05-26,2026-08-24,2285,high_sustained,2025
4414,"WATCHOGUE RD AND NE AL DOW AVE, NEW YORK, NY",Speed,36,40.615795986082,-74.13620901021,2021-09-27,2021-09-27,2024-03-25,3188,high_sustained,2021
4415,"WATER PL. WESTCHS TR AV - X STATE HOSP, NEW YORK, NY",Speed,36,40.7130466,-74.0072301,2016-07-25,2016-06-20,2018-06-18,6674,high_sustained,2016
4416,"WATER PL. X STATE HOSP. ENTRNCE- WEST, NEW YORK, NY",Speed,36,40.7130466,-74.0072301,2016-07-25,2016-06-20,2018-10-22,5496,high_sustained,2016
4417,"WATERS PL AND BRONX STATE HOSPITAL ENTR, NEW YORK, NY",Speed,36,40.8499096,-73.8385654,2018-11-19,2018-11-19,2026-08-24,81240,high_sustained,2018
4418,"WATSON AVE AND CROE S AVE, NEW YORK, NY",Speed,36,40.827172999655,-73.870108981556,2025-11-17,2025-06-30,2026-01-19,117,high_sustained,2025
4419,"WATSON AVE AND NOBL ES AVE, NEW YORK, NY",Speed,36,40.827300991317,-73.869187978035,2026-02-16,2026-02-16,2026-08-24,75,low_fallback,2026
4420,"WATSON AVE AND TAYL OR AVE, NEW YORK, NY",Speed,36,40.827924982099,-73.864494028438,2026-03-02,2026-02-02,2026-08-24,157,high_sustained,2026
4421,"WATSON AVE AND THIE RIOT AVE, NEW YORK, NY",Speed,36,40.828056997074,-73.863579981897,2025-06-30,2025-06-30,2026-01-19,288,high_sustained,2025
4422,"WATSON AVE AND UNDE RHILL AVE, NEW YORK, NY",Speed,36,40.828303005932,-73.861720037582,2020-04-27,2020-04-27,2025-05-19,869,high_sustained,2020
4423,"WATTS ST AND 6TH AV E, NEW YORK, NY",Speed,36,40.723616010846,-74.004808009604,2024-12-30,2024-12-30,2026-08-17,3558,high_sustained,2024
4424,"WEBSTER AV E179 S T - E187 ST, NEW YORK, NY",Speed,36,40.857856366906,-73.894554768071,2016-06-20,2016-06-20,2016-07-11,25,low_fallback,2016
4425,"WEBSTER AV E179 S T - E188 ST, NEW YORK, NY",Speed,36,40.857856366906,-73.894554768071,2016-10-03,2016-09-05,2018-10-29,3138,high_sustained,2016
4426,"WEBSTER AV E187 S T - E179 ST, NEW YORK, NY",Speed,36,40.857856366906,-73.894554768071,2016-06-27,2016-06-27,2016-07-04,70,low_fallback,2016
4427,"WEBSTER AV E188 S T - E179 ST, NEW YORK, NY",Speed,36,40.857856366906,-73.894554768071,2016-09-12,2016-09-12,2018-08-06,1077,high_sustained,2016
4428,"WEBSTER AV E193 S T - OLIVER PL, NEW YORK, NY",Speed,36,40.857856366906,-73.894554768071,2017-01-16,2016-09-12,2024-05-13,985,high_sustained,2017
4429,"WEBSTER AV OLIVER PL - E193 ST, NEW YORK, NY",Speed,36,40.857856366906,-73.894554768071,2016-09-19,2016-09-19,2023-02-27,233,low_fallback,2016
4430,"WEBSTER AV. E203 ST - PARKSIDE PL, NEW YORK, NY",Speed,36,40.875617538951,-73.873227790673,2016-11-21,2016-11-21,2018-09-17,328,low_fallback,2016
4431,"WEBSTER AV. PARKS IDE PL - E203 ST, NEW YORK, NY",Speed,36,40.875617538951,-73.873227790673,2017-02-27,2017-02-27,2019-11-18,39,low_fallback,2017
4432,"WEBSTER AVE AND CLE RMONT PKWY, NEW YORK, NY",Red Light,7,40.839680517483,-73.905339713164,2025-09-01,2025-09-01,2026-07-20,3244,high_sustained,2025
4433,"WEBSTER AVE AND E 1 65TH ST, NEW YORK, NY",Speed,36,40.827853987379,-73.91201103754,2020-08-03,2020-07-27,2023-10-09,643,high_sustained,2020
4434,"WEBSTER AVE AND E 1 66TH ST, NEW YORK, NY",Red Light,7,40.829158001965,-73.911453976255,2026-02-16,2026-02-16,2026-07-20,2015,high_sustained,2026
4435,"WEBSTER AVE AND E 1 76TH ST, NEW YORK, NY",Speed,36,40.846842979475,-73.90136400885,2021-07-26,2021-07-26,2026-08-24,12751,high_sustained,2021
4436,"WEBSTER AVE AND E 1 81ST ST, NEW YORK, NY",Speed,36,40.85311700164,-73.897602965076,2018-11-19,2018-11-19,2026-08-24,43985,high_sustained,2018
4437,"WEBSTER AVE AND E 1 95TH ST, NEW YORK, NY",Speed,36,40.864294981986,-73.888190003991,2024-05-27,2024-05-27,2026-08-24,6709,high_sustained,2024
4438,"WEBSTER AVE AND E 2 05TH ST, NEW YORK, NY",Speed,36,40.872986009751,-73.874990015232,2019-12-30,2019-12-30,2026-08-24,9384,high_sustained,2019
4439,"WEBSTER AVE AND E F ORDHAM RD, NEW YORK, NY",Red Light,7,40.861638002499,-73.891360961782,2026-06-29,2026-06-29,2026-07-20,276,high_sustained,2026
4440,"WEBSTER AVE AND E G UN HILL RD, NEW YORK, NY",Red Light,7,40.87867099367,-73.871670697756,2026-01-05,2026-01-05,2026-07-20,1579,high_sustained,2026
4441,"WEBSTER AVE AND E M OSHOLU PKWY N, NEW YORK, NY",Speed,36,40.869613006185,-73.879717995357,2026-06-15,2026-06-15,2026-08-24,908,high_sustained,2026
4442,"WEBSTER AVE. BELM NT ST- E171 ST, NEW YORK, NY",Speed,36,40.856067242965,-73.895710205611,2021-11-22,2021-11-15,2025-05-05,158,high_sustained,2021
4443,"WEBSTER AVE. E171 ST- BELMNT ST, NEW YORK, NY",Speed,36,40.856067242965,-73.895710205611,2021-07-26,2021-07-26,2024-06-10,53,low_fallback,2021
4444,"WEBSTER AVE. E171 ST- E173 ST, NEW YORK, NY",Speed,36,40.857856366906,-73.894554768071,2016-08-15,2016-08-15,2021-06-07,194,low_fallback,2016
4445,"WEBSTER AVE. E173 ST- E171 ST, NEW YORK, NY",Speed,36,40.857856366906,-73.894554768071,2016-06-20,2016-06-20,2021-07-19,247,low_fallback,2016
4446,"WEBSTR AV. E174 S T- BELMNT ST, NEW YORK, NY",Speed,36,40.856067242965,-73.895710205611,2016-09-19,2016-09-19,2021-05-03,93,low_fallback,2016
4447,"WEBSTR AVE. BELMN T ST- E174 ST, NEW YORK, NY",Speed,36,40.834403129883,-73.872733021849,2016-10-03,2016-10-03,2021-05-31,84,low_fallback,2016
4448,"WEIRFIELD ST AND SE NECA AVE, NEW YORK, NY",Red Light,7,40.700002010306,-73.902946009255,2026-06-01,2026-06-01,2026-07-20,23,low_fallback,2026
4449,"WELLER AV. 147 AV - 243 ST, NEW YORK, NY",Speed,36,40.661249920863,-73.737667092577,2018-10-01,2018-10-01,2018-10-15,3,low_fallback,2018
4450,"WELLER AV. 253 ST - 243 ST, NEW YORK, NY",Speed,36,40.661249920863,-73.737667092577,2021-11-08,2021-11-08,2022-07-18,5,low_fallback,2021
4451,"WEST END AV W79 S T - W82 ST, NEW YORK, NY",Speed,36,40.77702533577,-73.986510650381,2016-09-19,2016-09-19,2024-05-06,51,low_fallback,2016
4452,"WEST END AV W81 S T - W84 ST, NEW YORK, NY",Speed,36,40.77702533577,-73.986510650381,2016-09-12,2016-09-12,2024-02-19,73,low_fallback,2016
4453,"WEST END AV W82 S T - W79ST, NEW YORK, NY",Speed,36,40.77702533577,-73.986510650381,2017-01-30,2017-01-30,2021-10-25,7,low_fallback,2017
4454,"WEST END AV W84 S T - W81ST, NEW YORK, NY",Speed,36,40.77702533577,-73.986510650381,2019-11-18,2019-11-18,2024-03-18,2,low_fallback,2019
4455,"WEST END AV W94 S T - W97 ST, NEW YORK, NY",Speed,36,40.77702533577,-73.986510650381,2017-01-02,2017-01-02,2019-06-17,4,low_fallback,2017
4456,"WEST END AV W97 S T - W94ST, NEW YORK, NY",Speed,36,40.77702533577,-73.986510650381,2016-06-13,2016-06-13,2023-11-20,19,low_fallback,2016
4457,"WEST END AV. ORIE NTAL BLVD - SHORE BL, NEW YORK, NY",Speed,36,40.577789728919,-73.944348439127,2020-11-16,2020-11-16,2025-09-15,69,low_fallback,2020
4458,"WEST END AV. SHOR E BLVD - ORIENTAL BL, NEW YORK, NY",Speed,36,40.577789728919,-73.944348439127,2020-11-16,2020-11-16,2022-10-17,73,low_fallback,2020
4459,"WEST END AV. W57 ST - W64 ST, NEW YORK, NY",Speed,36,40.77702533577,-73.986510650381,2018-12-10,2018-12-10,2019-01-28,4,low_fallback,2018
4460,"WEST END AV. W64 ST - W57 ST, NEW YORK, NY",Speed,36,40.77702533577,-73.986510650381,2018-05-07,2018-05-07,2019-03-11,27,low_fallback,2018
4461,"WEST END AVE AND 66TH ST, NEW YORK, NY",Red Light,7,40.776022980351,-73.987240965472,2016-05-30,2016-05-23,2026-07-20,21156,high_sustained,2016
4462,"WEST END AVE AND W 59TH ST, NEW YORK, NY",Speed,36,40.771632790925,-73.99045978393,2020-02-24,2020-02-24,2026-08-24,6223,high_sustained,2020
4463,"WEST END AVE AND W 62ND ST, NEW YORK, NY",Speed,36,40.773510504874,-73.989120691078,2022-05-02,2022-05-02,2026-08-24,12540,high_sustained,2022
4464,"WEST END AVE AND W 66TH ST, NEW YORK, NY",Speed,36,40.776022980351,-73.987240965472,2019-11-25,2019-11-25,2022-04-18,10579,high_sustained,2019
4465,"WEST END AVE AND W 70TH ST, NEW YORK, NY",Speed,36,40.778481979286,-73.985446986736,2019-07-08,2019-07-08,2026-06-15,23623,high_sustained,2019
4466,"WEST ST AND 14TH STREET, NEW YORK, NY",Red Light,7,40.74235849117,-74.008705007848,2016-10-10,2016-10-10,2026-07-20,24418,high_sustained,2016
4467,"WEST ST AND CARLISL E ST, NEW YORK, NY",Speed,36,40.709431693288,-74.014879788279,2020-01-27,2020-01-27,2026-08-24,68578,high_sustained,2020
4468,"WEST ST AND LEROY S T, NEW YORK, NY",Speed,36,40.730556017128,-74.010404019621,2019-07-08,2019-07-08,2026-08-24,229010,high_sustained,2019
4469,"WEST ST AND W 11TH ST, NEW YORK, NY",Speed,36,40.735312998637,-74.009965981361,2023-09-04,2023-09-04,2026-08-24,93581,high_sustained,2023
4470,"WEST ST AND W HO USTON ST, NEW YORK, NY",Red Light,7,40.729111605663,-74.010544332681,2016-06-06,2016-05-23,2026-07-20,47371,high_sustained,2016
4471,"WEST ST AND W THAME S ST, NEW YORK, NY",Speed,36,40.707676019849,-74.01581202355,2020-07-27,2020-07-27,2026-08-24,93033,high_sustained,2020
4472,"WEST ST AND WARREN ST, NEW YORK, NY",Speed,36,40.716506019568,-74.013220003812,2019-07-08,2019-07-08,2026-08-24,89448,high_sustained,2019
4473,"WEST ST HUDSON RIVER PARK, NEW YORK, NY",Speed,36,40.7255283,-74.011578,2021-06-07,2021-06-07,2021-06-07,1,low_fallback,2021
4474,"WEST ST PIER 40, NEW YORK, NY",Speed,36,40.708797045703,-74.015384644918,2024-01-22,2024-01-22,2024-01-22,1,low_fallback,2024
4475,"WEST ST. BARCLAY ST - N MOORE ST, NEW YORK, NY",Speed,36,40.719989468094,-74.008987892037,2016-06-20,2016-06-20,2021-01-04,86,low_fallback,2016
4476,"WESTCHESTER AVE AND BERGEN AVE, NEW YORK, NY",Speed,36,40.816440182187,-73.915673929227,2020-01-06,2020-01-06,2023-10-16,212,low_fallback,2020
4477,"WESTCHESTER AVE. SOUTHERN BLVD - WHIT, NEW YORK, NY",Speed,36,40.829988014356,-73.872968315893,2023-03-27,2023-03-27,2023-09-11,6,low_fallback,2023
4478,"WESTCHESTER AVE.W HITLOCK AVE - SOUTHE, NEW YORK, NY",Speed,36,40.824880115861,-73.886662541645,2023-04-24,2023-04-24,2024-01-08,7,low_fallback,2023
4479,"WESTWOOD AVE AND SH ERADEN AVE, NEW YORK, NY",Speed,36,40.605792017004,-74.137874997285,2023-07-10,2023-07-10,2026-08-17,1647,high_sustained,2023
4480,"WHITE PLAINS LOOP AND UNIONPORT RD, NEW YORK, NY",Speed,36,40.842490005699,-73.865141027544,2019-09-30,2019-09-30,2019-12-09,256,high_sustained,2019
4481,"WHITE PLAINS RD AND CROSS BRONX EXPWY, NEW YORK, NY",Red Light,7,40.833686995708,-73.862914458785,2026-06-29,2026-06-29,2026-07-20,41,high_sustained,2026
4482,"WHITE PLAINS RD AND CROSS BRONX EXPWY, NEW YORK, NY",Speed,36,40.833686995708,-73.862914458785,2022-08-01,2022-07-25,2026-08-24,3457,high_sustained,2022
4483,"WHITE PLAINS RD AND E 217TH ST, NEW YORK, NY",Speed,36,40.882171108798,-73.863614431519,2019-12-30,2019-12-30,2026-08-24,3983,high_sustained,2019
4484,"WHITE PLAINS RD AND E 224TH ST, NEW YORK, NY",Speed,36,40.887107002031,-73.860886038216,2022-08-01,2020-04-27,2025-05-26,982,high_sustained,2022
4485,"WHITE PLAINS RD AND RANDALL AVE, NEW YORK, NY",Speed,36,40.817777011924,-73.857277964175,2016-06-13,2016-06-13,2026-08-24,19698,high_sustained,2016
4486,"WHITE PLAINS RD AND UNIONPORT RD, NEW YORK, NY",Speed,36,40.842490005699,-73.865141027544,2019-12-09,2019-12-09,2026-08-24,4329,high_sustained,2019
4487,"WHITE PLAINS RD AND WATSON AVE, NEW YORK, NY",Red Light,7,40.8284200173,-73.860672970238,2016-05-30,2016-05-23,2026-07-20,9997,high_sustained,2016
4488,"WHITE PLAINS RD AND WATSON AVE, NEW YORK, NY",Speed,36,40.8284200173,-73.860672970238,2020-10-26,2020-10-26,2026-08-24,16588,high_sustained,2020
4489,"WHITE PLAINS RD C RUGER AVE - MORRIS P, NEW YORK, NY",Speed,36,40.867747564608,-73.86733650916,2023-08-07,2023-08-07,2024-02-26,16,low_fallback,2023
4490,"WHITE PLAINS RD M ORRIS PK AVE - CRUGE, NEW YORK, NY",Speed,36,40.8713531,-73.8670847,2023-08-07,2023-08-07,2024-04-29,19,low_fallback,2023
4491,"WHITE PLAINS RD. BRUCKNER BLVD -GLEAS, NEW YORK, NY",Speed,36,40.867747564608,-73.86733650916,2019-05-06,2019-05-06,2020-08-24,209,low_fallback,2019
4492,"WHITE PLAINS RD. GLEASON AV - BRUCKNE, NEW YORK, NY",Speed,36,40.867747564608,-73.86733650916,2020-02-24,2020-02-10,2020-09-14,90,high_sustained,2020
4493,"WHITE PLAINS RD. MAGENTA ST- E213 ST, NEW YORK, NY",Speed,36,40.881661,-73.863574,2017-01-02,2017-01-02,2018-12-10,3,low_fallback,2017
4494,"WHITE PLAINS RD.M ORRIS PK AV - UNIONP, NEW YORK, NY",Speed,36,40.82965974474,-73.861238279387,2019-02-11,2019-02-11,2019-10-21,72,low_fallback,2019
4495,"WHITE PLAINS RD.U NIONPORT RD - MORRIS, NEW YORK, NY",Speed,36,40.82965974474,-73.861238279387,2019-04-15,2019-04-15,2019-05-27,12,low_fallback,2019
4496,"WHITESTONE EXPWY AND 25TH RD, NEW YORK, NY",Speed,36,40.77597201838,-73.827770982789,2023-09-04,2023-09-04,2026-08-24,98524,high_sustained,2023
4497,"WHITESTONE EXPWY AND FARRINGTON ST, NEW YORK, NY",Speed,36,40.770428981991,-73.834238040184,2022-07-18,2022-06-27,2026-08-24,32404,high_sustained,2022
4498,"WHITESTONE EXPWY AND LINDEN PL, NEW YORK, NY",Red Light,7,40.771603999087,-73.833502025266,2026-03-16,2026-01-19,2026-07-20,730,high_sustained,2026
4499,"WHITESTONE EXPWY AND ULMER ST, NEW YORK, NY",Speed,36,40.770533001409,-73.835546958184,2022-08-29,2022-08-29,2026-08-24,9152,high_sustained,2022
4500,"WHITESTONE EXPWY SVC RD AND 20TH AVE, NEW YORK, NY",Red Light,7,40.781715717531,-73.825686738745,2016-05-30,2016-05-23,2026-07-20,53050,high_sustained,2016
4501,"WILCOX ST ELEANOR PL - SUMMERFIELD PL, NEW YORK, NY",Speed,36,40.625703673531,-74.160346762375,2023-04-03,2023-04-03,2025-03-10,29,low_fallback,2023
4502,"WILCOX ST SUMMERF IELD PL - ELEANOR PL, NEW YORK, NY",Speed,36,40.625703673531,-74.160346762375,2023-01-23,2023-01-23,2023-05-15,17,low_fallback,2023
4503,"WILD AVE AND BERESF ORD AVE, NEW YORK, NY",Speed,36,40.588461719727,-74.190089895478,2023-06-19,2020-12-28,2025-02-17,309,high_sustained,2023
4504,"WILDER AVE AND AMBE R ST, NEW YORK, NY",Speed,36,40.568266990859,-74.133844978238,2023-04-17,2023-04-17,2026-08-24,6419,high_sustained,2023
4505,"WILDER AVE AND ARDS LEY ST, NEW YORK, NY",Speed,36,40.571702397695,-74.134388879935,2020-04-27,2020-04-27,2023-02-27,2127,high_sustained,2020
4506,"WILLETS POINT BLV D AND 147TH ST, NEW YORK, NY",Speed,36,40.776648018871,-73.819660988552,2019-08-26,2019-08-26,2026-08-24,9934,high_sustained,2019
4507,"WILLETS POINT BLV D AND 150TH ST, NEW YORK, NY",Speed,36,40.776994987753,-73.814788001503,2025-03-03,2025-01-06,2026-08-24,704,high_sustained,2025
4508,"WILLETS POINT BLV D AND 16TH RD, NEW YORK, NY",Speed,36,40.783633999891,-73.79854898611,2020-10-26,2020-10-26,2022-11-28,9629,high_sustained,2020
4509,"WILLETS POINT BLV D AND 17TH AVE, NEW YORK, NY",Speed,36,40.782980001896,-73.799365970213,2021-11-01,2021-11-01,2026-08-24,22403,high_sustained,2021
4510,"WILLIAMS AV GLENW OOD RD - WILL PL, NEW YORK, NY",Speed,36,40.676965099543,-73.900917751038,2016-07-25,2016-06-13,2018-05-28,5084,high_sustained,2016
4511,"WILLIAMS AV WILL PL - GLENWOOD RD, NEW YORK, NY",Speed,36,40.643375588219,-73.905026091714,2016-08-01,2016-08-01,2018-10-22,270,low_fallback,2016
4512,"WILLIAMS AVE AND WO RTMAN AVE, NEW YORK, NY",Speed,36,40.67659801835,-73.900870985305,2019-08-05,2019-08-05,2026-08-24,30999,high_sustained,2019
4513,"WILLIAMS AVE AND WO RTMAN ST, NEW YORK, NY",Speed,36,40.676965099543,-73.900917751038,2018-11-26,2018-11-26,2019-08-05,8447,high_sustained,2018
4514,"WILLIAMSBRDG RD. PIERCE AV- RHNLNDR A, NEW YORK, NY",Speed,36,40.868704979321,-73.863960398008,2016-07-25,2016-06-20,2018-10-22,3511,high_sustained,2016
4515,"WILLIAMSBRDG RD. PIERCE AV- ST RYMND, NEW YORK, NY",Speed,36,40.868704979321,-73.863960398008,2016-11-14,2016-11-14,2018-06-18,34,low_fallback,2016
4516,"WILLIAMSBRDG RD. RHNLNDR AV- PIERCE A, NEW YORK, NY",Speed,36,40.868704979321,-73.863960398008,2016-07-25,2016-07-25,2026-08-10,789,high_sustained,2016
4517,"WILLIAMSBRDG RD. ST RYMND AV- PIERCE, NEW YORK, NY",Speed,36,40.868704979321,-73.863960398008,2016-10-10,2016-10-10,2018-12-10,45,low_fallback,2016
4518,"WILLIAMSBRIDGE RD AND MORRIS PARK AVE, NEW YORK, NY",Red Light,7,40.850306004682,-73.851369979722,2026-01-26,2026-01-26,2026-07-20,852,high_sustained,2026
4519,"WILLIAMSBRIDGE RD AND NEILL AVE, NEW YORK, NY",Speed,36,40.854206984329,-73.854411018013,2024-12-30,2024-12-30,2026-08-24,2658,high_sustained,2024
4520,"WILLIAMSBRIDGE RD AND PAULDING AVE, NEW YORK, NY",Speed,36,40.864287983097,-73.858735996233,2021-07-26,2021-07-26,2026-08-24,9125,high_sustained,2021
4521,"WILLIAMSBRIDGE RD AND PELHAM PKWY N, NEW YORK, NY",Red Light,7,40.858123009493,-73.856650997818,2026-04-27,2026-04-27,2026-07-20,1156,high_sustained,2026
4522,"WILLIAMSBRIDGE RD AND PELHAM PKWY N, NEW YORK, NY",Speed,36,40.858123009493,-73.856650997818,2019-01-21,2019-01-21,2026-08-24,6862,high_sustained,2019
4523,"WILLIAMSBRIDGE RD AND VAN NEST AVE, NEW YORK, NY",Speed,36,40.849000984267,-73.850347974268,2018-11-19,2018-11-19,2026-08-17,40337,high_sustained,2018
4524,"WILLIAMSBURG ST AND FLUSHING AVE, NEW YORK, NY",Red Light,7,40.698062018816,-73.962818781828,2016-05-23,2016-05-23,2026-07-20,67395,high_sustained,2016
4525,"WILLIAMSBURG ST W AND WYTHE AVE, NEW YORK, NY",Red Light,7,40.701658986836,-73.961452028696,2026-02-02,2026-02-02,2026-07-20,2436,high_sustained,2026
4526,"WILLIS AV. E136 S T - E146 ST, NEW YORK, NY",Speed,36,40.808765579069,-73.92307087106,2017-07-24,2016-06-20,2019-07-29,692,high_sustained,2017
4527,"WILLIS AV. E146 S T - E136 ST, NEW YORK, NY",Speed,36,40.808765579069,-73.92307087106,2016-10-03,2016-10-03,2019-06-17,48,low_fallback,2016
4528,"WILLIS AVE AND E 13 6TH ST, NEW YORK, NY",Speed,36,40.807828614864,-73.923914178239,2020-08-31,2020-08-31,2026-08-24,2573,high_sustained,2020
4529,"WILLIS AVE AND E 13 8TH ST, NEW YORK, NY",Speed,36,40.809108992484,-73.922892005147,2022-01-03,2022-01-03,2023-05-29,43,low_fallback,2022
4530,"WILLMOHR ST AND E 9 8TH ST, NEW YORK, NY",Red Light,7,40.658407989265,-73.915611986963,2026-02-02,2026-01-26,2026-07-20,562,high_sustained,2026
4531,"WILLMSBRDG RD. LY DIG AV - WARING AV, NEW YORK, NY",Speed,36,40.861337889545,-73.866629990243,2016-09-19,2016-09-19,2019-01-07,553,low_fallback,2016
4532,"WILLMSBRDG RD. WA RING AV - LYDIG AV, NEW YORK, NY",Speed,36,40.855506545129,-73.855179461765,2016-09-05,2016-09-05,2018-12-10,16,low_fallback,2016
4533,"WILLOGHBY AV CLAS SON AV - BEDFORD AV, NEW YORK, NY",Speed,36,40.693835379491,-73.95600938316,2018-08-06,2018-08-06,2018-09-03,3,low_fallback,2018
4534,"WILLOUGHBY AVE AND LEWIS AVE, NEW YORK, NY",Speed,36,40.695221014645,-73.937501997658,2021-11-29,2021-11-29,2026-08-17,1910,high_sustained,2021
4535,"WILLOW RD E AND FOR EST AVE, NEW YORK, NY",Speed,36,40.62400516939,-74.146061440471,2021-10-11,2021-10-11,2026-08-24,10899,high_sustained,2021
4536,"WILLOW RD E AND HOM E PL, NEW YORK, NY",Speed,36,40.62400516939,-74.146061440471,2023-08-28,2023-08-28,2026-08-24,39843,high_sustained,2023
4537,"WILLOW RD E. NINA AV - CASWELL AV, NEW YORK, NY",Speed,36,40.62400516939,-74.146061440471,2022-01-10,2022-01-10,2023-08-28,367,low_fallback,2022
4538,"WILLOW RD W AND FOR EST AVE, NEW YORK, NY",Speed,36,40.626951308097,-74.146030084161,2021-09-27,2021-09-27,2026-08-24,98618,high_sustained,2021
4539,"WILLOWBRK RD. COL LEGE CT- FORST AV, NEW YORK, NY",Speed,36,40.603200796548,-74.141204261749,2020-08-17,2020-08-17,2024-10-28,20,low_fallback,2020
4540,"WILLOWBRK RD. FOR ST AV- COLLEGE CT, NEW YORK, NY",Speed,36,40.603200796548,-74.141204261749,2018-01-01,2018-01-01,2025-07-14,9,low_fallback,2018
4541,"WILLOWBROOK RD AND BIRCHARD AVE, NEW YORK, NY",Speed,36,40.603472995853,-74.135226986434,2020-10-26,2020-10-26,2026-08-24,7927,high_sustained,2020
4542,"WILLOWBROOK RD BI RCHARD AV - FOREST H, NEW YORK, NY",Speed,36,40.603200796548,-74.141204261749,2016-09-12,2016-09-12,2020-09-14,1156,high_sustained,2016
4543,"WILLOWBROOK RD F OREST HILL RD - BIRC, NEW YORK, NY",Speed,36,40.603200796548,-74.141204261749,2017-04-24,2016-06-20,2020-08-24,930,high_sustained,2017
4544,"WILSON AVE AND HALS EY ST, NEW YORK, NY",Red Light,7,40.691502006115,-73.909552960614,2026-06-01,2026-06-01,2026-07-20,287,high_sustained,2026
4545,"WILSON AVE AND NOLL ST, NEW YORK, NY",Speed,36,40.703479494296,-73.930605870639,2022-08-29,2020-06-01,2024-03-25,360,high_sustained,2022
4546,"WILSON AVE AND SEXT ON PL, NEW YORK, NY",Speed,36,40.867575994165,-73.849037966621,2020-03-02,2020-02-24,2025-03-31,349,high_sustained,2020
4547,"WILSON AVE AND SUYD AM ST, NEW YORK, NY",Speed,36,40.700477012759,-73.92533901796,2020-11-02,2020-11-02,2023-07-24,73,low_fallback,2020
4548,"WILSON AVE AND WILL OUGHBY AVE, NEW YORK, NY",Speed,36,40.700909979968,-73.926078972372,2020-03-30,2020-03-30,2020-10-19,144,high_sustained,2020
4549,"WILSON AVE. GROVE ST- STCKHLM ST, NEW YORK, NY",Speed,36,40.871880479549,-73.848852735421,2018-02-26,2018-02-26,2018-07-23,16,low_fallback,2018
4550,"WILSON AVE. STCKH LM ST- GROVE ST, NEW YORK, NY",Speed,36,40.871880479549,-73.848852735421,2016-08-01,2016-08-01,2018-07-30,9,low_fallback,2016
4551,"WINANT AVE AND MCBA INE AVE, NEW YORK, NY",Speed,36,40.542872003532,-74.215284974415,2019-12-30,2019-12-30,2022-09-26,2151,high_sustained,2019
4552,"WINCHESTER BLVD AND 221ST ST, NEW YORK, NY",Speed,36,40.724228015507,-73.736071034212,2021-08-30,2021-08-30,2026-08-24,2930,high_sustained,2021
4553,"WINCHESTER BLVD AND 236TH ST, NEW YORK, NY",Speed,36,40.735312998637,-73.734915002126,2020-12-28,2020-12-28,2026-08-24,19064,high_sustained,2020
4554,"WINCHESTER BLVD AND 87TH AVE, NEW YORK, NY",Speed,36,40.731045981278,-73.736325005878,2020-08-31,2020-08-31,2026-08-24,6505,high_sustained,2020
4555,"WINCHESTER BLVD AND EDMORE AVE, NEW YORK, NY",Speed,36,40.724137993867,-73.736039015342,2021-08-30,2021-08-30,2024-06-24,772,high_sustained,2021
4556,"WINDSOR PL. PROSP ECT PK SW - 10 AVE, NEW YORK, NY",Speed,36,40.660439762594,-73.979038099749,2023-05-15,2023-05-15,2023-05-15,2,low_fallback,2023
4557,"WINTHROP ST AND BRO OKLYN AVE, NEW YORK, NY",Speed,36,40.65743799352,-73.945089966964,2021-11-29,2021-11-29,2026-08-24,9036,high_sustained,2021
4558,"WINTHROP ST AND E 9 4TH ST, NEW YORK, NY",Speed,36,40.661204988445,-73.924323969485,2022-10-10,2022-09-26,2026-08-24,1047,high_sustained,2022
4559,"WINTHROP ST. REMS EN AV- UTICA AV, NEW YORK, NY",Speed,36,40.658021248345,-73.935567022537,2022-12-12,2022-12-12,2026-01-05,7,low_fallback,2022
4560,"WINTHROP ST. UTIC A AV- REMSEN AV, NEW YORK, NY",Speed,36,40.658021248345,-73.935567022537,2017-05-08,2017-05-08,2024-03-25,37,low_fallback,2017
4561,"WOODHAVEN BLVD AND 101ST AVE, NEW YORK, NY",Red Light,7,40.684196004031,-73.846255007128,2025-09-01,2025-09-01,2026-07-20,345,high_sustained,2025
4562,"WOODHAVEN BLVD AND 101ST AVE, NEW YORK, NY",Speed,36,40.684196004031,-73.846255007128,2020-03-30,2020-03-30,2026-08-24,28640,high_sustained,2020
4563,"WOODHAVEN BLVD AND 62ND RD, NEW YORK, NY",Red Light,7,40.726148016158,-73.870308973766,2016-05-30,2016-05-30,2026-07-20,19329,high_sustained,2016
4564,"WOODHAVEN BLVD AND 65TH AVE, NEW YORK, NY",Speed,36,40.720045990646,-73.865142033373,2016-09-05,2016-09-05,2026-08-24,123400,high_sustained,2016
4565,"WOODHAVEN BLVD AND 81ST AVE, NEW YORK, NY",Speed,36,40.704972981804,-73.857576024652,2020-12-28,2020-12-28,2026-08-24,66854,high_sustained,2020
4566,"WOODHAVEN BLVD AND 88TH AVE, NEW YORK, NY",Speed,36,40.69238801519,-73.851705004392,2019-07-08,2019-07-08,2026-08-24,81539,high_sustained,2019
4567,"WOODHAVEN BLVD AND 92ND AVE, NEW YORK, NY",Speed,36,40.689107003011,-73.849827960995,2023-09-18,2023-09-18,2026-08-24,1778,high_sustained,2023
4568,"WOODHAVEN BLVD AND 93RD AVE, NEW YORK, NY",Speed,36,40.688532004453,-73.849397969362,2023-09-04,2023-09-04,2026-08-24,638,high_sustained,2023
4569,"WOODHAVEN BLVD AND ATLANTIC AVE, NEW YORK, NY",Red Light,7,40.68815398062,-73.849093035725,2016-06-06,2016-05-30,2021-07-12,2437,high_sustained,2016
4570,"WOODHAVEN BLVD AND DANA CT, NEW YORK, NY",Speed,36,40.723210997285,-73.868311985335,2024-02-26,2024-02-26,2026-08-24,18966,high_sustained,2024
4571,"WOODHAVEN BLVD AND FURMANVILLE AVE, NEW YORK, NY",Red Light,7,40.720261992291,-73.865584011127,2016-05-30,2016-05-30,2026-07-20,7572,high_sustained,2016
4572,"WOODHAVEN BLVD AND FURMANVILLE AVE, NEW YORK, NY",Speed,36,40.720261992291,-73.865584011127,2016-07-04,2016-06-13,2026-08-24,80429,high_sustained,2016
4573,"WOODHAVEN BLVD AND JAMAICA AVE, NEW YORK, NY",Red Light,7,40.69356102063,-73.852402965469,2016-06-20,2016-05-23,2026-07-20,5025,high_sustained,2016
4574,"WOODHAVEN BLVD AND METROPOLITAN AVE, NEW YORK, NY",Red Light,7,40.711870617565,-73.859864787133,2026-03-09,2026-01-05,2026-07-20,1503,high_sustained,2026
4575,"WOODHAVEN BLVD AND MYRTLE AVE, NEW YORK, NY",Red Light,7,40.702595999792,-73.855377032354,2026-01-12,2026-01-05,2026-07-20,2556,high_sustained,2026
4576,"WOODHAVEN BLVD AND ROCKAWAY BLVD, NEW YORK, NY",Red Light,7,40.68071868768,-73.84481088903,2016-05-23,2016-05-23,2026-07-13,5271,high_sustained,2016
4577,"WOODHAVEN BLVD AND UNION TPKE, NEW YORK, NY",Red Light,7,40.705556990907,-73.858426033453,2016-05-30,2016-05-23,2026-07-20,10791,high_sustained,2016
4578,"WOODHAVEN BLVD AND UNION TPKE, NEW YORK, NY",Speed,36,40.705556990907,-73.858426033453,2020-09-28,2020-09-28,2026-08-24,63328,high_sustained,2020
4579,"WOODHAVEN BLVD AND YELLOWSTONE BLVD, NEW YORK, NY",Red Light,7,40.714000710619,-73.859751799079,2016-05-30,2016-05-30,2026-07-20,31384,high_sustained,2016
4580,"WOODHAVEN BLVD. 8 8 AV- 89 AV, NEW YORK, NY",Speed,36,40.791322761584,-73.825341991068,2019-10-28,2019-10-28,2019-10-28,13,low_fallback,2019
4581,"WOODHVN BLVD. 103 AV- 101 AV, NEW YORK, NY",Speed,36,40.704023829141,-73.85614772447,2017-01-16,2017-01-16,2019-07-01,59,low_fallback,2017
4582,"WOODROW RD AND BALL ARD AVE, NEW YORK, NY",Speed,36,40.545499017716,-74.193813975059,2025-06-23,2025-06-23,2026-08-24,822,high_sustained,2025
4583,"WOODROW RD AND BOUL DER ST, NEW YORK, NY",Speed,36,40.544383218765,-74.195869804451,2023-09-11,2023-09-11,2025-06-09,1437,high_sustained,2023
4584,"WOODROW RD AND POWE LL ST, NEW YORK, NY",Speed,36,40.542970616623,-74.199543173518,2020-04-27,2020-04-27,2026-08-24,9707,high_sustained,2020
4585,"WOODROW RD AND WINA NT AV, NEW YORK, NY",Speed,36,40.54144900783,-74.21477200194,2021-05-31,2021-05-24,2026-08-24,2071,high_sustained,2021
4586,"WOODROW RD AND WINA NT AVE, NEW YORK, NY",Speed,36,40.54144900783,-74.21477200194,2022-10-03,2022-10-03,2025-02-24,651,high_sustained,2022
4587,"WOODROW RD. BLMNG DALE RD- HELIOS PL, NEW YORK, NY",Speed,36,40.541217532232,-74.217268027817,2016-07-04,2016-06-20,2018-09-17,1206,high_sustained,2016
4588,"WOODROW RD. HELIO S PL- BLMNGDALE RD, NEW YORK, NY",Speed,36,40.541217532232,-74.217268027817,2016-07-18,2016-06-13,2020-03-16,759,high_sustained,2016
4589,"WOODRW RD. BALLRD AV-ELLSWRTH AV, NEW YORK, NY",Speed,36,40.541217532232,-74.217268027817,2016-10-17,2016-10-17,2018-10-29,152,low_fallback,2016
4590,"WOODRW RD. ELLSWR TH AV- BALLRD AV, NEW YORK, NY",Speed,36,40.541217532232,-74.217268027817,2016-06-20,2016-06-20,2018-05-14,156,low_fallback,2016
4591,"WOODS OF ARDEN RD AND NOEL ST, NEW YORK, NY",Speed,36,40.533168986688,-74.161527973675,2021-05-24,2021-05-24,2026-08-24,4960,high_sustained,2021
4592,"WOODS OF ARDEN RD AND SHIRLEY AVE, NEW YORK, NY",Speed,36,40.533865019928,-74.162307993584,2020-11-30,2020-11-30,2025-02-17,1032,high_sustained,2020
4593,"WOODSIDE AV. 69 S T - 75 ST, NEW YORK, NY",Speed,36,40.605791666577,-73.971652435044,2018-12-17,2018-12-17,2020-01-06,7,low_fallback,2018
4594,"WOODSIDE AV. 75 S T - 69 ST, NEW YORK, NY",Speed,36,40.605797818216,-73.971596867591,2018-09-17,2018-09-17,2019-12-09,10,low_fallback,2018
4595,"WOODSIDE AVE AND 68 TH ST, NEW YORK, NY",Speed,36,40.742902015682,-73.896609961007,2020-04-27,2020-04-27,2025-01-27,1561,high_sustained,2020
4596,"WOODWARD AVE AND HA RT ST, NEW YORK, NY",Speed,36,40.710092983539,-73.914515969304,2022-01-03,2022-01-03,2026-08-17,4068,high_sustained,2022
4597,"WOOLLEY AVE AND DAW SON ST, NEW YORK, NY",Speed,36,40.604471992983,-74.140604983149,2020-01-27,2020-01-27,2026-08-24,11263,high_sustained,2020
4598,"WYTHE AVE AND WILSO N ST, NEW YORK, NY",Speed,36,40.703683006905,-73.965052978119,2024-01-29,2024-01-29,2026-08-24,2165,high_sustained,2024
4599,"YELLOWSTONE BLVD AND 65TH RD, NEW YORK, NY",Speed,36,40.730278995228,-73.850795986993,2020-04-27,2020-04-27,2026-08-24,3088,high_sustained,2020
4600,"YORK AV. E74 ST - E81 ST, NEW YORK, NY",Speed,36,40.766850255043,-73.953747249636,2017-01-09,2016-09-05,2021-05-24,277,high_sustained,2017
4601,"YORK AV. E81 ST - E74 ST, NEW YORK, NY",Speed,36,40.766850255043,-73.953747249636,2018-11-05,2018-11-05,2021-06-21,15,low_fallback,2018
4602,"YORK AVE AND CARLYL E ST, NEW YORK, NY",Speed,36,40.642033019402,-74.087705032009,2024-03-25,2024-03-25,2026-08-24,1502,high_sustained,2024
4603,"YORK AVE AND E 7 9TH ST, NEW YORK, NY",Red Light,7,40.771393990503,-73.950438962295,2016-05-30,2016-05-23,2026-07-20,9473,high_sustained,2016
4604,"YORK AVE AND E 84TH ST, NEW YORK, NY",Speed,36,40.774616999912,-73.948093035234,2021-06-28,2021-06-28,2026-08-24,5674,high_sustained,2021
4605,"ZEREGA AV. ELLIS AV - TRATMAN AV, NEW YORK, NY",Speed,36,40.838972745273,-73.845765054963,2018-04-23,2018-04-23,2020-02-03,72,low_fallback,2018
4606,"ZEREGA AV. TRATMA N AV - ELLIS AV, NEW YORK, NY",Speed,36,40.838972745273,-73.845765054963,2018-06-04,2018-06-04,2020-01-06,122,low_fallback,2018
4607,"ZEREGA AVE AND GLEA SON AVE, NEW YORK, NY",Speed,36,40.832759999127,-73.844919015581,2025-06-30,2025-06-30,2026-08-24,749,high_sustained,2025
4608,"ZEREGA AVE AND LAFA YETTE AVE, NEW YORK, NY",Speed,36,40.824079993565,-73.8429090352,2021-06-28,2021-06-28,2026-08-24,5623,high_sustained,2021
4609,"ZEREGA AVE AND WATE RBURY AVE, NEW YORK, NY",Speed,36,40.834935019182,-73.845429976399,2020-02-24,2020-02-24,2025-05-26,2996,high_sustained,2020
