Clean_Intersection,Ticket_Count,Latitude,Longitude
"N CONDUIT AVE AND 88TH ST, NYC",213638,40.670774984486,-73.847876989212
"N CONDUIT AVE AND SPRINGFIELD BLVD, NYC",65728,40.666449000438,-73.757730039655
"BRUCKNER BLVD AND WHITE PLAINS RD, NYC",59848,40.825615013403,-73.859418031694
"QUEENS MIDTOWN EXPWY AND 69TH LN, NYC",47034,40.725085987116,-73.892485980826
"CROSS BAY BLVD AND 159TH AVE, NYC",37215,40.659176986971,-73.839968998842
"ASTORIA BLVD N AND 42ND ST, NYC",33971,40.76906298323,-73.907990992958
"CYPRESS HILLS ST AND JAMAICA AVE, NYC",31953,40.688544283942,-73.875761737058
"BRUCKNER BLVD AND E149TH ST, NYC",30672,40.809445986901,-73.903015998147
"N CONDUIT AVE AND 127TH ST, NYC",29577,40.667027016481,-73.813275989989
"NORTHERN BLVD AND ALAMEDA AVE, NYC",29359,40.764871989733,-73.745712988892
"WHITESTONE EXPWY AND 25TH RD, NYC",28337,40.77597201838,-73.827770982789
"MACDONOUGH PL AND GRISWOLD AVE, NYC",28095,40.844300999699,-73.825077039108
"HORACE HARDING EXPRESSWAY AND PECK AVE, NYC",26595,40.742365992974,-73.782272000696
"SHORE PKWY AND KNAPP ST, NYC",26397,40.585830011678,-73.931411958268
"GOETHALS RD N AND JULES DR, NYC",26294,40.619989997065,-74.164780990297
"ROCKAWAY PKWY AND SCHENCK ST, NYC",26051,40.631410004865,-73.887151989102
"LINDEN BLVD AND AMBER ST, NYC",25051,40.670285020336,-73.858205002667
"NEW ENGLAND THRUWAY AND REEDS MILL LN, NYC",25030,40.880441985037,-73.831948481422
"CROSS ISLAND PKWY AND 165TH ST, NYC",24996,40.786239011579,-73.797833003941
"WEST ST AND W 11THST, NYC",24425,40.735312998637,-74.009965981361
"CONDUIT BLVD AND GLENMORE AVE, NYC",22346,40.677156001645,-73.868849013871
"CROSS BRONX EXPWYEXT. AND LAFAYETTE AV, NYC",21312,40.826995009941,-73.830763992775
"N. CONDUIT BLVD AND 76TH ST, NYC",21279,40.674795992987,-73.860359989973
"S CONDUIT AVE AND 79TH ST, NYC",20072,40.673615988658,-73.857186014698
"E 135TH ST AND ALEXANDER AVE, NYC",19909,40.808171015609,-73.926531008411
"ATLANTIC AVE AND CLASSON AVE, NYC",19785,40.679893992227,-73.958273024279
"SHORE PKWY AND OCEAN PKWY, NYC",19406,40.583374994147,-73.96699900458
"PARK LANE SOUTH AND MAYFAIR RD, NYC",18554,40.705622998395,-73.8378499699
"HYLAN BLVD AND CULOTTA LN, NYC",17974,40.508151017366,-74.227658004606
"ASTORIA BLVD S AND 77TH ST, NYC",17809,40.76573100908,-73.891878041388
"FLATBUSH AVE AND OCEAN AVE, NYC",17619,40.663083498675,-73.96239096949
"E 233RD ST AND KATONAH AVE, NYC",17463,40.896077985361,-73.866918996846
"CROSS BAY BLVD AND SUTTER AVE, NYC",16400,40.67679801056,-73.843870020399
"BEACH CHANNEL DR AND B 135TH ST, NYC",16245,40.58993400102,-73.804583034387
"MAIN ST AND 82ND DR, NYC",16215,40.713478979056,-73.81683301824
"QUEENS BLVD AND 72ND RD, NYC",16213,40.720189991742,-73.840636030697
"QUEENS BLVD AND 66TH RD, NYC",16138,40.727579016577,-73.85480002214
"BRUCKNER BLVD AND WATERBURY AVE, NYC",15942,40.838744007442,-73.82590098019
"FDR DR AND E HOUSTON ST, NYC",15689,40.718869087621,-73.974806412111
"NORTHERN BLVD AND 248TH ST, NYC",15555,40.766904685072,-73.739318602597
"BRUCKNER BLVD AND FTELEY AVE, NYC",15479,40.824449006852,-73.870423973478
"ADAMS ST AND JOHNSON ST, NYC",15251,40.695035020213,-73.989011977794
"FRANCIS LEWIS BLVD AND 128TH AVE, NYC",15014,40.683439998274,-73.734707969117
"HORACE HARDING EXPWY AND 250TH ST, NYC",14989,40.761267980915,-73.731325032996
"LINDEN BLVD AND MILFORD ST, NYC",14538,40.666091009353,-73.873591997602
"BROOKVILLE BLVD AND 128TH AVE, NYC",14210,40.681708003712,-73.727123017296
"SEDGWICK AVE AND SAXON AVE, NYC",14015,40.882600010784,-73.890318001569
"SEAGIRT BLVD AND B11TH ST, NYC",13649,40.78791901959,-73.837574903435
"GRAND CONCOURSE AND E 188TH ST, NYC",13363,40.861295015021,-73.89754202864
"ATLANTIC AVE AND 132ND ST, NYC",13350,40.696428008702,-73.817062011835
"S CONDUIT AVE AND SPRINGFIELD BLVD, NYC",13110,40.665649995518,-73.758242006301
"CROSS BRONX EXPWY AND ROSEDALE AVE, NYC",13002,40.836315979639,-73.869993981845
"HORACE HARDING EXPWY AND SPRINGFIELD BL, NYC",12989,40.749584990903,-73.756994024737
"WOODHAVEN BLVD AND 65TH AVE, NYC",12787,40.720045990646,-73.865142033373
"HYLAN BLVD AND AINSWORTH AVE, NYC",12785,40.550461020577,-74.136121000227
"WEST ST AND LEROY ST, NYC",12672,40.730556017128,-74.010404019621
"BEACH CHANNEL DR AND B 140TH ST, NYC",12618,40.58993400102,-73.804583034387
"COMMONWEALTH BLVD AND 246TH ST, NYC",12419,40.732872020794,-73.721135991496
"ATLANTIC AVE AND CLERMONT AVE, NYC",12336,40.681945002024,-73.968730035223
"ATLANTIC AVE AND PENNSYLVANIA AVE, NYC",12322,40.675783003995,-73.896890000392
"OCEAN PKWY AND ELMWOOD AVE, NYC",12199,40.627578008281,-73.971184005016
"12TH AVE AND 23RD ST, NYC",12181,40.749331019236,-74.008176025938
"W 57TH ST AND 10THAVE, NYC",12132,40.76913221775,-73.988563965069
"LINDEN BLVD AND EMERALD ST, NYC",11740,40.670149987876,-73.859170011179
"EASTERN PKWY AND TRUXTON ST, NYC",11606,40.678382986541,-73.907687987158
"ATLANTIC AVE AND HINSDALE ST, NYC",11588,40.675543700659,-73.901633319399
"LINDEN BLVD AND ROCKAWAY AVE, NYC",11565,40.65489199043,-73.90696496419
"OLD FULTON ST AND HENRY ST, NYC",11360,40.700977999112,-73.991287999782
"12TH AVE AND W 57TH ST, NYC",11340,40.771558988267,-73.994197023098
"UNION TPK AND 235THST, NYC",11305,40.737826982857,-73.736777963926
"FORT HAMILTON PKWY AND BILLS PL, NYC",11256,40.646623997319,-73.983083038583
"QUEENS BLVD AND JACOBUS ST, NYC",10878,40.73857460671,-73.887233461201
"WILLOW RD W AND FOREST AVE, NYC",10791,40.624951999926,-74.146683958427
"WOODHAVEN BLVD AND 88TH AVE, NYC",10736,40.69238801519,-73.851705004392
"FLATBUSH AVE EXT AND BRIDGE ST, NYC",10730,40.697249980037,-73.985021018416
"OCEAN PKWY AND OCEAN CT, NYC",10719,40.590319987661,-73.965594029969
"HYLAN BLVD AND KINGDOM AVE, NYC",10693,40.524639981112,-74.184440995652
"CLASSON AVE AND FLUSHING AVE, NYC",10614,40.698207486746,-73.961894174089
"CADMAN PLAZA AND PROSPECT ST, NYC",10531,40.700736600301,-73.989726702678
"WOODHAVEN BLVD AND 81ST AVE, NYC",10455,40.704972981804,-73.857576024652
"BAY PKWY AND E 2NDST, NYC",10381,40.622072019904,-73.974224959488
"EASTERN PKWY AND BEDFORD AVE, NYC",10274,40.670309998407,-73.955193010138
"OCEAN PKWY AND AVE W, NYC",10231,40.593314003476,-73.964695992863
"OCEAN PKWY AND DITMAS AVE, NYC",10146,40.636122981383,-73.972787966008
"WEST ST AND W THAMES ST, NYC",10133,40.70776599958,-74.015774975538
"OCEAN PKWY AND AVEO, NYC",10096,40.574900668267,-73.968947749134
"HENRY HUDSON PKWYW AND MANHATTAN COLLE, NYC",10020,40.772633033062,-73.993471054792
"HOYT AVE AND 31ST ST, NYC",9993,40.770378020019,-73.917697991206
"PENNSYLVANIA AVE AND SCHROEDERS AVE, NYC",9936,40.647560004446,-73.88153996965
"E TREMONT AVE AND BLONDELL AVE, NYC",9909,40.840638988111,-73.841256962084
"EASTERN PKWY AND BUFFALO AVE, NYC",9763,40.668465309156,-73.925604305195
"MANOR RD AND BRIELLE AVE, NYC",9760,40.598997017648,-74.122867534926
"ATLANTIC AVE AND BEDFORD AVE, NYC",9671,40.678792987335,-73.953013966769
"ASTORIA BLVD S AND 44TH ST, NYC",9625,40.76823799441,-73.907115000257
"OCEAN PKWY AND AVENUE I, NYC",9615,40.626559020312,-73.970997004756
"MCDONALD AVE AND GREENWOOD AVE, NYC",9559,40.649528997321,-73.980711965813
"WOODHAVEN BLVD AND UNION TPKE, NYC",9540,40.705556990907,-73.858426033453
"SHORE PKWY AND BROWN ST, NYC",9480,40.585747994755,-73.937155992695
"QUEENS BLVD AND 39TH ST, NYC",9391,40.743872011427,-73.926192966255
"QUEENS BLVD AND 77TH AVE, NYC",9284,40.71627300266,-73.833383002241
"WOODHAVEN BLVD AND FURMANVILLE AVE, NYC",9202,40.720261992291,-73.865584011127
"S CONDUIT AVE AND SUTTER AVE, NYC",9195,40.674245008581,-73.861797989282
"RALPH AVE AND BEVERLEY RD, NYC",9144,40.646987017545,-73.920190014839
"FRANCIS LEWIS BLVD AND 17TH RD, NYC",9131,40.782642001651,-73.804199981412
"CROPSEY AVE AND HART PL, NYC",9057,40.580654982748,-73.98574873525
"EDGEWATER RD AND SENECA AVE, NYC",9054,40.819415003443,-73.883896960823
"HORACE HARDING EXPWY AND UTOPIA PKWY, NYC",8913,40.739471009345,-73.792834036887
"ASTORIA BLVD AND 110TH ST, NYC",8885,40.760132987406,-73.860344986366
"LINDEN BLVD AND E 94TH ST, NYC",8832,40.654101996056,-73.916354036851
"BAYCHESTER AVE AND DONIZETTI PL, NYC",8705,40.876020007243,-73.83393101107
"BRONX RIVER PKWY OFFRAMP AND BR, NYC",8705,40.872532401319,-73.871474819032
"HYLAN BLVD AND PRINCETON AVE, NYC",8613,40.56594599996,-74.11441899562
"OCEAN PKWY AND AVEK, NYC",8608,40.574900668267,-73.968947749134
"BAYCHESTER AVE AND CRAWFORD AVE, NYC",8559,40.884739994483,-73.840444001295
"BRONX RIVER AVE AND E 174TH ST, NYC",8488,40.834416011737,-73.879345000665
"MCDONALD AVE AND VANDERBILT ST, NYC",8469,40.65159899213,-73.981111028223
"FLATBUSH AVE AND GLENWOOD RD, NYC",8449,40.633941004348,-73.94884396994
"BORDEN AVE AND GREENPOINT AVE, NYC",8441,40.736826015979,-73.931603987669
"HORACE HARDING EXPWY AND 173RD ST, NYC",8385,40.73787155649,-73.796435961593
"CENTRAL PARK WEST AND W 97TH ST, NYC",8319,40.792383994345,-73.964176985419
"PENNSYLVANIA AVE AND HORNELL LOOP, NYC",8289,40.645297980237,-73.879023973774
"RICHMOND RD AND NEW DORP LANE, NYC",8285,40.575848003186,-74.119818030912
"SHELL RD AND BOUCKCT, NYC",8275,40.588722983649,-73.974162011395
"ATLANTIC AVE AND ESSEX ST, NYC",8238,40.678418986815,-73.882823993397
"UNION TPK AND 233RDST, NYC",8223,40.737443007872,-73.738580995118
"ASTORIA BLVD AND 81ST ST, NYC",8047,40.765256006627,-73.888097970694
"GRAND CENTRAL PKWY SVC RD AND 72ND RD, NYC",8022,40.749124992056,-73.72916996187
"THROGS NECK EXPWY AND SCHLEY AVE, NYC",7953,40.826205228122,-73.816473934218
"WHITESTONE EXPWY SVCRD AND 20TH AVE, NYC",7923,40.781715717531,-73.825686738745
"LINDEN BLVD AND HEMLOCK ST, NYC",7785,40.668956991597,-73.867458037039
"WATERS PL AND BRONXSTATE HOSPITAL ENTR, NYC",7783,40.8499096,-73.8385654
"BRUCKNER BLVD AND BROOK AVE, NYC",7729,40.804352010975,-73.921595995278
"FLATBUSH AVE AND E48TH ST, NYC",7727,40.615091990035,-73.928560015712
"DITMARS BLVD AND 31ST DR, NYC",7671,40.761427991447,-73.860527041303
"BAILEY AVE AND W 193RD ST, NYC",7656,40.870797997746,-73.906840995842
"CONDUIT BLVD AND LINCOLN AVE, NYC",7624,40.676720016951,-73.867528025931
"FLATBUSH AVE AND EASTERN PKWY, NYC",7605,40.673099998698,-73.969437970766
"REMSEN AVE AND WINTHROP ST, NYC",7566,40.658650980638,-73.926487003419
"BRUCKNER BLVD AND BRONX RIVER PKWY R, NYC",7549,40.824586009059,-73.872502014913
"CONDUIT BLVD AND LIBERTY AVE, NYC",7539,40.677977009061,-73.872079986088
"3RD AVE AND 41ST ST, NYC",7501,40.652820989794,-74.009497013879
"WEST ST AND W HOUSTON ST, NYC",7497,40.729111605663,-74.010544332681
"VAN WYCK EXPWY AND 102ND AVE, NYC",7463,40.693431981231,-73.811028969386
"TARGEE ST AND FINGERBOARD RD, NYC",7458,40.599279990699,-74.091649974739
"SPRINGFIELD BLVD AND 115TH RD, NYC",7455,40.699562882399,-73.742386630616
"THIRD AVE AND E 137TH ST, NYC",7433,40.810494982084,-73.928045031581
"ATLANTIC AVE AND KINGSTON AVE, NYC",7387,40.678094020429,-73.941372006173
"WILLIAMSBURG ST AND FLUSHING AVE, NYC",7379,40.698062018816,-73.962818781828
"PENNSYLVANIA AVE AND SEAVIEW AVE, NYC",7356,40.64395591181,-73.877571892868
"EASTERN PKWY AND TROY AVE, NYC",7326,40.668882015473,-73.936674033262
"BRUCKNER BLVD AND E 138TH ST, NYC",7296,40.804710002059,-73.91247497588
"VICTORY BLVD AND MORANI ST, NYC",7195,40.608092011236,-74.157374992109
"SO CONDUIT AVE AND 89TH ST, NYC",7169,40.669570211633,-73.846365564431
"HORACE HARDING EXPWY AND 108TH ST, NYC",7115,40.73768298176,-73.852103982983
"HORACE HARDING EXPWY AND 159TH ST, NYC",7107,40.73829498642,-73.809420985081
"RODNEY ST AND AINSLIE ST, NYC",7101,40.713124005456,-73.953476983101
"UNION TPKE AND KENTST, NYC",7099,40.727514014918,-73.786163969797
"FLATBUSH AVE AND DEAN ST, NYC",7080,40.681814998706,-73.975820035662
"NORTHERN BLVD AND DOUGLASTON PKWY, NYC",7079,40.76534581872,-73.744281359829
"NORTHERN BLVD AND 41ST ST, NYC",7039,40.752695515171,-73.922941458376
"W FORDHAM RD AND LANDING RD, NYC",7037,40.86219799745,-73.910012959461
"QUEENS BLVD AND 87TH AVE, NYC",7026,40.706333993332,-73.816810973835
"LINDEN BLVD AND LOGAN ST, NYC",7021,40.666428003771,-73.872755986579
"4TH AVE AND 18THST, NYC",6996,40.664448994521,-73.994013040324
"PENNSYLVANIA AVE AND LINDEN BLVD, NYC",6973,40.658685011165,-73.890809013457
"OCEAN PKWY AND PARKWAY CT, NYC",6965,40.589607986896,-73.965755968339
"CLARKE AVE AND MCKINLEY AVE, NYC",6940,40.568428007219,-74.141300010561
"ROCKAWAY BEACH BLVD AND SEA GRASS LN, NYC",6921,40.591649692781,-73.792230623677
"HYLAN BLVD AND LUTEN AVE, NYC",6907,40.523165981529,-74.188501021913
"HILLSIDE AVE AND MANOR RD, NYC",6811,40.731213996527,-73.74293598055
"ASTORIA BLVD AND 31ST DR, NYC",6792,40.760406991821,-73.861433041217
"RIVERDALE AVE AND W254TH ST, NYC",6755,40.901697003702,-73.906075979539
"ROCKAWAY BLVD AND BROOKVILLE BLVD, NYC",6731,40.640718988441,-73.74336102686
"THOMSON AVE AND 30TH PL, NYC",6708,40.745069994938,-73.936338002764
"NORTHERN BLVD AND MARATHON PKWY, NYC",6707,40.768396580018,-73.737527725165
"CROSS BAY BLVD AND SHAD CREEK RD, NYC",6657,40.608544005364,-73.819288999689
"FLATBUSH AVE AND SCHENECTADY AVE, NYC",6651,40.61597799911,-73.929551008125
"65TH ST AND 16TH AVE, NYC",6651,40.621993020467,-73.994909987783
"WEST ST AND WARRENST, NYC",6630,40.716506019568,-74.013220003812
"OCEAN PKWY AND 18THAVE, NYC",6616,40.633076997769,-73.97223802934
"OCEAN PKWY AND BEVERLEY RD, NYC",6568,40.643300991805,-73.974161005567
"COMMERCE AVE AND GLEASON AVE, NYC",6565,40.833034003541,-73.842163967826
"EASTERN PKWY AND ROCHESTER AVE, NYC",6564,40.66842000497,-73.928377960775
"ARTHUR KILL RD AND RICHMOND AVE, NYC",6540,40.561075988487,-74.16983200897
"ROCKAWAY BLVD AND 132ND AVE, NYC",6498,40.671560913637,-73.784638714876
"FRANCIS LEWIS BLVD AND STATION RD, NYC",6441,40.761440983397,-73.785230980155
"RIVERDALE AVE AND W261ST ST, NYC",6440,40.910118008456,-73.90322001367
"GRAND CONCOURSE AND E 162ND ST, NYC",6436,40.827677715955,-73.922074182854
"EASTERN PKWY AND RALPH AVE, NYC",6429,40.668133008605,-73.922658988239
"OCEAN PKWY AND BAYPKWY, NYC",6393,40.62614801369,-73.97091100643
"BROADWAY AND W 228TH ST, NYC",6369,40.875576981751,-73.908317971001
"3RD AVE AND 31ST ST, NYC",6359,40.658433009246,-74.003656000832
"JAMAICA AVE AND PENNSYLVANIA AVE, NYC",6340,40.67820478728,-73.897521995892
"SPRINGFIELD BLVD AND 133RD RD, NYC",6335,40.680816001576,-73.752541976866
"NORTHERN BLVD AND 170TH ST, NYC",6231,40.758360005337,-73.796708990725
"NEPTUNE AVE AND W 12TH ST, NYC",6225,40.579437008397,-73.979626006437
"BAY ST AND SWAN ST, NYC",6222,40.635181987023,-74.075552026776
"HYLAN BLVD AND CUNNINGHAM RD, NYC",6075,40.515386462467,-74.224110895284
"BROADWAY AND 252NDST, NYC",6015,40.897881016553,-73.897001982619
"SEAVIEW AVE AND MASON AVE, NYC",6015,40.584734999847,-74.088589993347
"LINDEN BLVD AND FOUNTAIN AVE, NYC",6001,40.666804015947,-73.871985019125
"TRANTOR PL AND DIXON AVE, NYC",5986,40.627637016879,-74.144860978306
"E 177TH ST AND BRONX PARK AVE, NYC",5976,40.838267915341,-73.876661618183
"W 155TH ST AND ST NICHOLAS PL, NYC",5972,40.830374509483,-73.940143470625
"UNION TRPK AND 213TH ST, NYC",5962,40.733876005157,-73.758055006041
"KNAPP ST AND HARKNESS AVE, NYC",5954,40.586354006355,-73.931398966318
"NORTHERN BLVD AND FRANCIS LEWIS BLVD, NYC",5907,40.757830017599,-73.783588965323
"3RD AVE AND 27TH ST, NYC",5900,40.660650986554,-74.00132398773
"S CONDUIT AVE AND 245TH ST, NYC",5897,40.665323981394,-73.734320976648
"LITTLE NECK PKWY AND 82ND DR, NYC",5837,40.738551011653,-73.715186013708
"MIDLAND AVE AND MASON AVE, NYC",5837,40.574772102095,-74.097613615029
"METROPOLITAN AVE AND RENTAR PLAZA, NYC",5752,40.712378602807,-73.893642934921
"OCEAN PKWY AND SHORE PKWY, NYC",5658,40.583374994147,-73.96699900458
"CLOVE RD AND BARD AVE, NYC",5628,40.620771106622,-74.110044396534
"E 222ND ST AND BRUNER AVE, NYC",5576,40.878128013982,-73.840919003748
"W FORDHAM RD AND CEDAR AVE, NYC",5538,40.861713984451,-73.911811967339
"ASTORIA BLVD AND 95TH ST, NYC",5529,40.762900985201,-73.874208989495
"AVE U AND PEARSON ST, NYC",5491,40.61261999915,-73.918344990312
"RESERVOIR AVE AND UNIVERSITY AVE, NYC",5483,40.873763012175,-73.898467977484
"LINDEN BLVD AND LINCOLN AVE, NYC",5471,40.669211005172,-73.865600020562
"GRAND CENTRAL PKWY AND CHEVY CHASE ST, NYC",5468,40.721712019631,-73.779734966243
"LITTLE CLOVE RD AND OTSEGO AVE, NYC",5373,40.611200984852,-74.107667037336
"RIVERDALE AVE AND IRWIN AVE, NYC",5361,40.880439994335,-73.910503971349
"GUN HILL ROAD AND EASTCHESTER RD, NYC",5340,40.868486017393,-73.842415005827
"CROSS ISLAND PKWY AND 233RD ST, NYC",5334,40.694213006969,-73.727385035589
"MEEKER AVE AND LORIMER ST, NYC",5328,40.716907009816,-73.949852983444
"UNION TPKE AND 259TH ST, NYC",5297,40.746635985908,-73.712818964251
"RALPH AVE AND E 65TH ST, NYC",5261,40.621941010757,-73.917520965411
"SOUTHERN BLVD AND E187TH ST, NYC",5254,40.85336200467,-73.881673996282
"MEEKER AVE AND KINGSLAND AVE, NYC",5241,40.722280983218,-73.941089033122
"BEDFORD AVE AND ATLANTIC AVE, NYC",5240,40.678792987335,-73.953013966769
"FLATLANDS AVE AND WILLIAMS AVE, NYC",5229,40.650066989777,-73.891317040609
"NORTHERN BLVD AND 149TH PL, NYC",5228,40.765373981914,-73.81653696942
"RALPH AVE AND BERGEN AVE, NYC",5223,40.629730900111,-73.918288496285
"HUTCHINSON RIVERPKWY AND LAFAYETTE AVE, NYC",5222,40.824980000418,-73.836566868162
"QUEENS MIDTOWN EXPWY AND 43RD ST, NYC",5187,40.735626817092,-73.923064923809
"GRAND CONCOURSE AND E 162 ST, NYC",5179,40.827677715955,-73.922074182854
"12TH AVE AND W 23RDST, NYC",5178,40.749331019236,-74.008176025938
"RUST ST AND 58TH AVE, NYC",5137,40.720948009156,-73.912488973659
"4TH AVE AND 5TH ST, NYC",5116,40.672797998727,-73.986789013253
"65TH ST AND 8TH AVE, NYC",5104,40.632636989761,-74.012540985836
"EASTERN PKWY AND WASHINGTON AVE, NYC",5103,40.671838983275,-73.962612000277
"QUEENS BLVD AND BROADWAY, NYC",5087,40.736805019312,-73.877641965578
"KNAPP ST AND VOORHIES AVE, NYC",5078,40.58813599897,-73.931832981264
"NORTHERN BLVD AND 169TH ST, NYC",5071,40.758679984491,-73.797606022003
"ATLANTIC AVE AND ROCKAWAY AVE, NYC",5063,40.676272004226,-73.910936980467
"LINDEN BLVD AND SCHENCK AVE, NYC",5062,40.661520986194,-73.884201978279
"PENNSYLVANIA AVE AND BLAKE AVE, NYC",5049,40.667821998088,-73.894829980049
"KINGS HWY AND TILDEN AVE, NYC",5033,40.648528994363,-73.924419020267
"ATLANTIC AVE AND RALPH AVE, NYC",5033,40.67702997973,-73.921817026065
"CROPSEY AVE AND BAY47TH ST, NYC",5028,40.587209002388,-73.989061011928
"WOODHAVEN BLVD AND YELLOWSTONE BLVD, NYC",4972,40.714000710619,-73.859751799079
"HILLSIDE AVE AND 250TH ST, NYC",4971,40.735384999186,-73.717432028482
"QUEENS BLVD AND 51ST AVE, NYC",4964,40.737685999245,-73.882482011748
"HILLSIDE AVE AND 192ND ST, NYC",4920,40.716276984064,-73.770080019613
"FLATLANDS AVE AND E37TH ST, NYC",4889,40.618412019973,-73.939722028533
"VAN DAM ST AND 48THAVE, NYC",4882,40.741006993102,-73.934308995462
"ASTORIA BLVD AND STEINWAY ST, NYC",4854,40.769429314309,-73.910277827601
"FARMERS BLVD AND 176TH ST, NYC",4844,40.662178001675,-73.770116983806
"NARROWS RD S AND HYLAN BLVD, NYC",4836,40.605605016745,-74.077873981594
"ATLANTIC AVE AND PINE ST, NYC",4822,40.681471005399,-73.872548031561
"E HOUSTON ST AND AVE C, NYC",4719,40.720777018331,-73.981257040976
"EASTERN PKWY AND CLASSON AVE, NYC",4706,40.671566990517,-73.961272991244
"E GUN HILL RD AND TIEMANN AVE, NYC",4706,40.866126008735,-73.837882994599
"CLOVE RD AND CHESHIRE PL, NYC",4694,40.618260014159,-74.105254977059
"E 80TH ST AND PAERDEGAT 3RD ST, NYC",4671,40.632800017778,-73.910262991632
"164TH ST AND 59TH AVE, NYC",4662,40.740379984835,-73.804592003024
"UNION TPKE AND MAINST, NYC",4643,40.717705008908,-73.817209030416
"UTICA AVE AND AVE O, NYC",4593,40.616616993498,-73.926635027829
"BROOKVILLE BLVD AND 135TH AVE, NYC",4588,40.672197980188,-73.734594981063
"REMSEN AVE AND LENOX RD, NYC",4584,40.655853981458,-73.923374970408
"ROCKAWAY PKWY AND WILLMOHR ST, NYC",4579,40.657835505278,-73.916512873916
"EASTERN PKWY AND HOWARD AVE, NYC",4560,40.669381493083,-73.920077781156
"EASTERN PKWY AND UTICA AVE, NYC",4517,40.668588020219,-73.931142982995
"3RD AVE AND E 135TH ST, NYC",4482,40.809417991345,-73.929631977309
"ELIOT AVE AND 63RDST, NYC",4478,40.715541011056,-73.899272975465
"FLATLANDS AVE AND E52ND ST, NYC",4468,40.627445993306,-73.925847967121
"FRANCIS LEWIS BLVD AND 109TH AVE, NYC",4462,40.70881600059,-73.751895983588
"CONEY ISLAND AVE AND AVE P, NYC",4452,40.609977017441,-73.96243598031
"PELHAM PKWY AND BOSTON RD, NYC",4418,40.857926998687,-73.868184999501
"92ND ST AND BATTERYAVE, NYC",4413,40.615595993873,-74.024829023529
"SHORE RD AND 83RD ST, NYC",4409,40.628024009349,-74.039940002393
"SEAGIRT BLVD AND B30TH ST, NYC",4402,40.596086988503,-73.76301801473
"LINDEN PL AND 28THAVE, NYC",4395,40.772734005364,-73.833964035769
"JOHNSON AVE AND IRWIN AVE, NYC",4394,40.879354998879,-73.912379003089
"UTICA AVE AND AVE L, NYC",4381,40.623566010326,-73.927371964756
"W 96TH ST AND AMSTERDAM AVE, NYC",4376,40.794051993077,-73.9703629976
"FLATBUSH AVE EXT AND CATHEDRAL PL, NYC",4352,40.696764416386,-73.984962093637
"NORTHERN BLVD AND 114TH ST, NYC",4349,40.758365998398,-73.855623041212
"WEST ST AND CARLISLE ST, NYC",4314,40.709431693288,-74.014879788279
"CLEARVIEW EXPWY AND 56TH AVE, NYC",4308,40.748137017129,-73.773951033956
"LINDEN BLVD AND VERMONT ST, NYC",4298,40.659411009708,-73.889097009734
"MAIN ST AND 63RD AVE, NYC",4288,40.739676994616,-73.824847961694
"OCEAN PKWY AND AVES, NYC",4287,40.574900668267,-73.968947749134
"HILLSIDE AVE AND 251ST ST, NYC",4282,40.735583985567,-73.716524016911
"STEUBEN ST AND RADCLIFF RD, NYC",4274,40.599564011488,-74.077223965003
"HOWARD AVE AND ENEW YORK AVE, NYC",4259,40.668238997771,-73.920155984312
"MERRICK BLVD AND 242ND ST, NYC",4244,40.67373610133,-73.731827779548
"KNAPP ST AND ALLENAVE, NYC",4244,40.594912013316,-73.933065037212
"CROSS BAY BLVD AND 107TH AVE, NYC",4233,40.678782007042,-73.844353991488
"FLATBUSH AVE AND AVIATOR SPORTS COMP, NYC",4231,40.583648998562,-73.893809986251
"7TH AVE AND 92ND ST, NYC",4213,40.614595990914,-74.022809990692
"BROADWAY AND W 120TH ST, NYC",4207,40.810485007619,-73.961957038362
"AMBOY RD AND WOODHULL AVE, NYC",4205,40.529926992268,-74.196042974571
"TARGEE ST AND HAY ST, NYC",4200,40.604153983576,-74.091148988386
"QUEENS BLVD AND 56TH ST, NYC",4198,40.742004984404,-73.909260013098
"37TH ST AND FT HAMILTON PKWY, NYC",4191,40.64412899811,-73.989062017756
"KINGS HWY AND AVE I, NYC",4157,40.630226983051,-73.932650971195
"FLATBUSH AVE EXTENSION AND TILLARY S, NYC",4153,40.696112010952,-73.984660009846
"PROSPECT ST AND WASHINGTON ST, NYC",4143,40.700736600301,-73.989726702678
"AVE D AND E 101ST ST, NYC",4133,40.651878989605,-73.904561034359
"MILL AVE AND AVE U, NYC",4112,40.61542131501,-73.913898474497
"ATLANTIC AVE AND SHEFFIELD AVE, NYC",4097,40.675713015104,-73.897918962826
"SKILLMAN AVE AND 27TH ST, NYC",4086,40.744415996943,-73.940289986292
"FOREST HILL RD AND STONE LN, NYC",4081,40.577828982183,-74.157342973238
"KINGS HWY AND AVE J, NYC",4062,40.627873009363,-73.932694976187
"ROCKAWAY BLVD AND N CONDUIT AVE, NYC",4062,40.667523015601,-73.780694023604
"JAMAICA AVE AND FANCHON PL, NYC",4053,40.677561015206,-73.898760002991
"HENRY HUDSON PKWYE AND MANHATTAN COLLE, NYC",4025,40.772633033062,-73.993471054792
"FRANCIS LEWIS BLVD AND 25TH DR, NYC",4008,40.773650985571,-73.796941001805
"FRANCIS LEWIS BLVD AND 25TH AVE, NYC",4004,40.774423000763,-73.797952026966
"ATLANTIC AVE AND SHEPHERD AVE, NYC",3982,40.678668013159,-73.881948000696
"BAY PKWY AND BENSONAVE, NYC",3976,40.600228989776,-73.995585988274
"CROSS ISLAND PKWY AND 87TH AVE, NYC",3967,40.730399988,-73.723725999577
"UNIVERSITY AVE AND W BURNSIDE AVE, NYC",3962,40.853760019342,-73.912284036126
"MARATHON PKWY AND THEBES AVE, NYC",3943,40.765892989359,-73.736022000078
"HOLLIS CT BLVD AND 91ST AVE, NYC",3926,40.720007014796,-73.749960015411
"CROSS BAY BLVD AND W 17TH RD, NYC",3887,40.600952012744,-73.82045500624
"BRUSH AVE AND LAFAYETTE AVE, NYC",3883,40.824423986871,-73.839016982279
"EASTERN PKWY AND HERKIMER ST, NYC",3872,40.677358005511,-73.908050001556
"UTICA AVE AND AVE I, NYC",3871,40.630512009668,-73.928110997159
"UNION TPKE AND WOODHAVEN BLVD, NYC",3871,40.705556990907,-73.858426033453
"164TH ST AND JEWELAVE, NYC",3823,40.731694992041,-73.805160966611
"EDGEWATER RD AND LAFAYETTE AVE, NYC",3814,40.817391779654,-73.883191791309
"LINDEN BLVD AND LOUISIANA AVE, NYC",3813,40.657904991255,-73.895516038824
"E 233RD ST AND EDENWALD AVE, NYC",3806,40.891266018567,-73.850686016423
"ATLANTIC AVE AND PLEASANT PL, NYC",3804,40.676354985068,-73.909995022188
"BRUCKNER BLVD AND BROWN PL, NYC",3803,40.804693992624,-73.92239998743
"HOWARD AVE AND E NEW YORK AVE, NYC",3795,40.668238997771,-73.920155984312
"N CONDUIT AVE AND LEFFERTS BLVD, NYC",3793,40.666071018514,-73.822277986362
"S CONDUIT AVE AND FARMERS BLVD, NYC",3787,40.666708001246,-73.767122967992
"4TH AVE AND 3RD ST, NYC",3778,40.674004992784,-73.985784023062
"GUY R BREWER BLVD AND 120TH AVE, NYC",3777,40.68091000462,-73.781045979718
"ATLANTIC AVE AND FORBELL ST, NYC",3774,40.683402992172,-73.865309000884
"E GUN HILL RD AND GUNTHER AVE, NYC",3774,40.865566013784,-73.83680600386
"BEACH CHANNEL DR AND BEACH 104TH ST, NYC",3768,40.585067007032,-73.826227958233
"ATLANTIC AVE AND 104TH ST, NYC",3758,40.690289982916,-73.841045989581
"FOREST AVE AND SOUTH AVE, NYC",3733,40.627329987766,-74.166563988741
"HOYT AVE S AND 24THST, NYC",3707,40.773526011395,-73.922162025199
"ALLERTON AVE AND BARNES AVE, NYC",3700,40.865509980761,-73.863524996612
"FT HAMILTON PKWY AND CHESTER AVE, NYC",3694,40.645766989629,-73.985288987861
"SEAGIRT BLVD AND BEACH 9TH ST, NYC",3691,40.596564002613,-73.744170970164
"BROADWAY AND W 251ST ST, NYC",3691,40.895797987886,-73.896712974597
"PARK AVE AND N OXFORD ST, NYC",3688,40.696319002051,-73.975433965202
"GERRITSEN AVE AND FORD ST, NYC",3678,40.605126996806,-73.938814016962
"LOUISIANA AVE AND WORTMAN AVE, NYC",3639,40.653701005808,-73.892439964177
"WHITESTONE EXPWY AND FARRINGTON ST, NYC",3639,40.770428981991,-73.834238040184
"ROCKAWAY PKWY AND SKIDMORE AVE, NYC",3633,40.632384987842,-73.888245995104
"AVE OF THE AMERICAS AND WATTS ST, NYC",3631,40.723616010846,-74.004808009604
"MILFORD DR AND CLOVE RD, NYC",3601,40.610265103453,-74.097428123512
"UNIONPORT RD AND ARCHER RD, NYC",3594,40.840401361563,-73.863116800677
"WILLOW RD E AND HOME PL, NYC",3575,40.618579993313,-74.15060702439
"UNION TPKE AND 210TH ST, NYC",3574,40.733411982997,-73.760831008554
"REMSEN AVE AND E 53RD ST, NYC",3573,40.66015100603,-73.928160031293
"OCEAN AVE AND BAY AVE, NYC",3569,40.616960316252,-73.954741728471
"ROCKLAND AVE AND SWEETGUM LN, NYC",3562,40.591345890701,-74.153099131842
"W 145TH ST AND ADAMCLAYTON POWELL JR B, NYC",3561,40.821603015448,-73.938985007787
"PENNSYLVANIA AVE AND SUTTER AVE, NYC",3561,40.669376002936,-73.895225019145
"BEDFORD AVE AND GATES AVE, NYC",3560,40.685779010265,-73.954393041299
"GREAVES AVE AND DEWEY AVE, NYC",3549,40.55625299949,-74.146545992301
"HAMILTON AVE AND CLINTON ST, NYC",3537,40.676349201555,-74.001009833999
"RICHMOND TERR AND NICHOLAS ST, NYC",3531,40.647286000032,-74.080703041554
"77TH ST AND 30TH AVE, NYC",3513,40.760722989571,-73.891069020094
"188TH ST AND CAMBRIDGE RD, NYC",3493,40.719067990183,-73.775497998006
"ARTHUR KILL RD AND GIFFORDS LN, NYC",3490,40.563733009884,-74.155879995858
"FURMAN ST AND MONTAGUE ST, NYC",3467,40.69581181309,-73.998331564478
"HYLAN BLVD AND PARKINSON AVE, NYC",3467,40.597964995819,-74.083633019628
"RICHMOND AVE AND VICTORY BLVD, NYC",3452,40.607226998828,-74.162498011329
"HILLSIDE AVE AND 207TH ST, NYC",3447,40.721597983838,-73.758698987662
"ALLERTON AVE AND WHITE PLAINS RD, NYC",3439,40.865433998809,-73.867389975985
"QUEENS BLVD AND 63RD RD, NYC",3429,40.730276983571,-73.862187999236
"MELROSE AVE AND E 165TH ST, NYC",3420,40.827853987379,-73.91201103754
"LIBERTY AVE AND 175TH ST, NYC",3410,40.704792980433,-73.78435096414
"ROCKAWAY BLVD AND GUY R BREWER BLVD, NYC",3410,40.656143995307,-73.767468972955
"AMSTERDAM AVE AND W62ND ST, NYC",3398,40.772286998468,-73.986251984717
"SHORE PKWY AND E 29TH ST, NYC",3396,40.585226011735,-73.940030985484
"BELL BLVD AND 18THAVE, NYC",3393,40.783565980747,-73.777320978128
"W 23RD ST AND 9TH AVE, NYC",3385,40.746499989529,-74.001319964417
"65TH ST AND 11TH AVE, NYC",3384,40.628639995413,-74.005935040305
"NEPTUNE AVE AND W 20TH ST, NYC",3364,40.578770018452,-73.987343140872
"BEACH CHANNEL DR AND HASSOCK ST, NYC",3340,40.609514001109,-73.75371896371
"RICHMOND AVE AND DRAPER PL, NYC",3338,40.592652000763,-74.163308960462
"RALPH AVE AND E 88TH ST, NYC",3326,40.650982000237,-73.920615983159
"BOSTON RD AND DE REIMER AVE, NYC",3312,40.881603989229,-73.837845024577
"PAGE AVE AND ACADEMY AVE, NYC",3311,40.510925301589,-74.231181672882
"MAGUIRE AVE AND SAGONA CT, NYC",3309,40.527755995527,-74.210674005659
"QUEENS BLVD AND 62ND DR, NYC",3303,40.731114000422,-73.86448003066
"BAY PKWY AND 86TH ST, NYC",3303,40.601941999328,-73.993812964295
"JAMAICA AVE AND 224TH ST, NYC",3303,40.721654016861,-73.731027978347
"BELL BLVD AND 33RDRD, NYC",3297,40.772096980723,-73.774484039179
"111TH ST AND 91ST AVE, NYC",3295,40.694414005007,-73.835978961473
"GRAND CONCOURSE AND MARCY PL, NYC",3293,40.837442004512,-73.914567015094
"E TREMONT AVE AND ELM DR, NYC",3281,40.84653999316,-73.895548876966
"KINGS HWY AND E 49TH ST, NYC",3280,40.633399994408,-73.929427961786
"199TH ST AND 69TH AVE, NYC",3274,40.737948981457,-73.774451014481
"OCEAN PKWY AND AVE J, NYC",3266,40.62420798029,-73.970187983462
"65TH ST AND 21ST AVE, NYC",3263,40.615188004735,-73.983656025484
"E 233RD ST AND MURDOCK AVE, NYC",3229,40.888694995497,-73.839199037216
"ATLANTIC AVE AND 75TH ST, NYC",3201,40.683688982708,-73.864305016522
"ROCKAWAY FWY AND B47TH ST, NYC",3199,40.591668236835,-73.793202050249
"GRAND CENTRAL PKWY AND RADNOR ST, NYC",3189,40.71967601344,-73.784322968584
"65TH ST AND 18TH AVE, NYC",3174,40.619137012688,-73.990177984345
"ROCKAWAY BLVD AND 150TH ST, NYC",3168,40.673018191323,-73.788103626011
"WILLETS POINT BLVD AND 17TH AVE, NYC",3150,40.782980001896,-73.799365970213
"CONEY ISLAND AVE AND KERMIT PL, NYC",3149,40.648804004606,-73.971626988599
"RIVERSIDE DR AND W148TH ST, NYC",3146,40.828942000321,-73.950452038064
"2ND AVE AND E HOUSTON ST, NYC",3145,40.723593002522,-73.991080966774
"PENNSYLVANIA AVE AND RIVERDALE AVE, NYC",3128,40.663211993251,-73.893648969891
"SPRINGFIELD BLVD AND 146TH AVE, NYC",3128,40.661959820735,-73.760555998311
"LONGFELLOW AVE AND JENNINGS ST, NYC",3117,40.831205994278,-73.887226001307
"QUEENS BLVD AND 82ND AVE, NYC",3110,40.712774019089,-73.827584988357
"UNIONPORT RD AND GUERLAIN ST, NYC",3110,40.840671006982,-73.863057034958
"BAISLEY BLVD AND 167TH ST, NYC",3106,40.679978020806,-73.776382959344
"BAY RIDGE PKWY AND 14TH AVE, NYC",3103,40.618977002156,-74.005222997631
"FLUSHING AVE AND 58TH DR, NYC",3098,40.719756982624,-73.906172958159
"26TH AVE AND 210THST, NYC",3092,40.777415004921,-73.780391017804
"65TH ST AND 13TH AVE, NYC",3091,40.625990014815,-74.001530014911
"9TH ST AND SMITH ST, NYC",3088,40.67474201353,-73.997767965308
"LAFAYETTE AVE AND MARCY AVE, NYC",3081,40.690240990692,-73.948184984712
"ATLANTIC AVE AND BROOKLYN AVE, NYC",3079,40.678245020415,-73.944151026171
"12TH AVE AND 34TH ST, NYC",3073,40.75697900297,-74.004799962977
"58TH ST AND 47TH AVE, NYC",3071,40.740736006173,-73.907811033497
"FRANCIS LEWIS BLVD AND 114TH DR, NYC",3043,40.700234985305,-73.748084983671
"BRADDOCK AVE AND PONTIAC ST, NYC",3039,40.728175011803,-73.734505965251
"ATLANTIC AVE AND NEW YORK AVE, NYC",3028,40.678311279359,-73.946929459435
"L.I.E. N. SVC ROAD AND COLLEGE PT BL, NYC",3012,40.784669767158,-73.8457863722
"MERRICK BLVD AND 218TH ST, NYC",3012,40.679684989471,-73.751511002775
"FRANCIS LEWIS BLVD AND 116TH AVE, NYC",2997,40.697516985562,-73.746862986007
"COLUMBUS AVE AND W62ND ST, NYC",2996,40.771111394638,-73.983409262255
"QUEENS BLVD AND 72ND ST, NYC",2987,40.73939100408,-73.892233014988
"BRADDOCK AVE AND 221ST PL, NYC",2982,40.729442984205,-73.740515035456
"BLOOMINGDALE RD AND SARCONA CT, NYC",2974,40.52665800812,-74.215862990457
"WEST ST AND 14THSTREET, NYC",2972,40.74235849117,-74.008705007848
"PROSPECT PARK SOUTHWEST AND WINDSOR PL, NYC",2961,40.656401194006,-73.973754483263
"WEBSTER AVE AND E 181ST ST, NYC",2947,40.85311700164,-73.897602965076
"HYLAN BLVD AND BAYTERRACE, NYC",2945,40.564025506035,-74.116138079197
"QUEENS BLVD AND 36TH ST, NYC",2932,40.744194002237,-73.928926975433
"9TH AVE AND W 28THST, NYC",2922,40.749631007551,-73.999031034298
"KNAPP ST AND AVE V, NYC",2921,40.599630982894,-73.933958967186
"BOERUM PL AND SCHERMERHORN ST, NYC",2915,40.690391990678,-73.989802977997
"MCLAUGHLIN AVE AND PALO ALTO ST, NYC",2881,40.722212000155,-73.774745973654
"LOUIS NINE BLVD AND E 170TH ST, NYC",2877,40.833410895818,-73.893201292443
"7TH AVE AND 83RD ST, NYC",2860,40.620720982841,-74.020292988988
"QUEENS BLVD AND 35TH ST, NYC",2848,40.74430200306,-73.929852002268
"21ST ST AND 33RD RD, NYC",2847,40.764227002284,-73.93301759564
"MCGUINNESS BLVD AND NASSAU AVE, NYC",2842,40.724616013805,-73.948233013017
"WHITE PLAINS RD AND WATSON AVE, NYC",2833,40.8284200173,-73.860672970238
"BAY PKWY AND 65TH ST, NYC",2828,40.613850001532,-73.981431971295
"SPRINGFIELD BLVD AND 145TH RD, NYC",2827,40.663622999873,-73.759470960945
"CANAL ST AND 6TH AVE, NYC",2815,40.721737584435,-74.00524118636
"BROADWAY AND MANHATTAN COLLEGE PKWY, NYC",2798,40.890476988112,-73.897670020302
"NORTHERN BLVD AND 194TH ST, NYC",2796,40.757954991776,-73.787608004076
"SPRINGFIELD BLVD AND 143RD AVE, NYC",2792,40.66854900246,-73.756781962587
"BRONXDALE AVE AND CRUGER AVE, NYC",2784,40.850956985192,-73.866808020448
"BOSTON RD AND FISHAVE, NYC",2752,40.875884010864,-73.849891998735
"23RD AVE AND 98TH ST, NYC",2749,40.76856698411,-73.872501009085
"S CONDUIT AVE AND BROOKVILLE BLVD, NYC",2735,40.665253992502,-73.739553966438
"COLLEGE POINT BLVD AND 36TH RD, NYC",2735,40.761037017573,-73.835243030375
"MARCY AVE AND S 1STST, NYC",2733,40.711746984493,-73.955789969282
"BRIELLE AVE AND MELBA ST, NYC",2732,40.598726994637,-74.1239570147
"ATLANTIC AVE AND FT GREENE PL, NYC",2729,40.683412296084,-73.975917768653
"KINGS HWY AND BEVERLEY RD, NYC",2729,40.646636989269,-73.924767958897
"MAIN ST AND REEVESAVE, NYC",2727,40.73982900043,-73.824887021363
"ROCKAWAY PKWY AND LINDEN BLVD, NYC",2707,40.653971992738,-73.912275989499
"ROCKLAND AVE AND BORMAN AVE, NYC",2695,40.592135004975,-74.154515002926
"NOSTRAND AVE AND TILDEN AVE, NYC",2683,40.646885009784,-73.949143958254
"6TH AVE AND W 25THST, NYC",2677,40.744176986974,-73.991872972805
"UTICA AVE AND BEVERLEY RD, NYC",2673,40.646319985691,-73.929810008933
"NOSTRAND AVE AND SHORE PKWY, NYC",2648,40.585738020291,-73.939172008046
"QUEENS BLVD AND 71ST RD, NYC",2646,40.721135009416,-73.842766039932
"AVE N AND E 22ND ST, NYC",2645,40.616382006843,-73.952615994007
"ASTORIA BLVD AND 108TH ST, NYC",2644,40.760406991821,-73.861433041217
"QUEENS BLVD AND 58TH ST, NYC",2643,40.741804992194,-73.907524959141
"RANDALL AVE AND CROSS BRONX EXPWY EXT, NYC",2637,40.824938007083,-73.824303976178
"BOOTH MEMORIAL AVE AND 174TH ST, NYC",2634,40.741699003029,-73.795655972229
"GRAND CONCOURSE AND E 201ST ST, NYC",2627,40.872665988688,-73.887220972165
"FLATLANDS AVE AND ELTON ST, NYC",2612,40.65768898961,-73.874941986927
"UNION TRPK AND CROSS ISLAND PKWY, NYC",2605,40.741114281463,-73.725875119551
"10TH AVE AND W 22NDST, NYC",2597,40.747023020288,-74.004663002679
"LINDEN BLVD AND CHURCH AVE, NYC",2595,40.654162010483,-73.917825982868
"RICHMOND AVE AND GABRIELLE CT, NYC",2592,40.551344012167,-74.167714991685
"JAMAICA AVE AND 192ND ST, NYC",2588,40.7129150027,-73.768016981784
"W 66TH ST AND AMSTERDAM AVE, NYC",2571,40.774815986294,-73.984415006817
"HYLAN BLVD AND POILLON AVE, NYC",2563,40.526782018378,-74.174781019881
"OCEAN AVE AND QUENTIN RD, NYC",2561,40.60880061733,-73.953193423316
"PROSPECT AVE AND 3RD AVE, NYC",2551,40.666856989575,-73.994874029418
"SHORE ROAD DR AND 4TH AVE, NYC",2545,40.637215981557,-74.022209008235
"BEACH 9TH ST AND BOLTON RD, NYC",2525,40.607583020165,-73.746471970224
"KINGS HWY AND NOSTRAND AVE, NYC",2524,40.616169986602,-73.944866002512
"MERRICK BLVD AND 169TH PL, NYC",2514,40.697739399363,-73.785919469682
"ROGERS AVE AND PROSPECT PL, NYC",2508,40.674463985802,-73.95284599343
"HILLSIDE AVE AND 231ST ST, NYC",2505,40.732856011359,-73.738845025068
"GRAND CONCOURSE AND E 203RD ST, NYC",2497,40.873965979961,-73.886628958344
"WEST END AVE AND W70TH ST, NYC",2495,40.778481979286,-73.985446986736
"180TH ST AND 106THRD, NYC",2488,40.70384100578,-73.77851196275
"ROCKAWAY BEACH BLVD AND WHITE SANDS WAY, NYC",2476,40.591417514063,-73.793124134556
"GRAND CENTRAL PKWY AND 164TH PL, NYC",2463,40.716539002357,-73.801923037414
"CENTRAL PARK W AND W 97TH ST, NYC",2461,40.792383994345,-73.964176985419
"MERRICK BLVD AND RIDGEDALE ST, NYC",2459,40.680157980267,-73.754121965614
"BOSTON RD AND WARING AVE, NYC",2459,40.861339020013,-73.866731996586
"BELL BLVD AND 67THAVE, NYC",2453,40.744284987796,-73.759988040552
"REMSEN AVE AND FARRAGUT RD, NYC",2451,40.64321398765,-73.909293037797
"CROPSEY AVE AND BAY35TH ST, NYC",2451,40.59453600114,-73.995508958583
"VAN DUZER ST AND MAXIE CT, NYC",2448,40.621647015503,-74.085492963942
"GLEN ST AND VICTORYBLVD, NYC",2431,40.68085445949,-73.871695411052
"KISSENA BLVD AND MELBOURNE AVE, NYC",2425,40.733763017102,-73.81485497291
"PARKSIDE AVE AND PARADE PL, NYC",2425,40.653183004192,-73.96620599272
"BROADWAY AND W 68THST, NYC",2423,40.775534985948,-73.982287009238
"SPRINGFIELD BLVD AND 67TH AVE, NYC",2422,40.745628984061,-73.754943978859
"OCEAN PKWY AND KINGS HWY, NYC",2417,40.605648015908,-73.967023982651
"HEMPSTEAD AVE AND 218TH ST, NYC",2413,40.713976989833,-73.73808998323
"BRADDOCK AVE AND 222ND ST, NYC",2407,40.728386990134,-73.735420011792
"MCGUINNESS BLVD AND NORMAN AVE, NYC",2402,40.726273996162,-73.949195004045
"DELANCEY ST AND ELRIDGE ST, NYC",2386,40.719408002086,-73.991333010602
"E TREMONT AVE AND THERIOT AVE, NYC",2386,40.840565981735,-73.866344082107
"137TH AVE AND 167THST, NYC",2369,40.672304011263,-73.77297596716
"LITTLE NECK PKWY AND 85TH RD, NYC",2363,40.733142001896,-73.711925034277
"BRONX RIVER AVE AND COLGATE AVE, NYC",2349,40.829564105174,-73.882531884072
"3RD AVE AND 13TH ST, NYC",2333,40.669053006297,-73.993027999063
"OCEAN PKWY AND CHURCH AVE, NYC",2330,40.644889991099,-73.974469040509
"FLATBUSH AVE AND E36TH ST, NYC",2306,40.626389999234,-73.940852998728
"E 149TH ST AND COURTLANDT AVE, NYC",2291,40.816499987066,-73.919566987976
"CROSS BAY BLVD AND 149TH AVE, NYC",2289,40.670627588719,-73.842895372698
"W 125TH ST AND OLDBROADWAY, NYC",2287,40.815133820667,-73.957849319073
"FLATBUSH AVE AND LINCOLN RD, NYC",2287,40.660901982645,-73.96087602431
"BARTOW AVE AND WICKHAM AVE, NYC",2286,40.867244992809,-73.836497968918
"FARMERS BLVD AND BENNETT CT, NYC",2283,40.678281020689,-73.762337990926
"ROGERS AVE AND FOSTER AVE, NYC",2282,40.638442798815,-73.951172965556
"BAY ST AND VAN DUZER ST, NYC",2280,40.635059988422,-74.075501986814
"BOSTON RD AND PELHAM PKWY, NYC",2273,40.857926998687,-73.868184999501
"WEBSTER AVE AND E 176TH ST, NYC",2268,40.846842979475,-73.90136400885
"BRONX BLVD AND ROSEWOOD ST, NYC",2265,40.873248195682,-73.870378208286
"20TH ST AND 8TH AVE, NYC",2260,40.657918989033,-73.98623002413
"MORNINGSTAR RD AND LASALLE ST, NYC",2258,40.635455991437,-74.14555399406
"WILLIAMSBRIDGE RD AND VAN NEST AVE, NYC",2258,40.849000984267,-73.850347974268
"BEDELL ST AND 133RDAVE, NYC",2253,40.676557994763,-73.768382013668
"E 233RD ST AND MONTICELLO AVE, NYC",2247,40.88873799466,-73.837316964677
"BROADWAY AND GLENWOOD PL, NYC",2214,40.624574018002,-74.114067961515
"CROPSEY AVE AND 21ST AVE, NYC",2211,40.598772005457,-74.000740020536
"BROADWAY AND W 196TH ST, NYC",2210,40.860656020632,-73.930764037152
"REMSEN AVE AND AVEL, NYC",2207,40.642296326328,-73.908268443146
"E FORDHAM RD AND BATHGATE AVE, NYC",2204,40.859563984377,-73.887451977417
"DRUMGOOLE RD E AND HUGUENOT AVE, NYC",2201,40.534319989632,-74.193008977078
"ATLANTIC AVE AND WOODHAVEN BLVD, NYC",2201,40.68815398062,-73.849093035725
"JEROME AVE AND E 164TH ST, NYC",2199,40.831441986762,-73.926437298733
"3RD AVE AND E 112THST, NYC",2178,40.795398000998,-73.941878021668
"PARK AVE AND E 176TH ST, NYC",2172,40.846480001158,-73.900210994249
"RICHMOND AVE AND TRAVIS AVE, NYC",2164,40.593101983235,-74.162504968309
"KINGS HWY AND E 94TH ST, NYC",2164,40.658111982354,-73.920889987573
"WOODHAVEN BLVD AND 62ND RD, NYC",2163,40.726148016158,-73.870308973766
"ATLANTIC AVE AND LOGAN ST, NYC",2146,40.680093984436,-73.877392017225
"SUNRISE HWY AND BROOKVILLE BLVD, NYC",2142,40.665253992502,-73.739553966438
"OCEAN AVE AND AVE J, NYC",2137,40.625732816116,-73.956394304501
"FRANCIS LEWIS BLVD AND HILLSIDE AVE, NYC",2136,40.721034007483,-73.759482025057
"222ND ST AND PAULDING AVE, NYC",2135,40.883026984931,-73.853247023119
"PARK AVE AND E 83RDST, NYC",2132,40.778264007894,-73.958716007862
"DYCKMAN ST AND NAGLE AVE, NYC",2127,40.861647013045,-73.924790003302
"W HOUSTON ST AND WBROADWAY, NYC",2125,40.729111605663,-74.010544332681
"HOLLIS AVE AND 217TH ST, NYC",2117,40.710488986555,-73.741300000689
"10TH AVE AND W 54THST, NYC",2112,40.767192980632,-73.989971035155
"BLOOMINGDALE RD AND SHIEL AVE, NYC",2110,40.544344997287,-74.21900695852
"NORTHERN BLVD AND 48TH ST, NYC",2107,40.753677497038,-73.914478669835
"SEAGIRT BLVD AND ROCKAWAY FREEWAY, NYC",2104,40.596195995154,-73.766891040731
"MADISON AVE AND E 115TH ST, NYC",2099,40.799294999242,-73.945358020228
"NEPTUNE AVE AND W 28TH ST, NYC",2097,40.577929020197,-73.994764980858
"LINDEN BLVD AND O'DONNELL RD, NYC",2092,40.689372583613,-73.784757402625
"HOLLIS CT BLVD AND 47TH AVE, NYC",2089,40.752180992045,-73.789372981428
"HUDSON ST AND GROVEST, NYC",2087,40.732440604238,-74.006486318077
"ROCKAWAY PKWY AND SEAVIEW AVE, NYC",2086,40.63381100103,-73.889824978025
"FLATBUSH AVE AND E37TH ST, NYC",2079,40.625456800044,-73.939865359077
"OCEAN AVE AND AVE Z, NYC",2073,40.588517291745,-73.949357864423
"WINCHESTER BLVD AND 236TH ST, NYC",2066,40.735312998637,-73.734915002126
"80TH ST AND JUNIPERVALLEY RD, NYC",2059,40.716012996024,-73.87207898026
"SARATOGA AVE AND MACDOUGAL ST, NYC",2054,40.679640984479,-73.916543970777
"30TH AVE AND 70TH ST, NYC",2043,40.760045019332,-73.897558960085
"BROADWAY AND W 155TH ST, NYC",2034,40.832818001897,-73.945932012957
"KELLY BLVD AND NOMEAVE, NYC",2033,40.585085992042,-74.155920983365
"BAYCHESTER AVE AND ALDRICH ST, NYC",2020,40.870069987546,-73.832370971251
"FLUSHING AVE AND HALL ST, NYC",2019,40.697690197592,-73.966775207765
"QUEENS BLVD AND GRAND AVE / BROADWAY, NYC",2016,40.736702005722,-73.877722012753
"LIBERTY AVE AND 173RD ST, NYC",2011,40.704590012647,-73.784839964372
"FLATBUSH AVE AND BERGEN ST, NYC",2003,40.680840979647,-73.975119979109
"NORTHERN BLVD AND BROWVALE LN, NYC",2003,40.769697116115,-73.736262979794
"UTICA AVE AND GLENWOOD RD, NYC",1999,40.635192003397,-73.928611983512
"SOUTH AVE AND TRAVIS AVE, NYC",1992,40.602690000368,-74.184153999288
"WEST END AVE AND W62ND ST, NYC",1992,40.773510504874,-73.989120691078
"ROGERS AVE AND LENOX RD, NYC",1987,40.653971992738,-73.952812968731
"PARK AVE AND WAVERLY AVE, NYC",1983,40.696046003465,-73.968398028039
"2ND AVE AND 53RD ST, NYC",1982,40.647425013896,-74.018680981369
"GREELEY AVE AND SANILAC ST, NYC",1974,40.57455698055,-74.102488027002
"10TH AVE AND W 201ST ST, NYC",1965,40.860572201601,-73.921464567036
"CHRYSTIE ST AND E HOUSTON ST, NYC",1962,40.723593002522,-73.991080966774
"QUEENS BLVD AND 70TH ST / 45TH AVE, NYC",1961,40.739905988211,-73.894214999813
"REMSEN AVE AND BAYVIEW PL, NYC",1951,40.642689992973,-73.908705969299
"PARK AVE AND E 170TH ST, NYC",1939,40.83571600301,-73.905788983175
"BROADWAY AND SHERMAN AVE, NYC",1938,40.862134211167,-73.929992566784
"LINDEN BLVD AND 231ST ST, NYC",1938,40.691960999133,-73.730675016404
"RICHMOND AVE AND ETON PL, NYC",1931,40.604637284113,-74.16227203522
"150TH ST AND SUTTERAVE, NYC",1929,40.671318006083,-73.788469998999
"86TH ST AND BAY 14TH ST, NYC",1928,40.609099013083,-74.00568098482
"EMMONS AVE AND COYLE ST, NYC",1924,40.584134017389,-73.933982017419
"SUNRISE HWY AND FRANCIS LEWIS BLVD, NYC",1914,40.665425989155,-73.746034015783
"DECKER AVE AND SMITH PL, NYC",1911,40.625550006808,-74.140500963731
"BROOKLYN AVE AND STERLING ST, NYC",1911,40.663437005441,-73.945556000781
"CONEY ISLAND AVE AND LOCUST AVE, NYC",1903,40.618068990585,-73.963956038451
"HYLAN BLVD AND BIONIA AVE, NYC",1901,40.598048982489,-74.075971960125
"GRAND CENTRAL PKWY AND JEWEL AVE, NYC",1898,40.725559019822,-73.838367971516
"TRAVIS AVE AND DENKER PL, NYC",1894,40.588558991714,-74.15435800988
"THROGS NECK EXPWY AND BARKLEY AVE, NYC",1885,40.833072720668,-73.821649481902
"222ND ST AND 97TH AVE, NYC",1884,40.717549985609,-73.731521001892
"QUEENS BLVD AND 70TH ST, NYC",1884,40.739905988211,-73.894214999813
"ASTORIA BLVD AND 94TH ST, NYC",1882,40.763085009886,-73.875329985225
"OCEAN AVE AND AVE S, NYC",1880,40.604025279453,-73.952291614354
"QUEENS BLVD AND 55TH ST, NYC",1879,40.742351995195,-73.910112033556
"BARTOW AVE AND CO-OP CITY BLVD, NYC",1873,40.869579981486,-73.826266012074
"164TH ST AND 71ST AVE, NYC",1873,40.730456984942,-73.805234978816
"5TH AVE AND E 135THST, NYC",1873,40.81273999103,-73.937626971834
"LINDEN BLVD AND PENNSYLVANIA AVE, NYC",1871,40.658685011165,-73.890809013457
"GATLING PL AND 88THST, NYC",1869,40.618993011591,-74.024534986366
"CROSSBAY BLVD AND 156TH AVE, NYC",1852,40.664182994824,-73.841211029254
"MARATHON PKWY AND THORNHILL AVE, NYC",1848,40.76169000974,-73.732820029246
"SHORE RD AND 97TH ST, NYC",1846,40.615190016392,-74.037665992061
"BROADWAY AND W 92NDST, NYC",1843,40.792139997143,-73.973755992005
"UTOPIA PKWY AND 17TH AVE, NYC",1836,40.782601014144,-73.794541011469
"SEAVIEW AVE AND E 100TH ST, NYC",1835,40.635369993111,-73.887408978253
"METROPOLITAN AVE AND 80TH ST, NYC",1830,40.713290009048,-73.871617975585
"CONEY ISLAND AVE AND AVE U, NYC",1826,40.598297003004,-73.961258993466
"CLAY AVE AND E 171ST ST, NYC",1813,40.838649291936,-73.906530865425
"BOSTON RD AND ALLERTON AVE, NYC",1813,40.865538018227,-73.862267962593
"WOODHAVEN BLVD AND 101ST AVE, NYC",1809,40.684196004031,-73.846255007128
"FURMAN ST AND DOUGHTY ST, NYC",1807,40.702505014233,-73.995037979444
"SURF AVE AND W 5TH ST, NYC",1800,40.574745992466,-73.97346296067
"FLUSHING AVE AND 59TH AVE, NYC",1797,40.717619010581,-73.910275983582
"HYLAN BLVD AND FINGERBOARD RD, NYC",1793,40.601475001593,-74.072477041777
"ATLANTIC AVE AND 120TH ST, NYC",1788,40.694429008614,-73.827010995628
"KINGS HWY AND CHURCH AVE, NYC",1782,40.652477708949,-73.923023433389
"69TH ST AND 43RD AVE, NYC",1781,40.741737014959,-73.895736985791
"BROOKVILLE BLVD AND N CONDUIT AVE, NYC",1774,40.666393009325,-73.738518969034
"108TH ST AND HORACEHARDING EXPY N, NYC",1765,40.73768298176,-73.852103982983
"JEWETT AVE AND MAINE AVE, NYC",1761,40.620372002302,-74.131685967618
"BOWERY AND E 3RD ST, NYC",1761,40.726355007257,-73.991720003072
"MERRICK BLVD AND BROOKVILLE BLVD, NYC",1761,40.673217387252,-73.733808171811
"ADEE AVE AND PEARSALL AVE, NYC",1760,40.869380995105,-73.851839031024
"81ST AVE AND 252NDST, NYC",1760,40.741404001946,-73.717725981827
"4TH AVE AND E 11THST, NYC",1759,40.731986011719,-73.990201034579
"WILDER AVE AND AMBER ST, NYC",1757,40.568266990859,-74.133844978238
"AMSTERDAM AVE AND W177TH ST, NYC",1756,40.845535989313,-73.932786003655
"ROCKAWAY PKWY AND AVE B, NYC",1756,40.652911011434,-73.911100008484
"ARLENE ST AND COMMERCE ST, NYC",1755,40.611245995672,-74.164671019728
"FATHER CAPODANNOBLVD AND SAND LN, NYC",1754,40.590377990431,-74.06668799653
"ARLENE ST AND SOMMER AVE, NYC",1751,40.60763800545,-74.165514993558
"VAN CORTLANDT PARK E AND E 241ST ST, NYC",1748,40.901590385894,-73.869044563672
"COLLEGE POINT BLVD AND 39TH AVE, NYC",1732,40.758974985573,-73.834593013783
"FRANCIS LEWIS BLVD AND 250TH ST, NYC",1724,40.662106001127,-73.732493973213
"REMSEN AVE AND AVEN, NYC",1722,40.646491018425,-73.912947966677
"GRAND CONCOURSE AND E 169TH ST, NYC",1717,40.836380017379,-73.915811979173
"JAMAICA AVE AND 193RD ST, NYC",1711,40.713134985749,-73.767450029853
"2ND AVE AND E 17THST, NYC",1710,40.734264003455,-73.98356198053
"MORNINGSTAR RD AND DIXON AVE, NYC",1709,40.628199987406,-74.147910985233
"UTOPIA PKWY AND 56TH AVE, NYC",1706,40.743010980423,-73.792616023585
"LIBERTY AVE AND 160TH ST, NYC",1705,40.700560999429,-73.796786020415
"3RD AVE AND E 93RDST, NYC",1688,40.783263016857,-73.950754960045
"193RD ST AND 81ST AVE, NYC",1681,40.728427013722,-73.776718989842
"8TH AVE AND 1ST ST, NYC",1677,40.670578009761,-73.975196002971
"OCEAN AVE AND FARRAGUT RD, NYC",1659,40.63530599728,-73.958192977103
"MERRICK BLVD AND 109TH AVE, NYC",1654,40.6972669953,-73.784567971614
"RIVERDALE AVE AND W256TH ST, NYC",1653,40.904142004859,-73.905013992407
"MIDLAND PKWY AND HENLEY RD, NYC",1653,40.717795994467,-73.784997963246
"BRONX PARK EAST AND ADEE AVE, NYC",1649,40.869668997298,-73.870520030088
"MAIN ST AND 58TH RD, NYC",1647,40.744578019131,-73.82581095855
"14TH AVE AND 49TH ST, NYC",1644,40.633696001318,-73.9899100149
"SEAGIRT BLVD AND CREST RD, NYC",1640,40.595300011614,-73.756017030103
"UNION TPKE AND 160TH ST, NYC",1632,40.720473006703,-73.807207995005
"75TH AVE AND 196THST, NYC",1631,40.733008981092,-73.775908962719
"PELHAM PKWY S AND TOMLINSON AVE, NYC",1631,40.856904993233,-73.857158019141
"NEPTUNE AVE AND SHEEPSHEAD BAY RD, NYC",1630,40.579736996712,-73.97699501085
"RALPH AVE AND E 64TH ST, NYC",1626,40.620919005303,-73.917409989013
"UTOPIA PKWY AND 68TH AVE, NYC",1624,40.733563988811,-73.793350026847
"BAISLEY BLVD AND 160TH ST, NYC",1618,40.67643700199,-73.782217015411
"FLATLANDS AVE AND E58TH ST, NYC",1616,40.630962997969,-73.920425965414
"ROGERS AVE AND TILDEN AVE, NYC",1614,40.646766992587,-73.952045018762
"NEREID AVE AND BULLARD AVE, NYC",1608,40.900117014954,-73.85862803732
"ATLANTIC AVE AND 95TH ST, NYC",1606,40.688332012244,-73.847875983383
"BELL BLVD AND 64THAVE, NYC",1603,40.745966020388,-73.760797983855
"NOSTRAND AVE AND AVE Z, NYC",1602,40.589553001611,-73.939854965517
"BOSTON RD AND MATTHEWS AVE, NYC",1602,40.865294984945,-73.862598963949
"3RD AVE AND 18TH ST, NYC",1597,40.665531014402,-73.995810036546
"VARICK ST AND KINGST, NYC",1591,40.727867982689,-74.005420978184
"ASTORIA BLVD AND 102ND ST, NYC",1589,40.761553007533,-73.867267013466
"4TH AVE AND 99TH ST, NYC",1586,40.61340601212,-74.033163988047
"ATLANTIC AVE AND 112TH ST, NYC",1583,40.692476989093,-73.833921958615
"SURF AVE AND W 22NDST, NYC",1580,40.574347013875,-73.98870243411
"AVE P AND E 17TH ST, NYC",1580,40.610612994344,-73.956716001945
"4TH AVE AND DEAN ST, NYC",1578,40.683143991364,-73.979251000089
"W FINGERBOARD RD AND BRIARCLIFF RD, NYC",1577,40.600260002818,-74.074984991027
"GERRITSEN AVE AND JIMMY QUINN WAY, NYC",1577,40.601279840527,-73.934529506893
"REMSEN AVE AND RUTLAND RD, NYC",1577,40.660949005122,-73.929059996237
"BROADWAY AND W 167TH ST, NYC",1575,40.840375104845,-73.939885936649
"FLATBUSH AVE AND FLATLANDS AVE, NYC",1569,40.621221005275,-73.93538003505
"MARCUS GARVEY BLVD AND HANCOCK ST, NYC",1558,40.683895009888,-73.938224014797
"NORTHERN BLVD AND 60TH ST, NYC",1558,40.753855989666,-73.902147968254
"LUTEN AVE AND EYLANDT ST, NYC",1557,40.526873003937,-74.19114500945
"ALLERTON AVE AND MICKLE AVE, NYC",1557,40.865158988566,-73.840764022358
"SEDGWICK AVE AND WKINGSBRIDGE RD, NYC",1556,40.869607096943,-73.903774476565
"61ST RD AND MAIN ST, NYC",1549,40.741765010516,-73.825350037695
"HOYT AVE N AND 24THST, NYC",1548,40.773921008582,-73.921651986391
"ROCKAWAY FWY AND BAY 32ND ST, NYC",1545,40.601248644836,-73.768208105787
"8TH AVE AND W 28THST, NYC",1533,40.748423007665,-73.996193005702
"BOSTON RD AND RADCLIFF AVE, NYC",1527,40.866847020046,-73.860507008555
"MARCUS GARVEY BLVD AND MADISON ST, NYC",1527,40.68608499164,-73.93866699838
"LACONIA AVE AND ALLERTON AVE, NYC",1522,40.865438986041,-73.855789002895
"26TH AVE AND 210THPL, NYC",1515,40.777415004921,-73.780391017804
"DAHLGREN PL AND 88TH ST, NYC",1513,40.618534018574,-74.023627980623
"FOSTER AVE AND E 89TH ST, NYC",1508,40.644558989743,-73.912125031423
"4TH AVE AND 13TH ST, NYC",1507,40.667979996962,-73.990805034521
"23RD AVE AND 94TH ST, NYC",1506,40.768189002186,-73.876261969039
"JAMAICA AVE AND 173RD ST, NYC",1503,40.707858996795,-73.786736034689
"3RD AVE AND E 31STST, NYC",1502,40.743823103022,-73.979494326738
"57TH AVE AND 74TH ST, NYC",1499,40.728613008153,-73.887204040721
"HORACE HARDING EXPWY AND 175TH PL, NYC",1491,40.739169009374,-73.793929970727
"KINGS HWY AND REMSEN AVE, NYC",1490,40.654523019052,-73.921878968329
"TARGEE ST AND DEKALB AVE, NYC",1488,40.608982001715,-74.088114990894
"AVE P AND E 18TH ST, NYC",1486,40.610724012652,-73.955738001482
"TARGEE ST AND WAVERLY PL, NYC",1483,40.618160018054,-74.08490799092
"CADMAN PLAZA AND CLARK ST, NYC",1482,40.697035990049,-73.991423032243
"CLYMER ST AND JULIANA PL, NYC",1482,40.705641019487,-73.965096983111
"WINTHROP ST AND BROOKLYN AVE, NYC",1480,40.65743799352,-73.945089966964
"BRONX PARK EAST AND ALLERTON AVE, NYC",1476,40.865315981612,-73.870404024548
"SAULTELL AVE AND VAN CLEEF ST, NYC",1470,40.739955986263,-73.850324002025
"CULLMAN AVE AND 252ND ST, NYC",1470,40.754386019313,-73.725205992221
"RICHMOND AVE AND SAXON AVE, NYC",1469,40.594508005583,-74.161824022495
"HOWARD AVE AND SUTTER AVE, NYC",1469,40.665776017432,-73.919475960508
"HORACE HARDING EXPWY AND 215TH ST, NYC",1468,40.747493999427,-73.762528008671
"N CONDUIT AVE AND 114TH ST, NYC",1467,40.666101989646,-73.828068959447
"RICHMOND HILL RD AND WELLINGTON CT, NYC",1466,40.582272480513,-74.155606159082
"CROPSEY AVE AND 25TH AVE, NYC",1464,40.592315006346,-73.99316495936
"PARK AVE AND NOSTRAND AVE, NYC",1464,40.697198682789,-73.952946492449
"3RD AVE AND E 82NDST, NYC",1459,40.776233994763,-73.955872866305
"3RD AVE AND 64TH ST, NYC",1459,40.639979997948,-74.023092041734
"31ST AVE AND 57TH ST, NYC",1458,40.757252001556,-73.904854987704
"HILLSIDE AVE AND 136TH ST, NYC",1456,40.703996992998,-73.818363972855
"SANDS ST AND GOLD ST, NYC",1455,40.699731191015,-73.983003913417
"DECKER AVE AND HAGAMAN PL, NYC",1442,40.626054010646,-74.139894030122
"BEDFORD AVE AND CLYMER ST, NYC",1440,40.706482017742,-73.963751017099
"CONEY ISLAND AVE AND AVE L, NYC",1438,40.619979016772,-73.964329033142
"4TH AVE AND 28TH ST, NYC",1435,40.658842004211,-73.999824968167
"OCEAN AVE AND AVE Y, NYC",1424,40.590631417274,-73.949762123614
"BEACH CHANNEL DR AND MCBRIDE ST, NYC",1418,40.602674703394,-73.758272767886
"FLATBUSH AVE AND E28TH ST, NYC",1414,40.634985808579,-73.949948704778
"MALCOLM X BLVD /LENOX AVE AND W 138TH, NYC",1413,40.816057003483,-73.939522958332
"E 14TH ST AND AVE C, NYC",1412,40.728437994015,-73.975688020687
"REMSEN AVE AND E 58TH ST, NYC",1408,40.6554009815,-73.922871972398
"PARK AVE AND E 37THST, NYC",1406,40.748978895484,-73.979960025279
"OCEAN AVE AND AVE I, NYC",1405,40.62811910204,-73.956839718836
"BEDFORD AVE AND AVEO, NYC",1405,40.693835379491,-73.95600938316
"W 96TH ST AND COLUMBUS AVE, NYC",1405,40.792858996798,-73.967523041166
"LINCOLN AVE AND E 136TH ST, NYC",1405,40.809638016303,-73.928146033514
"BOSTON RD AND ARNOWAVE, NYC",1404,40.867745015243,-73.859451978402
"NARROWS RD N AND TARGEE ST, NYC",1398,40.6087339812,-74.088368040551
"GRAND CENTRAL PKWY AND 168TH ST, NYC",1397,40.717537999487,-73.798089993092
"BRONXDALE AVE AND VAN NEST AVE, NYC",1395,40.845276988505,-73.858646980421
"FATHER CAPODANNO BLVD AND SAND LN, NYC",1394,40.590377990431,-74.06668799653
"ROCKAWAY BLVD AND 111TH ST, NYC",1392,40.677508586402,-73.827578869568
"KISSENA BLVD AND BOOTH MEMORIAL AVE, NYC",1389,40.74296798126,-73.814318028192
"E 66TH ST AND STRICKLAND AVE, NYC",1389,40.615716986645,-73.909140990073
"3RD AVE AND 53RD ST, NYC",1388,40.646078000146,-74.016492969364
"TILLARY ST AND JAYST, NYC",1384,40.696170803632,-73.981520173006
"4TH AVE AND 54TH ST, NYC",1383,40.644268011974,-74.014961008921
"NORTHERN BLVD AND STEINWAY ST, NYC",1382,40.752323987313,-73.924478028866
"UNIVERSITY AVE AND W 183RD ST, NYC",1381,40.859611006854,-73.907782032112
"BOSTON RD AND ELY AVE, NYC",1380,40.880317995735,-73.841275989004
"BROADWAY AND W 204TH ST, NYC",1380,40.867019016699,-73.923113035934
"UNIONPORT RD AND MCGRAW AVE, NYC",1376,40.835691988857,-73.855699987084
"OLD FULTON ST AND HICKS ST, NYC",1374,40.70201701983,-73.992629020471
"HEMPSTEAD AVE AND 220TH ST, NYC",1373,40.71295402046,-73.734412004116
"3RD AVE AND E 16THST, NYC",1365,40.734620988711,-73.986215020524
"SHARROTT AVE AND KENNETH PL, NYC",1357,40.518428990859,-74.21274802378
"KINGS HWY AND E 95TH ST, NYC",1349,40.658959979498,-73.920600979552
"SOUTHERN BLVD AND E182ND ST, NYC",1348,40.848229010984,-73.88312498754
"MAIN ST AND ELDER AVE, NYC",1342,40.75101100409,-73.825780029328
"W KINGSBRIDGE RD AND KINGSBRIDGE TERR, NYC",1342,40.870387410219,-73.904441592239
"QUEENS BLVD AND ASCAN AVE, NYC",1341,40.719742984846,-73.839651995264
"E 225TH ST AND LACONIA AVE, NYC",1336,40.884254011737,-73.849271989357
"OCEAN PKWY AND AVE X, NYC",1335,40.591096990086,-73.965204020015
"WOODHAVEN BLVD AND DANA CT, NYC",1335,40.723210997285,-73.868311985335
"RICHMOND HILL RD AND BRIDGETOWN ST, NYC",1333,40.582944709148,-74.156866797319
"STILLWELL AVE AND W15TH PL, NYC",1333,40.586220985551,-73.983268027186
"MARSH AVE AND ELMWOOD PARK DRIVE, NYC",1333,40.581236100095,-74.162765310222
"FLATLANDS AVE AND E88TH ST, NYC",1328,40.639315983578,-73.907496963585
"S RAILROAD AVE AND PETER AVE, NYC",1327,40.566819981004,-74.124287010228
"GRAND CENTRAL PKWY AND PARSONS BLVD, NYC",1326,40.715707014648,-73.807779976077
"BRONX PARK E AND MACE AVE, NYC",1325,40.863273018442,-73.87044802954
"PARSONS BLVD AND 15TH AVE, NYC",1324,40.785801015229,-73.821903985842
"SPRINGFIELD BLVD AND 109TH AVE, NYC",1324,40.708814198481,-73.73820590495
"KISSENA BLVD AND QUEENS COLLEGE ENTRANC, NYC",1324,40.758486446346,-73.829635118055
"SURF AVE AND W 35THST, NYC",1323,40.572987008175,-74.000320590101
"CROSS BRONX EXPWY AND LAFAYETTE AVE, NYC",1323,40.826995009941,-73.830763992775
"SPRINGFIELD BLVD AND HOLLIS AVE, NYC",1315,40.712020695541,-73.736465738032
"CROSS BRONX EXPWY AND WOOD AVE, NYC",1315,40.835215980576,-73.866000004982
"CLEARVIEW EXPWY SVC RD AND 204TH ST, NYC",1307,40.753968013802,-73.776449008741
"W 178TH ST AND ST NICHOLAS AVE, NYC",1305,40.847360394358,-73.935193202428
"DOUGLASTON PKWY AND ALAMEDA AVE, NYC",1305,40.764045995085,-73.743495975502
"CLAY AVE AND CLAREMONT PKWY, NYC",1304,40.839544688742,-73.90575218662
"FREDERICK DOUGLASS BLVD AND W 152ND ST, NYC",1302,40.827255016578,-73.938689964795
"HORACE HARDING EXPWY AND 208TH ST, NYC",1301,40.745781995703,-73.768769006137
"BEACH CHANNEL DR AND ROCKAWAY FWY, NYC",1298,40.590460007354,-73.801287018601
"ROCKAWAY FWY AND B108TH ST, NYC",1297,40.678171092029,-73.831109494824
"HYLAN BLVD AND DUMONT AVE, NYC",1293,40.594817004444,-74.086394018534
"BOSTON RD AND WHITEPLAINS RD, NYC",1289,40.858837985834,-73.86759902065
"SEAVIEW AVE AND E 104TH ST, NYC",1289,40.637244982942,-73.884503978251
"METCALF AVE AND LAFAYETTE AVE, NYC",1288,40.820369995581,-73.870502008996
"CONEY ISLAND AVE AND DORCHESTER RD, NYC",1288,40.637289197481,-73.968221169882
"BEDFORD PARK BLVD AND MARION AVE, NYC",1288,40.868706000442,-73.884735989331
"DUNKIRK AVE AND SULLIVAN RD, NYC",1285,40.694422009724,-73.767012997422
"CARSON ST AND 139THAVE, NYC",1282,40.672317003213,-73.75282897323
"HUGUENOT AVE AND SINCLAIR AVE, NYC",1281,40.541849998078,-74.196716963405
"FRANCIS LEWIS BLVD AND 137TH AVE, NYC",1280,40.672456980996,-73.741613986782
"CONEY ISLAND AVE AND GRAVESEND NECK RD, NYC",1275,40.594348791332,-73.96095741259
"COMMERCE AVE AND HALSEY ST, NYC",1272,40.837716008927,-73.841168030091
"ATLANTIC AVE AND 118TH ST, NYC",1270,40.693913018654,-73.828907987955
"FARMERS BLVD AND SUFFOLK DR, NYC",1266,40.693792989801,-73.762289962621
"1ST AVE AND E 84THST, NYC",1265,40.775561011758,-73.950333015039
"ROCKAWAY BLVD AND 140TH ST, NYC",1264,40.674283900612,-73.800624177698
"TYSENS LN AND ISORAPL, NYC",1263,40.5653599792,-74.118766018245
"NELSON AVE AND GRANDVIEW TERR, NYC",1263,40.545665985227,-74.148940031486
"33RD ST AND BROADWAY, NYC",1262,40.761224017833,-73.923791970091
"GRAND CONCOURSE AND E KINGSBRIDGE RD, NYC",1261,40.866068005965,-73.894605009768
"12TH AVE AND 42ND ST, NYC",1257,40.640278980434,-73.990241016257
"FATHER CAPODANNO BLVD AND PARK AND R, NYC",1250,40.584487331871,-74.072312774025
"FOREST AVE AND GRANDVIEW AVE, NYC",1249,40.707124993534,-73.903235017277
"W 72ND ST AND WESTEND AVE, NYC",1248,40.776127649367,-73.975727708999
"EDGERTON BLVD AND WEXFORD TERR, NYC",1247,40.713181002398,-73.785716962901
"COLUMBUS AVE AND W100TH ST, NYC",1247,40.795470001546,-73.965623031354
"HORACE HARDING EXPWY AND 189TH ST, NYC",1240,40.741378018046,-73.785896000353
"ROCKAWAY BEACH BLVD AND B 47TH ST, NYC",1239,40.589713923464,-73.799025174291
"HORACE HARDING EXPWY AND 210TH ST, NYC",1239,40.746272001763,-73.766920964125
"CLARENDON RD AND E48TH ST, NYC",1238,40.644313986713,-73.931538022091
"CROSS BAY BLVD AND E 9TH ST, NYC",1236,40.606458001121,-73.819444986908
"MARCUS GARVEY BLVD AND PARK AVE, NYC",1231,40.698538991017,-73.941182994256
"BOSTON RD AND E 173RD ST, NYC",1231,40.836131410131,-73.889864205331
"LEXINGTON AVE AND E112TH ST, NYC",1227,40.796072995661,-73.94348801763
"BELL BLVD AND 45THDR, NYC",1227,40.758954994734,-73.768623999212
"OCEAN AVE AND AVE M, NYC",1227,40.618557487902,-73.955038699301
"BAY ST AND HANNAH ST, NYC",1224,40.63593799278,-74.075836005656
"RICHMOND AVE AND LANDER AVE, NYC",1221,40.613023001055,-74.158826989196
"212TH ST AND 15TH AVE, NYC",1215,40.785679016628,-73.781617038782
"HORACE HARDING EXPWY AND MAIN ST, NYC",1210,40.741765010516,-73.825350037695
"BRADDOCK AVE AND 238TH ST, NYC",1209,40.726985996928,-73.730023993985
"PARK AVE AND CLAY AVE, NYC",1208,40.826875986916,-73.913702002686
"FLATLANDS AVE AND E100 ST, NYC",1203,40.645205988849,-73.898364963894
"GRAND CONCOURSE AND E 150TH ST, NYC",1203,40.819502007598,-73.926949013922
"MERRICK BLVD AND BELKNAP ST, NYC",1203,40.679022316206,-73.759843787998
"KINGS HWY AND E 24TH ST, NYC",1203,40.612487020256,-73.950006036996
"BAILEY AVE AND W 225TH ST, NYC",1200,40.876577355098,-73.903671538778
"ADAM CLAYTON POWELL JR BLVD AND W 149TH, NYC",1199,40.824222988833,-73.937311979913
"E 161ST ST AND MELROSE AVE, NYC",1189,40.824164189782,-73.913862264675
"NEPTUNE AVE AND W 5TH ST, NYC",1187,40.579758999208,-73.971855982194
"CROSSBAY BLVD AND PITKIN AVE, NYC",1183,40.67215799851,-73.843282029891
"AMBOY RD AND CHISHOLM ST, NYC",1182,40.53062801274,-74.194549989977
"HYLAN BLVD AND BURBANK AVE, NYC",1181,40.57217199382,-74.108156959577
"NICHOLAS AVE AND CHARLES AVE, NYC",1181,40.634892015082,-74.14077203448
"ATLANTIC AVE AND 102ND ST, NYC",1181,40.68979100822,-73.842771991083
"65TH ST AND W 2ND ST, NYC",1179,40.610683989064,-73.976215996768
"SEAGIRT BLVD AND B20TH ST, NYC",1178,40.596299349652,-73.744424987687
"BARTOW AVE AND ELYAVE, NYC",1167,40.867786002749,-73.834825024863
"MERRYMOUNT ST AND SHILOH ST, NYC",1165,40.589028001106,-74.160315028466
"NOSTRAND AVE AND DEAN ST, NYC",1163,40.676874998341,-73.94983596818
"AVE H AND TROY AVE, NYC",1160,40.632485989776,-73.934138004637
"39TH ST AND NORTHERN BLVD, NYC",1159,40.752323987313,-73.924478028866
"GOULDEN AVE AND BEDFORD PARK BLVD, NYC",1157,40.875590518525,-73.894074267658
"BRUCKNER BLVD AND JARVIS AVE, NYC",1157,40.843003984002,-73.826231981547
"E 17TH ST AND AVE O, NYC",1154,40.613156985777,-73.957187986913
"DITMARS BLVD AND 79TH ST, NYC",1154,40.76887598297,-73.890632993491
"UNION TPKE AND 88THST, NYC",1152,40.704812007353,-73.860208026068
"OCEAN AVE AND GRAVESEND NECK RD, NYC",1151,40.596613497751,-73.950886723563
"BRONX PARK EAST AND LYDIG AVE, NYC",1151,40.854249019574,-73.869372966638
"SLATER BLVD AND LACONIA AVE, NYC",1148,40.582463001172,-74.093202973759
"MURDOCK AVE AND NEREID AVE, NYC",1146,40.899823983619,-73.843456038201
"WILLIAMSBRIDGE RD AND PAULDING AVE, NYC",1145,40.864287983097,-73.858735996233
"CENTRAL AVE AND B 9TH ST, NYC",1145,40.701564307564,-73.931289344274
"164TH ST AND 82ND RD, NYC",1142,40.717805088832,-73.803673514074
"LEONARD ST AND BOERUM ST, NYC",1141,40.705599990071,-73.946264020142
"WILLOW RD E AND FOREST AVE, NYC",1139,40.624969979108,-74.145777036504
"58TH AVE AND 196THST, NYC",1135,40.744313989181,-73.781272039647
"DITMARS BLVD AND 80TH ST, NYC",1134,40.76897899656,-73.889695980535
"4TH AVE AND 60THST, NYC",1133,40.640883986205,-74.018488029958
"BAYCHESTER AVE AND STRANG AVE, NYC",1132,40.890158014786,-73.842607035228
"HART BLVD AND GREGGPL, NYC",1121,40.631988984827,-74.100655994425
"LEFFERTS BLVD AND SUTTER AVE, NYC",1118,40.674182018579,-73.819743969394
"HOLLIS CT BLVD AND 56TH AVE, NYC",1114,40.746412985374,-73.780227989787
"60TH ST AND 17TH AVE, NYC",1112,40.623373980924,-73.989483040753
"NEREID AVE AND RICHARDSON AVE, NYC",1108,40.898874984541,-73.855383989334
"73RD AVE AND 196THPL, NYC",1107,40.735082999214,-73.776888974838
"NARROWS RD AND CLOVE RD, NYC",1104,40.610955604637,-74.098098005214
"80TH ST AND JUNIPERBLVD N, NYC",1104,40.721639013254,-73.876499009261
"ARDEN AVE AND EDGEGROVE AVE, NYC",1101,40.545752989382,-74.178878010334
"CONEY ISLAND AVE AND DUNNE CT, NYC",1101,40.590176992393,-73.96062498631
"REMSEN AVE AND STILLWELL PL, NYC",1101,40.636060997209,-73.901401978872
"HAROLD ST AND WASHINGTON AVE, NYC",1100,40.600998993312,-74.135885971662
"PEARL ST AND PECK SLIP, NYC",1099,40.708854012521,-74.002493011766
"11TH AVE AND W 38THST, NYC",1098,40.758270696159,-74.00014666561
"26TH AVE AND 172NDST, NYC",1094,40.773370988096,-73.793671975748
"LAFAYETTE AVE AND ALDEN PL, NYC",1091,40.637284000701,-74.093642017848
"WEBSTER AVE AND E 205TH ST, NYC",1089,40.872986009751,-73.874990015232
"QUEENS BLVD AND 80TH RD, NYC",1087,40.714030298737,-73.830107689756
"JEWEL AVE AND 113THST, NYC",1087,40.725259995426,-73.839358963929
"BEDFORD AVE AND BEVERLEY RD, NYC",1086,40.644759987781,-73.954736028777
"WHITE PLAINS RD AND RANDALL AVE, NYC",1084,40.817777011924,-73.857277964175
"HILLSIDE AVE AND PARSONS BLVD, NYC",1081,40.707683018738,-73.80275795879
"69TH ST AND 53RD RD, NYC",1081,40.730827004058,-73.895738997448
"COLLEGE AVE AND NEAL DOW AVE, NYC",1080,40.621276996388,-74.134872012834
"E 163RD ST AND UNION AVE, NYC",1077,40.822446989279,-73.901991981036
"W 230TH ST AND TIBBET AVE, NYC",1073,40.879514003582,-73.909688998903
"WHITESTONE EXPWY AND ULMER ST, NYC",1070,40.770533001409,-73.835546958184
"ROSEDALE AVE AND BRUCKNER BLVD, NYC",1068,40.824797987391,-73.867803958183
"KEEGANS LN AND TRENT ST, NYC",1063,40.551566006873,-74.140187983466
"8TH AVE AND W 17THST, NYC",1061,40.741665014411,-74.001127013006
"GLENWOOD RD AND TROY AVE, NYC",1057,40.634826007595,-73.934397005446
"WEST END AVE AND 66TH ST, NYC",1056,40.776022980351,-73.987240965472
"HYLAN BLVD AND GUYON AVE, NYC",1054,40.560429995209,-74.120102009792
"ARDEN AVE AND SHIRLEY AVE, NYC",1046,40.532935005861,-74.163944979275
"FRANCIS LEWIS BLVD AND 42ND RD, NYC",1044,40.75904099306,-73.784215009671
"95TH AVE AND BRISBIN ST, NYC",1044,40.697321603399,-73.809830860146
"SPRINGFIELD BLVD AND 91ST AVE, NYC",1043,40.7257210001,-73.740330968863
"ROCKAWAY BEACH BLVD AND B 73RD ST, NYC",1042,40.589713923464,-73.799025174291
"E GUN HILL RD AND BARNES AVE, NYC",1036,40.876014014183,-73.86212798481
"SAND LN AND QUINCYAVE, NYC",1036,40.592096280582,-74.067942683617
"NOSTRAND AVE AND AVE L, NYC",1031,40.621998007699,-73.945973000464
"6TH AVE AND DOWNINGST, NYC",1029,40.729711582293,-74.002187575215
"BAY RIDGE PKWY AND 20TH AVE, NYC",1025,40.610850998485,-73.991771970872
"MADISON AVE AND E 96TH ST, NYC",1024,40.787256784172,-73.954155498163
"UTOPIA PKWY AND 29TH AVE, NYC",1024,40.770399016687,-73.792291979209
"26TH AVE AND 125THST, NYC",1021,40.774362986337,-73.843624011541
"BAISLEY BLVD AND 155TH ST, NYC",1021,40.674701989943,-73.784353981625
"FRESH POND RD AND 59TH AVE, NYC",1018,40.719408002086,-73.902492967389
"AVE L AND E 49TH ST, NYC",1018,40.62349899701,-73.928376032937
"SO GANNON AVE AND BRADLEY AVE, NYC",1015,40.607758998223,-74.132040019209
"ALBANY AVE AND AVEI, NYC",1014,40.680326315109,-73.938460744071
"DEPPE PL AND WILLOWRD W, NYC",1014,40.617547007565,-74.152618010599
"COOPER AVE AND 69THDR, NYC",1011,40.701281004912,-73.881682964918
"114TH ST AND 37TH AVE, NYC",1011,40.754949995668,-73.853823027505
"UNION TPKE AND STEWART RD, NYC",1011,40.734775006182,-73.752765019309
"W 230TH ST AND MARBLE HILL AVE, NYC",1009,40.878311996757,-73.908024017656
"ROCKAWAY BLVD AND LINCOLN ST, NYC",1006,40.674905879737,-73.807443694122
"FATHER CAPODANNOBLVD AND ALEX CIR, NYC",1002,40.59217699831,-74.064507025324
"WOOLLEY AVE AND DAWSON ST, NYC",1001,40.604471992983,-74.140604983149
"E GUN HILL RD AND BRONXWOOD AVE, NYC",999,40.87549999397,-73.860511031868
"MARCY AVE AND HALSEY ST, NYC",999,40.68217998868,-73.946580017892
"WATCHOGUE RD AND CANTERBURY AVE, NYC",997,40.617431002025,-74.150858984399
"E 241ST ST AND MATILDA AVE, NYC",995,40.904223099772,-73.852175312979
"LENOX AVE AND W 128TH ST, NYC",993,40.809726990205,-73.9441449912
"MURDOCK AVE AND 198TH ST, NYC",993,40.699536982318,-73.756466970666
"7TH AVE AND BAY RIDGE PKWY, NYC",991,40.627081003332,-74.018643011348
"TROY AVE AND UNIONST, NYC",990,40.668127015544,-73.936748967477
"KINGS HWY AND AVE N, NYC",988,40.617361013134,-73.943664037596
"1ST AVE AND E 75THST, NYC",986,40.769754993156,-73.954575012417
"CROSSBAY BLVD AND SUTTER AVE, NYC",981,40.67679801056,-73.843870020399
"LIBERTY AVE AND 187TH ST, NYC",980,40.704057007425,-73.769528993298
"UNION TPKE AND COMMONWEALTH BLVD, NYC",979,40.741429985846,-73.724907009734
"NARROWS RD N AND CLOVE RD, NYC",979,40.610955604637,-74.098098005214
"PARK AVE AND E 131ST ST, NYC",977,40.808804980856,-73.936140022211
"SPRINGFIELD BLVD AND LINDEN BLVD, NYC",972,40.696245995674,-73.74365196272
"YORK AVE AND E 79TH ST, NYC",970,40.771393990503,-73.950438962295
"60TH ST AND 21ST AVE, NYC",967,40.61805298115,-73.980684976084
"MADISON AVE AND E 129TH ST, NYC",963,40.808274993118,-73.938781998092
"HYLAN BLVD AND BEDELL AVE, NYC",962,40.506752999735,-74.233065002706
"DITMAS AVE AND E 94TH ST, NYC",960,40.649973992561,-73.911835017573
"PARSONS BLVD AND 25TH DR, NYC",960,40.775258005958,-73.824558031664
"TAPSCOTT ST AND BLAKE AVE, NYC",959,40.66408899178,-73.920050037056
"SEAGIRT BLVD AND B31ST ST, NYC",957,40.596299349652,-73.744424987687
"HORACE HARDING EXPWY AND KISSENA BLVD, NYC",956,40.73923598078,-73.815168959003
"REMSEN AVE AND DITMAS AVE, NYC",955,40.648096991073,-73.914738005919
"3RD AVE AND 36THST, NYC",954,40.655629011176,-74.006574998613
"NOSTRAND AVE AND PARK AVE, NYC",954,40.697198682789,-73.952946492449
"CARLTON AVE AND MYRTLE AVE, NYC",953,40.693251015941,-73.972858038718
"NAGLE AVE AND ELLWOOD ST, NYC",953,40.860248995414,-73.928417020444
"46TH ST AND 25TH AVE, NYC",953,40.765711018241,-73.906908973077
"E TREMONT AVE AND MAYFLOWER AVE, NYC",952,40.835003415511,-73.830740439627
"HUDSON ST AND BROOME ST, NYC",950,40.724582486192,-74.007774616595
"AMBOY RD AND CEDARVIEW AVE, NYC",949,40.565724005255,-74.129414974772
"137TH AVE AND SOUTHGATE ST, NYC",946,40.675109015161,-73.760314012766
"AMSTERDAM AVE AND W83RD ST, NYC",945,40.785735007741,-73.976450019505
"AVE R AND BURNETT ST, NYC",945,40.609229016401,-73.940829026485
"FLATBUSH AVE AND AVE M, NYC",944,40.620827013916,-73.934952977083
"RICHMOND AVE AND W CASWELL AVE, NYC",941,40.616414989632,-74.156790019086
"AVE P AND E 3RD ST, NYC",940,40.609064018637,-73.97089801448
"AMSTERDAM AVE AND W129TH ST, NYC",940,40.815110979981,-73.955000980736
"E 17TH ST AND AVE Y, NYC",938,40.590292997933,-73.952856973723
"57TH AVE AND 94TH ST, NYC",937,40.736155002721,-73.867540012052
"YORK AVE AND E 84THST, NYC",937,40.774616999912,-73.948093035234
"FREDERICK DOUGLASS BLVD AND W 135TH ST, NYC",936,40.816508913793,-73.946558727858
"BROADWAY AND TIEMANN PL, NYC",935,40.815168982751,-73.958856991473
"NOSTRAND AVE AND GATES AVE, NYC",933,40.686199991352,-73.9507380286
"CROSS ISLAND PKWY AND 201ST ST, NYC",930,40.786443991021,-73.793269979671
"BRONX BLVD AND NEREID AVE, NYC",927,40.8998230197,-73.857813986883
"W 145TH AND BROADWAY, NYC",926,40.826465986123,-73.95053200142
"WILLETS POINT BLVD AND 147TH ST, NYC",926,40.776648018871,-73.819660988552
"CENTERVILLE ST AND SUTTER AVE, NYC",925,40.676969001385,-73.835258033981
"E 56TH ST AND AVE N, NYC",924,40.61931001517,-73.921101965905
"HAMILTON AVE AND BUSH ST, NYC",924,40.672950004541,-73.999150979332
"LIBERTY AVE AND PRINCETON ST, NYC",916,40.694006393055,-73.807127277277
"LEFFERTS BLVD AND 103RD AVE, NYC",912,40.68795398841,-73.825007972226
"COLONIAL RD AND E 82ND ST, NYC",912,40.627630981909,-74.035245968977
"CLEARVIEW EXPRESSWAY AND 56TH AVE, NYC",910,40.748137017129,-73.773951033956
"RICHMOND RD AND VENICE AVE, NYC",907,40.602509998997,-74.092727971306
"STRICKLAND AVE AND MILL AVE, NYC",907,40.613741581614,-73.911973235156
"GUN HILL RD AND WHITE PLAINS RD, NYC",902,40.877645006812,-73.86740598542
"OCEAN PKWY AND GRAVESEND NECK RD, NYC",901,40.594408009478,-73.964894979245
"HILLSIDE AVE AND 120TH ST, NYC",896,40.701622986561,-73.830617980021
"BRONX PARK EAST AND BOSTON RD, NYC",895,40.855484512102,-73.869812094546
"3RD AVE AND 59TH ST, NYC",895,40.642510117331,-74.019643307673
"E 135TH ST AND 3RD AVE, NYC",893,40.809417991345,-73.929631977309
"5TH AVE AND E 91STST, NYC",893,40.784716019772,-73.958083006534
"AVE D AND E 40TH ST, NYC",892,40.641539995857,-73.938986013615
"SUTTER AVE AND N CONDUIT AVE, NYC",891,40.674556019099,-73.859592040004
"NORTHERN BLVD AND 159TH ST, NYC",890,40.763146994059,-73.806438033379
"LINDEN BLVD AND 203RD ST, NYC",889,40.695213009927,-73.749508985202
"LAURELTON PKWY AND FRANCIS LEWIS BLVD, NYC",888,40.669272989346,-73.73850203759
"150TH ST AND 75TH RD, NYC",887,40.724609014916,-73.815822998907
"RICHMOND AVE AND GENESEE AVE, NYC",886,40.552710010928,-74.168107013296
"E TREMONT AVE AND CROSS BRONX EXPWY, NYC",886,40.82284768616,-73.819469462065
"VICTORY BLVD AND ALBERTA AVE, NYC",885,40.590753080598,-74.192359211944
"LACONIA AVE AND E 221ST ST, NYC",883,40.881499005892,-73.851113996399
"ADAM C POWELL JRBLVD AND W 117TH ST, NYC",882,40.805794373246,-73.956525920778
"AVE D AND E 93RD ST, NYC",879,40.647892011631,-73.910717039327
"LINDEN BLVD AND 229TH ST, NYC",877,40.692679998787,-73.732300015973
"FLUSHING AVE AND JOHNSON AVE, NYC",877,40.709394016633,-73.921897995249
"GRAND CONCOURSE AND E 167TH ST, NYC",876,40.834467015618,-73.917680975943
"GRAND CENTRAL PKWY AND 159TH ST, NYC",871,40.716026993802,-73.80663701976
"6TH AVE AND 80TH ST, NYC",868,40.624354998872,-74.021794020208
"W 41ST ST AND DYERAVE, NYC",868,40.758340014498,-73.994381005873
"VICTORY BLVD AND MELVIN AVE, NYC",867,40.59162119431,-74.190800010316
"CONEY ISLAND AVE AND DESMOND CT, NYC",866,40.590865984834,-73.960679971595
"115TH RD AND 229THST, NYC",866,40.696085985143,-73.730515005873
"AVE K AND E 88TH ST, NYC",864,40.635806019714,-73.903583033897
"UTOPIA PKWY AND 33RD AVE, NYC",864,40.767150987297,-73.792750972227
"FLATBUSH AVE AND FARRAGUT RD, NYC",862,40.63607038494,-73.951044135704
"HILLSIDE AVE AND KEW GARDENS RD, NYC",860,40.70387038435,-73.819391175089
"E 23RD ST AND 2ND AVE, NYC",858,40.737882010051,-73.980891003265
"STILLWELL AVE AND AVE T, NYC",856,40.597931007202,-73.985474982292
"NEW YORK AVE AND LEFFERTS AVE, NYC",851,40.662532011356,-73.94792196059
"FRESH POND RD AND 59TH RD, NYC",850,40.718689002431,-73.902296998493
"STEUBEN ST. WINDERMERE RD - OLGA PLAC, NYC",850,40.602089981829,-74.078436223899
"W HOUSTON ST AND THOMPSON ST, NYC",847,40.727348011326,-74.000598701649
"FT HAMILTON PKWY AND 41ST ST, NYC",844,40.642198981085,-73.991932987232
"PITKIN AVE AND LINWOOD ST, NYC",843,40.673919287824,-73.882614697275
"1ST AVE AND E 22NDST, NYC",841,40.736230020754,-73.979010020373
"SKILLMAN AVE AND 38TH ST, NYC",840,40.747535992762,-73.926369992051
"JOHNSON AVE AND WHITE ST, NYC",840,40.707287015723,-73.935917985596
"BROADWAY AND W 133RD ST, NYC",837,40.818848009603,-73.956115019487
"BRUCKNER BLVD AND EDISON AVE, NYC",833,40.833907984585,-73.827080984519
"28TH AVE AND 210THPL, NYC",831,40.775744994532,-73.779854995096
"ROCKAWAY BEACH BLVD AND B 134TH ST, NYC",829,40.674639209488,-73.804516398257
"NEREID AVE AND GRACE AVE, NYC",828,40.898855999531,-73.847855028626
"HORACE HARDING EXPWY AND MARATHON PKWY, NYC",826,40.76087801287,-73.732131958814
"JAMAICA AVE AND 153RD ST, NYC",823,40.70273899506,-73.802272981872
"LAFAYETTE AVE AND BRINSMADE AVE, NYC",822,40.827675494751,-73.829361700373
"CLARENDON RD AND E46TH ST, NYC",822,40.644189012537,-73.93349201136
"HYLAN BLVD AND FAIRLAWN AVE, NYC",820,40.548449992458,-74.138632972789
"ROCKAWAY BLVD AND 100TH ST, NYC",819,40.679964986946,-73.839533978067
"BOOTH MEMORIAL AVE AND 175TH ST, NYC",819,40.741530987779,-73.794705967323
"13TH AVE AND 57TH ST, NYC",818,40.63054997969,-73.996774961239
"188TH ST AND 87TH DR, NYC",817,40.715772980226,-73.773905017308
"21ST ST AND 36TH AVE, NYC",816,40.759922601636,-73.936824488424
"80TH ST AND 62ND AVE, NYC",814,40.723112007008,-73.877681025247
"116TH AVE AND 231STST, NYC",811,40.693884017269,-73.72965301095
"GIFFORDS LN AND GIBSON AVE, NYC",811,40.555782020351,-74.152325985093
"SCHENECTADY AVE AND LENOX RD, NYC",810,40.65514998541,-73.933668031326
"CROSS BRONX EXPWY AND E 174TH ST, NYC",810,40.834829113835,-73.866838530575
"3RD AVE AND E 66THST, NYC",809,40.765899988248,-73.963408029621
"20TH AVE AND 27TH ST, NYC",809,40.781394984006,-73.908663975964
"FARMERS BLVD AND 118TH AVE, NYC",808,40.690247989581,-73.762207987608
"CONEY ISLAND AVE AND CATON PL, NYC",806,40.650020009209,-73.971982968027
"PARK AVE AND E 36THST, NYC",806,40.748367016552,-73.980402003033
"PAUL AVE AND W 205TH ST, NYC",803,40.876978016867,-73.889651975543
"W 6TH ST AND AVE T, NYC",802,40.598753313813,-73.977979130101
"RICHMOND RD AND DELAWARE AVE, NYC",798,40.594051988141,-74.099497028673
"WILLOWBROOK RD AND BIRCHARD AVE, NYC",797,40.603472995853,-74.135226986434
"EUCLID AVE AND BLAKE AVE, NYC",796,40.671347007468,-73.870958990357
"JAMAICA AVE AND 222ND ST, NYC",795,40.720324982293,-73.732392971279
"KINGS HWY AND NEW YORK AVE, NYC",794,40.618771016886,-73.942456037711
"WASHINGTON AVE AND CLAREMONT PKWY, NYC",794,40.838873004931,-73.902659012891
"CONEY ISLAND AVE AND AVE C, NYC",792,40.64140299365,-73.969341997974
"E 48 ST AND AVE L, NYC",787,40.623439988412,-73.929311034237
"BAY PKWY AND 60TH ST, NYC",783,40.616705003482,-73.978455976573
"E 222ND ST AND BARNES AVE, NYC",782,40.88478098199,-73.858774972082
"SCHENECTADY AVE AND AVE D, NYC",782,40.641953014136,-73.932263978725
"E 225TH ST AND BRONXWOOD AVE, NYC",781,40.885975989926,-73.85471603547
"E 16TH ST AND QUENTIN RD, NYC",778,40.608364003994,-73.957240038531
"CROSS ISLAND PKWY AND CLINTONVILLE ST, NYC",777,40.787113998452,-73.810260013589
"W 116TH ST AND FREDERICK DOUGLASS BLVD, NYC",774,40.804425017351,-73.955367018448
"ARMSTRONG AVE AND AMBOY RD, NYC",773,40.54624747976,-74.158843417726
"ATLANTIC AVE AND 86TH ST, NYC",772,40.686119986086,-73.85565698792
"ATLANTIC AVE AND 85TH ST, NYC",771,40.685881981946,-73.856494004771
"137TH AVE AND 170THST, NYC",770,40.672714012057,-73.770310019036
"JEWEL AVE AND 161STST, NYC",770,40.731894020332,-73.807980974115
"32ND AVE AND 72ND ST, NYC",770,40.756703992727,-73.895040030542
"PARSONS BLVD AND GOETHALS AVE, NYC",769,40.71841298636,-73.808606012635
"5TH AVE AND 32ND ST, NYC",768,40.655203000947,-73.99984198343
"4TH AVE AND BAY RIDGE PKWY, NYC",763,40.630822014357,-74.025073020731
"N CONDUIT AVE AND VAN WYCK EXPWY / E, NYC",763,40.666743498606,-73.801438814868
"KISSENA BLVD AND NEGUNDO AVE, NYC",760,40.748286801739,-73.816570329394
"21ST ST AND 31ST DR, NYC",760,40.766063980184,-73.930885993843
"51ST AVE AND GORSLINE ST, NYC",759,40.737272980966,-73.884705982117
"EMMONS AVE AND SHORE BLVD, NYC",759,40.583185982231,-73.954092969165
"BROADWAY AND W 80THST, NYC",757,40.784567995362,-73.979577978132
"AMSTERDAM AVE AND W91ST ST, NYC",756,40.79086598977,-73.972695010702
"HORACE HARDING EXPWY AND FRANCIS LEWIS, NYC",756,40.743778008383,-73.776043995179
"METROPOLITAN AVE AND LINDEN DR, NYC",755,40.840444988962,-73.855128006011
"GLENWOOD RD AND E 108TH ST, NYC",753,40.650411988911,-73.894209970671
"ROCKAWAY PKWY AND AVE J, NYC",752,40.642009005249,-73.898830997711
"W 145TH ST AND AMSTERDAM AVE, NYC",749,40.825239001226,-73.947604035003
"SURF AVE AND W 12THST, NYC",749,40.575499986566,-73.979641010044
"WOODWARD AVE AND HART ST, NYC",748,40.710092983539,-73.914515969304
"UTOPIA PKWY AND 16TH AVE, NYC",744,40.784056992635,-73.794806969257
"SHORE PKWY N AND 84TH ST, NYC",743,40.662653004128,-73.850110012037
"NORTHERN BLVD AND 112TH ST, NYC",743,40.758065507169,-73.857809209199
"PUTNAM AVE AND TOMPKINS AVE, NYC",743,40.684709982334,-73.944193019506
"5TH AVE AND 85TH ST, NYC",740,40.622150013513,-74.025650030945
"SPRINGFIELD BLVD AND 94TH DR, NYC",740,40.719864019528,-73.735720000107
"BLOOMINGDALE RD AND IDAHO AVE, NYC",739,40.525508011005,-74.215619999084
"71ST AVE AND LOUBETST, NYC",739,40.712654996064,-73.849528978509
"FLATLANDS AVE AND ESSEX ST, NYC",738,40.658410000921,-73.873283040651
"HYLAN BLVD AND TYSENS LN, NYC",728,40.563945994044,-74.116413972395
"WOODROW RD AND BOULDER ST, NYC",728,40.544383218765,-74.195869804451
"HILLSIDE AV. 235CT - 242 ST, NYC",725,40.77240434453,-73.748364098349
"AVE P AND W 9TH ST, NYC",723,40.607763985455,-73.982548021703
"BOOTH MEMORIAL AVE AND 135TH ST, NYC",723,40.747733009396,-73.829911972317
"KRAMER ST AND NORWAY AVE, NYC",721,40.596341002079,-74.080353013277
"AMBOY RD AND IDAHOAVE, NYC",720,40.524142012244,-74.213512034255
"METROPOLITAN AVE AND 118TH ST, NYC",719,40.707100015463,-73.834994004031
"62ND DR AND QUEENSBLVD, NYC",718,40.731114000422,-73.86448003066
"4TH AVE AND ST MARKS PL, NYC",718,40.681880000365,-73.980102014719
"UNIVERSITY AVE AND W 188TH ST, NYC",718,40.86422801058,-73.904007996388
"LIBERTY AVE AND GUYR BREWER BLVD, NYC",717,40.701284986316,-73.794658022837
"30TH AVE AND 80TH ST, NYC",716,40.761023019795,-73.888252030075
"WESTWOOD AVE AND SHERADEN AVE, NYC",711,40.605792017004,-74.137874997285
"69TH ST AND 62ND RD, NYC",708,40.717025990932,-73.888987039164
"60TH ST AND 13TH AVE, NYC",708,40.628845980684,-73.998547985218
"FLUSHING AVE AND WAVERLY AVE, NYC",707,40.697773220342,-73.968753001638
"FULTON ST AND IRVING PL, NYC",706,40.681950995085,-73.959588983077
"MARINE PKWY AND AVER, NYC",704,40.608617127417,-73.93759182616
"MELBOURNE AVE AND 152ND ST, NYC",704,40.733950981281,-73.817409022626
"LINDEN BLVD AND 180TH ST, NYC",703,40.692251012983,-73.766693982187
"ROCKAWAY BEACH BLVD AND B 105TH ST, NYC",703,40.678978981766,-73.83456904154
"47TH AVE AND 197THST, NYC",702,40.752882012517,-73.783290988665
"ST MARKS PL AND HYATT ST, NYC",700,40.641613002234,-74.077889991029
"TYSENS LN AND SHADOW LN, NYC",699,40.570005984311,-74.126804011933
"260TH ST AND 75TH AVE, NYC",698,40.748107009916,-73.713506028854
"115TH AVE AND 220THST, NYC",696,40.700216000294,-73.737492018257
"PARK AVE S AND E 23RD ST, NYC",695,40.740219890485,-73.986438314424
"86TH ST AND 17TH AVE, NYC",693,40.608597020902,-74.004864000718
"COMMONWEALTH BLVD AND 84TH RD, NYC",692,40.733593996024,-73.721416030881
"TOMPKINS AVE AND TOWNSEND AVE, NYC",691,40.618503005532,-74.075569964049
"WILLIAMS AVE AND WORTMAN AVE, NYC",691,40.676965099543,-73.900917751038
"W 116TH ST AND ST NICHOLAS AVE, NYC",690,40.803317013571,-73.952754965961
"WEST END AVE AND W59TH ST, NYC",690,40.771632790925,-73.99045978393
"E 28TH ST AND AVE P, NYC",688,40.611782982299,-73.946010970485
"E 108TH ST AND FLATLANDS 3RD ST, NYC",688,40.645068986642,-73.888266027853
"154TH ST AND 24TH RD, NYC",686,40.776058016706,-73.809451998123
"26TH AVE AND HARWAYAVE, NYC",685,40.591411018088,-73.99035501014
"HOWARD AVE AND MARION ST, NYC",685,40.680790017676,-73.919580985755
"69TH ST AND 66TH RD, NYC",684,40.714044003149,-73.887000025197
"94TH ST AND 24TH AVE, NYC",684,40.766051994062,-73.875866007933
"HAZEN ST AND 74TH ST, NYC",684,40.771212019385,-73.896058012683
"MACOMBS PL AND W 154TH ST, NYC",683,40.827658982402,-73.935822012804
"LITTLE NECK PKWY AND 41ST DR, NYC",681,40.771270986074,-73.739345005592
"23RD AVE AND 212THST, NYC",680,40.781414010926,-73.778174004414
"GRAND AVE AND 58THAVE, NYC",680,40.719858990386,-73.91048997357
"AMBOY RD AND ARBUTUS AVE, NYC",676,40.534107005472,-74.186283002694
"TARGEE ST AND BROADST, NYC",675,40.623264094174,-74.083816667126
"BEDFORD AVE AND VOORHIES AVE, NYC",674,40.586785003816,-73.944147002857
"154TH ST AND 25TH AVE, NYC",673,40.775347985688,-73.809549982571
"NORTHERN BLVD AND MAIN ST, NYC",673,40.763106006553,-73.832054973502
"WASHINGTON AVE AND PRESIDENT ST, NYC",672,40.669666016786,-73.962196006422
"LINDEN BLVD AND 145TH ST, NYC",671,40.684866011462,-73.798990963865
"CLARENDON RD AND E59TH ST, NYC",667,40.644959099891,-73.921090734154
"NORTHERN BLVD AND 108TH ST, NYC",666,40.757880015652,-73.861007994907
"CO-OP CITY BLVD AND DREISER LOOP, NYC",665,40.87819397956,-73.829560016203
"4TH AVE AND 93RD ST, NYC",665,40.617602998678,-74.030481024659
"RICHMOND AVE AND ARTHUR KILL RD, NYC",662,40.561075988487,-74.16983200897
"HENDERSON AVE AND BRENTWOOD AVE, NYC",662,40.639407011047,-74.103051039438
"EASTCHESTER RD AND ALLERTON AVE, NYC",662,40.865210998275,-73.843350007126
"4TH AVE AND 23RD ST, NYC",661,40.661637997563,-73.996914017013
"VAN SICLEN AVE AND NEW LOTS AVE, NYC",661,40.664052991506,-73.888077015936
"110TH AVE/BRINKERHOFF AVE AND 159TH ST, NYC",661,40.69219497996,-73.791713041156
"PARK AVE AND MARCUSGARVEY BLVD, NYC",657,40.698538991017,-73.941182994256
"133RD AVE AND 121STST, NYC",657,40.67202900102,-73.818464974788
"SYCAMORE ST AND RETFORD AVE, NYC",655,40.539082000283,-74.162566994393
"FARMERS BLVD AND 115TH DR, NYC",655,40.694609009984,-73.761975976528
"7TH AVE AND W 22NDST, NYC",655,40.743437619295,-73.996106672099
"63RD RD AND 108TH ST, NYC",654,40.734294010668,-73.850302963448
"48TH ST AND 50TH AVE, NYC",654,40.737255001784,-73.917976018934
"86TH ST AND 14TH AVE, NYC",653,40.612738980266,-74.011715033097
"7TH AVE AND 88TH ST, NYC",653,40.617535985363,-74.021597967493
"WHITE PLAINS RD AND CROSS BRONX EXPWY, NYC",653,40.833686995708,-73.862914458785
"AVE C AND E 20TH ST, NYC",653,40.732828979722,-73.97451396751
"ZEREGA AVE AND LAFAYETTE AVE, NYC",653,40.824079993565,-73.8429090352
"DRIGGS AVE AND LORIMER ST, NYC",653,40.72170598466,-73.95064197199
"W 58TH ST AND 10THAVE, NYC",652,40.76980398538,-73.988089968445
"158TH AVE AND 86THST, NYC",651,40.659916019374,-73.846795975159
"FOREST AVE AND RAYMOND PL, NYC",647,40.627283007199,-74.123675969487
"W FORDHAM RD AND JEROME AVE, NYC",646,40.862771990179,-73.901059997222
"SHORE FRONT PKWY AND B 108TH ST, NYC",643,40.589493880553,-73.787336701664
"COMMONWEATLH BLVD AND 88TH RD, NYC",641,40.728464019824,-73.719285015817
"MADISON AVE AND E 82ND ST, NYC",640,40.778272012611,-73.960700004343
"AVE L AND E 28TH ST, NYC",639,40.621782006054,-73.947904023318
"MERRICK BLVD AND FARMERS BLVD, NYC",638,40.679252483267,-73.761737176106
"FURMANVILLE AVE AND 82ND PL, NYC",638,40.718158008865,-73.870521035916
"MARATHON PKWY AND 52ND AVE, NYC",638,40.762287010794,-73.733323027256
"BROOKVILLE BLVD AND FRANCIS LEWIS BLVD, NYC",638,40.667603984786,-73.73736796609
"SOUTH AVE AND REGALWALK, NYC",637,40.622081994369,-74.16813702051
"FOUNTAIN AVE AND WORTMAN AVE, NYC",637,40.66356000987,-73.869548986605
"E TREMONT AVE AND ANTHONY AVE, NYC",634,40.848688004002,-73.903279022269
"CLAREMONT PKWY AND BATHGATE AVE, NYC",634,40.838468997198,-73.901758964128
"BEDFORD AVE AND LORIMER ST, NYC",632,40.723493006417,-73.951650985494
"CANAL ST AND LAIGHTST, NYC",632,40.721737584435,-74.00524118636
"2ND AVE AND E 7TH ST, NYC",630,40.727980006825,-73.988107989537
"17TH AVE AND 46TH ST, NYC",630,40.63123901404,-73.981322000726
"BROADWAY AND E 8THST, NYC",627,40.730595914987,-73.992419137616
"73RD AVE AND 153RDST, NYC",623,40.726613002236,-73.814237981017
"BROOK AVE AND E 157TH ST, NYC",622,40.820266981991,-73.911878016736
"116TH AVE AND 125THST, NYC",622,40.676746000851,-73.813483022998
"147TH AVE AND EDGEWOOD ST, NYC",620,40.657271989927,-73.742989037998
"DEKALB AVE AND THROOP AVE, NYC",619,40.692353984663,-73.942818974118
"STEINWAY ST AND 21ST AVE, NYC",618,40.774685019057,-73.903820996128
"ROSEDALE AVE AND E172ND ST, NYC",617,40.832538004421,-73.869422000772
"GERRITSEN AVE AND WHITNEY AVE, NYC",613,40.598472981061,-73.931417993238
"HUGUENOT AVE AND CASTOR PL, NYC",613,40.545293996364,-74.198440031241
"COYLE ST AND AVE U, NYC",613,40.600945013855,-73.937160016008
"MURDOCK AVE AND 205TH ST, NYC",612,40.701162987715,-73.750224967371
"W 125TH ST AND AMSTERDAM AVE, NYC",612,40.813340512483,-73.956289279254
"AVE U AND E 66TH ST, NYC",611,40.617327988435,-73.910952989902
"10TH ST AND ROSS AVE, NYC",610,40.570861986173,-74.115875016021
"UTICA AVE AND AVE J, NYC",608,40.628169016274,-73.927863982473
"AVE I AND E 7TH ST, NYC",607,40.626724981995,-73.969538972699
"FRANCIS LEWIS BLVD AND 33RD AVE, NYC",604,40.767359990053,-73.790605959385
"MORRIS AVE AND E 169TH ST, NYC",604,40.835302020812,-73.912903039676
"ETNA ST AND LOGAN ST, NYC",604,40.685582999459,-73.878762039299
"SKILLMAN AVE AND 54TH ST, NYC",604,40.745670013477,-73.910353013273
"DAHILL RD AND 37THST, NYC",601,40.638485001697,-73.979689038349
"ATLANTIC AVE AND PRESCOTT PL, NYC",599,40.676979981678,-73.920946984515
"NORTHERN BLVD AND MORGAN ST, NYC",598,40.77195700294,-73.73439700051
"BAYCHESTER AVE AND PITMAN AVE, NYC",595,40.896688984193,-73.845104004184
"FOCH BLVD AND 164THST, NYC",594,40.684546996227,-73.782134034569
"ATLANTIC AVE AND 111TH ST, NYC",593,40.692207007991,-73.834871963521
"BAY RIDGE PKWY AND 7TH AVE, NYC",593,40.627081003332,-74.018643011348
"STORY AVE AND TAYLOR AVE, NYC",593,40.823574019979,-73.863509993005
"CROSBY AVE AND PAINE ST, NYC",590,40.837506000343,-73.828386968853
"86TH ST AND GELSTONAVE, NYC",588,40.621000016397,-74.025335709576
"FRANKLIN AVE AND JEFFERSON AVE, NYC",588,40.682599000019,-73.955965989249
"31ST ST AND 34TH AVE, NYC",586,40.759668001327,-73.927237016115
"METROPOLITAN AVE AND 83RD AVE, NYC",585,40.707100015463,-73.834994004031
"BRUCKNER BLVD AND HUNTS POINT AVE, NYC",584,40.820244979495,-73.890711029009
"RICHMOND RD AND CONCORD PL, NYC",584,40.610676990175,-74.088999030222
"GRAND AVE AND 56THST, NYC",582,40.719045987688,-73.913406037685
"CONEY ISLAND AVE AND QUENTIN RD, NYC",581,40.607839003488,-73.962021998112
"MYRTLE AVE AND 114TH ST, NYC",580,40.700463014981,-73.835901009774
"LIBERTY AVE AND DUNLOP AVE, NYC",577,40.70414401158,-73.769862006311
"BERGEN ST AND CLASSON AVE, NYC",576,40.677516004386,-73.959115992281
"EASTCHESTER RD AND HICKS ST, NYC",575,40.879485002197,-73.847695018094
"THROOP AVE AND DEKALB AVE, NYC",573,40.692353984663,-73.942818974118
"MCCLEAN AVE AND BIONIA AVE, NYC",573,40.595394014658,-74.074533038807
"GUYON AVE AND WHITEHALL ST, NYC",572,40.562649984175,-74.12378996337
"HOOK CREEK BLVD AND S CONDUIT AVE, NYC",571,40.665357006092,-73.729869012595
"E 66TH ST AND 3RD AVE, NYC",571,40.765899988248,-73.963408029621
"WOODROW RD AND POWELL ST, NYC",571,40.542970616623,-74.199543173518
"E 19TH ST AND AVE K, NYC",570,40.623205001756,-73.95713803077
"BRIELLE AVE AND SUFFOLK AVE, NYC",569,40.598329985793,-74.127152028553
"WOODS OF ARDEN RD AND NOEL ST, NYC",566,40.533168986688,-74.161527973675
"188TH ST AND 80TH RD, NYC",565,40.728429989297,-73.780803994174
"SHORE PKWY AND OCEAN AVE, NYC",564,40.58466199347,-73.948628974123
"SOUNDVIEW AVE AND TAYLOR AVE, NYC",564,40.817505019166,-73.862066964555
"2ND AVE AND E 76THST, NYC",563,40.771382004382,-73.956473010572
"JERSEY ST AND HENDRICKS AVE, NYC",562,40.639911014885,-74.087202034
"94TH AVE AND LIVERPOOL ST, NYC",560,40.698431996023,-73.808545998208
"121ST AVE AND 233RDST, NYC",557,40.685155983402,-73.732178981291
"MANOR RD AND EGBERTAVE, NYC",555,40.625089002133,-74.124723036832
"OCEAN AVE AND AVE V, NYC",555,40.597264981175,-73.9510185709
"RANDALL AVE AND BRYANT AVE, NYC",555,40.812384095421,-73.884963809459
"JEROME AVE AND CROMWELL AVE, NYC",555,40.835940009372,-73.922665023209
"DEAN ST AND CLASSONAVE, NYC",554,40.678280014861,-73.958841987866
"21ST ST AND 21ST DR, NYC",553,40.780997011243,-73.916180028541
"ROCKAWAY BLVD AND 130TH ST, NYC",552,40.67499481173,-73.808542226352
"BRONXWOOD AVE AND E232ND ST, NYC",552,40.890927012493,-73.851978002978
"CROSSBAY BLVD AND LIBERTY AVE, NYC",545,40.680263801795,-73.844728997836
"RICHMOND RD AND DELAWARE ST, NYC",545,40.593876010084,-74.099790982017
"GUYON AVE AND ACORNST, NYC",545,40.563977007085,-74.125975041709
"FRONT ST AND WATERST, NYC",542,40.627325000534,-74.074242019129
"AVE M AND E 87TH ST, NYC",541,40.632261983413,-73.90087400279
"GATES AVE AND LEWISAVE, NYC",541,40.687895985641,-73.936028039984
"KINGS HWY AND E 23RD ST, NYC",540,40.611747987853,-73.950793013885
"WINCHESTER BLVD AND 87TH AVE, NYC",537,40.731045981278,-73.736325005878
"TODT HILL RD AND HELENA RD, NYC",532,40.596169005426,-74.110831960156
"BEDELL ST AND 130THAVE, NYC",531,40.678259018193,-73.77111996234
"PRESIDENT ST AND ALBANY AVE, NYC",530,40.667468994235,-73.939600993851
"FOREST AVE AND SIMONSON AVE, NYC",528,40.625571003475,-74.153130983074
"COOPER AVE AND 67THPL, NYC",527,40.69996098089,-73.885852961748
"MAIN ST AND 75TH AVE, NYC",526,40.723989005538,-73.820446959613
"2ND AVE AND 49TH ST, NYC",526,40.649655019236,-74.016355003238
"JAMAICA AVE AND 102ND ST, NYC",525,40.695158988561,-73.845397035519
"WAKEMAN PL AND RIDGE BLVD, NYC",525,40.639437982179,-74.026960038593
"CASTLE HILL AVE AND GLOVER ST, NYC",524,40.838786000776,-73.852668001248
"MARCY AVE AND ELLERY ST, NYC",523,40.698340088454,-73.949798668711
"BRONXDALE AVE AND BARNES AVE, NYC",522,40.849651000858,-73.86384803516
"SHORE RD AND 3RD AVE, NYC",520,40.612573018583,-74.036117016355
"4TH AVE AND 72ND ST, NYC",520,40.632844986689,-74.024243966688
"NEWPORT AVE AND B 136TH ST, NYC",520,40.85069109556,-73.847232059889
"CHURCH AVE AND RUGBY RD, NYC",520,40.648037018556,-73.966654005445
"MELBOURNE AND 147THST, NYC",518,40.734478999271,-73.822359961375
"CLARENDON RD AND E57TH ST, NYC",518,40.64485101525,-73.922853029297
"SHORE RD AND 71ST ST, NYC",516,40.636567012703,-74.036597969959
"155TH ST AND 124THAVE, NYC",516,40.675879982615,-73.786895039392
"SOUTHERN BLVD AND E181ST ST, NYC",515,40.846776008069,-73.883794031052
"ROCKAWAY BEACH BLVD AND BEACH 52ND ST, NYC",512,40.592987905533,-73.782519685935
"STEINWAY ST AND NORTHERN BLVD, NYC",512,40.752323987313,-73.924478028866
"BAY PKWY AND STILLWELL AVE, NYC",512,40.608165981531,-73.987354037346
"BORINQUEN PL AND S1ST ST, NYC",511,40.710738390084,-73.952862924874
"HALSEY ST AND MARCYAVE, NYC",511,40.68217998868,-73.946580017892
"COOPER AVE AND 79THPL, NYC",509,40.709009999739,-73.870646010093
"56TH AVE AND 94TH ST, NYC",509,40.736838002101,-73.868239984786
"SEAVIEW AVE AND N RAILROAD AVE, NYC",509,40.588756008348,-74.096501001202
"EDWARD L GRANT HWY AND W 170TH ST, NYC",508,40.840301993694,-73.9215560136
"LEFFERTS AVE AND BEDFORD AVE, NYC",507,40.661966987262,-73.957037028837
"E TREMONT AVE AND SCOTT PL, NYC",507,40.828466997868,-73.824154023931
"116TH AVE AND 158THST, NYC",507,40.685587986692,-73.785847972047
"PROSPECT AVE AND KELLY ST, NYC",505,40.815095012456,-73.903466022528
"NORTHERN BLVD AND 77TH ST, NYC",505,40.755119016746,-73.89002798772
"36TH ST AND DITMARSBLVD, NYC",505,40.774364997993,-73.908200037623
"BEVERLEY RD AND WESTMINSTER RD, NYC",502,40.644001006449,-73.967790004782
"MORNINGSIDE AVE AND W 120TH ST, NYC",501,40.808201106642,-73.956374607029
"FULTON ST AND ROCKAWAY AVE, NYC",501,40.678282990436,-73.910826004069
"BROADWAY AND VAN CORTLANDT PARK SOUTH, NYC",498,40.886522992927,-73.899699027603
"SHARROTT AVE AND BEDELL ST, NYC",498,40.521235000585,-74.213540029811
"BUSHWICK AVE AND JEFFERSON AVE, NYC",495,40.688362983376,-73.916151027156
"9TH ST AND 8TH AVE, NYC",495,40.665747979966,-73.979232978997
"THOMAS S BOYLANDST AND NEWPORT ST, NYC",494,40.659060017513,-73.91094100378
"LEXINGTON AVE AND E84TH ST, NYC",493,40.778165981536,-73.956536964493
"FOREST AVE AND BROADWAY, NYC",492,40.628937008152,-74.116193025427
"ALLERTON AVE AND LURTING AVE, NYC",492,40.865457007133,-73.856792987258
"WASHINGTON AVE AND SULLIVAN PL, NYC",492,40.66406300788,-73.961109041218
"BRONXWOOD AVE AND E223RD ST, NYC",492,40.884565986173,-73.85549597156
"CONEY ISLAND AVE AND CORTELYOU RD, NYC",491,40.639277594462,-73.968808908932
"THROOP AVE AND PARKAVE, NYC",491,40.867418447097,-73.850949280797
"FORT HAMILTON PKWY AND 76TH ST, NYC",487,40.625264016271,-74.017253962353
"HUNTERS POINT AVE AND 27TH ST, NYC",487,40.741184018897,-73.942282029401
"QUARRY RD AND OAK TREE PL, NYC",487,40.851669991786,-73.891731022807
"NEB 4TH AVE AND 42ND ST, NYC",486,40.650984011894,-74.007963041779
"E 233RD ST AND DYREAVE, NYC",486,40.889193006274,-73.831301021311
"32ND AVE AND 153RDST, NYC",485,40.770009006732,-73.811268021265
"KINGS HWY AND W 11TH ST, NYC",484,40.605592988713,-73.98403899464
"ST NICHOLAS AVE AND W 136TH ST, NYC",483,40.817872188435,-73.947713418839
"W 17TH ST AND MERMAID AVE, NYC",483,40.576617000893,-73.984769980416
"BELL BLVD AND 75THAVE, NYC",482,40.738717015245,-73.757342041357
"SARATOGA AVE AND SUTTER AVE, NYC",479,40.666188993801,-73.91665796466
"NOSTRAND AVE AND AVE S, NYC",479,40.605074987097,-73.942774969126
"AVE T AND E 4TH ST, NYC",479,40.599830011185,-73.96821002195
"BOOTH MEMORIAL AVE AND 162ND ST, NYC",479,40.74205900577,-73.806371983982
"82ND AVE AND 252NDST, NYC",477,40.739618991846,-73.717066996599
"WILLIAMSBRIDGE RD AND PELHAM PKWY N, NYC",477,40.858123009493,-73.856650997818
"LAKE AVE AND WALKERST, NYC",476,40.631751986515,-74.151213035989
"NWB REMSEN AVE AND LINDEN BLVD, NYC",476,40.654401020452,-73.921746031345
"MEEKER AVE AND SUTTON ST, NYC",475,40.722881001757,-73.940210022936
"HENDERSON AVE AND TYSEN ST, NYC",475,40.640205010139,-74.099296030635
"3RD AVE AND 3RD ST, NYC",473,40.675073014887,-73.987999024795
"BAY PKWY AND 63RD ST, NYC",470,40.615008003365,-73.980222965581
"RICHMOND TERR AND STUYVESANT PL, NYC",470,40.646265000406,-74.078603039532
"BURKE AVE AND MATTHEWS AVE, NYC",467,40.87135598104,-73.86239201476
"ST JOHNS PL AND TROY AVE, NYC",467,40.670832903437,-73.936498432391
"BEMENT AVE AND DELAFIELD AVE, NYC",467,40.63135501958,-74.111565041408
"HUTCHINSON RIVERPKWY E AND EINSTEIN LO, NYC",466,40.864733020246,-73.824258965358
"SEWARD AVE AND BOLTON AVE, NYC",465,40.819746717261,-73.858777738111
"BROADWAY AND PENN ST, NYC",464,40.706330011928,-73.951881990746
"AVE J AND E 88TH ST, NYC",463,40.637617013714,-73.905616986521
"FLUSHING AVE AND STANWIX ST, NYC",462,40.702314996488,-73.935346004523
"BURGHER AVE AND BEAR ST, NYC",462,40.59355598902,-74.093786018944
"FRANCIS LEWIS BLVD AND MERRICK BLVD, NYC",459,40.675763013156,-73.739553966438
"FLATLANDS AVE AND E48TH ST, NYC",459,40.625032005191,-73.92947699592
"HUNTS POINT AVE AND BRYANT AVE, NYC",458,40.814105989791,-73.88539396873
"65TH PL AND 51ST RD, NYC",458,40.734337009831,-73.900035980111
"WHITE PLAINS RD AND E 217TH ST, NYC",457,40.882171108798,-73.863614431519
"COLLEGE POINT BLVD AND 25TH RD, NYC",457,40.775706982601,-73.846390961598
"BROADWAY AND W 146TH ST, NYC",456,40.827066004661,-73.949872010364
"E NEW YORK AVE AND ALBANY AVE, NYC",455,40.662240991677,-73.939963008249
"AVE P AND 65TH ST, NYC",454,40.608783015333,-73.973279983724
"MAPLE PKWY AND SPIRIT LN, NYC",454,40.628251997115,-74.156564462072
"HYLAN BLVD AND W FINGERBOARD RD, NYC",454,40.598957999888,-74.072269002941
"AVE J AND E 3RD ST, NYC",453,40.623816000588,-73.973697989235
"WOODHAVEN BLVD AND 92ND AVE, NYC",453,40.689107003011,-73.849827960995
"NARROWS RD AND RICHMOND RD, NYC",453,40.608782386691,-74.090796110263
"E 56TH ST AND AVE H, NYC",452,40.633196020794,-73.922583970205
"FLATLANDS AVE AND E77TH ST, NYC",452,40.63413299184,-73.915519031657
"HUGUENOT AVE AND PRALL AVE, NYC",452,40.526085985138,-74.187569038098
"GLENWOOD RD AND E 101ST ST, NYC",452,40.647122008096,-73.899251014879
"HORACE HARDING EXPWY AND BELL BLVD, NYC",448,40.747737996628,-73.761672970728
"BAY PKWY AND 76TH ST, NYC",447,40.607564999074,-73.987960970955
"ROSSVILLE AVE. MASON BLVD. - WOODROW, NYC",444,40.548648443967,-74.210728359414
"RICHMOND RD AND NARROWS RD N, NYC",444,40.609410987519,-74.090104016517
"3RD AVE AND E 147THST, NYC",444,40.815105112649,-73.919420220852
"BRONX RIVER AVE AND E 172ND ST, NYC",439,40.83129501009,-73.88174599683
"ST PAULS AVE AND SWAN ST, NYC",437,40.634881705341,-74.078455937132
"58TH AVE AND 197THST, NYC",437,40.744803995241,-73.779503960991
"LAFAYETTE AVE AND STUYVESANT AVE, NYC",436,40.691894991646,-73.933828041858
"HILLSIDE AVE AND 121ST ST, NYC",435,40.701911994583,-73.829474017876
"CARPENTER AVE AND E227TH ST, NYC",435,40.890139993695,-73.862552025291
"56TH AVE AND 226THST, NYC",435,40.7544780107,-73.754630998594
"ELIOT AVE AND 69THST, NYC",432,40.720151015893,-73.889671002463
"NEPTUNE AVE AND OCEAN PKWY, NYC",428,40.580244981954,-73.967902992837
"5TH AVE AND W 126THST, NYC",428,40.807078979354,-73.941761010299
"W 135TH ST AND 5 AVE, NYC",427,40.81273999103,-73.937626971834
"SUTPHIN BLVD AND 119TH AVE, NYC",427,40.679342001993,-73.791730978429
"E 241ST ST AND SETON AVE, NYC",426,40.902649984184,-73.841791978964
"HUNTS POINT AVE AND RANDALL AVE, NYC",425,40.81257641819,-73.883808364106
"MAPLE ST AND TROY AVE, NYC",424,40.661672195728,-73.937270908587
"E 98TH ST AND LEGION ST, NYC",424,40.658592013949,-73.915791024415
"HILLSIDE AVE AND 179TH PL, NYC",423,40.712660192844,-73.783562478509
"WHITE PLAINS RD AND UNIONPORT RD, NYC",423,40.842490005699,-73.865141027544
"FRANCIS LEWIS BLVD GRAND CENTRAL PKWY, NYC",422,40.766891166151,-73.889192576021
"AMBOY RD AND WOOD AVE, NYC",422,40.510820988804,-74.241989969389
"WATCHOGUE RD AND NEAL DOW AVE, NYC",422,40.615795986082,-74.13620901021
"SHERMAN AVE AND W 204TH ST, NYC",421,40.865108319961,-73.921889697165
"HORACE HARDING EXPWY AND PENROD ST, NYC",420,40.737955016428,-73.851130005834
"ALBANY AVE AND LENOX RD, NYC",420,40.654787007093,-73.939422962228
"60TH PL AND GROVE ST, NYC",418,40.709639983582,-73.902234972409
"E 98TH ST AND WILMOHR ST, NYC",417,40.658407989265,-73.915611986963
"COLLEGE AVE AND LOCKWOOD PL, NYC",417,40.621160990848,-74.133975987385
"PROSPECT AVE AND 11TH AVE, NYC",416,40.656152000025,-73.977297010821
"STEUBEN ST AND HYLAN BLVD, NYC",414,40.598539994377,-74.078408998474
"FRANCIS LEWIS BLVD AND 34TH AVE, NYC",414,40.766115989893,-73.789696019976
"VICTORY BLVD AND EDDY ST, NYC",414,40.62654359761,-74.091589708855
"155TH AVE AND 86THST, NYC",412,40.664987992805,-73.848581991088
"18TH AVE AND 54TH ST, NYC",411,40.62547100737,-73.983825004652
"ROCKAWAY BLVD AND 104TH ST, NYC",408,40.67929200394,-73.835710992029
"THIRD AVE AND E 182ND ST, NYC",407,40.852759681108,-73.892177526789
"108TH ST AND 36TH AVE, NYC",407,40.754654994586,-73.860422016056
"39TH ST AND 47TH AVE, NYC",406,40.742018982182,-73.926550035331
"BROADWAY AND W 192ND ST, NYC",406,40.8578350073,-73.932062980687
"FARMERS BLVD AND 119TH DR, NYC",404,40.68714199154,-73.761475996003
"EVERGREEN AVE AND JEFFERSON ST, NYC",404,40.699356017029,-73.931569035133
"ROCKAWAY BLVD AND 112TH ST, NYC",401,40.677326699103,-73.82646977614
"DRUMGOOLE RD W AND LAMONT AVE, NYC",401,40.54086298707,-74.186577961867
"164TH ST. METCALFAVE - PIDGEON MEADO, NYC",401,40.830585502729,-73.872884179615
"BAYSIDE AVE AND 148TH ST, NYC",400,40.771274003559,-73.818745014173
"NORTHERN BLVD AND LINDEN PL, NYC",398,40.763101606054,-73.830753934491
"HUXLEY AVE AND 148TH AVE, NYC",396,40.655251993172,-73.740185039928
"BUSHWICK AVE AND STAGG ST, NYC",396,40.709803011599,-73.940192001844
"AVE H AND E 46TH ST, NYC",395,40.632599983659,-73.93223497734
"CONVENT AVE AND W 131ST ST, NYC",395,40.815875996284,-73.952864014522
"ORIENTAL BLVD AND HASTINGS ST, NYC",394,40.577834011325,-73.944470963415
"STORY AVE AND BOYNTON AVE, NYC",394,40.821810006547,-73.876636975387
"CLOVE RD AND LUDWIGST, NYC",394,40.626558014483,-74.120089017842
"PITKIN AVE AND FOUNTAIN AVE, NYC",394,40.674923984648,-73.875270976627
"BROADWAY AND W 176TH ST, NYC",394,40.846936018601,-73.938227032282
"MORNINGSTAR RD AND DAVID PL, NYC",394,40.629823017227,-74.147380997495
"VIRGINIA AVE AND BLACKROCK AVE, NYC",393,40.827855999036,-73.859309988962
"157TH ST AND 115THRD, NYC",391,40.685593979752,-73.787337017147
"123RD ST AND 101STAVE, NYC",387,40.690843020888,-73.822880980476
"FOREST PKWY AND 85TH DR, NYC",387,40.694402018885,-73.86174099234
"JEWETT AVE AND BACHE ST, NYC",386,40.628348011816,-74.130693969378
"ST NICHOLAS AVE AND W 149TH ST, NYC",384,40.826636893128,-73.942996167551
"SOUNDVIEW AVE AND BEACH AVE, NYC",384,40.818681000182,-73.863300026331
"10TH AVE AND 71ST ST, NYC",383,40.626583998383,-74.011670022277
"CRESCENT ST AND 33RD AVE, NYC",382,40.762822991592,-73.928991013173
"CULLMAN AVE AND 251ST ST, NYC",382,40.753963990488,-73.725995986595
"CENTRAL AVE AND SUYDAM ST, NYC",382,40.699161012051,-73.927060996148
"ROCKAWAY FWY AND CORNAGA AVE, NYC",381,40.602283980978,-73.758692030683
"LOUISIANA AVE AND VANDALIA AVE, NYC",381,40.649187979591,-73.887661022082
"NOSTRAND AVE AND KINGS HWY, NYC",379,40.616169986602,-73.944866002512
"ARTHUR KILL RD AND MILES AVE, NYC",379,40.56494700283,-74.155117997041
"SOUTHERN BLVD AND AVE ST JOHN, NYC",379,40.812949287152,-73.901473141229
"MANGIN AVE AND HANNIBAL ST, NYC",379,40.700298981136,-73.766001972261
"HYLAN BLVD AND CLEVELAND AVE, NYC",378,40.543927997604,-74.144499969736
"PARK AVE AND E 146TH ST, NYC",378,40.816770010077,-73.926212999004
"48TH AVE AND 38TH ST, NYC",378,40.740277013155,-73.927810003016
"150TH ST AND 28TH AVE, NYC",378,40.772923981199,-73.815487974237
"E 20TH ST AND 20THST LOOP, NYC",377,40.739691998223,-73.990950041446
"BROADWAY AND VIETORAVE, NYC",377,40.742392018783,-73.88190097822
"NEWPORT AVE AND B 133RD ST, NYC",377,40.85069109556,-73.847232059889
"53RD AVE AND 192NDST, NYC",376,40.746527985086,-73.786377959785
"LORIMER ST AND BOERUM ST, NYC",376,40.70543298065,-73.947980969189
"TROUTMAN ST AND CYPRESS AVE, NYC",376,40.70869400199,-73.920699969828
"VETERANS AVE AND E66TH ST, NYC",375,40.619785017623,-73.913593959954
"32ND AVE AND 89TH ST, NYC",375,40.758356987852,-73.87925196154
"TIMPSON PL AND AVEST JOHN, NYC",374,40.811480248106,-73.903501787811
"GUY R BREWER BLVD AND 146TH TERR, NYC",374,40.661002020659,-73.768065010089
"E 180TH ST AND VYSEAVE, NYC",373,40.843910989745,-73.880467002224
"ARTHUR KILL RD AND STORER AVE, NYC",372,40.539208986116,-74.237488971202
"E 79TH ST AND 2ND AVE, NYC",371,40.773339011135,-73.955057977678
"PITKIN AVE AND DREWST, NYC",371,40.676552001702,-73.862652021396
"TAYLOR ST AND LEE AVE, NYC",371,40.70701799854,-73.961378016491
"NORTHERN BLVD AND 214TH PL, NYC",370,40.760419019852,-73.768471029479
"E 5TH ST AND AVE M, NYC",370,40.616864008185,-73.970483026454
"51ST AVE AND 72ND ST, NYC",369,40.735897007741,-73.892320019143
"BRONXWOOD AVE AND ADEE AVE, NYC",368,40.869605001467,-73.861433963227
"UNION ST AND HOYT ST, NYC",368,40.68079399908,-73.991725032214
"AVE X AND E 4TH ST, NYC",367,40.590951983161,-73.966518972985
"MALCOLM X BLVD AND VAN BUREN ST, NYC",366,40.69149898863,-73.930774011617
"ROCKAWAY BLVD AND 82ND ST, NYC",366,40.684213983214,-73.858562993751
"119TH AVE AND 189THST, NYC",366,40.688661001943,-73.760702011064
"JAY ST AND NASSAU ST, NYC",365,40.698502990742,-73.986962015735
"MARCUS GARVEY BLVD AND KOSCIUSZKO ST, NYC",365,40.691950982759,-73.939831999103
"LEXINGTON AVE AND E24TH ST, NYC",365,40.740167000676,-73.984242004335
"RICHMOND RD AND BURBANK AVE, NYC",364,40.577178001673,-74.118033020812
"E TREMONT AVE AND BRYANT AVE, NYC",364,40.840660990607,-73.881497976315
"78TH ST AND RIDGE BLVD, NYC",363,40.629926994736,-74.031361040674
"39TH ST AND 10TH AVE, NYC",363,40.644622985574,-73.992901013229
"AVE B AND E 95TH ST, NYC",361,40.651867003484,-73.91269399501
"BEDFORD AVE AND TILDEN AVE, NYC",360,40.646628020632,-73.955642028691
"CLARKSON AVE AND E49TH ST, NYC",358,40.656574196488,-73.931909005126
"E 72ND ST AND 1ST AVE, NYC",357,40.767806996949,-73.956003037261
"PIKE ST AND CHERRYST, NYC",357,40.710897017601,-73.99219198804
"14TH AVE AND BENSONAVE, NYC",355,40.611034017341,-74.013474981307
"AMSTERDAM AVE AND W102ND ST, NYC",354,40.797876990772,-73.967586995087
"FOCH BLVD AND 144THST, NYC",354,40.679366980064,-73.79729899289
"TANGLEWOOD DR AND TEAKWOOD CT, NYC",354,40.56459299315,-74.148638031515
"MAIN ST AND 77TH AVE, NYC",353,40.721331984141,-73.819079033015
"WILLIS AVE AND E 136TH ST, NYC",350,40.807828614864,-73.923914178239
"TUSKEEGEE AIRMENWAY AND 159TH ST, NYC",350,40.698694014316,-73.796487959938
"21ST ST AND 37TH AVE, NYC",349,40.758700981158,-73.937923020654
"11TH AVE AND 74TH ST, NYC",348,40.623576990619,-74.011189990682
"AVE W AND W 1ST ST, NYC",348,40.592567008265,-73.971553982222
"E 229TH ST AND SCHIEFFELIN PL, NYC",346,40.883987006212,-73.842172014454
"CASTLETON AVE AND RECTOR ST, NYC",345,40.633673998822,-74.128448960431
"ALLERTON AVE AND YOUNG AVE, NYC",345,40.865299008258,-73.84812299807
"PAULDING AVE AND E227TH ST, NYC",343,40.886471989046,-73.851065968094
"VANDERBILT AVE AND TALBOT PL, NYC",342,40.620883005029,-74.075599971263
"PACIFIC ST AND CLASSON AVE, NYC",339,40.679050982315,-73.958563960138
"3RD AVE AND 6TH ST, NYC",339,40.673274007008,-73.989527967754
"63RD RD AND 97TH ST, NYC",338,40.730930981567,-73.860874974104
"154TH ST AND 33RD AVE, NYC",336,40.768558979392,-73.810480038547
"FRANKLIN AVE AND GREENE AVE, NYC",334,40.687729018129,-73.956985983046
"AVE N AND E 54TH ST, NYC",334,40.619189986316,-73.923008010687
"NORTHERN BLVD AND 95TH ST, NYC",334,40.756890992986,-73.87311598932
"PROSPECT AVE AND ELLICOTT PL, NYC",331,40.639113015793,-74.095690974079
"AVE V AND FORD ST, NYC",331,40.598710985202,-73.937696038716
"10 ST AND CANNON BLVD, NYC",330,40.567536005083,-74.119032981861
"135TH AVE AND 129THST, NYC",330,40.668731015487,-73.81082696552
"BRONXWOOD AVE AND WARING AVE, NYC",329,40.861243592045,-73.861730012047
"FRANCIS LEWIS BLVD AND 53RD AVE, NYC",329,40.74872299598,-73.778404003837
"BROADWAY AND WINEGAR LN, NYC",328,40.63573800057,-74.117449975627
"SUTTER AVE AND AUTUMN AVE, NYC",328,40.673415996448,-73.867603965973
"CLARENDON RD AND E32ND ST, NYC",326,40.643363017888,-73.946873971236
"EMPIRE BLVD AND UTICA AVE, NYC",326,40.663557998214,-73.93161002264
"4TH AVE AND 88TH ST, NYC",326,40.621185005,-74.029013018137
"CHURCH AVE AND E 92ND ST, NYC",325,40.653741993314,-73.918474993631
"NASSAU ST AND NAVYST, NYC",324,40.698263310221,-73.980543238102
"SPRINGFIELD BLVD AND 50TH AVE, NYC",322,40.755161010081,-73.761446994618
"111TH AVE AND 198THST, NYC",320,40.703611006357,-73.758305038213
"10TH AVE AND LITTLEW 12TH ST, NYC",319,40.740721002566,-74.008949005049
"3RD AVE AND E TREMONT AVE, NYC",317,40.846655979215,-73.896186004344
"LINDEN BLVD AND E 42ND ST, NYC",317,40.653352989188,-73.938297859364
"14TH AVE AND 129THST, NYC",316,40.785593018302,-73.839405986406
"N BURGHER AVE AND MARKET ST, NYC",316,40.635707993356,-74.114699035005
"FULTON ST AND RALPHAVE, NYC",316,40.678872992601,-73.921713006646
"STANLEY AVE AND HINSDALE ST, NYC",315,40.654137619144,-73.895999171723
"QUEENS BLVD AND 71ST AVE / CONTINENTAL, NYC",315,40.721623506733,-73.843853759507
"CARROL ST AND NEW YORK AVE, NYC",315,40.667034979289,-73.947990021644
"SPOFFORD AVE AND LONGFELLOW AVE, NYC",314,40.814787019424,-73.884641022368
"AVE L AND E 89TH ST, NYC",314,40.634821020362,-73.901269963896
"WINCHESTER BLVD AND 221ST ST, NYC",314,40.724228015507,-73.736071034212
"ROCKAWAY BEACH BLVD AND B 110TH ST, NYC",313,40.677705393488,-73.828844620767
"16TH AVE AND 83RD ST, NYC",311,40.611804984795,-74.005518040622
"LEFFERTS AVE AND NEW YORK AVE, NYC",311,40.662532011356,-73.94792196059
"ROCKAWAY BLVD AND 89TH ST, NYC",309,40.682249013652,-73.850856001419
"193RD ST AND HILLSIDE AVE, NYC",308,40.716592017895,-73.769195980285
"159TH AVE AND 86THST, NYC",307,40.65823699844,-73.84639599074
"MYRTLE AVE AND 74THST, NYC",307,40.702456985927,-73.874466984474
"157TH AVE AND 85THST, NYC",307,40.66145300896,-73.848144036647
"SARATOGA AVE AND PITKIN AVE, NYC",306,40.668712994395,-73.91730898708
"DUMONT AVE AND WILLIAMS AVE, NYC",305,40.665740017158,-73.898162038018
"20TH AVE AND 36TH ST, NYC",305,40.777971982387,-73.903805992521
"THROOP AVE AND PUTNAM AVE, NYC",305,40.685031009226,-73.941355996738
"W 79TH ST AND AMSTERDAM AVE, NYC",304,40.783155016034,-73.978324967426
"28TH AVE AND HARWAYAVE, NYC",304,40.588771011955,-73.985961970867
"RIVERDALE AVE AND W238TH ST, NYC",303,40.888289185655,-73.907650017137
"HENDERSON AVE AND NBURGHER AVE, NYC",303,40.637294980994,-74.114990976693
"11TH AVE AND 83RD ST, NYC",303,40.618453007479,-74.016537980184
"FLUSHING AVE AND THROOP AVE, NYC",302,40.700439000828,-73.944398040857
"WILLOUGHBY AVE AND LEWIS AVE, NYC",302,40.695221014645,-73.937501997658
"8TH AVE AND W 27THST, NYC",301,40.747804004116,-73.996647975406
"198TH ST AND 110THAVE, NYC",301,40.705054998726,-73.758960000127
"CLINTONVILLE ST AND LOCKE AVE, NYC",300,40.784680983417,-73.80910599316
"WOODROW RD AND WINANT AV, NYC",298,40.54144900783,-74.21477200194
"SPRINGFIELD BLVD AND 59TH AVE, NYC",297,40.750237983069,-73.757377999722
"71ST AVE AND 162NDST, NYC",296,40.730410004375,-73.8071339828
"3RD AVE AND E 169THST, NYC",293,40.832740008287,-73.905030001842
"73RD AVE AND 162NDST, NYC",291,40.727599007416,-73.807045972816
"FOSTER AVE AND SCHENECTADY AVE, NYC",289,40.639612996317,-73.932010007059
"PELHAM PKWY N AND ESPLANADE, NYC",289,40.858175983121,-73.85587600705
"MORRIS PARK AVE AND HOLLAND AVE, NYC",289,40.845594997912,-73.864324965451
"FARRINGTON ST AND 31ST DR, NYC",289,40.768427006327,-73.83338995922
"E 153RD ST AND COURTLANDT AVE, NYC",289,40.819355994844,-73.918286987542
"W 65TH ST AND AMSTERDAM AVE, NYC",288,40.774154989409,-73.984884980128
"161ST AVE AND 90THST, NYC",288,40.655428013138,-73.84189096924
"CASTLETON AVE AND HART BLVD, NYC",288,40.634301007089,-74.100467988337
"120TH AVE AND 179THST, NYC",288,40.685638990572,-73.764382001834
"AVE T AND E 63RD ST, NYC",287,40.617561005343,-73.914928023664
"RICHMOND TERR AND TYSEN ST, NYC",287,40.64476099361,-74.09973096759
"149TH AVE AND 83RDST, NYC",287,40.669271019599,-73.852066012962
"2ND AVE AND E 28THST, NYC",286,40.74101499782,-73.978611041782
"E KINGSBRIDGE RD AND BRIGGS AVE, NYC",286,40.863137985982,-73.894207037005
"FLATLANDS AVE AND E96TH ST, NYC",285,40.643179999033,-73.90150599829
"NEW UTRECHT AVE AND 50TH ST, NYC",285,40.635741018055,-73.994846033861
"GARRISON AVE AND BARRETTO ST, NYC",285,40.818132991352,-73.890998025374
"FULTON ST AND SACKMAN ST, NYC",285,40.678017996567,-73.90598503589
"73RD AVE AND 164THST, NYC",284,40.727798999626,-73.805228021836
"RALPH AVE AND DECATUR ST, NYC",283,40.682680011113,-73.922668962703
"SCHENECTADY AVE AND AVE J, NYC",281,40.62799098465,-73.930770994132
"66TH ST AND 9TH AVE, NYC",281,40.630708984393,-74.010960997087
"INTERVALE AVE AND FOX ST, NYC",280,40.818138020494,-73.895685017992
"GERRITSEN AVE AND DEVON AVE, NYC",280,40.594059992858,-73.926594040322
"BROADWAY AND W 168TH ST, NYC",280,40.841120989454,-73.939870974952
"VAN BRUNT ST AND VISITATION PL, NYC",278,40.679454990048,-74.010411982429
"175TH ST AND 91ST AVE, NYC",277,40.709244986395,-73.786353987542
"CHURCH AVE AND E 4TH ST, NYC",277,40.644001006449,-73.976574993681
"RICHMOND AVE AND OAKDALE ST, NYC",276,40.541496994226,-74.162526006886
"TIFFANY ST AND BURNETT PL, NYC",276,40.814310005314,-73.891258032011
"FARMERS BLVD AND 111TH AVE, NYC",276,40.701743979334,-73.765425967875
"FARRAGUT RD AND BROOKLYN AVE, NYC",275,40.636627991049,-73.942251016359
"147TH AVE AND 256THST, NYC",275,40.657523991846,-73.733012980657
"31ST AVE AND 58TH ST, NYC",275,40.757377017642,-73.903688981153
"OCEAN TERRACE AND LONGFELLOW AVE, NYC",275,40.605950015879,-74.101654027636
"HUNTS POINT AVE AND LAFAYETTE AVE, NYC",275,40.816707020074,-73.888100988179
"W 79TH ST AND BROADWAY, NYC",274,40.783890989043,-73.98008198197
"CASTLE HILL AVE AND CINCINNATUS AVE, NYC",273,40.820395895662,-73.848389291134
"154TH ST AND 35TH AVE, NYC",273,40.766020017101,-73.810817996883
"DEKALB AVE AND STUYVESANT AVE, NYC",273,40.693358010935,-73.934131969667
"SHORE BLVD AND GIRARD ST, NYC",273,40.581406001272,-73.946067967427
"LEFFERTS BLVD AND 91ST AVE, NYC",272,40.695864996266,-73.828891978519
"CASTLETON AVE AND SHARPE AVE, NYC",272,40.636096997483,-74.137320031476
"YELLOWSTONE BLVD AND 65TH RD, NYC",272,40.730278995228,-73.850795986993
"130TH ST AND S CONDUIT AVE, NYC",270,40.666348082324,-73.810557319694
"31ST AVE AND 72ND ST, NYC",270,40.758247017282,-73.895345970008
"CYPRESS HILLS ST AND SHALER AVE, NYC",269,40.702196015372,-73.89340497269
"HYLAN BLVD AND FOXHILL TERR, NYC",269,40.610994999581,-74.072386014309
"FLUSHING AVE AND NOLL ST, NYC",269,40.704185082905,-73.930117792417
"PROSPECT AVE AND E150TH ST, NYC",268,40.81308800765,-73.904180998869
"E 56TH ST AND CHURCH AVE, NYC",267,40.652500004811,-73.924651031347
"MORRIS PARK AVE AND YATES AVE, NYC",267,40.850689979666,-73.850491975365
"HORACE HARDING EXPWY AND 188TH ST, NYC",266,40.741105396646,-73.786872911168
"17TH AVE AND 150THPL, NYC",266,40.783854988769,-73.810345006087
"LAFAYETTE AVE AND HUTCHINSON RIVER PKWY, NYC",265,40.824980000418,-73.836566868162
"AVE J AND E 23RD ST, NYC",265,40.626049987332,-73.953509001971
"FT HAMILTON PKWY AND 55TH ST, NYC",264,40.635497984772,-74.001964029857
"RIVERSIDE DR AND W77TH ST, NYC",263,40.783788017362,-73.983889964402
"45TH AVE AND 97TH PL, NYC",262,40.745218019348,-73.866105030228
"QUEENS BLVD AND 71ST AVE, NYC",262,40.721623506733,-73.843853759507
"FILLMORE AVE AND RYDER ST, NYC",262,40.612784996914,-73.931012979676
"NEREID AVE AND HILLAVE, NYC",261,40.900026993314,-73.842570993045
"21ST AVE AND BENSONAVE, NYC",260,40.601571980213,-73.99782496225
"3RD AVE AND 51ST ST, NYC",260,40.647208006423,-74.015316988349
"35TH AVE AND 212THST, NYC",259,40.768607007698,-73.775634036295
"NEW DORP LN AND 4THST, NYC",258,40.574633004411,-74.117568998652
"73RD AVE AND 198THST, NYC",257,40.735834981657,-73.774375996447
"14TH AVE AND 74TH ST, NYC",256,40.61958699516,-74.004607011566
"AVE N AND E 91ST ST, NYC",256,40.632547010031,-73.896088019896
"MCDONALD AVE AND ALBEMARLE RD, NYC",255,40.645106998573,-73.979873021124
"MADISON AVE AND E 93RD ST, NYC",255,40.785290012502,-73.955564999001
"32ND AVE AND 56TH ST, NYC",252,40.755623984502,-73.90529503762
"MONTROSE AVE AND LEONARD ST, NYC",251,40.70701200548,-73.946502988202
"E 72ND ST AND 2ND AVE, NYC",251,40.76881978231,-73.958403111416
"E 108TH ST AND GLENWOOD RD, NYC",251,40.650411988911,-73.894209970671
"12TH AVE AND 77TH ST, NYC",250,40.620483984528,-74.010850020689
"PARK AVE AND E 130TH ST, NYC",250,40.808278010603,-73.93686203935
"75TH AVE AND BELL BLVD, NYC",249,40.738717015245,-73.757342041357
"FOREST AVE AND RICHMOND AVE, NYC",249,40.625063982152,-74.148797958227
"BUEL AVE AND JEFFERSON ST, NYC",246,40.588394999778,-74.099640023941
"12TH AVE AND 38TH ST, NYC",246,40.64251799632,-73.98788695875
"61ST ST AND 38TH AVE, NYC",246,40.74766599608,-73.902471006803
"MARINE PKWY QUENTIN RD - NOSTRAND AVE, NYC",245,40.694495709718,-73.95239458491
"PARSONS BLVD AND 84TH DR, NYC",244,40.713057997969,-73.806683036409
"56TH AVE AND 223RDST, NYC",244,40.75383398717,-73.756795038356
"WYTHE AVE AND WILSON ST, NYC",243,40.703683006905,-73.965052978119
"BEDFORD AVE AND AVEJ, NYC",243,40.693835379491,-73.95600938316
"E 102ND ST AND SEAVIEW AVE, NYC",243,40.636280980257,-73.885990005865
"AMSTERDAM AVE AND 96TH STREET, NYC",242,40.794051993077,-73.9703629976
"35TH AVE AND 159THST, NYC",241,40.76565397939,-73.806094040073
"AVE K AND E 87TH, NYC",241,40.635310984512,-73.904272026338
"35TH AVE AND 21ST ST, NYC",241,40.761359008384,-73.93538699203
"150TH ST AND 18TH AVE, NYC",241,40.782710020795,-73.814005969937
"156TH AVE AND BRIDGETON ST, NYC",240,40.663789003465,-73.8366449875
"WINTHROP ST AND E 94TH ST, NYC",239,40.661204988445,-73.924323969485
"W 42ND ST AND DYERAVE, NYC",238,40.758975991401,-73.993936010634
"QUENTIN RD AND MADISON PL, NYC",237,40.611310997331,-73.941925966154
"CENTRAL AVE AND 66TH ST, NYC",237,40.702762003384,-73.888945967839
"PARK AVE AND E 114TH ST, NYC",237,40.794476219069,-73.93583600604
"DORCHESTER RD AND E17TH ST, NYC",235,40.640106019862,-73.962278987263
"AMBOY RD AND WOLVERINE ST, NYC",234,40.566955013465,-74.127861975752
"NORTHERN BLVD AND 92ND ST, NYC",233,40.756587987187,-73.876075974608
"51ST AVE AND 71ST ST, NYC",233,40.735734985553,-73.8932499913
"MIDLAND PKWY AND WEXFORD TERR, NYC",232,40.714008002874,-73.782902990367
"KISSENA BLVD AND 73RD AVE, NYC",232,40.727133979428,-73.812462023372
"E KINGSBRIDGE RD AND VALENTINE AVE, NYC",232,40.865395986878,-73.893460963803
"DRUMGOOLE RD W AND HUGUENOT AVE, NYC",231,40.535833006974,-74.193779022523
"E 53RD ST AND CLARENDON RD, NYC",231,40.644613011109,-73.926696970093
"CITY ISLAND AVE AND CAROLL ST, NYC",231,40.845836019537,-73.785965989244
"KATAN AVE AND RHETTAVE, NYC",230,40.553028020334,-74.152145019803
"STANLEY AVE AND EUCLID AVE, NYC",230,40.665182997782,-73.869428035742
"OCEAN AVE AND REGENT PL, NYC",229,40.645771012942,-73.960191977192
"FOUR CORNERS RD AND HILLTOP TERR, NYC",228,40.592476986625,-74.109225987508
"AVE T AND W 12TH ST, NYC",228,40.598134980816,-73.983568015501
"SURF AVE AND W 28THST, NYC",228,40.573073006502,-73.993837020357
"E 116TH ST AND LEXINGTON AVE, NYC",228,40.798622980154,-73.941625977839
"BOOTH MEMORIAL AVE AND 159TH ST, NYC",228,40.742146009925,-73.809156033122
"RICHMOND RD AND ALTOONA AVE, NYC",228,40.573741002275,-74.131951003397
"157TH AVE AND 99THST, NYC",227,40.663317982416,-73.835107997914
"VALENTINE AVE AND MIRIAM ST, NYC",227,40.868013990516,-73.891273035617
"155TH AVE AND 88THST, NYC",227,40.665618018557,-73.847143991779
"160TH ST AND 109THAVE, NYC",227,40.694114980611,-73.792133980334
"9TH ST AND 4TH AVE, NYC",227,40.670347088329,-73.98880888428
"VLEIGH PL AND 76THRD, NYC",226,40.722505995409,-73.820360039277
"E 180TH ST AND MAPES AVE, NYC",225,40.846550995878,-73.885604019224
"E 36TH ST AND FILLMORE AVE, NYC",224,40.611382997879,-73.933170984468
"CONEY ISLAND AVE AND AVE T, NYC",224,40.600586980861,-73.961435013433
"FLUSHING AVE AND 54TH PL, NYC",223,40.715326979158,-73.912799020257
"CYPRESS AVE AND NORMAN ST, NYC",222,40.697169010852,-73.901212966955
"BAY RIDGE PKWY AND 3RD AVE, NYC",221,40.631463020403,-74.027784985503
"AVE I AND E 23RD ST, NYC",221,40.62843597989,-73.953958020524
"ESSEX ST AND HESTERST, NYC",220,40.715540005227,-73.989756961348
"STILLWELL AVE AND QUENTIN RD, NYC",220,40.605096989593,-73.986843998538
"SOUTH ST AND MAIDENLN, NYC",219,40.705252979279,-74.004767022098
"BEACH CHANNEL DR AND B 68TH ST, NYC",218,40.58993400102,-73.804583034387
"SOUTHERN BLVD AND AVENUE ST JOHN, NYC",217,40.812949287152,-73.901473141229
"CLARKSON AVE AND E42ND ST, NYC",217,40.65614378576,-73.938585358643
"FRANKLIN ST AND N 15TH ST, NYC",216,40.725076012651,-73.957596017959
"JEROME AVE AND E 212TH ST, NYC",216,40.884377980085,-73.879936008658
"CENTRAL AVE AND WOODBINE ST, NYC",216,40.693021016518,-73.916255968584
"BUSHWICK AVE AND MENAHAN ST, NYC",216,40.692209019648,-73.922911032067
"ZEREGA AVE AND WATERBURY AVE, NYC",214,40.834935019182,-73.845429976399
"69TH ST AND 51ST AVE, NYC",214,40.735227000311,-73.896019036833
"86TH ST AND RIDGE BLVD, NYC",213,40.62410500861,-74.033740998261
"COZINE AVE AND JEROME ST, NYC",213,40.657658982397,-73.879160012062
"SOUTH ST AND MONTGOMERY ST, NYC",212,40.710709011513,-73.984635031775
"BROOKLYN AVE AND FOSTER AVE, NYC",212,40.638960800431,-73.94249677376
"LINDEN PL AND WHITESTONE EXPWY, NYC",211,40.771603999087,-73.833502025266
"HUXLEY ST AND 149THDR, NYC",210,40.652354997887,-73.738563979854
"E 175TH ST AND BATHGATE AVE, NYC",210,40.844427985532,-73.898387008299
"THIRD AVE AND E 178TH ST, NYC",210,40.84779998327,-73.895613017443
"ORIENTAL BLVD AND KENSINGTON ST, NYC",209,40.578140998528,-73.941675011973
"FARRAGUT RD AND E 34TH ST, NYC",209,40.636511985509,-73.944152031999
"GRAND AVE AND CALAMUS AVE, NYC",208,40.733563988811,-73.883826971931
"RICHMOND RD AND ROSE AVE, NYC",208,40.575255989365,-74.121233985816
"B TARGEE ST. WAVERLYPL - OSGOOD AVE, NYC",207,40.617811297238,-74.081129767198
"SOUTH ST AND PECK SLIP, NYC",207,40.707312790075,-74.001293058508
"HARLEM RIVER DRIVEWAY AND W 155TH ST, NYC",206,40.828292319005,-73.935198399208
"E 85TH ST AND FLATLANDS AVE, NYC",206,40.637911008968,-73.909677012781
"3RD ST AND 3RD AVE, NYC",206,40.675073014887,-73.987999024795
"GRAND AVE AND HASPEL ST, NYC",205,40.734877013944,-73.882102982086
"NEW YORK AVE AND CLARENDON RD, NYC",205,40.643426007891,-73.945877027673
"LIBERTY AVE AND WALTHAM ST, NYC",205,40.695480015453,-73.805379566646
"SUTTER AVE AND FOUNTAIN AVE, NYC",205,40.672394996822,-73.874617020541
"CLAREMONT PKWY AND THIRD AVE, NYC",205,40.838199980016,-73.901184971398
"ROCKAWAY AVE AND NEWPORT ST, NYC",204,40.659483010256,-73.908137005711
"POWELL ST AND SUTTER AVE, NYC",203,40.668127015544,-73.903578004755
"16TH AVE AND BATH AVE, NYC",203,40.606699986666,-74.010823030961
"PROSPECT AVE AND E164TH ST, NYC",203,40.823485004168,-73.900026005646
"SUTTER AVE AND 118TH ST, NYC",202,40.674347980262,-73.820691040634
"88TH ST AND 76TH AVE, NYC",202,40.707390993232,-73.862294030312
"LIBERTY AVE AND 128TH ST, NYC",202,40.688973018289,-73.8170719863
"WADSWORTH AVE AND W176TH ST, NYC",199,40.846641017518,-73.937308962428
"HYLAN BLVD AND CHELSEA ST, NYC",199,40.504295006629,-74.244332040774
"KINGS HWY AND E 40TH ST, NYC",199,40.623984015837,-73.935581033088
"W FARMS RD AND RODMAN PL, NYC",199,40.83862900773,-73.881145014372
"MCDONALD AVE AND AVE C, NYC",198,40.640295995698,-73.979237002311
"LITTLENECK PKWY.74 AV- GR CENTRAL P, NYC",198,40.731902154071,-73.711173309152
"MIDDLETOWN RD AND HOBART AVE, NYC",198,40.844192998877,-73.829324987637
"ASTOR AVE AND WOODHULL AVE, NYC",198,40.859406991331,-73.841865991169
"31ST AVE AND 82ND ST, NYC",198,40.759234992209,-73.88604499115
"FREDERICK DOUGLASS BLVD AND W 120TH ST, NYC",197,40.806978983249,-73.953502967001
"TRAVIS AVE AND FERNDALE AVE, NYC",197,40.591782001123,-74.160159963258
"BRIGHTON 11TH ST AND OCEANVIEW AVE, NYC",197,40.580210993337,-73.957541032675
"E 156TH ST AND COURTLANDT AVE, NYC",196,40.821271008263,-73.91741803564
"MOTT AVE AND BAYSWATER AVE, NYC",196,40.60667798417,-73.761501979903
"147TH AVE AND 177THST, NYC",194,40.660658991272,-73.768962963377
"BROAD ST AND QUINNST, NYC",194,40.624942318827,-74.078554508313
"LAFAYETTE AVE AND ST JAMES PL, NYC",193,40.688316002809,-73.964825996181
"AVE D AND E 32ND ST, NYC",193,40.641056988687,-73.946617987913
"MANHATTAN AVE AND SEIGEL ST, NYC",192,40.704306997687,-73.944421007272
"LINCOLN AVE AND BLAKE AVE, NYC",192,40.672017014898,-73.866267974426
"149TH ST AND 25TH DR, NYC",190,40.775267980422,-73.817570960996
"ASTOR AVE AND WILLIAMSBRIDGE RD, NYC",189,40.859711002959,-73.85736496833
"64TH AVE AND SPRINGFIELD BLVD, NYC",189,40.74733700638,-73.75580697961
"NAGLE AVE AND ARDENST, NYC",189,40.860950979805,-73.926503012854
"MORRIS AVE AND E 153RD ST, NYC",188,40.820182995321,-73.921488036365
"BAYCHESTER AVE AND EDENWALD AVE, NYC",188,40.892905015914,-73.843659969905
"46TH AVE AND 170THST, NYC",188,40.753868981616,-73.797333023416
"160TH AVE AND 88THST, NYC",188,40.656829006344,-73.844144024814
"RENWICK AVE AND CATTARAUGUS ST, NYC",188,40.612063985603,-74.106103980032
"GUY R BREWER BLVD AND 160TH ST, NYC",187,40.686403001047,-73.784274018269
"81ST. DITMARS AVE- 21ST AVE, NYC",187,40.849523805477,-73.78899194011
"HIMROD ST AND WILSON AVE, NYC",187,40.698340004635,-73.921580991671
"LACONIA AVE AND E 228TH ST, NYC",187,40.886297016817,-73.847896016132
"FARRAGUT RD AND E 89TH ST, NYC",187,40.642703990751,-73.910055036615
"29TH AVE AND 158THST, NYC",186,40.771200997183,-73.806310041717
"111TH ST AND CORONAAVE, NYC",186,40.740847988399,-73.850277985376
"JUNIPER BLVD S AND 69TH LN, NYC",186,40.716810995115,-73.885862014203
"VERNON BLVD AND 37TH AVE, NYC",186,40.760642188024,-73.94331660771
"WOODROW RD AND WINANT AVE, NYC",185,40.54144900783,-74.21477200194
"E 53RD ST AND LENOXRD, NYC",185,40.655521010354,-73.927863982473
"COOPER ST AND CENTRAL AVE, NYC",184,40.687887017004,-73.907225976655
"E 86TH ST AND MADISON AVE, NYC",184,40.78085699155,-73.958810974825
"PELHAM PKWY N AND WOODHULL AVE, NYC",184,40.858110017543,-73.841927011424
"AVE S AND W 3RD ST, NYC",183,40.601459997986,-73.975534967135
"69TH ST AND 53RD AVE, NYC",183,40.731493994003,-73.895794988561
"AVE J AND E 48TH ST, NYC",182,40.628052004905,-73.929806991448
"SOUTH ST AND PIKE SLIP, NYC",182,40.709835994388,-73.991882779632
"SUTTER AVE AND ROCKAWAY AVE, NYC",179,40.667158989546,-73.910096024121
"ST NICHOLAS AVE AND W 119TH ST, NYC",179,40.805864986407,-73.952812968731
"JACKSON AVE AND 23RD ST, NYC",179,40.745821516377,-73.94561148898
"W 59TH ST AND WESTEND AVE, NYC",179,40.766893998146,-73.979087972072
"LEFFERTS AVE AND ALBANY AVE, NYC",179,40.663025998819,-73.940016987706
"86TH AVE AND 250THST, NYC",178,40.731891002847,-73.71616401417
"AMSTERDAM AVE AND W189TH ST, NYC",177,40.85311700164,-73.927242967266
"69TH ST AND NORTHERN BLVD, NYC",177,40.754335015432,-73.897507998113
"AVE C AND E 16TH ST, NYC",177,40.729775410485,-73.974728208955
"67TH AVE AND 180THST, NYC",176,40.735127004206,-73.791992996722
"BATH AVE AND 23RD AVE, NYC",176,40.597084015886,-73.995224979704
"SUTPHIN BLVD AND 110TH RD, NYC",175,40.689296014928,-73.796112031581
"MARINE AVE AND 93RDST, NYC",174,40.619640010698,-74.037487960438
"82ND AVE AND 260THST, NYC",174,40.741197010847,-73.70975102005
"LORIMER ST AND BAYARD ST, NYC",173,40.718987984918,-73.950169987022
"BEACH CHANNEL DR AND B 51ST ST, NYC",173,40.58993400102,-73.804583034387
"WHITE PLAINS RD AND E 224TH ST, NYC",173,40.887107002031,-73.860886038216
"W 72ND ST AND BROADWAY, NYC",173,40.778796007288,-73.982057009815
"AVE T AND HOMECRESTAVE, NYC",172,40.600780016091,-73.959610021654
"ST PAULS AVE AND CEBRA AVE, NYC",171,40.630298983599,-74.081398990974
"14TH AVE AND 146THST, NYC",170,40.787240984285,-73.820643012328
"CRYSTAL AVE AND RIEGELMANN ST, NYC",170,40.623606997832,-74.141417021929
"BROADWAY AND W 230TH ST, NYC",170,40.876683015785,-73.906523992264
"BOSTON RD AND CAULDWELL AVE, NYC",170,40.826728004416,-73.905607012057
"COZINE AVE AND WARWICK ST, NYC",170,40.657996018724,-73.878370017688
"73RD AVE AND 214THST, NYC",170,40.740320012318,-73.759873962849
"ST JOHNS PL AND ROCHESTER AVE, NYC",169,40.670390003673,-73.928179812584
"WOODSIDE AVE AND 68TH ST, NYC",169,40.742902015682,-73.896609961007
"LAFAYETTE AVE AND NOBLE AVE, NYC",168,40.820753006647,-73.867664986228
"RHINELANDER AVE AND HAIGHT AVE, NYC",168,40.851507005678,-73.854575973868
"SHERMAN AVE AND SICKLES ST, NYC",168,40.862620990194,-73.928607038189
"AVENUE C AND E 14THST, NYC",168,40.728437994015,-73.975688020687
"WOODHAVEN BLVD AND 93RD AVE, NYC",168,40.688532004453,-73.849397969362
"E 86TH ST AND 2ND AVE, NYC",167,40.777877015424,-73.951733966336
"SANFORD AVE AND 149TH ST, NYC",167,40.760369985718,-73.815084972333
"STANHOPE ST AND WOODWARD AVE, NYC",166,40.708778994488,-73.912302979227
"W 62ND ST AND COLUMBUS AVE, NYC",165,40.771111394638,-73.983409262255
"W 120TH ST AND AMSTERDAM AVE, NYC",164,40.809341003564,-73.9592200117
"85TH AVE AND 253RDST, NYC",164,40.733880992389,-73.713962004387
"16TH AVE AND 66TH ST, NYC",164,40.621395013584,-73.995566039344
"UTOPIA PKWY AND HORACE HARDING EXPWY, NYC",164,40.739471009345,-73.792834036887
"E 22ND ST AND 1ST AVE, NYC",163,40.736230020754,-73.979010020373
"SOUTHERN BLVD AND E145TH ST, NYC",163,40.80993951336,-73.907306526744
"17TH AVE AND 66TH ST, NYC",163,40.619921014002,-73.993101005439
"LINDEN BLVD AND 130TH ST, NYC",162,40.681276000422,-73.811620983207
"AMSTERDAM AVE AND W147TH ST, NYC",162,40.826526000549,-73.946664004562
"QUENTIN RD AND OCEAN PKWY, NYC",161,40.607247995495,-73.96733402925
"31ST ST AND 21ST AVE, NYC",160,40.777973994044,-73.908479993189
"TUSKEGEE AIRMEN WAY AND UNION HALL ST, NYC",160,40.699387993989,-73.79448895985
"ST NICHOLAS AVE AND W 174TH ST, NYC",160,40.84480391389,-73.937074772053
"AVE K AND E 28TH ST, NYC",159,40.624173991673,-73.948346001072
"48TH AVE AND 206THST, NYC",159,40.753513002188,-73.77477396921
"CLAY AVE AND E 168TH ST, NYC",158,40.832577986099,-73.910513023804
"RANDALL AVE AND STICKBALL BLVD, NYC",157,40.817919001364,-73.856212959558
"118TH AVE AND SPRINGFIELD BLVD, NYC",157,40.694569992225,-73.74421899847
"DEWEY AVE AND SWINTON AVE, NYC",157,40.821115984964,-73.822738991036
"GRAND AVE AND 74THST, NYC",156,40.730094006625,-73.888050026208
"AMBOY RD AND SHERWOOD PL, NYC",156,40.548805007967,-74.154343006273
"W FARMS RD AND CROSS BRONX EXPWY SVC RD, NYC",156,40.838219006936,-73.881627979633
"149TH ST AND ASH AVE, NYC",155,40.759464991633,-73.814676019277
"COLLEGE POINT BLVD AND 25TH AVE, NYC",155,40.776669979457,-73.846288031827
"73RD AVE AND 177THST, NYC",154,40.730273002167,-73.792648964465
"5TH AVE AND 24TH ST, NYC",154,40.65966799886,-73.995165971106
"80TH ST AND 78TH AVE, NYC",153,40.705374013961,-73.86860501667
"BRONXWOOD AVE AND MAGENTA ST, NYC",153,40.874475012941,-73.861087036254
"ASHLAND PL AND WILLOUGHBY ST, NYC",153,40.691935979152,-73.978991999281
"FOREST HILL RD AND UXBRIDGE ST, NYC",153,40.602139979881,-74.140355034797
"PELHAM PKWY S AND CRUGER AVE, NYC",153,40.856665019345,-73.866638035451
"SNYDER AVE AND E 55TH ST, NYC",153,40.650411988911,-73.925405989366
"93RD AVE AND 218THST, NYC",151,40.721517014653,-73.739480960062
"CROSS BRONX EXPWY AND THIRD AVE, NYC",151,40.843795990033,-73.897631966461
"UTOPIA PKWY AND 74TH AVE, NYC",151,40.72933699504,-73.793280959964
"AVE X AND E 3RD ST, NYC",150,40.590850981228,-73.967445005648
"GLEN ST. EDWARD CURRY AVE - LOIS LANE, NYC",148,40.610273484809,-74.183472676517
"THIRD AVE AND ST PAULS PL, NYC",148,40.798622980154,-73.939522958332
"40TH ST AND FORT HAMILTON PKWY, NYC",148,40.642687981316,-73.991209964264
"101ST AVE AND 78THST, NYC",148,40.68034900384,-73.85977501695
"AVE W AND BATCHELDER ST, NYC",147,40.596281993481,-73.938182021462
"LAFAYETTE AVE AND BOYNTON AVE, NYC",146,40.819626017855,-73.876114028448
"104TH AVE AND 203RDST, NYC",146,40.709462999697,-73.75604502566
"WAINWRIGHT AVE AND LEVERETT AVE, NYC",145,40.554574020465,-74.170634995294
"71ST AVE AND SUTTONPL, NYC",144,40.730386996051,-73.808081976049
"58TH AVE AND 186THST, NYC",144,40.742104980509,-73.78931397283
"BEACH 9TH ST AND CAFFREY ST, NYC",144,40.601960984339,-73.745403026112
"MERRICK BLVD AND 91ST AVE, NYC",144,40.706527992481,-73.794445038677
"BEDFORD AVE AND MONTGOMERY ST, NYC",143,40.665711015773,-73.956852962243
"9TH AVE AND 49TH ST, NYC",142,40.640344987922,-74.000918974169
"23RD AVE AND 41ST ST, NYC",142,40.770573988916,-73.907494029918
"BROOKLYN AVE AND NEWKIRK AVE, NYC",141,40.640348005407,-73.94264303797
"15TH AVE AND 80TH ST, NYC",141,40.614803987841,-74.006010980348
"GERARD AVE AND E 164TH ST, NYC",141,40.830333982981,-73.923286038415
"UNION AVE AND MAUJER ST, NYC",141,40.71021498214,-73.950993006095
"JAMAICA AVE AND HIGHLAND BLVD, NYC",140,40.685354005865,-73.882232985404
"ADEE AVE AND COLDENAVE, NYC",140,40.869563008132,-73.859480979787
"26TH AVE AND BATH AVE, NYC",139,40.593009991847,-73.9887310164
"1ST AVE AND E 38THST, NYC",139,40.746301003148,-73.971679962227
"W155 ST ST NICHOLAS AV - BROADWAY, NYC",138,40.704866447814,-73.916731725408
"NARROWS AVE AND 73RD ST, NYC",137,40.634754300413,-74.035280083323
"SUTPHIN BLVD AND 125TH AVE, NYC",137,40.675189984345,-73.789881008579
"BELMONT AVE AND ESSEX ST, NYC",136,40.672725998178,-73.881396974382
"MESEROLE ST AND LEONARD ST, NYC",136,40.707754013458,-73.946650006783
"9TH AVE AND 43RD ST, NYC",135,40.643701982053,-73.997403017244
"HALSEY ST AND EVERGREEN AVE, NYC",133,40.688548013889,-73.912446980324
"101ST AVE AND 104THST, NYC",133,40.686228992737,-73.839062998928
"83RD ST AND 23RD AVE, NYC",133,40.602297014837,-73.989812030452
"AVE V AND E 21ST ST, NYC",133,40.597379016968,-73.949973012297
"HILLSIDE AVE AND 188TH ST, NYC",132,40.715075019149,-73.773537973768
"E 143RD ST AND POWERS AVE, NYC",132,40.809077015523,-73.911595965694
"DEWITT AVE AND WILLIAMS AVE, NYC",131,40.656256983362,-73.89573103464
"21ST AVE AND 74TH ST, NYC",131,40.610137991891,-73.988911981689
"W 6TH ST AND KINGSHWY, NYC",131,40.605080980158,-73.979191740034
"W 6TH ST AND AVE V, NYC",130,40.59438881492,-73.977134904814
"KINGSBRIDGE AVE AND W 233RD ST, NYC",129,40.881604995058,-73.904841995754
"COURT ST AND CARROLL ST, NYC",129,40.681055011545,-73.996525012886
"ONDERDONK AVE AND MENAHAN ST, NYC",129,40.705465586253,-73.909742391626
"69TH ST AND JUNIPERVALLEY RD, NYC",129,40.714765307826,-73.887158275529
"BAY ST AND STUYVESANT PL, NYC",129,40.641962988601,-74.076172036154
"MOTHER GASTON BLVD AND BLAKE AVE, NYC",129,40.666166991306,-73.906051001468
"GOETHALS AVE AND 165TH ST, NYC",128,40.71967601344,-73.801753974427
"BUFFALO AVE AND STERLING PL, NYC",127,40.671166000269,-73.925330971333
"E 172ND ST AND ELDER AVE, NYC",126,40.831144010104,-73.879771974813
"LIBERTY AVE AND 79TH ST, NYC",126,40.679401010591,-73.858586965994
"AMSTERDAM AVE AND W119TH ST, NYC",126,40.808770992238,-73.959634999726
"30TH AVE AND 95TH ST, NYC",126,40.76106501313,-73.87389600923
"RIVERDALE AVE AND HENRY HUDSON PKWY E, NYC",125,40.896610325841,-73.908054085703
"FILLMORE AVE AND E31ST ST, NYC",125,40.609057983667,-73.936766988568
"HYLAN BLVD AND SLEIGHT AVE, NYC",125,40.505061992679,-74.24050000228
"NEW YORK AVE AND DEAN ST, NYC",125,40.676718005294,-73.947073041437
"FOREST AVE AND GREENWOOD AVE, NYC",124,40.631557987366,-74.098478040704
"BUFFALO AVE AND ST MARKS AVE, NYC",124,40.673858980031,-73.925088985788
"19TH ST AND PROSPECT PARK W, NYC",124,40.657138005205,-73.983451004132
"BROADWAY AVE AND 63RD ST, NYC",124,40.523674911096,-74.170352164817
"SUTTER AVE AND NEWJERSEY AVE, NYC",123,40.669518998204,-73.894238972056
"AVE J AND E 39TH ST, NYC",122,40.627516988026,-73.93841596038
"3RD AVE AND E 19THST, NYC",122,40.736369998537,-73.984934014261
"LEFFERTS BLVD AND ATLANTIC AVE, NYC",122,40.69414100642,-73.828045993032
"VAN PELT AVE AND DERUYTER PL, NYC",122,40.631304015699,-74.155277001744
"MURRAY ST AND SANFORD AVE, NYC",121,40.761137013678,-73.812273011455
"82ND AVE AND LITTLENECK PKWY, NYC",120,40.739885997372,-73.715850028077
"64TH AVE AND 214THST, NYC",119,40.745476014328,-73.762575031148
"MORRIS AVE AND E 167TH ST, NYC",119,40.833274019339,-73.914092012641
"ST NICHOLAS AVE AND W 157TH ST, NYC",119,40.832391991668,-73.940888035084
"PROSPECT AVE AND JACKSON PL, NYC",119,40.66191698921,-73.986853973003
"PROSPECT PK W. 11TH ST - 15TH ST, NYC",119,40.94033915235,-74.172914747393
"UNION TPKE AND KEWFOREST LN, NYC",119,40.713794012886,-73.832559983168
"ROSEDALE AVE AND SEWARD AVE, NYC",119,40.818750989073,-73.866198991363
"1ST AVE AND E 14THST, NYC",118,40.731353010392,-73.982565036967
"AVE T AND W 3RD ST, NYC",118,40.599069018196,-73.975102963846
"RALPH AVE AND CHAUNCEY ST, NYC",118,40.681214016248,-73.922401999087
"MYRTLE AVE AND NAVYST, NYC",117,40.693484996768,-73.979200960127
"73RD ST AND CATAMARAN WAY, NYC",117,40.588575587882,-73.800983928983
"140TH AVE AND SOUTHGATE ST, NYC",117,40.672860485815,-73.758567978516
"WARING AVE AND SEYMOUR AVE, NYC",117,40.86095399729,-73.846398002397
"53RD AVE AND CLEARVIEW EXPWY, NYC",117,40.749741983949,-73.774687970884
"RUGBY AVE AND ALPINE AVE, NYC",117,40.616468005169,-74.098279976332
"EASTCHESTER RD AND ASTOR AVE, NYC",116,40.859505981607,-73.843002996334
"39TH ST AND NEW UTRECHT AVE, NYC",116,40.645598010461,-73.994533975606
"ST JOHNS PL AND KINGSTON AVE, NYC",116,40.671141902297,-73.942027387182
"AVE S AND E 21ST ST, NYC",116,40.604144009112,-73.951253012731
"3RD AVE AND FRANKLIN AVE, NYC",115,40.826837011067,-73.907604000488
"SHARROTS RD AND CARLIN ST, NYC",115,40.537611982104,-74.23275302827
"SNYDER AVE AND E 58TH ST, NYC",115,40.650585997221,-73.922529990749
"HANCOCK ST AND WILSON AVE, NYC",114,40.692348997431,-73.911032031249
"83RD ST AND 14TH AVE, NYC",114,40.614462006192,-74.009924993855
"MADISON ST AND CLINTON ST, NYC",114,40.712903016579,-73.986929996864
"SHORE FRONT PKWY AND B 105TH ST, NYC",114,40.589493880553,-73.787336701664
"TOMPKINS AVE AND QUINCY ST, NYC",113,40.6876319976,-73.944765000578
"WATSON AVE AND UNDERHILL AVE, NYC",113,40.828303005932,-73.861720037582
"ST MARKS PL AND NICHOLAS ST, NYC",113,40.64603001375,-74.08142103538
"AVE Z AND E 22ND ST, NYC",112,40.588735179318,-73.947380322007
"BERRY ST AND N 13THST, NYC",111,40.721944994629,-73.955458967926
"84TH ST AND 133RD AVE, NYC",110,40.674064001382,-73.852253013222
"BENSON AVE AND BAY10TH ST, NYC",110,40.609259987534,-74.01054701489
"CHARLOTTE ST AND E170TH ST, NYC",110,40.833655982666,-73.892163026096
"HARWAY AVE AND BAY44TH ST, NYC",110,40.590549987085,-73.988904018881
"PORT RICHMOND AVE AND ALBION PL, NYC",109,40.634631002617,-74.135658989724
"HARDING AVE AND CALHOUN AVE, NYC",109,40.815666993528,-73.817625024271
"OVERBROOK ST AND 52ND AVE, NYC",109,40.760798007604,-73.737360003282
"ASHLAND AVE AND MYRTLE AVE, NYC",108,40.693484996768,-73.979200960127
"BRONXDALE AVE AND WALLACE AVE, NYC",108,40.850061001652,-73.864914967616
"33 ST. 30 AV - 28AV, NYC",108,40.600315784384,-73.984717006788
"83RD AVE AND 135THST, NYC",107,40.712513006624,-73.822158041327
"MAURICE AVE AND 67TH ST, NYC",107,40.735165016137,-73.897832964499
"BRONXWOOD AVE AND ARNOW AVE, NYC",107,40.867781979436,-73.861498000967
"102ND ST AND 93RD AVE, NYC",107,40.690516000935,-73.843123025188
"COURT ST AND HAMILTON AVE, NYC",104,40.674163117387,-73.999827315099
"TROY AVE AND ATLANTIC AVE, NYC",104,40.677705016303,-73.935857971169
"E BROADWAY AND CLINTON ST, NYC",103,40.714306985361,-73.987161002116
"173RD ST AND 103RDRD, NYC",103,40.703915981904,-73.784425982174
"BAY RIDGE PKWY AND COLONIAL RD, NYC",103,40.632735016119,-74.03316197639
"VANDERBILT AVE AND CLIFFSIDE AVE, NYC",102,40.613982980425,-74.086279018822
"LACOMBE AVE AND TAYLOR AVE, NYC",102,40.815037009686,-73.861478974047
"94TH ST AND JACKSONMILL RD, NYC",102,40.767809008606,-73.876186028997
"109TH AVE AND 205THST, NYC",102,40.708388984533,-73.753633971211
"135TH AVE AND 230THST, NYC",101,40.674469014944,-73.74142799235
"BEVERLEY RD AND E 58TH ST, NYC",101,40.6467969998,-73.922123971359
"OLD TOWN RD AND OREGON RD, NYC",101,40.595971988792,-74.08715098821
"86TH ST AND W 12THST, NYC",101,40.595416017154,-73.983048002228
"LITTLENECK PWY 61AV - 57 AV, NYC",100,40.731902154071,-73.711173309152
"AVE S AND KIMBALL ST, NYC",100,40.611609015899,-73.928472005729
"BEACH CHANNEL DR AND B 83RD ST, NYC",100,40.589996991023,-73.809103981503
"STANLEY AVE AND VERMONT ST, NYC",99,40.657673986004,-73.887785996258
"MELROSE AVE AND E 155TH ST, NYC",99,40.820174990604,-73.915909041611
"FRANCIS LEWIS BLVD AND 49TH AVE, NYC",99,40.751093984931,-73.779522987911
"149TH ST AND 15TH DR, NYC",99,40.785763003298,-73.816362039101
"MCKINLEY AVE AND THOMAS ST, NYC",98,40.56963898268,-74.140451007588
"17TH AVE AND RUTHERFORD PL, NYC",98,40.606403979755,-74.007133987736
"QUENTIN RD AND E 24TH ST, NYC",98,40.609227004745,-73.949374963506
"CLASSON AVE AND QUINCY ST, NYC",97,40.68595000109,-73.959422015566
"3RD AVE AND 99TH ST, NYC",97,40.614299020085,-74.034945980662
"BARD AVE BIRCH AVE - BAKER AVE, NYC",97,40.841957450666,-73.866003470035
"130TH ST AND LINDENBLVD, NYC",96,40.681276000422,-73.811620983207
"BAY RIDGE AVE AND 5TH AVE, NYC",95,40.633467007723,-74.021010982814
"WOODS OF ARDEN RD AND SHIRLEY AVE, NYC",95,40.533865019928,-74.162307993584
"2ND AVE AND E 35THST, NYC",94,40.745460004893,-73.975426002394
"MONTGOMERY ST AND MONROE ST, NYC",94,40.712363180105,-73.985026885748
"SHORE PKWY AND 25THAVE, NYC",94,40.591589007802,-73.994751988908
"CORLEAR AVE AND 236TH ST, NYC",93,40.884300992305,-73.903324033089
"PITKIN AVE AND S CONDUIT BLVD, NYC",93,40.676116519922,-73.867212698733
"LEFFERTS AVE AND NOSTRAND AVE, NYC",93,40.662351004156,-73.950806005835
"6TH AVE AND 74TH ST, NYC",93,40.628838017876,-74.019955030652
"AVE Z AND HUBBARD ST, NYC",93,40.587017014896,-73.962968985533
"JUNIPER BLVD S AND 80TH ST, NYC",93,40.720183998682,-73.875338031852
"JUNIPER BLVD N AND 81ST ST, NYC",92,40.721784984098,-73.875477003807
"TOMPKINS AVE AND VANDERBILT AVE, NYC",92,40.620166017031,-74.076962030529
"149TH ST AND 29TH AVE, NYC",91,40.772339008177,-73.817352025685
"DAHILL RD AND AVE F, NYC",91,40.633036010262,-73.978639959348
"CENTRAL AVE AND BLEECKER ST, NYC",91,40.69558499879,-73.920760990084
"WINCHESTER BLVD AND EDMORE AVE, NYC",90,40.724137993867,-73.736039015342
"W 22ND ST AND MERMAID AVE, NYC",90,40.576155996218,-73.989016001108
"AVE A AND E 93RD ST, NYC",90,40.652579004249,-73.915938965006
"2ND AVE AND 8TH ST, NYC",90,40.673206993692,-73.992877040986
"THIRD AVE AND CYRUSPL, NYC",89,40.858415998918,-73.891115036742
"BEDFORD AVE AND AVEY, NYC",89,40.693835379491,-73.95600938316
"RHINELANDER AVE AND HONE AVE, NYC",88,40.850781007135,-73.856200973436
"69TH AVE AND 195THLN, NYC",88,40.73687098489,-73.778361004674
"FOSTER AVE AND E 100TH ST, NYC",87,40.64976201423,-73.903475996993
"64TH ST AND 13TH AVE, NYC",87,40.62658601004,-74.000905982219
"SUTTER AVE AND ASHFORD ST, NYC",86,40.670982017494,-73.884381015731
"LITTLE NECK PKWY AND 74TH AVE, NYC",86,40.746972980326,-73.719006988089
"SHELL RD AND NEPTUNE AVE, NYC",85,40.579762980612,-73.976281962346
"58TH AVE AND 219THST, NYC",85,40.750236013322,-73.759671036973
"B 73RD ST AND ROCKAWAY BEACH BLVD, NYC",85,40.589713923464,-73.799025174291
"AVE K AND E 101ST ST, NYC",84,40.642352998556,-73.893950969863
"BRIGHTON AVE AND WEBSTER AVE, NYC",84,40.635685990861,-74.089703026269
"E BROADWAY AND PIKEST, NYC",84,40.713826995675,-73.992954992686
"W 8TH ST AND NEPTUNE AVE, NYC",83,40.579762980612,-73.976281962346
"119TH AVE. 235THST. - 230TH ST., NYC",83,40.690056577498,-73.73591673026
"CLOVE RD. VICTORYBLVD - BROADWAY, NYC",83,40.710150424181,-74.009668113919
"25TH AVE AND BENSONAVE, NYC",83,40.596227008196,-73.988959004166
"DITMARS BLVD AND 27TH ST, NYC",83,40.777799985734,-73.913073024672
"KISSENA BLVD AND AGUILAR AVE, NYC",83,40.727821002122,-73.813862974669
"115TH AVE AND 224THST, NYC",83,40.699155982909,-73.733978994998
"KEW GARDENS RD AND 82ND RD, NYC",82,40.711755995039,-73.828899019318
"BRONXWOOD AVE AND EGUN HILL RD, NYC",82,40.87549999397,-73.860511031868
"WEBSTER AV E193 ST - OLIVER PL, NYC",82,40.857856366906,-73.894554768071
"39TH ST AND 7TH AVE, NYC",82,40.648648185026,-73.999552221037
"21ST AVE AND 36TH ST, NYC",82,40.776199000318,-73.905973971778
"E 149TH ST AND GRAND CONCOURSE, NYC",81,40.81855300852,-73.927411024425
"43RD AVE AND 46TH ST, NYC",81,40.744909984407,-73.918335015848
"DIVISION AVE AND BERRY ST, NYC",81,40.707246992135,-73.96592897082
"DITMAS AVE AND E 7TH ST, NYC",81,40.636276998853,-73.971369999448
"HYLAN BLVD AND VERMONT AVE, NYC",81,40.612460994447,-74.069326032917
"AVE H AND 12TH ST, NYC",80,40.629648003089,-73.965090026131
"GRAND ST AND CLINTON ST, NYC",79,40.715915891675,-73.986729082645
"ELIOT AVE. 84 ST-WOODHVN BV, NYC",79,40.687393465067,-73.858178333983
"E 180TH AND ARTHURAVE, NYC",79,40.849470999487,-73.891538993405
"67TH AVE AND 213THST, NYC",78,40.743166003722,-73.762467994244
"SCHURZ AVE AND HUNTINGTON AVE, NYC",78,40.814033989242,-73.820531030102
"E 35TH ST AND AVE K, NYC",78,40.624907994934,-73.941692027236
"BAY ST AND MARYLANDAVE, NYC",77,40.613357983815,-74.06558602772
"FARRAGUT RD AND UTICA AVE, NYC",77,40.637458009011,-73.928858998198
"SLOSSON AV. LORTEL AV - KNOX PL, NYC",76,40.611991607869,-74.116856411154
"FOSTER AVE AND E 38TH ST, NYC",76,40.639077015519,-73.940598021234
"GUY BREWER BV 137AV - 130 AVE, NYC",76,40.678995854319,-73.730079195322
"BAILEY AVE AND W 230TH ST, NYC",76,40.876199002786,-73.904016965024
"157TH ST AND 108THAVE, NYC",76,40.694763991374,-73.795511971133
"LAFAYETTE AND CASSIDY PL, NYC",75,40.642025014685,-74.095147994391
"69TH PL AND 60TH DR, NYC",75,40.720914020539,-73.890267961607
"21ST AVE AND 20TH ST, NYC",75,40.782793001636,-73.915306969506
"SEDGWICK AVE AND W231ST ST, NYC",75,40.875663105806,-73.900694713882
"74TH ST AND 15TH AVE, NYC",74,40.618240987239,-74.002396033147
"RIDGEWOOD AVE AND CHESTNUT ST, NYC",74,40.684644016756,-73.875841029862
"COLONIAL RD AND 82ND ST, NYC",74,40.627630981909,-74.035245968977
"ARMSTRONG AVE AND OLD AMBOY RD, NYC",74,40.546817994,-74.159008960314
"SHORE RD AND 91ST ST, NYC",73,40.621602004683,-74.040204032343
"81ST AVE AND 192NDST, NYC",72,40.728166001257,-73.777646028333
"158TH ST AND BEAVERRD, NYC",72,40.701210010192,-73.801581977774
"AVE I AND NOSTRANDAVE, NYC",71,40.629169983151,-73.947330030588
"188TH ST AND AVON RD, NYC",71,40.723267994227,-73.778048024409
"16TH AVE AND 74TH ST, NYC",71,40.616932991248,-74.000214978121
"WILD AVE AND BERESFORD AVE, NYC",71,40.588461719727,-74.190089895478
"32ND AVE AND 169THST, NYC",70,40.768820997686,-73.796227031293
"AVE Y AND HOMECRESTAVE, NYC",70,40.589780989378,-73.957529968562
"47TH AVE AND 36TH ST, NYC",69,40.742328986871,-73.929297958468
"166TH ST AND 20TH AVE, NYC",69,40.779970018556,-73.797524968999
"NEW DORP PLAZA SOUTH AND NEW DORP LANE, NYC",69,40.573959015577,-74.116291009875
"MORRIS AVE AND E 166TH ST, NYC",69,40.830539004333,-73.915707037745
"CATON AVE AND E 8THST, NYC",69,40.647662012208,-73.972950072015
"35TH AVE AND 82ND ST, NYC",68,40.751784989029,-73.884686033188
"CLOVE RD AND LITTLECLOVE RD, NYC",68,40.611546989815,-74.098665040964
"36TH AVE AND 14TH ST, NYC",68,40.760203018207,-73.937483976566
"HYLAN BLVD AND MONTREAL AVE, NYC",67,40.558993001729,-74.125556030369
"154TH ST AND 14TH RD, NYC",67,40.789488507802,-73.807942333542
"CRAFT AVE AND 256THST, NYC",67,40.650517014158,-73.733076012569
"COLGATE AVE AND LAFAYETTE AVE, NYC",67,40.819192002909,-73.87975403754
"LACONIA AVE AND STELL PL, NYC",67,40.860396013996,-73.855945995942
"FRANKLIN AVE AND EBUCHANAN ST, NYC",66,40.643366999292,-74.092224973297
"VARICK ST AND CANALST, NYC",65,40.722616091707,-74.006295797418
"NEREID AVE AND BAYCHESTER AVE, NYC",65,40.899247979233,-73.846078987162
"E 182ND ST AND PROSPECT AVE, NYC",65,40.849309019209,-73.884802960737
"W 6TH ST AND HIGHLAWN AVE, NYC",65,40.603471696658,-73.978859900487
"FOREST AVE AND MADISON ST, NYC",64,40.705828019746,-73.902450974054
"CROCHERON AVE AND 193RD ST, NYC",64,40.763835986501,-73.789349009185
"WILSON AVE AND NOLLST, NYC",64,40.703479494296,-73.930605870639
"AVE O AND OCEAN PKWY, NYC",64,40.611990015307,-73.967885977574
"150TH ST AND 69TH RD, NYC",64,40.731942006728,-73.819599968297
"VANDERBILT AVE AND PARK AVE, NYC",63,40.696132001791,-73.97042703534
"111TH ST AND 101STAVE, NYC",63,40.688041998394,-73.832757963721
"AUTUMN AVE AND GLENST, NYC",63,40.68115500765,-73.869569019354
"BEACH CHANNEL DR AND B 46TH ST, NYC",62,40.58993400102,-73.804583034387
"FRANCIS LEWIS BLVD AND 90TH AVE, NYC",62,40.718118991106,-73.757293007224
"MOSHOLU AVE AND TYNDALL AVE, NYC",62,40.905211996709,-73.901492000512
"SEAVIEW AVE. E 91ST - E 95 ST, NYC",62,40.625951028735,-73.900800496024
"JUNIPER VALLEY RD AND 79TH ST, NYC",62,40.715771010479,-73.874372017511
"GEORGIA AVE AND ATLANTIC AVE, NYC",61,40.675723995397,-73.898809037124
"10TH AVE AND 66TH ST, NYC",61,40.629375004503,-74.008753958162
"BOND ST AND PRESIDENT ST, NYC",60,40.679313000608,-73.98999400157
"130 AVE 220TH ST- SPRINGFIELD BLVD, NYC",59,40.68168479467,-73.747576459004
"PARK AVE AND E 158TH ST, NYC",59,40.823394982528,-73.918345996141
"STILLWELL AVE AND MERMAID AVE, NYC",58,40.57697997921,-73.981575972392
"LEFFERTS AVE AND KINGSTON AVE, NYC",56,40.66284499162,-73.942814028795
"NOSTRAND AVE. AVEV - AVE W, NYC",56,40.6697245,-73.9503962
"BRUCKNER BLVD. WILLIS AVE - LINCOLN A, NYC",56,44.721052939922,-83.513966716381
"231ST ST AND LINDENBLVD, NYC",56,40.691960999133,-73.730675016404
"6TH AVE AND 72ND ST, NYC",56,40.630314993034,-74.019351030709
"E 29TH ST AND 2ND AVE, NYC",55,40.741635007198,-73.978159005744
"58TH AVE AND 185THST, NYC",55,40.741865006621,-73.79018996553
"AVE K AND E 40TH ST, NYC",55,40.6257160104,-73.93730703459
"36TH AVE AND 22ND ST, NYC",55,40.759469014946,-73.935898958676
"WILLIAMSBRDG RD.RHNLNDR AV- PIERCE A, NYC",55,40.868704979321,-73.863960398008
"STRICKLAND AVE AND MAYFAIR DR S, NYC",55,40.610308815078,-73.913498825353
"CORNAGA AVE AND PRESIDENT AVE, NYC",54,40.602118019295,-73.756712979524
"NARROWS AVE AND MACKAY PL, NYC",54,40.636810087895,-74.034453879127
"BATH AVE AND 15TH AVE, NYC",54,40.608040001526,-74.013011964975
"243RD ST AND 141STAVE, NYC",54,40.663424013491,-73.737001006369
"JOHNSON AVE AND SCOTT AVE, NYC",53,40.709332996378,-73.922478022949
"W155 ST BROADWAY- ST NICHOLAS AV, NYC",53,40.854966680294,-73.929658774883
"SAMPSON AVE AND CALHOUN AVE, NYC",52,40.819870015057,-73.819856035439
"116TH AVE AND 141STST, NYC",52,40.680329013001,-73.800898014475
"35TH AVE AND 88TH ST, NYC",51,40.752372979537,-73.879094968494
"GIFFORDS LN AND FAIRFIELD ST, NYC",51,40.562136005872,-74.15513098899
"FLATBUSH AVE AND DURYEA PL, NYC",51,40.645313989672,-73.958047970179
"31ST AVE AND 100THST, NYC",51,40.760997999814,-73.869156964994
"19TH AVE AND 74TH ST, NYC",51,40.612787008571,-73.993333016519
"HUGUENOT AVE AND DEISIUS ST, NYC",51,40.529276011758,-74.189851011238
"TINTON AVE AND E 165TH ST, NYC",51,40.824667984072,-73.902338991827
"IRVING AVE AND GATES AVE, NYC",50,40.698414980759,-73.913317021873
"CORTELYOU RD AND OCEAN AVE, NYC",50,40.643333010675,-73.959738013316
"RICHMOND RD AND DONGAN HILLS AVE, NYC",50,40.588745991974,-74.102086030926
"9TH AVE AND 42ND ST, NYC",49,40.644259001428,-73.996842016464
"19TH AVE AND BENSONAVE, NYC",48,40.603844020797,-74.002623015085
"UNION AVE AND JOURNEAY ST, NYC",48,40.632111989256,-74.158110001198
"LEWIS AVE AND VERNON AVE, NYC",48,40.695952000421,-73.937642981269
"SENECA AVE AND HIMROD ST, NYC",48,40.706315008321,-73.91362203933
"LAWTON AVE AND QUINCY AVE, NYC",47,40.816815020897,-73.819074003873
"VICTORY BLVD. EDDY ST - FOREST AVE, NYC",47,40.626387216068,-74.091696683535
"LINCOLN AVE AND N RAILROAD AVE, NYC",47,40.579611016707,-74.109126997231
"150TH ST AND 85TH RD, NYC",47,40.710598999034,-73.808897032313
"RANDALL AVE AND BARRETTO ST, NYC",47,40.811827788507,-73.888665928454
"E96 ST 3 AV. - FDR DR, NYC",47,40.711110924202,-73.98050697611
"61ST ST AND 10TH AVE, NYC",47,40.632269988131,-74.005779975097
"64TH ST AND FLUSHING AVE, NYC",46,40.722618019545,-73.901521001897
"BATHGATE AVE AND E176TH ST, NYC",46,40.845642020388,-73.89770396701
"FILLMORE AVE AND E38TH ST, NYC",46,40.612328979472,-73.931710018745
"6TH AVE AND 53RD ST, NYC",45,40.642097015233,-74.009860034105
"MERMAID AVE AND W 27TH ST, NYC",45,40.575687992655,-73.993244000707
"E 85TH ST AND AVE J, NYC",45,40.636208979709,-73.907785971606
"ROSSVILLE AVE. WOODROW RD - MASON BLV, NYC",44,40.548648443967,-74.210728359414
"MERRILL AVE AND FIRTH RD, NYC",44,40.610663998225,-74.165844989086
"HEBERTON AVE AND BOND ST, NYC",44,40.635452010033,-74.132325003917
"BAY RIDGE AVE AND 12TH AVE, NYC",44,40.625030999363,-74.006089015867
"23RD AVE AND BENSONAVE, NYC",43,40.598875982966,-73.993353971277
"UNION ST AND 37TH AVE, NYC",43,40.762417014112,-73.827508964496
"20TH AVE AND 84TH ST, NYC",43,40.605763015619,-73.997070004231
"BATH AVE AND BAY 17TH ST, NYC",42,40.604352006039,-74.006918991919
"NASSAU AVE AND SUTTON ST, NYC",42,40.725973002019,-73.940745039815
"5TH AVE AND 43RD ST, NYC",42,40.649021012079,-74.006229999478
"116TH AVE AND 217THST, NYC",41,40.697580017474,-73.741888997025
"E 174TH ST AND MORRISON AVE, NYC",41,40.834010998175,-73.87566199241
"BOOTH MEMORIAL AVE AND KISSENA BLVD, NYC",41,40.74296798126,-73.814318028192
"COLONIAL RD AND 72ND ST, NYC",40,40.634791013149,-74.032315990903
"LAFAYETTE AVE AND CROES AVE, NYC",40,40.820627990561,-73.868588001406
"6TH AVE AND 59TH ST, NYC",39,40.638739015273,-74.013355958282
"CLOVE RD AND RHINEAVE, NYC",39,40.608132998742,-74.090179034551
"FARRAGUT RD AND E 23RD ST, NYC",39,40.63560900308,-73.955303986536
"GUY BREWER BV 130AV - 137 AVE, NYC",39,40.66833952694,-73.732316893692
"RIDGE BLVD AND OVINGTON AVE, NYC",38,40.635372004768,-74.029132963172
"GLENWOOD RD AND E 87TH ST, NYC",38,40.640310999304,-73.909831994171
"34TH AVE AND 14TH ST, NYC",38,40.763508002629,-73.935446000628
"E 27TH ST AND KINGSHWY, NYC",38,40.614365991491,-73.947446958137
"115TH ST AND 109THAVE, NYC",37,40.681293015686,-73.825564027683
"AVE Y AND E 3RD ST, NYC",37,40.588737987256,-73.967046027056
"WEBSTER AVE AND E 165TH ST, NYC",36,40.827853987379,-73.91201103754
"MANHATTAN AVE AND W102ND ST, NYC",36,40.796089005096,-73.963338962739
"69TH AVE AND 172NDST, NYC",36,40.732828015803,-73.797661007288
"34TH AVE AND 65TH ST, NYC",35,40.752330818564,-73.898501505097
"COLUMBIA ST AND E HOUSTON ST, NYC",35,40.719993980937,-73.978711037887
"8TH ST AND ALLISONAVE, NYC",34,40.569582991567,-74.119374041501
"31ST AVE AND 37TH ST, NYC",33,40.76206401026,-73.918675991669
"FALCON AVE. ADELAIDE AVE - PENN AVE, NYC",32,-35.077689388071,138.504877800345
"CITY ISLAND AV. PILOT ST - FORDHAM ST, NYC",32,40.847194369975,-73.786766988375
"LUTEN AVE AND HYLAN BLVD, NYC",32,40.523165981529,-74.188501021913
"JULES DR RICHMONDAVE - COMSTOCK AVE, NYC",32,40.619147339036,-74.160023282326
"BEDFORD AV. MASONAV - HYLAN BV, NYC",32,40.693835379491,-73.95600938316
"LAFAYETTE ST AND ASTOR PL, NYC",32,40.729849003595,-73.991461672816
"AVE K AND E 29TH ST, NYC",32,40.624274993606,-73.947433966188
"119TH AVE. 230THST. - 235TH ST., NYC",31,40.773475468893,-73.751374241243
"110TH ST AND 67TH DR, NYC",31,40.72829298709,-73.844611986468
"HILLSIDE AV. 242ST - 235 CT, NYC",31,40.77240610403,-73.747797307734
"E 69TH ST AND AVE U, NYC",31,40.618857979131,-73.908966478849
"143RD ST AND 119THAVE, NYC",31,40.677209017182,-73.797243001776
"107TH AVE. 110THST - 114TH ST, NYC",31,40.678175778746,-73.848513477115
"ATLANTIC AVE HICKS ST - CLINTON ST, NYC",30,40.680986599096,-73.963490352191
"FOSTER AVE AND E 18TH ST, NYC",30,40.635369993111,-73.960409990493
"SUTPHIN BLVD AND LIBERTY AVE, NYC",30,40.6962342191,-73.804568701333
"48TH ST AND NEW UTRECHT AVE, NYC",29,40.637462996243,-73.994646041652
"MERRICK BV. 116 AV - LINDEN BLVD, NYC",29,40.652134595743,-73.954454732106
"233RD ST AND 120THAVE, NYC",29,40.686773020163,-73.731339030774
"CASTLE HILL AV. BRUCKNR BV - WATSON A, NYC",28,40.819735338957,-73.848235738147
"TODT HILL RD AND CIRCLE RD, NYC",28,40.595330982746,-74.110388976573
"ANTIN PL AND WALLACE AVE, NYC",28,40.85157699457,-73.864837015916
"UTOPIA PKWY. 46 AV - NORTHERN BLD, NYC",28,40.751787629329,-73.792437572867
"BARD AVE BIRCH AVE - BAKER PL, NYC",28,40.626617337575,-74.10389124064
"122ND AVE. 197THST - 191ST ST, NYC",28,40.678834659397,-73.781363048282
"MANHATTAN COLLEGEPKWY AND FIELDSTON RD, NYC",27,40.89016199619,-73.905426968776
"MYRTLE AVE. WOODHAVEN BLVD - UNION TP, NYC",27,40.702427931242,-73.853815787516
"COURTLANDT AVE AND E 155TH ST, NYC",27,40.820645005824,-73.917712994813
"WEBSTER AVE. BELMNT ST- E171 ST, NYC",26,40.856067242965,-73.895710205611
"BRONX RIVER AVE.WATSON AVE - BRUCKNE, NYC",26,40.830484741342,-73.88220775233
"64TH AVE AND 211THST, NYC",25,40.744755003017,-73.765210972058
"E 174TH ST AND BRONX RIVER AVE, NYC",25,40.834416011737,-73.879345000665
"MYRTLE AVE. UNIONTPKE - WOODHAVEN BL, NYC",25,40.702427931242,-73.853815787516
"TOMPKINS AV. BELAIR RD - MARYLAND AV, NYC",25,40.696073244424,-73.946448078661
"5TH AVE AND 92ND ST, NYC",25,40.617918283966,-74.029292638427
"AVE D AND E 9TH ST, NYC",25,40.724279983306,-73.975611996826
"LACONIA AV. WARING AV - PELHM PWY N., NYC",25,40.866140415335,-73.855765739684
"FOSTER AVE AND E 28TH ST, NYC",25,40.638480014465,-73.950173004507
"20TH AVE AND 54TH ST, NYC",24,40.622764993749,-73.979354013679
"1 AV E117 ST. - E124 ST, NYC",24,40.801281133108,-73.945310411018
"41ST AVE AND 72ND ST, NYC",24,40.744910319683,-73.893882238257
"FLATLANDS AVE AND E86TH ST, NYC",24,40.638382993936,-73.908934962893
"COLUMBIA ST AND W 9TH ST, NYC",24,40.677194013576,-74.006468967538
"TYSENS LANE. CRANFORD AVE - AMBOY RD, NYC",24,40.903576660538,-73.844098608781
"FLATBUSH AVE ST MARKS AVE - STERLING, NYC",23,40.694228132238,-73.983512107225
"149TH ST AND 35TH AVE, NYC",23,40.766576994567,-73.817396030676
"BUFFALO ST. S RAILRD AVE- DURNT AVE, NYC",23,40.740723227437,-73.881035779673
"NEW DORP LN HYLANBV- WEED AV, NYC",22,40.569407126584,-74.107880263543
"E 59TH ST AND AVE T, NYC",22,40.615634005803,-73.917928996458
"164TH ST. PIDGEONMEADOW RD - METCALF, NYC",22,40.753313577149,-73.80431702852
"WESTCHESTER AVE AND BERGEN AVE, NYC",21,40.816440182187,-73.915673929227
"SEAVIEW AVE. E 95ST - E 91 ST, NYC",21,40.625961044847,-73.900793250184
"NOSTRAND AVE AND AVE H, NYC",21,40.631575002629,-73.947541003091
"130 AVE SPRINGFIELD BLVD - 220TH ST, NYC",21,40.758910498531,-73.762229160743
"69TH AVE AND 197THST, NYC",21,40.737500004814,-73.776065033756
"MALCLM X BV. W120ST- W115 ST, NYC",21,40.80067344306,-73.948617647132
"HIGHLAND BLVD. BULWER PL. - MILLER AV, NYC",21,40.685612875083,-73.887287584236
"AVE U AND E 73RD ST, NYC",20,40.6207600006,-73.906014959284
"TYLER AVE AND 64THST, NYC",19,40.734316013164,-73.901944958559
"AVE V AND 29TH ST, NYC",19,40.598200988303,-73.94247598664
"19TH AVE AND 65TH ST, NYC",19,40.617853994769,-73.988058033394
"COLUMBUS AV. W80ST - W74 ST, NYC",19,40.774610436944,-73.980825959538
"215TH AND 17TH AVE, NYC",19,40.785171995305,-73.777346962028
"BEDFORD AVE. LINCOLN PL - BERGEN ST, NYC",19,40.693835379491,-73.95600938316
"KENT AVE AND S 4THST, NYC",18,40.713320519176,-73.967398988999
"MALCLM X BV. W115ST- W120 ST, NYC",17,40.806843489784,-73.95318097619
"120 AVE 189 ST -196 ST, NYC",17,40.688378964362,-73.736641291388
"E 180TH ST AND BOSTON RD, NYC",17,40.842634006796,-73.878172037135
"BUSSING AVE AND GRACE AVE, NYC",17,40.894981003783,-73.84637000684
"36 AVE. 215 ST -221 ST, NYC",17,40.774407892383,-73.74716829683
"RIVERSIDE DR. W 116 ST - W 113 ST, NYC",17,40.834415508823,-73.949097522511
"WILSON AVE AND SEXTON PL, NYC",17,40.867575994165,-73.849037966621
"SEDGWICK AVE AND WFORDHAM RD, NYC",16,40.862702085107,-73.909022386143
"CONEY ISLAND AVEAVE H - GLENWOOD RD, NYC",16,40.600793125256,-73.961450756731
"GOLD ST AND SANDS ST, NYC",16,40.699731191015,-73.983003913417
"MERRICK BV. LINDEN BLVD - 116 AV, NYC",16,40.656416493641,-73.551910395859
"CRONSTON AVE AND B131ST ST, NYC",16,40.576939464102,-73.858411455039
"122ND AVE. 191STST - 197TH ST, NYC",16,40.678834659397,-73.781363048282
"WASHINGTON ST AND W10TH ST, NYC",15,40.733418017967,-74.008543404755
"W135 ST. BWAY - ST. NICHLS TER., NYC",15,40.815767350371,-73.944805422246
"TROY AVE AND CHURCHAVE, NYC",15,40.651467019064,-73.936173968919
"GREENWOOD AVE AND E3RD ST, NYC",15,40.650292001967,-73.97870902623
"THRGS NECK EXPY.LAWTON AV - THROG NE, NYC",15,40.805971487314,-73.793752879124
"FORBELL ST AND MCKINLEY AVE, NYC",15,40.680859000739,-73.864674993728
"E 165TH ST AND UNION AVE, NYC",15,40.824393979658,-73.901187988883
"80TH AVE AND 255THST, NYC",14,40.743888984781,-73.715622040311
"FRONT ST AND PROSPECT ST, NYC",14,40.628739991518,-74.074513006059
"UTOPIA PKWY. NORTHERN BLD - 46 AVE, NYC",14,40.761103914603,-73.793504725721
"FT HAMILTON PKWY AND E 2ND ST, NYC",14,40.648130979691,-73.979255023403
"E 167TH ST AND FINDLAY AVE, NYC",14,40.831202012874,-73.91322297692
"SCHOLES ST AND GRAHAM AVE, NYC",14,40.708791986438,-73.94344300681
"SCHENECTADY AVE AND FARRAGUT RD, NYC",14,40.637281989044,-73.931771039
"1 AV E102 ST. - E110 ST, NYC",14,40.791402164846,-73.936330399772
"WHITE PLAINS RD CRUGER AVE - MORRIS P, NYC",14,40.867747564608,-73.86733650916
"WILLOW RD E. NINAAV - CASWELL AV, NYC",14,40.62400516939,-74.146061440471
"23RD AVE AND FRANCIS LEWIS BLVD, NYC",13,40.77675199638,-73.80008295821
"45TH ST AND 17TH AVE, NYC",13,40.63179397985,-73.980718000783
"RIVERSIDE DR. W 113 ST - W 116 ST, NYC",13,40.834415508823,-73.949097522511
"HARDING AV. PRENTISS AV - KEARNEY AV, NYC",13,40.819890430978,-73.8096220074
"E 96TH ST AND LINDEN BLVD, NYC",13,40.654000994123,-73.913551966619
"DITMARS BLVD. 71ST - 72 ST, NYC",13,40.768214311255,-73.88803809607
"OAKDALE ST. THORNYCROFT AVE - RETFORD, NYC",13,40.539098602295,-74.156542483347
"RIVERSIDE DR. W119 ST - W122 ST, NYC",13,40.834415508823,-73.949097522511
"E 19TH ST AND AVE R, NYC",12,40.606216015576,-73.95392197834
"58 ST. 39 AV - WOODSIDE AV, NYC",12,40.605760908383,-73.971930272312
"131 AVE 220 ST- SPRINGFIELD BLVD, NYC",12,40.758910498531,-73.762229160743
"RANDALL AV. BOLTON AV- BEACH AV, NYC",12,40.817989341482,-73.85571403739
"46TH AVE AND 196THST, NYC",12,40.753834992998,-73.78524698959
"CASTLE HILL AV. WATSON AV - BRUCKNR B, NYC",12,40.819735338957,-73.848235738147
"PROSPECT AV. E 169 ST - E 170 ST, NYC",12,40.913444464441,-73.831338911836
"ALBANY AVE AND WINTHROP ST, NYC",12,40.657771006533,-73.939623960266
"81ST ST AND 5TH AVE, NYC",12,40.62505199603,-74.024443036888
"LIBERTY AVE. CLEVELAND ST - ESSEX ST, NYC",12,41.44153553257,-81.78188153401
"OAKDALE ST. ELMWOOD AVE - HOLLY AVE, NYC",12,40.627288204331,-73.97374739657
"SLOSSON AV. KNOXPL - LORTEL AV, NYC",12,40.611991607869,-74.116856411154
"MERRY MOUNT ST AND KLONDIKE AVE, NYC",11,40.59015302015,-74.159193026907
"E 52ND ST AND RUTLAND RD, NYC",11,40.660714018466,-73.929407007028
"W 100TH ST AND MANHATTAN AVE, NYC",11,40.794795006884,-73.964281004837
"HARDING AV. KEARNEY AV - PRENTISS AV, NYC",11,40.819890430978,-73.8096220074
"DEKALB AVE AND WASHINGTON AVE, NYC",11,40.689679989912,-73.966141032971
"ALBANY AVE. ATLANTIC AV- PARK PL, NYC",11,39.353806949372,-74.456734594563
"WILCOX ST ELEANORPL - SUMMERFIELD PL, NYC",11,40.625703673531,-74.160346762375
"AVE J. E. 99TH ST- E. 95TH ST, NYC",11,40.663262745674,-73.925211613032
"LUCAS ST. WILLIAMSON AVE - SPRINGFIEL, NYC",11,40.683184428086,-73.754377062088
"NEW DORP LN WEEDAV - HYLAN BV, NYC",11,40.569407126584,-74.107880263543
"WHITE PLAINS RD MORRIS PK AVE - CRUGE, NYC",10,40.8713531,-73.8670847
"BEDFORD AV. HYLANBV - MASON AV, NYC",10,40.693835379491,-73.95600938316
"12TH AVE AND CHESTER AVE, NYC",10,40.644449983092,-73.98440000321
"DRY HARBOR RD. JUNIPER BLVD S - 63 AV, NYC",10,40.720251433089,-73.874969936138
"CROSS ISLAND PKWY. 212 ST - ESTATES L, NYC",10,40.788439200873,-73.789105010367
"BWAY W189 ST - W184 ST, NYC",10,40.854136809506,-73.929667702744
"34TH AVE AND 64TH ST, NYC",10,40.752263805248,-73.899019171437
"LINCOLN AV -- KISWICK ST - BOUNDARY A, NYC",10,53.208988743269,-0.551362750157
"AUSTIN ST AND 81STAVE, NYC",10,40.711659016419,-73.831968975175
"FT. HAMILTON PKWY. 86TH ST - 95TH ST, NYC",10,40.635444427799,-74.002044931227
"86TH ST AND AVE U, NYC",10,40.595826017948,-73.983711010769
"AVE J. E103 ST -E98 ST, NYC",9,40.788403512277,-73.943183781267
"108 ST. 64 RD - 67 RD, NYC",9,40.759228761944,-73.861252615268
"E96 ST. FDR DR -3 AV, NYC",9,40.711193339384,-73.980042049809
"CONEY ISLAND AV.GLENWD RD- DITMAS AV, NYC",9,40.63949289033,-73.968871647141
"HIGHLAWN AVE AND W5TH ST, NYC",9,40.603590007221,-73.977816018266
"115 AV. 135 ST- 125 ST, NYC",9,40.714287536945,-73.822875021031
"W51 ST. 9AV - 11AV, NYC",9,40.76594514908,-73.992846632039
"FURMANVILLE AVE AND 77TH ST, NYC",9,40.717197987585,-73.877398974205
"BARD AVE BAKER PL- BIRCH AVE, NYC",9,40.626617337575,-74.10389124064
"METROPOLITAN AV WOODHAVEN BV - 70 AV, NYC",9,40.84042327296,-73.85623242157
"108 ST. 67 RD - 64 RD, NYC",8,40.759228761944,-73.861252615268
"YORK AVE AND CARLYLE ST, NYC",8,40.642033019402,-74.087705032009
"77TH AVE 82ND ST-86TH ST, NYC",8,40.628124005454,-74.036448520625
"FARMERS BV. 144 AV- 177 PL, NYC",8,40.65934865366,-73.774249130131
"73RD AVE AND 175THST, NYC",8,40.729662003335,-73.795121961178
"BURGHER AVE. HYLAN BLVD - N. RAILROAD, NYC",8,40.593816107649,-74.094285835846
"20TH AVE AND 77TH ST, NYC",8,40.609682016359,-73.992975025435
"COLUMBIA ST AND LORRAINE ST, NYC",8,40.674625002162,-74.00771099795
"141 AVE. 230 PL -226 ST, NYC",8,40.670784019738,-73.763079497772
"MARBLE HILL AVE AND W 230TH ST, NYC",8,40.878311996757,-73.908024017656
"DAHILL RD. 65TH ST - 63 ST, NYC",8,40.64559527752,-73.980949551106
"TOMPKINS AV. MARYLAND AV - BELAIR RD, NYC",8,40.696073244424,-73.946448078661
"1 AV E92 ST. - E100 ST, NYC",7,40.788407563848,-73.949040250134
"ABERDEEN RD. 188ST - CHEVY CHASE ST, NYC",7,40.725020180471,-73.78173932303
"EMMONS AVE AND E 27TH ST, NYC",7,40.583856995489,-73.941496980349
"4TH AVE AND 80TH ST, NYC",7,40.627187998326,-74.026560976182
"43RD ST AND 21ST AVE, NYC",7,40.773160015593,-73.901665002993
"MILL AVE. MAYFAIR DR - 57TH PL, NYC",7,40.609533028692,-73.911575277533
"EAST 53RD ST GLENWOOD RD - AVENUE I, NYC",7,40.75761981372,-73.969263468144
"BWAY W184 ST - W189 ST, NYC",7,40.854136809506,-73.929667702744
"GRAND CONCOURSE AND E FORDHAM RD, NYC",7,40.862448993541,-73.897070965682
"CROSS ISLAND PKWYESTATES LN - 212 ST, NYC",7,40.788439200873,-73.789105010367
"ARDEN AVE VANBRUNT ST- ANNADALE RD, NYC",7,40.686004466933,-74.004686284627
"ROCHSTR AVE. PARKPL- ATLANTC AV, NYC",7,40.7130466,-74.0072301
"E 31ST ST AND AVE K, NYC",7,40.624495018564,-73.945423985806
"PARK AV. E92 ST -E98 ST, NYC",7,40.783650501089,-73.954501050228
"FT HAMILTON PKWY76 ST - 72 ST, NYC",7,40.635444427799,-74.002044931227
"DITMARS BLVD. 72ST - 71 ST, NYC",6,40.635791183745,-74.033790200033
"ABERDEEN RD. CHEVY CHASE ST - 188 ST, NYC",6,40.725020180471,-73.78173932303
"FULTON ST. LEWISAV- UTICA AV, NYC",6,43.101552491124,-75.227009018523
"W86 ST. AMSTRDM AV- COLUMBS AV, NYC",6,40.787610253696,-73.974841641343
"175TH ST. 89TH AVE - 91ST AVE, NYC",6,40.728183732753,-73.727813541689
"77TH ST AND 16TH AVE, NYC",6,40.615154016118,-74.002055979335
"16 AV. 45 ST - DAHILL RD, NYC",6,40.646050855268,-73.981037646191
"WALKER ST PORT RICHMND AV - MORNINGST, NYC",6,40.63042597874,-74.143067829746
"LACONIA AV. PELHMPWY N. - WARING AV, NYC",6,40.866140415335,-73.855765739684
"AMSTRDM AV. W157ST- W163 ST, NYC",6,40.837508489292,-73.94140978627
"3RD AVE. 60TH ST- 57TH ST, NYC",6,40.643469048496,-74.022655654412
"COLUMBS AV. W86 ST- W81 ST, NYC",6,40.74209147776,-74.010392938379
"E138 ST. ST. ANN'S AV - JACKSON AV, NYC",6,40.80396070413,-73.919420733271
"TROY AVE AND AVE L, NYC",6,40.623222519934,-73.933164614222
"58TH AVE 206TH ST - 210TH ST, NYC",6,40.772662145215,-73.778905117028
"AMSTERDAM AV W166ST - W170 ST, NYC",6,40.854119150055,-73.926503777055
"THRGS NECK EXPY.THROG NECK BLVD - LA, NYC",6,40.819114885114,-73.811512240892
"STUART ST AVENUEU - FILMORE AV, NYC",5,40.604016557606,-73.936244070911
"60TH ST AND 4TH AVE, NYC",5,40.640883986205,-74.018488029958
"BUSHWICK AVE AND BEAVER ST, NYC",5,40.699061393132,-73.935458405845
"HOLLIS AV 200 ST- 208 ST, NYC",5,40.708666273426,-73.766024926479
"CENTRAL AVE 71 ST- 73 RD PL, NYC",5,40.701125227241,-73.93014092647
"PITKIN AV. HOWARDAVE- AMBOY ST, NYC",5,40.687436255851,-73.920897148878
"PITKIN AVE AND CONDUIT BLVD, NYC",5,40.676289690042,-73.866188681622
"CHURCH AV. E42 ST- E48 ST, NYC",5,40.651587276139,-73.933674536502
"E96TH ST - LEXINGTON AVE 1ST AVE, NYC",5,40.741369086312,-73.983490081785
"E NEWYORK AV. RALPH AV - E94 ST, NYC",5,40.688169039942,-73.923763731472
"MACE AVE SEYMOURAVE - WOODHULL AVE, NYC",5,40.863088053604,-73.841759045071
"PARSONS BV 72 AV- 78 RD, NYC",5,40.793804815857,-73.82544277176
"19 AV. 55 ST - 58ST, NYC",5,40.647616713855,-74.021855404129
"W86 ST. COLUMBS AV- AMSTRDM AV, NYC",5,40.787610253696,-73.974841641343
"E 156 ST. JACKSONAVE - BROOK AVE, NYC",5,40.593954380878,-74.064679189615
"8 AV 15 ST - 12 ST, NYC",5,40.671615138002,-73.996467996778
"LAFAYETTE AVE AND HUNTS POINT AVE, NYC",5,40.816707020074,-73.888100988179
"SOUTHRN BV. LONGWOOD AVE - BARETTO ST, NYC",5,40.816327089358,-73.896234787021
"24TH AVE 29 ST -35 ST, NYC",5,40.598111509097,-73.990580975239
"VERNON BLVD 50 AVE - 47 AVE, NYC",5,40.763345016522,-73.943104964654
"E 98TH ST. AVE K- FLATLANDS AVE, NYC",5,40.640915063692,-73.904836359713
"SOUTHRN BV. BARETTO ST- LONGWOOD AVE, NYC",5,40.816327089358,-73.896234787021
"BEDFRD AV. FARRAGT RD- CAMPUS RD, NYC",5,40.632500921045,-73.949721229157
"BEMENT AVE. CASTLETON AVE - HENDERSON, NYC",5,40.645393055767,-74.08013343823
"PAULDING AV. BERGLUND AV - ARLENE ST, NYC",5,40.860443015191,-73.858815981433
"VANDERBLT AV. GATES AV- MYRTLE AV, NYC",5,40.694241562871,-73.959071316502
"E 98TH ST AND AVE K, NYC",4,40.640940019228,-73.896140993524
"HENRY ST AND CRANBERRY ST, NYC",4,40.699392017303,-73.992074976672
"WILSON AVE AND SUYDAM ST, NYC",4,40.700477012759,-73.92533901796
"WOODHAVEN BLVD AND ROCKAWAY BLVD, NYC",4,40.68071868768,-73.84481088903
"CATON AV. STRATFORD RD - ST PAULS PL, NYC",4,40.642175854891,-73.968394715679
"UNIVERSITY AV. FEATHERBED LN - BRANDT, NYC",4,40.846550382604,-73.920698673727
"W110 ST. RIVERSIDE DR- AMSTRDM AV, NYC",4,40.787908896239,-73.980962836175
"CPL. KENNEDY ST.34TH AVE - 32ND AVE, NYC",4,52.974173018231,-2.130929484093
"RIVERSIDE DR. W 98 ST - W 104 ST, NYC",4,40.834415508823,-73.949097522511
"CROTONA AV. E183ST - E181 ST, NYC",4,40.855216128512,-73.882975414789
"PARK AV. E98 ST -E92 ST, NYC",4,40.783650501089,-73.954501050228
"19 AV. 58 ST - 55ST, NYC",4,40.646480311901,-74.025517693533
"WEST END AV W81 ST - W84 ST, NYC",4,40.77702533577,-73.986510650381
"WINTHROP ST. UTICA AV- REMSEN AV, NYC",4,42.64211406614,-83.065757330912
"DAHILL RD 65TH ST- QUENTIN RD, NYC",4,40.605509924053,-73.984654226333
"BEACH CHANNEL DR AND B 25TH ST, NYC",4,40.58993400102,-73.804583034387
"BAY RIDGE AVE. BLISS TERRACE - SHORE, NYC",4,40.638056497852,-74.031849496081
"SCHENCTDY AV. FULTN ST - ATLANTC AV, NYC",4,40.7130466,-74.0072301
"ATKINS AV. NEWLOTS AV- LINDEN BV, NYC",4,40.659197053325,-73.889577172496
"KATONAH AV. E235ST - E240 ST, NYC",4,40.898195952131,-73.867302622367
"77TH ST. 4TH AVE- 6TH AVE, NYC",4,40.554965635906,-73.932080221036
"E 9TH ST AND AVE T, NYC",4,40.600457983371,-73.962530025264
"115 AV. 125 ST -135 ST, NYC",4,40.81459438447,-73.94185614184
"BRUCKNER BLVD. LINCOLN AVE - WILLIS A, NYC",3,40.848869387177,-73.82689964945
"TILDEN AV KINGS HWY - RALPH AV, NYC",3,40.648391815448,-73.926646100921
"AMSTERDAM AV W170ST - W166 ST, NYC",3,40.854119150055,-73.926503777055
"GREENPOINT AV. 37ST - 43 ST, NYC",3,40.72998969384,-73.95896805169
"BROADWAY. 21 ST -CRESCENT ST, NYC",3,40.68877294226,-73.873419246577
"34TH AVE 110TH ST- 106TH ST, NYC",3,40.753817097635,-73.914720823017
"32ND AVENUE 210 ST - 204 ST, NYC",3,40.776908276964,-73.751139852102
"BUFFALO ST. DURNTAVE- S RAILRD AVE, NYC",3,40.740723227437,-73.881035779673
"BUSHWICK AV. DECATUR ST- PILLING ST, NYC",3,40.687604936304,-73.908693414599
"34TH AVE 106TH ST. - 110TH ST, NYC",3,40.753817097635,-73.914720823017
"BEACH CHANNEL DR AND BEACH 53RD ST, NYC",3,40.595150017457,-73.783593994465
"KENSICO ST. PARKST - RICHMOND RD, NYC",3,40.57008992227,-74.138081060811
"WEBSTER AVE. E171ST- BELMNT ST, NYC",3,40.856067242965,-73.895710205611
"GENESSE AV. POMPEY AV - RICHMND AV, NYC",3,40.549667974047,-74.172022549259
"DAHILL RD AND QUENTIN RD, NYC",3,40.606563990287,-73.973617020051
"12TH AVE. 65TH ST- 70TH ST, NYC",3,40.640528086199,-74.025678334373
"ARDEN AVE ANNADALE RD - VAN BRUNT ST, NYC",3,40.686004466933,-74.004686284627
"SHORE RD AND MACKAYPL, NYC",3,40.637302985712,-74.036061025241
"E149 ST. TRINITYAV - PROSPECT AV, NYC",3,40.85229974951,-73.883400795537
"BAINBRDG AV MOSHLU PWY - BDFRD PK BV, NYC",3,40.868188402702,-73.888787146406
"FT. HAMILTON PKWY. 95TH ST - 86TH ST, NYC",3,40.635444427799,-74.002044931227
"24TH AVE AND BENSONAVE, NYC",3,40.597552983369,-73.991161013949
"PARSONS BV. 77 AV- 72 AV, NYC",3,40.793823256882,-73.825453910319
"AUDUBON AV. W 190ST - W 184 ST, NYC",3,40.844614566697,-73.935543314524
"CENTRAL PK N. 5 AV - FREDERICK D BLVD, NYC",3,40.801015227641,-73.959139841976
"108 ST. PENROD ST- 52 AV, NYC",3,40.739293290582,-73.855210487501
"MTROPLTN AV. 60 PL- NURGE AV, NYC",3,40.715388428615,-73.910852662342
"65TH PL. 50TH AVE - LAUREL HILL BLVD, NYC",3,40.743703802836,-73.958804978823
"E NEWYORK AV E94ST - RALPH AV, NYC",3,40.686790831707,-73.923725333961
"GREENPOINT AV. 43ST - 37 ST, NYC",3,40.729815201827,-73.958852085764
"E.TREMNT AV. HARDING AV- SCHURZ AV, NYC",3,40.815818139673,-73.816888670539
"WESTCHESTER AVE.WHITLOCK AVE - SOUTHE, NYC",3,40.829988014356,-73.872968315893
"LENOX RD. BRKLYNAV- E43 ST, NYC",3,40.655058230275,-73.935190636045
"13TH AVE. 82ND ST- 85TH ST, NYC",3,40.628828881601,-74.039504227247
"108 ST 63 RD - HORACE HRDNG EXPY, NYC",3,40.656214198816,-73.976015467918
"LIBERTY AVE. LINWOOD ST- HNDRX, NYC",3,40.676125991473,-73.884858029841
"CENTRAL AVE 73RDPL - 71 ST, NYC",3,40.701085161744,-73.930074625616
"CLAWSON ST CANNONBV - STERLING AV, NYC",2,40.569341963073,-74.114173800104
"GUY BREWER BLVD.111 AV - 107 AV, NYC",2,40.696422853831,-73.796472621056
"63 DR. ALDERTN ST- QUEENS BV, NYC",2,40.733693270644,-73.849668871083
"101 AV. 91 ST- WOODHVN BV, NYC",2,40.695166824726,-73.854306219053
"SUTTER AV. HERZLST- UNION ST, NYC",2,40.666803810361,-73.912531336722
"CLERMNT AVE. FULTON ST- ATLANTC AV, NYC",2,33.696416246721,-84.434833398674
"CLARKSON AV E 91ST - E 96 ST, NYC",2,40.655072764015,-73.95664469152
"CHURCH AV. LLOYDST- BEDFRD AV, NYC",2,40.651587276139,-73.933674536502
"HOMELAWN ST KINGSTON PL. - 83RD AVE, NYC",2,40.712817032769,-73.791232875072
"CENTRAL PK N. FREDERICK D BLVD - 5 AV, NYC",2,40.801015227641,-73.959139841976
"MACE AV. BRXWD AV- WHITE PLNS RD, NYC",2,40.867747564608,-73.86733650916
"CHURCH AV. E48 ST- E42 ST, NYC",2,40.651587276139,-73.933674536502
"E106 ST. LEXINGTNAV- 5 AVE, NYC",2,40.791461490344,-73.944495273857
"38 AVE. 215 ST -219 ST, NYC",2,40.766363088398,-73.76842593484
"EAST END AVE. E 86TH ST - E 80TH ST, NYC",2,40.776427936083,-73.960411749139
"EMPIRE BV. NOSTRND AV - BKLYN AV, NYC",2,40.663272209188,-73.961335354136
"BROADWAY. 51 ST -48 ST, NYC",2,40.706807578788,-74.012555184921
"AMSTERDAM AV W163ST - W167 ST, NYC",2,40.854119150055,-73.926503777055
"WILLOWBRK RD. COLLEGE CT- FORST AV, NYC",2,40.603200796548,-74.141204261749
"58TH AVE. 233RD ST - 220TH ST, NYC",2,40.766149499832,-73.763380182323
"153 AV. 78 ST - 88 ST, NYC",2,40.630307784598,-74.032356643133
"RIVERSIDE DR. W 84 ST - W 87 ST, NYC",2,40.834415508823,-73.949097522511
"162ND AVE. 88TH ST - 92ND ST, NYC",2,40.65279098258,-73.843425025159
"W 8TH ST AND AVE S, NYC",2,40.600924981107,-73.980309969736
"CROTONA AV. E. FORDHAM RD - E187 ST, NYC",2,40.858092385435,-73.883577084433
"CROTONA AV. E181ST- E183 ST, NYC",2,40.855216128512,-73.882975414789
"TOMPKINS AVE AND TOMPKINS ST, NYC",2,40.623882008076,-74.079226988405
"ROSE AV. HYLAN BLVD - 10 ST, NYC",2,40.615415515291,-74.063369796169
"36 AVE. 221 ST -215 ST, NYC",2,40.768720833943,-73.763796944993
"HOBART ST. 30 AV- 31 AV, NYC",2,40.75907565223,-73.907027241731
"CEBRA AVE CATLINAVE - ST PAULS AVE, NYC",2,40.853851221396,-73.829717341138
"120TH AVE. 235THST - 238TH ST, NYC",2,40.688378964362,-73.736641291388
"109TH AVE 112TH ST - ROCKAWAY BLVD, NYC",2,40.651658646773,-73.759494205913
"108 ST HORACE HRDNG EXPY - 63 RD, NYC",2,40.759228761944,-73.861252615268
"15 AVE. 85 ST - 78 ST, NYC",2,40.612331451353,-74.008559361331
"CROTONA AV. E187ST - E. FORDHAM RD, NYC",2,40.862491235308,-73.897488348199
"21 ST. 46 RD - 43AV, NYC",2,40.660018794912,-73.991219385614
"21 ST. 43 AV - 46RD, NYC",2,40.600301744696,-73.984177463681
"24TH AVENUE BENSON AVE - 86TH ST, NYC",2,40.716608198134,-74.003136004747
"ROCHSTR AVE. ATLANTC AV- PARK PL, NYC",2,40.716661891544,-74.015566672869
"E 222ND ST. KINGSLAND AVE - LACONIA A, NYC",2,40.724384757096,-73.941199255149
"E GUN HILL RD. BNBRIDGE AV, NYC",2,40.879426562736,-73.875049845966
"18TH AVE AND 76TH ST, NYC",2,40.612784996914,-73.99660003092
"E125 ST. 5 AV - PARK AV, NYC",2,40.747143761603,-73.98099963273
"VANDRBILT AVE. GREENE AV- DEKALB AV, NYC",2,40.882411420327,-73.880295965614
"JAMAICA AV. EUCLID AV- HEMLOCK ST, NYC",2,40.677856718695,-73.869680764868
"SEXTON PL. E GUNHILL RD - WILSON AVE, NYC",2,40.879426562736,-73.875049845966
"MILES AVE E. TREMONT AVE - QUINCY AVE, NYC",2,40.84653999316,-73.895548876966
"RIVERSIDE DR. W 104 ST - W 98 ST, NYC",2,40.834415508823,-73.949097522511
"BAY RIDGE AVE. SHORE RD - BLISS TERRA, NYC",2,40.630278065406,-74.039906518624
"EDGECOMBE AV W166ST - W163 ST, NYC",2,40.822640835623,-73.944334631374
"ATLANTIC AVE NEVINS ST - 4TH AVE, NYC",2,40.677792432806,-73.935836614045
"BEDFORD AVE. BERGEN ST - LINCOLN PL, NYC",2,40.693835379491,-73.95600938316
"THERESA AVE. MAYFLOWER AVE - WESTCHES, NYC",1,40.84436244605,-73.834642599732
"LENOX RD. E43 ST-BRKLYN AV, NYC",1,40.655058230275,-73.935190636045
"WESTCHESTER AVE.SOUTHERN BLVD - WHIT, NYC",1,40.829988014356,-73.872968315893
"DAHILL RD. 63RD ST - 65TH ST, NYC",1,40.640491813183,-74.025376953683
"WILLOWBRK RD. FORST AV- COLLEGE CT, NYC",1,40.603200796548,-74.141204261749
"VAN DUZER ST. BALTIC ST - HANNAH ST, NYC",1,40.635222924034,-74.07660427085
"29TH ST 20TH AVE- 21ST AVE, NYC",1,40.783961094129,-73.917076129712
"35 AV. STEINWAY ST - 31 ST, NYC",1,40.754180369319,-73.922710872219
"MANHATTAN AVE - DEVOE ST - CONSELYEA, NYC",1,40.803063845461,-73.958266625004
"35 AVE. UNION ST-PARSONS BLVD, NYC",1,41.275014446971,-75.828040652541
"PROSPECT PK W. 20ST - 16 ST, NYC",1,40.671122498191,-73.971694546738
"EAST END AVE. E 80TH ST - E 86TH ST, NYC",1,40.780376074068,-73.957822428875
"E HOUSTON ST LAFAYETTE ST - BOWERY, NYC",1,40.725454,-73.9961461
"NEW LOTS AVE. MALTA ST - PENNSYLVANNI, NYC",1,40.657314537553,-73.894013079838
"38 AVE. 219 ST -215 ST, NYC",1,40.784903183703,-73.777151504434
"RANDALL AV. BEACHAV- BOLTON AV, NYC",1,40.817989341482,-73.85571403739
"AVE L. E 28 ST -E 23 ST, NYC",1,40.740517573776,-73.987826944323
"AVE Z. BATCHELDERST - NOSTRAND AVE, NYC",1,40.599692020645,-73.93883639699
"TINTON AVE AND E 163RD ST, NYC",1,40.822718982037,-73.903156981758
"MTRPOLTN AV. NURGE AV- 60 PL, NYC",1,40.715388428615,-73.910852662342
"MCLAUGHLIN AVE. PINTO - FRANCIS LEWIS, NYC",1,40.7130466,-74.0072301
"EMPIRE BV. BKLYNAV - NOSTRND AV, NYC",1,40.663272209188,-73.961335354136
"EDGECOMBE AV W163ST - W166 ST, NYC",1,40.822640835623,-73.944334631374
"AVE X. HARING ST-BRIGHAM ST, NYC",1,40.598021380918,-73.934664182572
"60TH AVE.69TH PL- 71ST ST, NYC",1,40.636059530376,-74.033714511447
"5TH AVE. W 14TH ST - W 9TH ST, NYC",1,40.733541498213,-73.997505805525
"103 STREET. SEAVIEW AVE - AVENUE M, NYC",1,40.625981077072,-73.900778758505
"58TH AVE 210TH ST- 206TH ST, NYC",1,40.772724954435,-73.778927001198
"BURKE AVE. EASTCHESTER RD - FISH AVE, NYC",1,40.882504420261,-73.849216265503
"BROADWAY. CRESCENT ST - 21 ST, NYC",1,40.683381010631,-73.873204502218
"FLATBUSH AVE STERLING PL - ST MARKS A, NYC",1,40.694228132238,-73.983512107225
"CHURCH AV. BEDFRDAV- LLOYD ST, NYC",1,40.651587276139,-73.933674536502
"PROSPECT AV. E170S7 - E 169 ST, NYC",1,40.837699208104,-73.919097230442
"E96TH ST - 1ST AVE LEXINGTON AVE, NYC",1,40.738325412729,-73.985327041701
"UTICA AVE. EASTERN PKWY - PARK PL, NYC",1,38.290645322983,-85.750823615048
"31 AV. HOBART ST- 48 ST, NYC",1,40.759302117791,-73.90659983693
"31 AV. 48 ST - HOBART ST, NYC",1,40.759302117791,-73.90659983693
"CORTLYOU RD. CONEY ILND AV- OCEAN PKY, NYC",1,40.574900668267,-73.968947749134
"METROPLTN AV. LORIMER ST- HUMBOLDT ST, NYC",1,40.726056406164,-73.945534297956
"E 54TH ST GLENWOOD RD - FLATLANDS AVE, NYC",1,40.635221430745,-73.928122293944
"21ST AVE AND STEINWAY ST, NYC",1,40.774685019057,-73.903820996128
"VERNON BLVD 47 AVE - 50 AVE, NYC",1,40.770944979088,-73.934279816783
"24TH AVE 35 ST -29 ST, NYC",1,40.598111509097,-73.990580975239
"W 50 ST. 12 AVE-9 AVE, NYC",1,40.749007063563,-74.007792881642
"LONGWD AV HEWITTPL - SOUTHRN BV, NYC",1,40.817868034932,-73.9008183361
"LONGWOOD AVE. WESTCHTR AV - BECK ST, NYC",1,40.816327089358,-73.896234787021
"JULES DR COMSTOCKAVE - RICHMOND AVE, NYC",1,40.61829528986,-74.159206281137
"W 160 ST, NYC",1,40.835575153589,-73.942650902659
"E149 ST. PROSPECTAV - TRINITY AV, NYC",1,40.666331695703,-73.993914301504
"ST. ANN'S AV. WESTCHSTR AV- E146 ST, NYC",1,40.817677167697,-73.929688585634
"FOSTER AVE. E 93ST - E 96 ST, NYC",1,40.627667754919,-73.976561575315
"ST MARKS PL AND WALL ST, NYC",1,40.643427013719,-74.079211984798
"AUDUBON AV. W 184ST - W 190 ST, NYC",1,40.844393452091,-73.935699050285
"SANFORD AVE AND 150TH ST, NYC",1,40.760902990941,-73.813126959751
"7 AVE. 7 ST - 2 ST, NYC",1,40.749133793055,-73.992358033542
"E167 ST. SOUTHERNBV- HALL PL, NYC",1,40.863818550107,-73.883562845894
"JEWETT AVE AND NEWST, NYC",1,40.630711272837,-74.130390441818
"PERSONS BLVD. 28TH AVE - 23RD AVE, NYC",1,40.775147993479,-73.914450003726
"PITKIN AV. AMBOYST- HOWARD AVE, NYC",1,40.687436255851,-73.920897148878
"FOUNTAIN AVE AND DUMONT AVE, NYC",1,40.669330992116,-73.873806993418
"20TH AVE. 54TH ST- 60TH ST, NYC",1,40.647981464902,-74.021242813006
"LITTLENECK PWY 57AV - 61 AV, NYC",1,40.731902154071,-73.711173309152
"181 ST JAMAICA AV- 89TH AVE, NYC",1,40.679853272113,-73.893971174155
"ST ANNS AV. E139ST- BRCKNR BV, NYC",1,40.822854852687,-73.909367804373
"78TH AVE. 62ND ST- 64TH LANE, NYC",1,40.642226116944,-74.023916529106
"METROPLTN AV. HUMBOLDT ST- LORIMER ST, NYC",1,40.726056406164,-73.945534297956
"CROTONA AV. CLRMNT PKWY - CROTONA PK, NYC",1,40.852951,-73.883933
"B 20TH ST AND BROOKHAVEN AVE, NYC",1,40.599956976327,-73.760545756353
"AVENUE C. OCEAN PKY- DAHILL RD, NYC",1,40.613308381103,-73.974901736635
"WALKER ST MORNINGSTAR RD - PORT RICHM, NYC",1,40.631501541984,-74.14679174622
"W22 ST. 6 AV - 5AV, NYC",1,40.745208118356,-74.000357075341
"BEDFORD AVE SULLIVAN PL - LINCOLN RD, NYC",1,40.82935897853,-73.824063983802
"W.TREMNT AV. UNIVRSTY AV- JEROME AV, NYC",1,40.87120056378,-73.893459721517
"W110 ST. AMSTRDMAV- RIVERSIDE DR, NYC",1,40.865704969814,-73.928822024199
"GLENWOOD RD E 38TH ST - NEW YORK AVE, NYC",1,40.755132,-73.993007
"99 STREET 63RD DRIVE - 62ND ROAD, NYC",1,40.733693270644,-73.849668871083
"97 ST 63RD ROAD -HORACE HARDING EXPY, NYC",1,40.760253558202,-73.731857026622
"ALDERTON ST. 64 RD - 67 RD, NYC",1,40.724487309681,-73.859924298646
"ELY AVE. ADEE AVE- ARNOW AVE, NYC",1,40.867829490331,-73.863868452424
"1 AV. E 3 ST - E4 ST, NYC",1,40.7226155625,-73.982826680111
"WEST END AV W97 ST - W94ST, NYC",1,40.77702533577,-73.986510650381
"WEST END AV W84 ST - W81ST, NYC",1,40.77702533577,-73.986510650381
"WASHINGTON AVE E178TH ST- E TREMONT A, NYC",1,40.846494910659,-73.898369652099
"ELIOT AVE. WOODHVN BV- 84 ST, NYC",1,40.704023829141,-73.85614772447
"FALCON AVE. PENNAVE - ADELAIDE AVE, NYC",1,-35.077689388071,138.504877800345
"E 16TH ST AND AVE O, NYC",1,40.613054014097,-73.958145032617
"LAFAYTTE AV. CUMBRLND ST- WSHNGTN AV, NYC",1,40.7130466,-74.0072301
"AMSTERDAM AVE W 182ND ST - W 183RD ST, NYC",1,40.776281955934,-73.983417003125
"84 AVE 169 ST - HOMELAWN ST, NYC",1,40.715372116983,-73.792881317838
"SEMINOLE AVE. NEILLAVE - RHINELANDER AV, NYC",1,40.852430467677,-73.852518701825
"SEDGWICK AVE. STEVENSON PL. - FT INDE, NYC",1,40.881671125392,-73.896490785811
"WEST STPIER 40, NYC",1,40.708797045703,-74.015384644918
"E 105TH ST FLATLANDS AVE - AVE L, NYC",1,40.640915063692,-73.904836359713
"E 106 ST. 3 AV -FDR DR, NYC",1,40.711110924202,-73.98050697611
"E 156 ST. BROOK AVE - JACKSON AVE, NYC",1,40.805431313856,-73.920691736114
