year,violation_code,street_name,intersecting_street,search_query,camera_type,Latitude,Longitude
2017,7,NORTHERN BLVD (E/B),@ DOUGLASTON PKWY,"NORTHERN BLVD AND DOUGLASTON PKWY, NEW YORK, NY",Red Light,40.76534581872,-73.744281359829
2016,7,CROSS BRONX EXPWY (W,/B) @ ROSEDALE AVE,"CROSS BRONX EXPWY AND ROSEDALE AVE, NEW YORK, NY",Red Light,40.836315979639,-73.869993981845
2016,7,RICHMOND RD (E/B) @,NEW DORP LANE,"RICHMOND RD AND NEW DORP LANE, NEW YORK, NY",Red Light,40.575848003186,-74.119818030912
2016,7,FLATBUSH AVE (N/B) @,BERGEN ST,"FLATBUSH AVE AND BERGEN ST, NEW YORK, NY",Red Light,40.680840979647,-73.975119979109
2016,7,222ND ST (E/B) @ PAU,LDING AVE,"222ND ST AND PAU LDING AVE, NEW YORK, NY",Red Light,40.883026984931,-73.853247023119
2017,7,KINGS HWY (N/B) @ BE,VERLEY RD,"KINGS HWY AND BE VERLEY RD, NEW YORK, NY",Red Light,40.646636989269,-73.924767958897
2017,7,3RD AVE (N/B) @ 36TH,ST,"3RD AVE AND 36TH ST, NEW YORK, NY",Red Light,40.655629011176,-74.006574998613
2017,7,BRUCKNER BLVD (E/B),@ HUNTS POINT AVE,"BRUCKNER BLVD AND HUNTS POINT AVE, NEW YORK, NY",Red Light,40.820244979495,-73.890711029009
2017,7,ASTORIA BLVD (W/B) @,STEINWAY ST,"ASTORIA BLVD AND STEINWAY ST, NEW YORK, NY",Red Light,40.769429314309,-73.910277827601
2016,7,GUN HILL ROAD (E/B),@ EASTCHESTER RD,"GUN HILL ROAD AND EASTCHESTER RD, NEW YORK, NY",Red Light,40.868486017393,-73.842415005827
2017,7,QUEENS BLVD (W/B) @,BROADWAY,"QUEENS BLVD AND BROADWAY, NEW YORK, NY",Red Light,40.736805019312,-73.877641965578
2017,7,LINDEN BLVD (W/B) @,PENNSYLVANIA AVE,"LINDEN BLVD AND PENNSYLVANIA AVE, NEW YORK, NY",Red Light,40.658685011165,-73.890809013457
2016,7,QUEENS BLVD (W/B) @,JACOBUS ST,"QUEENS BLVD AND JACOBUS ST, NEW YORK, NY",Red Light,40.73857460671,-73.887233461201
2017,7,CROSSBAY BLVD (S/B),@ SUTTER AVE,"CROSSBAY BLVD AND SUTTER AVE, NEW YORK, NY",Red Light,40.67679801056,-73.843870020399
2016,7,N CONDUIT AVE (W/B),@ 114TH ST,"N CONDUIT AVE AND 114TH ST, NEW YORK, NY",Red Light,40.666101989646,-73.828068959447
2016,7,MILFORD DR (E/B) @ C,LOVE RD,"MILFORD DR AND C LOVE RD, NEW YORK, NY",Red Light,40.610265103453,-74.097428123512
2016,7,QUEENS MIDTOWN EXPWY,(W/B) @ 43RD ST,"QUEENS MIDTOWN EXPWY AND 43RD ST, NEW YORK, NY",Red Light,40.735626817092,-73.923064923809
2016,7,BEACH CHANNEL DR (S/,B) @ HASSOCK ST,"BEACH CHANNEL DR AND HASSOCK ST, NEW YORK, NY",Red Light,40.609514001109,-73.75371896371
2017,7,RICHMOND AVE (N/B) @,LANDER AVE,"RICHMOND AVE AND LANDER AVE, NEW YORK, NY",Red Light,40.613023001055,-74.158826989196
2017,7,LINDEN BLVD (E/B) @,PENNSYLVANIA AVE,"LINDEN BLVD AND PENNSYLVANIA AVE, NEW YORK, NY",Red Light,40.658685011165,-73.890809013457
2016,7,SO GANNON AVE (E/B),@ BRADLEY AVE,"SO GANNON AVE AND BRADLEY AVE, NEW YORK, NY",Red Light,40.607758998223,-74.132040019209
2018,7,WILLIAMSBURG ST (S/B,) @ FLUSHING AVE,"WILLIAMSBURG ST AND FLUSHING AVE, NEW YORK, NY",Red Light,40.698062018816,-73.962818781828
2018,7,HOYT AVE (S/B) @ 31S,T ST,"HOYT AVE AND 31S T ST, NEW YORK, NY",Red Light,40.770378020019,-73.917697991206
2018,7,BEACH CHANNEL DR (S/,B) @ HASSOCK ST,"BEACH CHANNEL DR AND HASSOCK ST, NEW YORK, NY",Red Light,40.609514001109,-73.75371896371
2018,7,BROADWAY (S/B) @ SHE,RMAN AVE,"BROADWAY AND SHE RMAN AVE, NEW YORK, NY",Red Light,40.862134211167,-73.929992566784
2018,7,NB OCEAN PKWY @ AVEN,UE I,"OCEAN PKWY AND AVEN UE I, NEW YORK, NY",Red Light,40.607247995495,-73.96733402925
2018,7,BEACH CHANNEL DR (W/,B) @ B 140TH ST,"BEACH CHANNEL DR AND B 140TH ST, NEW YORK, NY",Red Light,40.58993400102,-73.804583034387
2018,7,222ND ST (E/B) @ PAU,LDING AVE,"222ND ST AND PAU LDING AVE, NEW YORK, NY",Red Light,40.883026984931,-73.853247023119
2018,7,VAN WYCK EXP SVC RD,(N/B) @ ROCKAWAY BLV,"VAN WYCK EXP SVC RD AND ROCKAWAY BLV, NEW YORK, NY",Red Light,40.67435158448,-73.801216862072
2018,7,BARTOW AVE (E/B) @ C,O-OP CITY BLVD,"BARTOW AVE AND C O-OP CITY BLVD, NEW YORK, NY",Red Light,40.869579981486,-73.826266012074
2018,7,ATLANTIC AVE (W/B) @,PENNSYLVANIA AVE,"ATLANTIC AVE AND PENNSYLVANIA AVE, NEW YORK, NY",Red Light,40.675783003995,-73.896890000392
2018,7,ATLANTIC AVE (W/B) @,KINGSTON AVE,"ATLANTIC AVE AND KINGSTON AVE, NEW YORK, NY",Red Light,40.678094020429,-73.941372006173
2019,7,HAMILTON AVE (N/B) @,CLINTON ST,"HAMILTON AVE AND CLINTON ST, NEW YORK, NY",Red Light,40.676349201555,-74.001009833999
2019,7,CLASSON AVE (N/B) @,FLUSHING AVE,"CLASSON AVE AND FLUSHING AVE, NEW YORK, NY",Red Light,40.698207486746,-73.961894174089
2019,7,ARTHUR KILL RD (W/B),@ RICHMOND AVE,"ARTHUR KILL RD AND RICHMOND AVE, NEW YORK, NY",Red Light,40.561075988487,-74.16983200897
2019,7,VICTORY BLVD (W/B) @,MORANI ST,"VICTORY BLVD AND MORANI ST, NEW YORK, NY",Red Light,40.608092011236,-74.157374992109
2019,7,NORTHERN BLVD (E/B),@ 48TH ST,"NORTHERN BLVD AND 48TH ST, NEW YORK, NY",Red Light,40.753677497038,-73.914478669835
2019,7,QUEENS BLVD (E/B) @,39TH ST,"QUEENS BLVD AND 39TH ST, NEW YORK, NY",Red Light,40.743872011427,-73.926192966255
2019,7,ASTORIA BLVD (W/B) @,STEINWAY ST,"ASTORIA BLVD AND STEINWAY ST, NEW YORK, NY",Red Light,40.769429314309,-73.910277827601
2019,7,ROCKAWAY PKWY (S/B),@ SEAVIEW AVE,"ROCKAWAY PKWY AND SEAVIEW AVE, NEW YORK, NY",Red Light,40.63381100103,-73.889824978025
2019,7,ASTORIA BLVD (W/B) @,94TH ST,"ASTORIA BLVD AND 94TH ST, NEW YORK, NY",Red Light,40.763085009886,-73.875329985225
2020,7,WB QUEENS BLVD @ 70T,H ST / 45TH AVE,"QUEENS BLVD AND 70T H ST / 45TH AVE, NEW YORK, NY",Red Light,40.739905988211,-73.894214999813
2020,7,MCDONALD AVE (S/B) @,GREENWOOD AVE,"MCDONALD AVE AND GREENWOOD AVE, NEW YORK, NY",Red Light,40.649528997321,-73.980711965813
2020,7,ATLANTIC AVE (W/B) @,BEDFORD AVE,"ATLANTIC AVE AND BEDFORD AVE, NEW YORK, NY",Red Light,40.678792987335,-73.953013966769
2020,7,HORACE HARDING EXPWY,(E/B) @ 159TH ST,"HORACE HARDING EXPWY AND 159TH ST, NEW YORK, NY",Red Light,40.73829498642,-73.809420985081
2020,7,EB GRAND CENTRAL PKW,Y SVC RD @ 72ND RD,"GRAND CENTRAL PKW Y SVC RD AND 72ND RD, NEW YORK, NY",Red Light,40.749124992056,-73.72916996187
2020,7,SUNRISE HWY (W/B) @,BROOKVILLE BLVD,"SUNRISE HWY AND BROOKVILLE BLVD, NEW YORK, NY",Red Light,40.665253992502,-73.739553966438
2020,7,S CONDUIT AVE (E/B),@ FARMERS BLVD,"S CONDUIT AVE AND FARMERS BLVD, NEW YORK, NY",Red Light,40.666708001246,-73.767122967992
2020,7,S CONDUIT AVE (E/B),@ BROOKVILLE BLVD,"S CONDUIT AVE AND BROOKVILLE BLVD, NEW YORK, NY",Red Light,40.665253992502,-73.739553966438
2020,7,WEST ST (S/B) @ W HO,USTON ST,"WEST ST AND W HO USTON ST, NEW YORK, NY",Red Light,40.729111605663,-74.010544332681
2020,7,OCEAN PKWY (N/B) @ S,HORE PKWY,"OCEAN PKWY AND S HORE PKWY, NEW YORK, NY",Red Light,40.583374994147,-73.96699900458
2020,7,WOODHAVEN BLVD (S/B),@ JAMAICA AVE,"WOODHAVEN BLVD AND JAMAICA AVE, NEW YORK, NY",Red Light,40.69356102063,-73.852402965469
2021,7,BRUCKNER BLVD (E/B),@ WHITE PLAINS RD,"BRUCKNER BLVD AND WHITE PLAINS RD, NEW YORK, NY",Red Light,40.825615013403,-73.859418031694
2021,7,MILFORD DR (E/B) @ C,LOVE RD,"MILFORD DR AND C LOVE RD, NEW YORK, NY",Red Light,40.610265103453,-74.097428123512
2021,7,OCEAN PKWY (N/B) @ C,HURCH AVE,"OCEAN PKWY AND C HURCH AVE, NEW YORK, NY",Red Light,40.644889991099,-73.974469040509
2021,7,AMSTERDAM AVE (N/B),@ 96TH STREET,"AMSTERDAM AVE AND 96TH STREET, NEW YORK, NY",Red Light,40.794051993077,-73.9703629976
2021,7,FLATBUSH AVE (N/B) @,GLENWOOD RD,"FLATBUSH AVE AND GLENWOOD RD, NEW YORK, NY",Red Light,40.633941004348,-73.94884396994
2022,7,MADISON AVE (N/B) @,E 96TH ST,"MADISON AVE AND E 96TH ST, NEW YORK, NY",Red Light,40.787256784172,-73.954155498163
2022,7,ATLANTIC AVE (E/B) @,KINGSTON AVE,"ATLANTIC AVE AND KINGSTON AVE, NEW YORK, NY",Red Light,40.678094020429,-73.941372006173
2022,7,CLOVE RD (S/B) @ CHE,SHIRE PL,"CLOVE RD AND CHE SHIRE PL, NEW YORK, NY",Red Light,40.618260014159,-74.105254977059
2022,7,BRUCKNER BLVD (W/B),@ WHITE PLAINS RD,"BRUCKNER BLVD AND WHITE PLAINS RD, NEW YORK, NY",Red Light,40.825615013403,-73.859418031694
2022,7,SB RICHMOND RD @ NAR,ROWS RD N,"RICHMOND RD AND NAR ROWS RD N, NEW YORK, NY",Red Light,40.609410987519,-74.090104016517
2023,7,CLOVE RD (S/B) @ CHE,SHIRE PL,"CLOVE RD AND CHE SHIRE PL, NEW YORK, NY",Red Light,40.618260014159,-74.105254977059
2023,7,SO CONDUIT AVE (E/B),@ 89TH ST,"SO CONDUIT AVE AND 89TH ST, NEW YORK, NY",Red Light,40.669570211633,-73.846365564431
2023,7,W FORDHAM RD (W/B) @,CEDAR AVE,"W FORDHAM RD AND CEDAR AVE, NEW YORK, NY",Red Light,40.861713984451,-73.911811967339
2023,7,QUEENS BLVD (E/B) @,JACOBUS ST,"QUEENS BLVD AND JACOBUS ST, NEW YORK, NY",Red Light,40.73857460671,-73.887233461201
2023,7,NWB REMSEN AVE @ LIN,DEN BLVD,"NWB REMSEN AVE AND LIN DEN BLVD, NEW YORK, NY",Red Light,40.654401020452,-73.921746031345
2024,7,HOWARD AVE (N/B) @ E,NEW YORK AVE,"HOWARD AVE AND E NEW YORK AVE, NEW YORK, NY",Red Light,40.668238997771,-73.920155984312
2024,7,LAFAYETTE AVE (S/B),@ MARCY AVE,"LAFAYETTE AVE AND MARCY AVE, NEW YORK, NY",Red Light,40.690240990692,-73.948184984712
2024,7,VICTORY BLVD (W/B) @,MORANI ST,"VICTORY BLVD AND MORANI ST, NEW YORK, NY",Red Light,40.608092011236,-74.157374992109
2024,7,QUEENS BLVD (E/B) @,JACOBUS ST,"QUEENS BLVD AND JACOBUS ST, NEW YORK, NY",Red Light,40.73857460671,-73.887233461201
2024,7,EB GRAND CENTRAL PKW,Y SVC RD @ 72ND RD,"GRAND CENTRAL PKW Y SVC RD AND 72ND RD, NEW YORK, NY",Red Light,40.749124992056,-73.72916996187
2024,7,CROSSBAY BLVD (S/B),@ SUTTER AVE,"CROSSBAY BLVD AND SUTTER AVE, NEW YORK, NY",Red Light,40.67679801056,-73.843870020399
2024,7,QUEENS BLVD (W/B) @,39TH ST,"QUEENS BLVD AND 39TH ST, NEW YORK, NY",Red Light,40.743872011427,-73.926192966255
2024,7,12TH AVE (S/B) @ 34T,H ST,"12TH AVE AND 34T H ST, NEW YORK, NY",Red Light,40.75697900297,-74.004799962977
2024,7,GRAND CONCOURSE (S/B,) @ E 162 ST,"GRAND CONCOURSE AND E 162 ST, NEW YORK, NY",Red Light,40.827677715955,-73.922074182854
2024,7,222ND ST (E/B) @ PAU,LDING AVE,"222ND ST AND PAU LDING AVE, NEW YORK, NY",Red Light,40.883026984931,-73.853247023119
2024,7,WB ATLANTIC AVE @ LO,GAN ST,"ATLANTIC AVE AND LO GAN ST, NEW YORK, NY",Red Light,40.680093984436,-73.877392017225
2024,7,ROCKAWAY PKWY (N/B),@ SEAVIEW AVE,"ROCKAWAY PKWY AND SEAVIEW AVE, NEW YORK, NY",Red Light,40.63381100103,-73.889824978025
2024,7,N CONDUIT AVE (W/B),@ LEFFERTS BLVD,"N CONDUIT AVE AND LEFFERTS BLVD, NEW YORK, NY",Red Light,40.666071018514,-73.822277986362
2024,7,PENNSYLVANIA AVE (N/,B) @ LINDEN BLVD,"PENNSYLVANIA AVE AND LINDEN BLVD, NEW YORK, NY",Red Light,40.658685011165,-73.890809013457
2024,7,HILLSIDE AVE (W/B) @,188TH ST,"HILLSIDE AVE AND 188TH ST, NEW YORK, NY",Red Light,40.715075019149,-73.773537973768
2024,7,23RD AVE (E/B) @ 94T,H ST,"23RD AVE AND 94T H ST, NEW YORK, NY",Red Light,40.768189002186,-73.876261969039
2025,7,BEACH CHANNEL DR (W/,B) @ B 140TH ST,"BEACH CHANNEL DR AND B 140TH ST, NEW YORK, NY",Red Light,40.58993400102,-73.804583034387
2025,7,QUEENS MIDTOWN EXPWY,(W/B) @ 43RD ST,"QUEENS MIDTOWN EXPWY AND 43RD ST, NEW YORK, NY",Red Light,40.735626817092,-73.923064923809
2025,7,HORACE HARDING EXPWY,(W/B) @ 159TH ST,"HORACE HARDING EXPWY AND 159TH ST, NEW YORK, NY",Red Light,40.73829498642,-73.809420985081
2025,7,EASTERN PKWY (E/B) @,ROCHESTER AVE,"EASTERN PKWY AND ROCHESTER AVE, NEW YORK, NY",Red Light,40.66842000497,-73.928377960775
2025,7,W FORDHAM RD (W/B) @,CEDAR AVE,"W FORDHAM RD AND CEDAR AVE, NEW YORK, NY",Red Light,40.861713984451,-73.911811967339
2025,7,MCDONALD AVE (S/B) @,VANDERBILT ST,"MCDONALD AVE AND VANDERBILT ST, NEW YORK, NY",Red Light,40.65159899213,-73.981111028223
2025,7,WILLIAMSBURG ST (S/B,) @ FLUSHING AVE,"WILLIAMSBURG ST AND FLUSHING AVE, NEW YORK, NY",Red Light,40.698062018816,-73.962818781828
2025,7,WEST ST (S/B) @ W HO,USTON ST,"WEST ST AND W HO USTON ST, NEW YORK, NY",Red Light,40.729111605663,-74.010544332681
2025,7,EASTERN PKWY (E/B) @,UTICA AVE,"EASTERN PKWY AND UTICA AVE, NEW YORK, NY",Red Light,40.668588020219,-73.931142982995
2025,7,ALLERTON AVE (W/B) @,BARNES AVE,"ALLERTON AVE AND BARNES AVE, NEW YORK, NY",Red Light,40.865509980761,-73.863524996612
2025,7,RICHMOND AVE (N/B) @,DRAPER PL,"RICHMOND AVE AND DRAPER PL, NEW YORK, NY",Red Light,40.592652000763,-74.163308960462
2025,7,SUNRISE HWY (W/B) @,BROOKVILLE BLVD,"SUNRISE HWY AND BROOKVILLE BLVD, NEW YORK, NY",Red Light,40.665253992502,-73.739553966438
2025,7,CONEY ISLAND AVE (S/,B) @ DORCHESTER RD,"CONEY ISLAND AVE AND DORCHESTER RD, NEW YORK, NY",Red Light,40.637289197481,-73.968221169882
2025,7,EB QUEENS BLVD @ GRA,ND AVE / BROADWAY,"QUEENS BLVD AND GRA ND AVE / BROADWAY, NEW YORK, NY",Red Light,40.736805019312,-73.877641965578
2025,7,NB CROSS BAY BLVD @,W 17TH RD,"CROSS BAY BLVD AND W 17TH RD, NEW YORK, NY",Red Light,40.600952012744,-73.82045500624
2025,7,BROADWAY (S/B) @ SHE,RMAN AVE,"BROADWAY AND SHE RMAN AVE, NEW YORK, NY",Red Light,40.862134211167,-73.929992566784
2025,7,WOODHAVEN BLVD (S/B),@ FURMANVILLE AVE,"WOODHAVEN BLVD AND FURMANVILLE AVE, NEW YORK, NY",Red Light,40.720261992291,-73.865584011127
2025,7,KINGS HWY (S/B) @ RE,MSEN AVE,"KINGS HWY AND RE MSEN AVE, NEW YORK, NY",Red Light,40.654523019052,-73.921878968329
2017,7,KINGS HWY (E/B) @ NO,STRAND AVE,"KINGS HWY AND NO STRAND AVE, NEW YORK, NY",Red Light,40.616169986602,-73.944866002512
2017,7,CLASSON AVE (N/B) @,FLUSHING AVE,"CLASSON AVE AND FLUSHING AVE, NEW YORK, NY",Red Light,40.698207486746,-73.961894174089
2017,7,2ND AVE (S/B) @ 26TH,ST,"2ND AVE AND 26TH ST, NEW YORK, NY",Red Light,40.739775984893,-73.979500026433
2017,7,ASTORIA BLVD (W/B) @,94TH ST,"ASTORIA BLVD AND 94TH ST, NEW YORK, NY",Red Light,40.763085009886,-73.875329985225
2018,7,SUNRISE HWY (W/B) @,BROOKVILLE BLVD,"SUNRISE HWY AND BROOKVILLE BLVD, NEW YORK, NY",Red Light,40.665253992502,-73.739553966438
2018,7,FOREST AVE (W/B) @ S,OUTH AVE,"FOREST AVE AND S OUTH AVE, NEW YORK, NY",Red Light,40.627329987766,-74.166563988741
2018,7,39TH ST (N/B) @ NORT,HERN BLVD,"39TH ST AND NORT HERN BLVD, NEW YORK, NY",Red Light,40.752323987313,-73.924478028866
2018,7,VICTORY BLVD (E/B) @,MORANI ST,"VICTORY BLVD AND MORANI ST, NEW YORK, NY",Red Light,40.608092011236,-74.157374992109
2018,7,E 135TH ST (W/B) @ A,LEXANDER AVE,"E 135TH ST AND A LEXANDER AVE, NEW YORK, NY",Red Light,40.808171015609,-73.926531008411
2018,7,RICHMOND AVE (S/B) @,DRAPER PL,"RICHMOND AVE AND DRAPER PL, NEW YORK, NY",Red Light,40.592652000763,-74.163308960462
2019,7,RICHMOND AVE (S/B) @,LANDER AVE,"RICHMOND AVE AND LANDER AVE, NEW YORK, NY",Red Light,40.613023001055,-74.158826989196
2019,7,2ND AVE (S/B) @ 26TH,ST,"2ND AVE AND 26TH ST, NEW YORK, NY",Red Light,40.739775984893,-73.979500026433
2020,7,KINGS HWY (E/B) @ NO,STRAND AVE,"KINGS HWY AND NO STRAND AVE, NEW YORK, NY",Red Light,40.616169986602,-73.944866002512
2020,7,WEST ST (S/B) @ 14TH,STREET,"WEST ST AND 14TH STREET, NEW YORK, NY",Red Light,40.74235849117,-74.008705007848
2021,7,OCEAN PKWY (N/B) @ A,VE W,"OCEAN PKWY AND A VE W, NEW YORK, NY",Red Light,40.58156198849,-73.967607027836
2021,7,SB RICHMOND RD @ NAR,ROWS RD N,"RICHMOND RD AND NAR ROWS RD N, NEW YORK, NY",Red Light,40.609410987519,-74.090104016517
2021,7,LINDEN BLVD (W/B) @,FOUNTAIN AVE,"LINDEN BLVD AND FOUNTAIN AVE, NEW YORK, NY",Red Light,40.666804015947,-73.871985019125
2021,7,RICHMOND AVE (S/B) @,LANDER AVE,"RICHMOND AVE AND LANDER AVE, NEW YORK, NY",Red Light,40.613023001055,-74.158826989196
2021,7,HAMILTON AVE (N/B) @,CLINTON ST,"HAMILTON AVE AND CLINTON ST, NEW YORK, NY",Red Light,40.676349201555,-74.001009833999
2022,7,CADMAN PLAZA (E/B) @,PROSPECT ST,"CADMAN PLAZA AND PROSPECT ST, NEW YORK, NY",Red Light,40.700736600301,-73.989726702678
2022,7,GRAND CONCOURSE (S/B,) @ E 162 ST,"GRAND CONCOURSE AND E 162 ST, NEW YORK, NY",Red Light,40.827677715955,-73.922074182854
2022,7,ATLANTIC AVE (E/B) @,PENNSYLVANIA AVE,"ATLANTIC AVE AND PENNSYLVANIA AVE, NEW YORK, NY",Red Light,40.675783003995,-73.896890000392
2022,7,4TH AVE (N/B) @ 18TH,ST,"4TH AVE AND 18TH ST, NEW YORK, NY",Red Light,40.664448994521,-73.994013040324
2022,7,MILFORD DR (E/B) @ C,LOVE RD,"MILFORD DR AND C LOVE RD, NEW YORK, NY",Red Light,40.610265103453,-74.097428123512
2022,7,LINDEN BLVD (E/B) @,FOUNTAIN AVE,"LINDEN BLVD AND FOUNTAIN AVE, NEW YORK, NY",Red Light,40.666804015947,-73.871985019125
2022,7,JAMAICA AVE (W/B) @,PENNSYLVANIA AVE,"JAMAICA AVE AND PENNSYLVANIA AVE, NEW YORK, NY",Red Light,40.67820478728,-73.897521995892
2022,7,SUNRISE HWY (W/B) @,BROOKVILLE BLVD,"SUNRISE HWY AND BROOKVILLE BLVD, NEW YORK, NY",Red Light,40.665253992502,-73.739553966438
2022,7,QUEENS BLVD (E/B) @,39TH ST,"QUEENS BLVD AND 39TH ST, NEW YORK, NY",Red Light,40.743872011427,-73.926192966255
2023,7,23RD AVE (E/B) @ 94T,H ST,"23RD AVE AND 94T H ST, NEW YORK, NY",Red Light,40.768189002186,-73.876261969039
2023,7,CROSSBAY BLVD (N/B),@ LIBERTY AVE,"CROSSBAY BLVD AND LIBERTY AVE, NEW YORK, NY",Red Light,40.680263801795,-73.844728997836
2023,7,NARROWS RD (W/B) @ R,ICHMOND RD,"NARROWS RD AND R ICHMOND RD, NEW YORK, NY",Red Light,40.608782386691,-74.090796110263
2023,7,NB CROSS BAY BLVD @,W 17TH RD,"CROSS BAY BLVD AND W 17TH RD, NEW YORK, NY",Red Light,40.600952012744,-73.82045500624
2023,7,STEINWAY ST (S/B) @,NORTHERN BLVD,"STEINWAY ST AND NORTHERN BLVD, NEW YORK, NY",Red Light,40.752323987313,-73.924478028866
2024,7,RICHMOND AVE (S/B) @,DRAPER PL,"RICHMOND AVE AND DRAPER PL, NEW YORK, NY",Red Light,40.592652000763,-74.163308960462
2024,7,NB UTOPIA PKWY @ HOR,ACE HARDING EXPWY,"UTOPIA PKWY AND HOR ACE HARDING EXPWY, NEW YORK, NY",Red Light,40.739471009345,-73.792834036887
2026,7,HOYT AVE (S/B) @ 31S,T ST,"HOYT AVE AND 31S T ST, NEW YORK, NY",Red Light,40.770378020019,-73.917697991206
2026,7,NARROWS RD S (E/B) @,HYLAN BLVD,"NARROWS RD S AND HYLAN BLVD, NEW YORK, NY",Red Light,40.605605016745,-74.077873981594
2026,7,CROSS BRONX EXPWY (W,/B) @ ROSEDALE AVE,"CROSS BRONX EXPWY AND ROSEDALE AVE, NEW YORK, NY",Red Light,40.836315979639,-73.869993981845
2026,7,GRAND CONCOURSE (S/B,) @ E 162 ST,"GRAND CONCOURSE AND E 162 ST, NEW YORK, NY",Red Light,40.827677715955,-73.922074182854
2026,7,CLASSON AVE (N/B) @,FLUSHING AVE,"CLASSON AVE AND FLUSHING AVE, NEW YORK, NY",Red Light,40.698207486746,-73.961894174089
2026,7,BAY ST (S/B) @ HANNA,H ST,"BAY ST AND HANNA H ST, NEW YORK, NY",Red Light,40.63593799278,-74.075836005656
2026,7,FLATBUSH AVE (N/B) @,AVIATOR SPORTS COMP,"FLATBUSH AVE AND AVIATOR SPORTS COMP, NEW YORK, NY",Red Light,40.590608,-73.902783
2026,7,STEINWAY ST (S/B) @,NORTHERN BLVD,"STEINWAY ST AND NORTHERN BLVD, NEW YORK, NY",Red Light,40.752323987313,-73.924478028866
2026,7,EASTERN PKWY (W/B) @,BEDFORD AVE,"EASTERN PKWY AND BEDFORD AVE, NEW YORK, NY",Red Light,40.670309998407,-73.955193010138
2026,7,OCEAN PKWY (N/B) @ A,VE J,"OCEAN PKWY AND A VE J, NEW YORK, NY",Red Light,40.574900668267,-73.968947749134
2026,7,FOREST AVE (E/B) @ S,OUTH AVE,"FOREST AVE AND S OUTH AVE, NEW YORK, NY",Red Light,40.627329987766,-74.166563988741
2026,7,NORTHERN BLVD (W/B),@ MARATHON PKWY,"NORTHERN BLVD AND MARATHON PKWY, NEW YORK, NY",Red Light,40.768396580018,-73.737527725165
2026,7,RICHMOND AVE (S/B) @,LANDER AVE,"RICHMOND AVE AND LANDER AVE, NEW YORK, NY",Red Light,40.613023001055,-74.158826989196
2026,7,SB ROCKAWAY AVE @ AV,E D,"ROCKAWAY AVE AND AV E D, NEW YORK, NY",Red Light,40.663320251896,-73.909111686297
2026,7,WB CLAREMONT PKWY @,WEBSTER AVE,"CLAREMONT PKWY AND WEBSTER AVE, NEW YORK, NY",Red Light,40.839680517483,-73.905339713164
2026,7,WB 101ST AVE @ 84TH,ST,"101ST AVE AND 84TH ST, NEW YORK, NY",Red Light,40.681607001778,-73.855352976292
2026,7,NB EASTCHESTER RD @,BOSTON RD,"EASTCHESTER RD AND BOSTON RD, NEW YORK, NY",Red Light,40.877038911393,-73.846373191963
2026,7,EB BORDEN AVE @ MAUR,ICE AVE,"BORDEN AVE AND MAUR ICE AVE, NEW YORK, NY",Red Light,40.727739991028,-73.906733036929
2026,7,WB FOREST AVE @ DECK,ER AVE,"FOREST AVE AND DECK ER AVE, NEW YORK, NY",Red Light,40.624643001065,-74.141679040222
2026,7,WB HORACE HARDING EX,PWY @ 164TH ST,"HORACE HARDING EX PWY AND 164TH ST, NEW YORK, NY",Red Light,40.738107986161,-73.80476198802
2026,7,WB JAMAICA AVE @ 212,TH ST,"JAMAICA AVE AND 212 TH ST, NEW YORK, NY",Red Light,40.715679019092,-73.747075970167
2026,7,EB FLATLANDS AVE @ E,59TH ST,"FLATLANDS AVE AND E 59TH ST, NEW YORK, NY",Red Light,40.631521987092,-73.919552990198
2026,7,EB LIBERTY AVE @ CRE,SCENT ST,"LIBERTY AVE AND CRE SCENT ST, NEW YORK, NY",Red Light,40.678178007099,-73.870689009256
2026,7,EB PITKIN AVE @ LOGA,N ST,"PITKIN AVE AND LOGA N ST, NEW YORK, NY",Red Light,40.674791005754,-73.876183011511
2026,7,WB FOREST AVE @ BROA,DWAY,"FOREST AVE AND BROA DWAY, NEW YORK, NY",Red Light,40.628937008152,-74.116193025427
2026,7,EB ATLANTIC AVE @ 10,4TH ST,"ATLANTIC AVE AND 10 4TH ST, NEW YORK, NY",Red Light,40.690289982916,-73.841045989581
2026,7,WB BRUCKNER BLVD @ E,149TH ST,"BRUCKNER BLVD AND E 149TH ST, NEW YORK, NY",Red Light,40.809445986901,-73.903015998147
2026,7,EB E 116TH ST @ 1ST,AVE,"E 116TH ST AND 1ST AVE, NEW YORK, NY",Red Light,40.796005018426,-73.935420016728
2026,7,WB E 233RD ST @ CARP,ENTER AVE,"E 233RD ST AND CARP ENTER AVE, NEW YORK, NY",Red Light,40.894363006062,-73.860228980826
2026,7,NB CROSS BAY BLVD @,157TH AVE,"CROSS BAY BLVD AND 157TH AVE, NEW YORK, NY",Red Light,40.662511014688,-73.8407950354
2026,7,WB MYRTLE AVE @ UNIO,N TPKE,"MYRTLE AVE AND UNIO N TPKE, NEW YORK, NY",Red Light,40.703361016094,-73.863586016867
2026,7,WB E 169TH ST @ GRAN,D CONCOURSE,"E 169TH ST AND GRAN D CONCOURSE, NEW YORK, NY",Red Light,40.83559999747,-73.913781966043
2026,7,EB JAMAICA AVE @ WYO,NA ST,"JAMAICA AVE AND WYO NA ST, NEW YORK, NY",Red Light,40.679345983397,-73.894880020011
2026,7,EB PELHAM PKWY S @ E,ASTCHESTER RD,"PELHAM PKWY S AND E ASTCHESTER RD, NEW YORK, NY",Red Light,40.857152007919,-73.843784022072
2026,7,SB 4TH AVE @ UNION S,T,"4TH AVE AND UNION S T, NEW YORK, NY",Red Light,40.677440986353,-73.983103993341
2026,7,EB W 183RD ST @ GRAN,D AVE,"W 183RD ST AND GRAN D AVE, NEW YORK, NY",Red Light,40.850385227743,-73.932553255858
2026,7,SB VICTORY BLVD @ CE,BRA AVE,"VICTORY BLVD AND CE BRA AVE, NEW YORK, NY",Red Light,40.633968999905,-74.085752970579
2026,7,SB 34TH ST @ 43RD AV,E,"34TH ST AND 43RD AV E, NEW YORK, NY",Red Light,40.74629999732,-73.930397999441
2026,7,NB BROADWAY @ FOREST,AVE,"BROADWAY AND FOREST AVE, NEW YORK, NY",Red Light,40.628937008152,-74.116193025427
2025,7,WOODHAVEN BLVD (N/B),@ ROCKAWAY BLVD,"WOODHAVEN BLVD AND ROCKAWAY BLVD, NEW YORK, NY",Red Light,40.68071868768,-73.84481088903
2025,7,NB BEDFORD AVE @ PUT,NAM AVE,"BEDFORD AVE AND PUT NAM AVE, NEW YORK, NY",Red Light,40.683580017967,-73.95394796224
2025,7,EB BORDEN AVE @ MAUR,ICE AVE,"BORDEN AVE AND MAUR ICE AVE, NEW YORK, NY",Red Light,40.727739991028,-73.906733036929
2026,7,NB REMSEN AVE @ DITM,AS AVE,"REMSEN AVE AND DITM AS AVE, NEW YORK, NY",Red Light,40.648096991073,-73.914738005919
2026,7,SB CLOVE RD @ HOWARD,AVE,"CLOVE RD AND HOWARD AVE, NEW YORK, NY",Red Light,40.61242000694,-74.099355961242
2026,7,NB SHORE RD @ CITY I,SLAND RD,"SHORE RD AND CITY I SLAND RD, NEW YORK, NY",Red Light,40.862733005405,-73.815325436484
2026,7,WB GRAND CENTRAL PKW,Y @ 168TH ST,"GRAND CENTRAL PKW Y AND 168TH ST, NEW YORK, NY",Red Light,40.717537999487,-73.798089993092
2026,7,WB 101ST AVE @ WOODH,AVEN BLVD,"101ST AVE AND WOODH AVEN BLVD, NEW YORK, NY",Red Light,40.684196004031,-73.846255007128
2026,7,SB 129TH ST @ 20TH A,VE,"129TH ST AND 20TH A VE, NEW YORK, NY",Red Light,40.781751717805,-73.839612432681
2026,7,NB BEDFORD AVE @ AVE,J,"BEDFORD AVE AND AVE J, NEW YORK, NY",Red Light,40.626259995916,-73.951619972452
2020,7,WEST END AVE (S/B) @,66TH ST,"WEST END AVE AND 66TH ST, NEW YORK, NY",Red Light,40.776022980351,-73.987240965472
2016,7,4TH AVE (N/B) @ 18TH,ST,"4TH AVE AND 18TH ST, NEW YORK, NY",Red Light,40.664448994521,-73.994013040324
2017,7,5TH AVE (S/B) @ 40TH,ST,"5TH AVE AND 40TH ST, NEW YORK, NY",Red Light,40.650731004146,-74.004500980491
2017,7,WOODHAVEN BLVD (S/B),@ 62ND RD,"WOODHAVEN BLVD AND 62ND RD, NEW YORK, NY",Red Light,40.726148016158,-73.870308973766
2017,7,VICTORY BLVD (W/B) @,MORANI ST,"VICTORY BLVD AND MORANI ST, NEW YORK, NY",Red Light,40.608092011236,-74.157374992109
2017,7,CROPSEY AVE (W/B) @,21ST AVE,"CROPSEY AVE AND 21ST AVE, NEW YORK, NY",Red Light,40.598772005457,-74.000740020536
2016,7,SB RICHMOND RD @ NAR,ROWS RD N,"RICHMOND RD AND NAR ROWS RD N, NEW YORK, NY",Red Light,40.609410987519,-74.090104016517
2016,7,HAMILTON AVE (N/B) @,CLINTON ST,"HAMILTON AVE AND CLINTON ST, NEW YORK, NY",Red Light,40.676349201555,-74.001009833999
2017,7,MILFORD DR (E/B) @ C,LOVE RD,"MILFORD DR AND C LOVE RD, NEW YORK, NY",Red Light,40.610265103453,-74.097428123512
2017,7,FATHER CAPODANNO BLV,D (S/B) @ PARK AND R,"FATHER CAPODANNO BLV D AND PARK AND R, NEW YORK, NY",Red Light,40.584487331871,-74.072312774025
2017,7,RICHMOND RD (W/B) @,NEW DORP LANE,"RICHMOND RD AND NEW DORP LANE, NEW YORK, NY",Red Light,40.575848003186,-74.119818030912
2016,7,VICTORY BLVD (E/B) @,MORANI ST,"VICTORY BLVD AND MORANI ST, NEW YORK, NY",Red Light,40.608092011236,-74.157374992109
2017,7,OCEAN PKWY (N/B) @ A,VE X,"OCEAN PKWY AND A VE X, NEW YORK, NY",Red Light,40.574900668267,-73.968947749134
2017,7,BARTOW AVE (E/B) @ C,O-OP CITY BLVD,"BARTOW AVE AND C O-OP CITY BLVD, NEW YORK, NY",Red Light,40.869579981486,-73.826266012074
2016,7,CLOVE RD (N/B) @ CHE,SHIRE PL,"CLOVE RD AND CHE SHIRE PL, NEW YORK, NY",Red Light,40.618260014159,-74.105254977059
2017,7,CROSSBAY BLVD (N/B),@ LIBERTY AVE,"CROSSBAY BLVD AND LIBERTY AVE, NEW YORK, NY",Red Light,40.680263801795,-73.844728997836
2017,7,222ND ST (E/B) @ PAU,LDING AVE,"222ND ST AND PAU LDING AVE, NEW YORK, NY",Red Light,40.883026984931,-73.853247023119
2018,7,ALLERTON AVE (W/B) @,BARNES AVE,"ALLERTON AVE AND BARNES AVE, NEW YORK, NY",Red Light,40.865509980761,-73.863524996612
2018,7,HORACE HARDING EXPWY,(E/B) @ OCEANIA ST,"HORACE HARDING EXPWY AND OCEANIA ST, NEW YORK, NY",Red Light,40.746024987076,-73.767854037587
2018,7,BRONX RIVER PKWY OFF,RAMP (S/B) @ E/B BR,"BRONX RIVER PKWY OFF RAMP AND BR, NEW YORK, NY",Red Light,40.872532401319,-73.871474819032
2018,7,W FORDHAM RD (W/B) @,CEDAR AVE,"W FORDHAM RD AND CEDAR AVE, NEW YORK, NY",Red Light,40.861713984451,-73.911811967339
2018,7,HORACE HARDING EXPWY,(E/B) @ UTOPIA PKWY,"HORACE HARDING EXPWY AND UTOPIA PKWY, NEW YORK, NY",Red Light,40.739471009345,-73.792834036887
2018,7,EB QUEENS BLVD @ GRA,ND AVE / BROADWAY,"QUEENS BLVD AND GRA ND AVE / BROADWAY, NEW YORK, NY",Red Light,40.736805019312,-73.877641965578
2018,7,NORTHERN BLVD (E/B),@ 48TH ST,"NORTHERN BLVD AND 48TH ST, NEW YORK, NY",Red Light,40.753677497038,-73.914478669835
2018,7,4TH AVE (S/B) @ 60TH,ST,"4TH AVE AND 60TH ST, NEW YORK, NY",Red Light,40.640883986205,-74.018488029958
2018,7,QUEENS BLVD (W/B) @,JACOBUS ST,"QUEENS BLVD AND JACOBUS ST, NEW YORK, NY",Red Light,40.73857460671,-73.887233461201
2018,7,RICHMOND AVE (N/B) @,W CASWELL AVE,"RICHMOND AVE AND W CASWELL AVE, NEW YORK, NY",Red Light,40.616414989632,-74.156790019086
2018,7,WEST ST (S/B) @ W HO,USTON ST,"WEST ST AND W HO USTON ST, NEW YORK, NY",Red Light,40.729111605663,-74.010544332681
2018,7,PENNSYLVANIA AVE (S/,B) @ LINDEN BLVD,"PENNSYLVANIA AVE AND LINDEN BLVD, NEW YORK, NY",Red Light,40.658685011165,-73.890809013457
2018,7,WOODHAVEN BLVD (N/B),@ YELLOWSTONE BLVD,"WOODHAVEN BLVD AND YELLOWSTONE BLVD, NEW YORK, NY",Red Light,40.714000710619,-73.859751799079
2019,7,SB RICHMOND RD @ NAR,ROWS RD N,"RICHMOND RD AND NAR ROWS RD N, NEW YORK, NY",Red Light,40.609410987519,-74.090104016517
2019,7,SO GANNON AVE (E/B),@ BRADLEY AVE,"SO GANNON AVE AND BRADLEY AVE, NEW YORK, NY",Red Light,40.607758998223,-74.132040019209
2019,7,ATLANTIC AVE (W/B) @,BEDFORD AVE,"ATLANTIC AVE AND BEDFORD AVE, NEW YORK, NY",Red Light,40.678792987335,-73.953013966769
2019,7,E 135TH ST (W/B) @ A,LEXANDER AVE,"E 135TH ST AND A LEXANDER AVE, NEW YORK, NY",Red Light,40.808171015609,-73.926531008411
2019,7,OCEAN PKWY (S/B) @ A,VE W,"OCEAN PKWY AND A VE W, NEW YORK, NY",Red Light,40.58156198849,-73.967607027836
2019,7,BEACH CHANNEL DR (S/,B) @ HASSOCK ST,"BEACH CHANNEL DR AND HASSOCK ST, NEW YORK, NY",Red Light,40.609514001109,-73.75371896371
2019,7,EB QUEENS BLVD @ 71S,T AVE / CONTINENTAL,"QUEENS BLVD AND 71S T AVE / CONTINENTAL, NEW YORK, NY",Red Light,40.721623506733,-73.843853759507
2019,7,86TH ST (E/B) @ 7TH,AVE,"86TH ST AND 7TH AVE, NEW YORK, NY",Red Light,40.618476979722,-74.021217009994
2020,7,FLATBUSH AVE (N/B) @,BERGEN ST,"FLATBUSH AVE AND BERGEN ST, NEW YORK, NY",Red Light,40.680840979647,-73.975119979109
2020,7,ARTHUR KILL RD (W/B),@ GIFFORDS LN,"ARTHUR KILL RD AND GIFFORDS LN, NEW YORK, NY",Red Light,40.563733009884,-74.155879995858
2020,7,FRANCIS LEWIS BLVD (,N/B) @ HILLSIDE AVE,"FRANCIS LEWIS BLVD AND HILLSIDE AVE, NEW YORK, NY",Red Light,40.721034007483,-73.759482025057
2020,7,HORACE HARDING EXPWY,(E/B) @ 173RD ST,"HORACE HARDING EXPWY AND 173RD ST, NEW YORK, NY",Red Light,40.73787155649,-73.796435961593
2020,7,WB ATLANTIC AVE @ LO,GAN ST,"ATLANTIC AVE AND LO GAN ST, NEW YORK, NY",Red Light,40.680093984436,-73.877392017225
2020,7,MCDONALD AVE (N/B) @,VANDERBILT ST,"MCDONALD AVE AND VANDERBILT ST, NEW YORK, NY",Red Light,40.65159899213,-73.981111028223
2020,7,JAMAICA AVE (E/B) @,PENNSYLVANIA AVE,"JAMAICA AVE AND PENNSYLVANIA AVE, NEW YORK, NY",Red Light,40.67820478728,-73.897521995892
2020,7,GRAND CONCOURSE (N/B,) @ E 167TH ST,"GRAND CONCOURSE AND E 167TH ST, NEW YORK, NY",Red Light,40.834467015618,-73.917680975943
2020,7,WEST ST (N/B) @ W HO,USTON ST,"WEST ST AND W HO USTON ST, NEW YORK, NY",Red Light,40.729111605663,-74.010544332681
2021,7,QUEENS BLVD (W/B) @,39TH ST,"QUEENS BLVD AND 39TH ST, NEW YORK, NY",Red Light,40.743872011427,-73.926192966255
2021,7,CROPSEY AVE (W/B) @,21ST AVE,"CROPSEY AVE AND 21ST AVE, NEW YORK, NY",Red Light,40.598772005457,-74.000740020536
2021,7,HORACE HARDING EXPWY,(W/B) @ UTOPIA PKWY,"HORACE HARDING EXPWY AND UTOPIA PKWY, NEW YORK, NY",Red Light,40.739471009345,-73.792834036887
2021,7,CLOVE RD (N/B) @ BAR,D AVE,"CLOVE RD AND BAR D AVE, NEW YORK, NY",Red Light,40.620771106622,-74.110044396534
2021,7,BRUCKNER BLVD (E/B),@ HUNTS POINT AVE,"BRUCKNER BLVD AND HUNTS POINT AVE, NEW YORK, NY",Red Light,40.820244979495,-73.890711029009
2021,7,ALLERTON AVE (E/B) @,WHITE PLAINS RD,"ALLERTON AVE AND WHITE PLAINS RD, NEW YORK, NY",Red Light,40.865433998809,-73.867389975985
2021,7,L.I.E. N. SVC ROAD (,W/B) @ COLLEGE PT BL,"L.I.E. N. SVC ROAD AND COLLEGE PT BL, NEW YORK, NY",Red Light,40.784669767158,-73.8457863722
2021,7,CONEY ISLAND AVE (S/,B) @ AVE P,"CONEY ISLAND AVE AND AVE P, NEW YORK, NY",Red Light,40.609977017441,-73.96243598031
2021,7,N CONDUIT AVE (W/B),@ LEFFERTS BLVD,"N CONDUIT AVE AND LEFFERTS BLVD, NEW YORK, NY",Red Light,40.666071018514,-73.822277986362
2021,7,WHITE PLAINS RD (S/B,) @ WATSON AVE,"WHITE PLAINS RD AND WATSON AVE, NEW YORK, NY",Red Light,40.8284200173,-73.860672970238
2021,7,FLATBUSH AVE (N/B) @,AVENUE H,"FLATBUSH AVE AND AVENUE H, NEW YORK, NY",Red Light,40.631715986241,-73.946492007909
2022,7,CROSSBAY BLVD (N/B),@ 156TH AVE,"CROSSBAY BLVD AND 156TH AVE, NEW YORK, NY",Red Light,40.664182994824,-73.841211029254
2022,7,12TH AVE (S/B) @ 23R,D ST,"12TH AVE AND 23R D ST, NEW YORK, NY",Red Light,40.749331019236,-74.008176025938
2022,7,RICHMOND AVE (N/B) @,ARTHUR KILL RD,"RICHMOND AVE AND ARTHUR KILL RD, NEW YORK, NY",Red Light,40.561075988487,-74.16983200897
2023,7,QUEENS MIDTOWN EXPWY,(W/B) @ 43RD ST,"QUEENS MIDTOWN EXPWY AND 43RD ST, NEW YORK, NY",Red Light,40.735626817092,-73.923064923809
2023,7,PENNSYLVANIA AVE (N/,B) @ LINDEN BLVD,"PENNSYLVANIA AVE AND LINDEN BLVD, NEW YORK, NY",Red Light,40.658685011165,-73.890809013457
2023,7,OCEAN PKWY (N/B) @ A,VE X,"OCEAN PKWY AND A VE X, NEW YORK, NY",Red Light,40.574900668267,-73.968947749134
2023,7,ATLANTIC AVE (E/B) @,BEDFORD AVE,"ATLANTIC AVE AND BEDFORD AVE, NEW YORK, NY",Red Light,40.678792987335,-73.953013966769
2023,7,OCEAN PKWY (S/B) @ S,HORE PKWY,"OCEAN PKWY AND S HORE PKWY, NEW YORK, NY",Red Light,40.583374994147,-73.96699900458
2023,7,HOYT AVE (S/B) @ 31S,T ST,"HOYT AVE AND 31S T ST, NEW YORK, NY",Red Light,40.770378020019,-73.917697991206
2023,7,BOSTON RD (N/B) @ PE,LHAM PKWY,"BOSTON RD AND PE LHAM PKWY, NEW YORK, NY",Red Light,40.857926998687,-73.868184999501
2023,7,SB OCEAN PKWY @ AVEN,UE I,"OCEAN PKWY AND AVEN UE I, NEW YORK, NY",Red Light,40.607247995495,-73.96733402925
2023,7,HORACE HARDING EXPWY,(E/B) @ 108TH ST,"HORACE HARDING EXPWY AND 108TH ST, NEW YORK, NY",Red Light,40.73768298176,-73.852103982983
2023,7,FLATBUSH AVE (N/B) @,DEAN ST,"FLATBUSH AVE AND DEAN ST, NEW YORK, NY",Red Light,40.681814998706,-73.975820035662
2023,7,QUEENS BLVD (E/B) @,ASCAN AVE,"QUEENS BLVD AND ASCAN AVE, NEW YORK, NY",Red Light,40.719742984846,-73.839651995264
2023,7,CLOVE RD (N/B) @ CHE,SHIRE PL,"CLOVE RD AND CHE SHIRE PL, NEW YORK, NY",Red Light,40.618260014159,-74.105254977059
2023,7,QUEENS BLVD (E/B) @,70TH ST,"QUEENS BLVD AND 70TH ST, NEW YORK, NY",Red Light,40.739905988211,-73.894214999813
2024,7,FLATBUSH AVE (N/B) @,GLENWOOD RD,"FLATBUSH AVE AND GLENWOOD RD, NEW YORK, NY",Red Light,40.633941004348,-73.94884396994
2024,7,WEST ST (S/B) @ W HO,USTON ST,"WEST ST AND W HO USTON ST, NEW YORK, NY",Red Light,40.729111605663,-74.010544332681
2024,7,PELHAM PKWY (E/B) @,BOSTON RD,"PELHAM PKWY AND BOSTON RD, NEW YORK, NY",Red Light,40.857926998687,-73.868184999501
2024,7,BORDEN AVE (E/B) @ G,REENPOINT AVE,"BORDEN AVE AND G REENPOINT AVE, NEW YORK, NY",Red Light,40.736826015979,-73.931603987669
2024,7,4TH AVE (N/B) @ 18TH,ST,"4TH AVE AND 18TH ST, NEW YORK, NY",Red Light,40.664448994521,-73.994013040324
2024,7,QUEENS BLVD (E/B) @,70TH ST,"QUEENS BLVD AND 70TH ST, NEW YORK, NY",Red Light,40.739905988211,-73.894214999813
2024,7,QUEENS BLVD (E/B) @,ASCAN AVE,"QUEENS BLVD AND ASCAN AVE, NEW YORK, NY",Red Light,40.719742984846,-73.839651995264
2024,7,ATLANTIC AVE (W/B) @,BEDFORD AVE,"ATLANTIC AVE AND BEDFORD AVE, NEW YORK, NY",Red Light,40.678792987335,-73.953013966769
2024,7,HORACE HARDING EXPWY,(W/B) @ UTOPIA PKWY,"HORACE HARDING EXPWY AND UTOPIA PKWY, NEW YORK, NY",Red Light,40.739471009345,-73.792834036887
2024,7,NORTHERN BLVD (W/B),@ MARATHON PKWY,"NORTHERN BLVD AND MARATHON PKWY, NEW YORK, NY",Red Light,40.768396580018,-73.737527725165
2024,7,CLASSON AVE (N/B) @,FLUSHING AVE,"CLASSON AVE AND FLUSHING AVE, NEW YORK, NY",Red Light,40.698207486746,-73.961894174089
2024,7,OCEAN PKWY (N/B) @ A,VE X,"OCEAN PKWY AND A VE X, NEW YORK, NY",Red Light,40.574900668267,-73.968947749134
2024,7,WOODHAVEN BLVD (S/B),@ FURMANVILLE AVE,"WOODHAVEN BLVD AND FURMANVILLE AVE, NEW YORK, NY",Red Light,40.720261992291,-73.865584011127
2024,7,FATHER CAPODANNO BLV,D (N/B) @ PARK AND R,"FATHER CAPODANNO BLV D AND PARK AND R, NEW YORK, NY",Red Light,40.584487331871,-74.072312774025
2024,7,ASTORIA BLVD (W/B) @,STEINWAY ST,"ASTORIA BLVD AND STEINWAY ST, NEW YORK, NY",Red Light,40.769429314309,-73.910277827601
2025,7,RICHMOND AVE (N/B) @,VICTORY BLVD,"RICHMOND AVE AND VICTORY BLVD, NEW YORK, NY",Red Light,40.607226998828,-74.162498011329
2025,7,ATLANTIC AVE (E/B) @,BEDFORD AVE,"ATLANTIC AVE AND BEDFORD AVE, NEW YORK, NY",Red Light,40.678792987335,-73.953013966769
2025,7,NB OCEAN PKWY @ AVEN,UE I,"OCEAN PKWY AND AVEN UE I, NEW YORK, NY",Red Light,40.607247995495,-73.96733402925
2025,7,PELHAM PKWY (E/B) @,BOSTON RD,"PELHAM PKWY AND BOSTON RD, NEW YORK, NY",Red Light,40.857926998687,-73.868184999501
2025,7,SB OCEAN PKWY @ 18TH,AVE,"OCEAN PKWY AND 18TH AVE, NEW YORK, NY",Red Light,40.633076997769,-73.97223802934
2025,7,CADMAN PLAZA (E/B) @,PROSPECT ST,"CADMAN PLAZA AND PROSPECT ST, NEW YORK, NY",Red Light,40.700736600301,-73.989726702678
2025,7,NORTHERN BLVD (W/B),@ MARATHON PKWY,"NORTHERN BLVD AND MARATHON PKWY, NEW YORK, NY",Red Light,40.768396580018,-73.737527725165
2025,7,OCEAN PKWY (N/B) @ A,VE W,"OCEAN PKWY AND A VE W, NEW YORK, NY",Red Light,40.58156198849,-73.967607027836
2025,7,GUN HILL RD (E/B) @,WHITE PLAINS RD,"GUN HILL RD AND WHITE PLAINS RD, NEW YORK, NY",Red Light,40.877645006812,-73.86740598542
2025,7,SB OCEAN PKWY @ AVEN,UE I,"OCEAN PKWY AND AVEN UE I, NEW YORK, NY",Red Light,40.607247995495,-73.96733402925
2025,7,E 135TH ST (W/B) @ 3,RD AVE,"E 135TH ST AND 3 RD AVE, NEW YORK, NY",Red Light,40.809417991345,-73.929631977309
2025,7,PELHAM PKWY (W/B) @,BOSTON RD,"PELHAM PKWY AND BOSTON RD, NEW YORK, NY",Red Light,40.857926998687,-73.868184999501
2025,7,EB UNION TPKE @ WOOD,HAVEN BLVD,"UNION TPKE AND WOOD HAVEN BLVD, NEW YORK, NY",Red Light,40.705556990907,-73.858426033453
2025,7,NORTHERN BLVD (E/B),@ 48TH ST,"NORTHERN BLVD AND 48TH ST, NEW YORK, NY",Red Light,40.753677497038,-73.914478669835
2016,7,ASTORIA BLVD (W/B) @,108TH ST,"ASTORIA BLVD AND 108TH ST, NEW YORK, NY",Red Light,40.760406991821,-73.861433041217
2017,7,BROADWAY (S/B) @ SHE,RMAN AVE,"BROADWAY AND SHE RMAN AVE, NEW YORK, NY",Red Light,40.862134211167,-73.929992566784
2017,7,BRUCKNER BLVD (E/B),@ WHITE PLAINS RD,"BRUCKNER BLVD AND WHITE PLAINS RD, NEW YORK, NY",Red Light,40.825615013403,-73.859418031694
2017,7,RICHMOND AVE (S/B) @,DRAPER PL,"RICHMOND AVE AND DRAPER PL, NEW YORK, NY",Red Light,40.592652000763,-74.163308960462
2016,7,CROSSBAY BLVD (S/B),@ SUTTER AVE,"CROSSBAY BLVD AND SUTTER AVE, NEW YORK, NY",Red Light,40.67679801056,-73.843870020399
2017,7,WOODHAVEN BLVD (S/B),@ YELLOWSTONE BLVD,"WOODHAVEN BLVD AND YELLOWSTONE BLVD, NEW YORK, NY",Red Light,40.714000710619,-73.859751799079
2016,7,NWB REMSEN AVE @ LIN,DEN BLVD,"NWB REMSEN AVE AND LIN DEN BLVD, NEW YORK, NY",Red Light,40.654401020452,-73.921746031345
2018,7,ROCKAWAY BLVD (E/B),@ N CONDUIT AVE,"ROCKAWAY BLVD AND N CONDUIT AVE, NEW YORK, NY",Red Light,40.667523015601,-73.780694023604
2018,7,MILFORD DR (E/B) @ C,LOVE RD,"MILFORD DR AND C LOVE RD, NEW YORK, NY",Red Light,40.610265103453,-74.097428123512
2018,7,WOODHAVEN BLVD (N/B),@ 62ND RD,"WOODHAVEN BLVD AND 62ND RD, NEW YORK, NY",Red Light,40.726148016158,-73.870308973766
2018,7,LUTEN AVE (S/B) @ HY,LAN BLVD,"LUTEN AVE AND HY LAN BLVD, NEW YORK, NY",Red Light,40.523165981529,-74.188501021913
2018,7,SB OCEAN PKWY @ 18TH,AVE,"OCEAN PKWY AND 18TH AVE, NEW YORK, NY",Red Light,40.633076997769,-73.97223802934
2019,7,YORK AVE (N/B) @ E 7,9TH ST,"YORK AVE AND E 7 9TH ST, NEW YORK, NY",Red Light,40.771393990503,-73.950438962295
2019,7,QUEENS BLVD (E/B) @,58TH ST,"QUEENS BLVD AND 58TH ST, NEW YORK, NY",Red Light,40.741804992194,-73.907524959141
2019,7,FLATBUSH AVE (N/B) @,AVIATOR SPORTS COMP,"FLATBUSH AVE AND AVIATOR SPORTS COMP, NEW YORK, NY",Red Light,40.590608,-73.902783
2020,7,NB WOODHAVEN BLVD @,ATLANTIC AVE,"WOODHAVEN BLVD AND ATLANTIC AVE, NEW YORK, NY",Red Light,40.68815398062,-73.849093035725
2020,7,EASTCHESTER ROAD (S/,B) @ ALLERTON AVE,"EASTCHESTER ROAD AND ALLERTON AVE, NEW YORK, NY",Red Light,40.865210998275,-73.843350007126
2020,7,RICHMOND AVE (N/B) @,W CASWELL AVE,"RICHMOND AVE AND W CASWELL AVE, NEW YORK, NY",Red Light,40.616414989632,-74.156790019086
2021,7,JAMAICA AVE (W/B) @,PENNSYLVANIA AVE,"JAMAICA AVE AND PENNSYLVANIA AVE, NEW YORK, NY",Red Light,40.67820478728,-73.897521995892
2021,7,PARK AVE (W/B) @ WAS,HINGTON AVE,"PARK AVE AND WAS HINGTON AVE, NEW YORK, NY",Red Light,40.696013020676,-73.967420027576
2021,7,39TH ST (N/B) @ NORT,HERN BLVD,"39TH ST AND NORT HERN BLVD, NEW YORK, NY",Red Light,40.752323987313,-73.924478028866
2021,7,MCDONALD AVE (S/B) @,VANDERBILT ST,"MCDONALD AVE AND VANDERBILT ST, NEW YORK, NY",Red Light,40.65159899213,-73.981111028223
2021,7,LUTEN AVE (S/B) @ HY,LAN BLVD,"LUTEN AVE AND HY LAN BLVD, NEW YORK, NY",Red Light,40.523165981529,-74.188501021913
2022,7,NB OCEAN PKWY @ 18TH,AVE,"OCEAN PKWY AND 18TH AVE, NEW YORK, NY",Red Light,40.633076997769,-73.97223802934
2022,7,MCDONALD AVE (N/B) @,VANDERBILT ST,"MCDONALD AVE AND VANDERBILT ST, NEW YORK, NY",Red Light,40.65159899213,-73.981111028223
2022,7,CLOVE RD (N/B) @ CHE,SHIRE PL,"CLOVE RD AND CHE SHIRE PL, NEW YORK, NY",Red Light,40.618260014159,-74.105254977059
2022,7,GRAND CONCOURSE (N/B,) @ E 162ND ST,"GRAND CONCOURSE AND E 162ND ST, NEW YORK, NY",Red Light,40.827677715955,-73.922074182854
2022,7,ATLANTIC AVE (W/B) @,WOODHAVEN BLVD,"ATLANTIC AVE AND WOODHAVEN BLVD, NEW YORK, NY",Red Light,40.68815398062,-73.849093035725
2022,7,QUEENS BLVD (E/B) @,58TH ST,"QUEENS BLVD AND 58TH ST, NEW YORK, NY",Red Light,40.741804992194,-73.907524959141
2022,7,LAFAYETTE AVE (S/B),@ MARCY AVE,"LAFAYETTE AVE AND MARCY AVE, NEW YORK, NY",Red Light,40.690240990692,-73.948184984712
2023,7,VICTORY BLVD (W/B) @,MORANI ST,"VICTORY BLVD AND MORANI ST, NEW YORK, NY",Red Light,40.608092011236,-74.157374992109
2023,7,ROCKAWAY BLVD (E/B),@ GUY R BREWER BLVD,"ROCKAWAY BLVD AND GUY R BREWER BLVD, NEW YORK, NY",Red Light,40.656143995307,-73.767468972955
2023,7,WHITESTONE EXPWY SVC,RD (N/B) @ 20TH AVE,"WHITESTONE EXPWY SVC RD AND 20TH AVE, NEW YORK, NY",Red Light,40.781715717531,-73.825686738745
2024,7,RICHMOND AVE (N/B) @,LANDER AVE,"RICHMOND AVE AND LANDER AVE, NEW YORK, NY",Red Light,40.613023001055,-74.158826989196
2024,7,ASTORIA BLVD (W/B) @,94TH ST,"ASTORIA BLVD AND 94TH ST, NEW YORK, NY",Red Light,40.763085009886,-73.875329985225
2024,7,MCDONALD AVE (S/B) @,GREENWOOD AVE,"MCDONALD AVE AND GREENWOOD AVE, NEW YORK, NY",Red Light,40.649528997321,-73.980711965813
2026,7,12TH AVE (N/B) @ W 5,7TH ST,"12TH AVE AND W 5 7TH ST, NEW YORK, NY",Red Light,40.771558988267,-73.994197023098
2026,7,ATLANTIC AVE (W/B) @,PENNSYLVANIA AVE,"ATLANTIC AVE AND PENNSYLVANIA AVE, NEW YORK, NY",Red Light,40.675783003995,-73.896890000392
2026,7,222ND ST (E/B) @ PAU,LDING AVE,"222ND ST AND PAU LDING AVE, NEW YORK, NY",Red Light,40.883026984931,-73.853247023119
2026,7,FLATBUSH AVE (S/B) @,DEAN ST,"FLATBUSH AVE AND DEAN ST, NEW YORK, NY",Red Light,40.681814998706,-73.975820035662
2026,7,NB OCEAN PKWY @ 18TH,AVE,"OCEAN PKWY AND 18TH AVE, NEW YORK, NY",Red Light,40.633076997769,-73.97223802934
2026,7,BRUCKNER BLVD (E/B),@ WHITE PLAINS RD,"BRUCKNER BLVD AND WHITE PLAINS RD, NEW YORK, NY",Red Light,40.825615013403,-73.859418031694
2026,7,3RD AVE (S/B) @ E 13,5TH ST,"3RD AVE AND E 13 5TH ST, NEW YORK, NY",Red Light,40.809417991345,-73.929631977309
2026,7,ASTORIA BLVD (E/B) @,STEINWAY ST,"ASTORIA BLVD AND STEINWAY ST, NEW YORK, NY",Red Light,40.769429314309,-73.910277827601
2026,7,EB UNION TPKE @ WOOD,HAVEN BLVD,"UNION TPKE AND WOOD HAVEN BLVD, NEW YORK, NY",Red Light,40.705556990907,-73.858426033453
2026,7,RICHMOND RD (E/B) @,NEW DORP LANE,"RICHMOND RD AND NEW DORP LANE, NEW YORK, NY",Red Light,40.575848003186,-74.119818030912
2026,7,QUEENS BLVD (W/B) @,71ST AVE,"QUEENS BLVD AND 71ST AVE, NEW YORK, NY",Red Light,40.721623506733,-73.843853759507
2026,7,ATLANTIC AVE (W/B) @,KINGSTON AVE,"ATLANTIC AVE AND KINGSTON AVE, NEW YORK, NY",Red Light,40.678094020429,-73.941372006173
2026,7,WB ASTORIA BLVD @ 99,TH ST,"ASTORIA BLVD AND 99 TH ST, NEW YORK, NY",Red Light,40.762252016348,-73.870398995406
2026,7,NB RALPH AVE @ CLARE,NDON RD,"RALPH AVE AND CLARE NDON RD, NEW YORK, NY",Red Light,40.645031980539,-73.919974013194
2026,7,EB S CONDUIT AVE @ H,OOK CREEK BLVD,"S CONDUIT AVE AND H OOK CREEK BLVD, NEW YORK, NY",Red Light,40.665357006092,-73.729869012595
2026,7,SB SLOSSON AVE @ REO,N AVE,"SLOSSON AVE AND REO N AVE, NEW YORK, NY",Red Light,40.611991607869,-74.116856411154
2026,7,WB CYPRESS AVE @ VER,MONT PL,"CYPRESS AVE AND VER MONT PL, NEW YORK, NY",Red Light,40.691439393298,-73.890632322938
2026,7,SB LITTLE NECK PKWY,@ HORACE HARDING EXP,"LITTLE NECK PKWY AND HORACE HARDING EXP, NEW YORK, NY",Red Light,40.764579000308,-73.724266967608
2026,7,NB BROOKVILLE BLVD @,MERRICK BLVD,"BROOKVILLE BLVD AND MERRICK BLVD, NEW YORK, NY",Red Light,40.673217387252,-73.733808171811
2026,7,SB CROPSEY AVE @ SHO,RE PKWY,"CROPSEY AVE AND SHO RE PKWY, NEW YORK, NY",Red Light,40.584290004607,-73.986974001856
2017,7,FATHER CAPODANNO BLV,D (S/B) @ SAND LN,"FATHER CAPODANNO BLV D AND SAND LN, NEW YORK, NY",Red Light,40.590377990431,-74.06668799653
2025,7,FLATBUSH AVE (N/B) @,BERGEN ST,"FLATBUSH AVE AND BERGEN ST, NEW YORK, NY",Red Light,40.680840979647,-73.975119979109
2026,7,OCEAN PKWY (N/B) @ S,HORE PKWY,"OCEAN PKWY AND S HORE PKWY, NEW YORK, NY",Red Light,40.583374994147,-73.96699900458
2026,7,NARROWS RD (W/B) @ R,ICHMOND RD,"NARROWS RD AND R ICHMOND RD, NEW YORK, NY",Red Light,40.608782386691,-74.090796110263
2026,7,HYLAN BLVD (E/B) @ T,YSENS LN,"HYLAN BLVD AND T YSENS LN, NEW YORK, NY",Red Light,40.563945994044,-74.116413972395
2026,7,WB BROADWAY @ 37TH A,VE,"BROADWAY AND 37TH A VE, NEW YORK, NY",Red Light,40.759723992441,-73.920597962067
2026,7,WB 60TH ST @ NEW UTR,ECHT AVE,"60TH ST AND NEW UTR ECHT AVE, NEW YORK, NY",Red Light,40.62764300994,-73.996558959594
2026,7,SB FARMERS BLVD @ LI,NDEN BLVD,"FARMERS BLVD AND LI NDEN BLVD, NEW YORK, NY",Red Light,40.691660298357,-73.762397921534
2026,7,NB PAULDING AVE @ BU,RKE AVE,"PAULDING AVE AND BU RKE AVE, NEW YORK, NY",Red Light,40.871284986321,-73.858500967668
2026,7,SB SENECA AVE @ WEIR,FIELD ST,"SENECA AVE AND WEIR FIELD ST, NEW YORK, NY",Red Light,40.700002010306,-73.902946009255
2026,7,SB AMBOY RD @ RICHMO,ND AVE,"AMBOY RD AND RICHMO ND AVE, NEW YORK, NY",Red Light,40.543303000994,-74.16423801061
2026,7,SB FRANCIS LEWIS BLV,D @ 115TH AVE,"FRANCIS LEWIS BLV D AND 115TH AVE, NEW YORK, NY",Red Light,40.699535012571,-73.747773009235
2026,7,EB QUEENS BLVD @ 43R,D ST,"QUEENS BLVD AND 43R D ST, NEW YORK, NY",Red Light,40.743335988719,-73.92151703775
2026,7,NB SPRINGFIELD BLVD,@ HEMPSTEAD AVE,"SPRINGFIELD BLVD AND HEMPSTEAD AVE, NEW YORK, NY",Red Light,40.713266916905,-73.735884285409
2026,7,EB 77TH ST @ 20TH AV,E,"77TH ST AND 20TH AV E, NEW YORK, NY",Red Light,40.609682016359,-73.992975025435
2025,7,NB PARK AVE @ E 106T,H ST,"PARK AVE AND E 106T H ST, NEW YORK, NY",Red Light,40.792969218825,-73.948063028021
2025,7,WB NEPTUNE AVE @ SHE,LL RD,"NEPTUNE AVE AND SHE LL RD, NEW YORK, NY",Red Light,40.579762980612,-73.976281962346
2019,7,ASTORIA BLVD (E/B) @,STEINWAY ST,"ASTORIA BLVD AND STEINWAY ST, NEW YORK, NY",Red Light,40.769429314309,-73.910277827601
2026,7,N CONDUIT AVE (W/B),@ 114TH ST,"N CONDUIT AVE AND 114TH ST, NEW YORK, NY",Red Light,40.666101989646,-73.828068959447
2026,7,WB ROCKAWAY BEACH BL,VD @ B 105TH ST,"ROCKAWAY BEACH BL VD AND B 105TH ST, NEW YORK, NY",Red Light,40.678978981766,-73.83456904154
2026,7,EB BEVERLEY RD @ OCE,AN AVE,"BEVERLEY RD AND OCE AN AVE, NEW YORK, NY",Red Light,40.64482758783,-73.960066164825
2026,7,RICHMOND AVE (N/B) @,ARTHUR KILL RD,"RICHMOND AVE AND ARTHUR KILL RD, NEW YORK, NY",Red Light,40.561075988487,-74.16983200897
2026,7,SB DEKALB AVE @ EVER,GREEN AVE,"DEKALB AVE AND EVER GREEN AVE, NEW YORK, NY",Red Light,40.696137994852,-73.927257970873
2026,7,NB VAN WYCK EXPWY @,HILLSIDE AVE,"VAN WYCK EXPWY AND HILLSIDE AVE, NEW YORK, NY",Red Light,40.70412402074,-73.816429010507
2026,7,NB BUSHWICK AVE @ FL,USHING AVE,"BUSHWICK AVE AND FL USHING AVE, NEW YORK, NY",Red Light,40.701891291282,-73.937039232784
2026,7,NB FRANCIS LEWIS BLV,D @ 115TH AVE,"FRANCIS LEWIS BLV D AND 115TH AVE, NEW YORK, NY",Red Light,40.699535012571,-73.747773009235
2026,7,NB KINGS HWY @ CLARE,NDON RD,"KINGS HWY AND CLARE NDON RD, NEW YORK, NY",Red Light,40.644709989729,-73.925112036022
2026,7,SB EDGERTON BLVD @ H,ILLSIDE AVE,"EDGERTON BLVD AND H ILLSIDE AVE, NEW YORK, NY",Red Light,40.712247006927,-73.785340028715
2026,7,EB W 230TH ST @ MARB,LE HILL AVE,"W 230TH ST AND MARB LE HILL AVE, NEW YORK, NY",Red Light,40.878311996757,-73.908024017656
2016,7,OCEAN PKWY (N/B) @ A,VE X,"OCEAN PKWY AND A VE X, NEW YORK, NY",Red Light,40.574900668267,-73.968947749134
2016,7,CONEY ISLAND AVE (S/,B) @ DORCHESTER RD,"CONEY ISLAND AVE AND DORCHESTER RD, NEW YORK, NY",Red Light,40.637289197481,-73.968221169882
2016,7,MCDONALD AVE (N/B) @,VANDERBILT ST,"MCDONALD AVE AND VANDERBILT ST, NEW YORK, NY",Red Light,40.65159899213,-73.981111028223
2016,7,ATLANTIC AVE (E/B) @,LOGAN ST,"ATLANTIC AVE AND LOGAN ST, NEW YORK, NY",Red Light,40.680093984436,-73.877392017225
2017,7,E 135TH ST (W/B) @ A,LEXANDER AVE,"E 135TH ST AND A LEXANDER AVE, NEW YORK, NY",Red Light,40.808171015609,-73.926531008411
2017,7,HILLSIDE AVE (W/B) @,188TH ST,"HILLSIDE AVE AND 188TH ST, NEW YORK, NY",Red Light,40.715075019149,-73.773537973768
2017,7,CROSSBAY BLVD (S/B),@ PITKIN AVE,"CROSSBAY BLVD AND PITKIN AVE, NEW YORK, NY",Red Light,40.67215799851,-73.843282029891
2017,7,OCEAN PKWY (S/B) @ S,HORE PKWY,"OCEAN PKWY AND S HORE PKWY, NEW YORK, NY",Red Light,40.583374994147,-73.96699900458
2017,7,23RD AVE (E/B) @ 94T,H ST,"23RD AVE AND 94T H ST, NEW YORK, NY",Red Light,40.768189002186,-73.876261969039
2017,7,JAMAICA AVE (W/B) @,PENNSYLVANIA AVE,"JAMAICA AVE AND PENNSYLVANIA AVE, NEW YORK, NY",Red Light,40.67820478728,-73.897521995892
2016,7,SB OCEAN PKWY @ AVEN,UE I,"OCEAN PKWY AND AVEN UE I, NEW YORK, NY",Red Light,40.607247995495,-73.96733402925
2016,7,86TH ST (E/B) @ 7TH,AVE,"86TH ST AND 7TH AVE, NEW YORK, NY",Red Light,40.618476979722,-74.021217009994
2017,7,BEACH CHANNEL DR (S/,B) @ HASSOCK ST,"BEACH CHANNEL DR AND HASSOCK ST, NEW YORK, NY",Red Light,40.609514001109,-73.75371896371
2016,7,NORTHERN BLVD (W/B),@ DOUGLASTON PKWY,"NORTHERN BLVD AND DOUGLASTON PKWY, NEW YORK, NY",Red Light,40.76534581872,-73.744281359829
2016,7,WB ATLANTIC AVE @ RO,CKAWAY AVE,"ATLANTIC AVE AND RO CKAWAY AVE, NEW YORK, NY",Red Light,40.676272004226,-73.910936980467
2017,7,ATLANTIC AVE (E/B) @,BEDFORD AVE,"ATLANTIC AVE AND BEDFORD AVE, NEW YORK, NY",Red Light,40.678792987335,-73.953013966769
2016,7,SB OCEAN PKWY @ 18TH,AVE,"OCEAN PKWY AND 18TH AVE, NEW YORK, NY",Red Light,40.633076997769,-73.97223802934
2017,7,FOREST AVE (W/B) @ S,OUTH AVE,"FOREST AVE AND S OUTH AVE, NEW YORK, NY",Red Light,40.627329987766,-74.166563988741
2016,7,HORACE HARDING EXPWY,(E/B) @ OCEANIA ST,"HORACE HARDING EXPWY AND OCEANIA ST, NEW YORK, NY",Red Light,40.746024987076,-73.767854037587
2016,7,ROCKAWAY BLVD (W/B),@ GUY R BREWER BLVD,"ROCKAWAY BLVD AND GUY R BREWER BLVD, NEW YORK, NY",Red Light,40.656143995307,-73.767468972955
2017,7,HOYT AVE (S/B) @ 31S,T ST,"HOYT AVE AND 31S T ST, NEW YORK, NY",Red Light,40.770378020019,-73.917697991206
2016,7,EB UNION TPKE @ WOOD,HAVEN BLVD,"UNION TPKE AND WOOD HAVEN BLVD, NEW YORK, NY",Red Light,40.705556990907,-73.858426033453
2016,7,CROSSBAY BLVD (N/B),@ 156TH AVE,"CROSSBAY BLVD AND 156TH AVE, NEW YORK, NY",Red Light,40.664182994824,-73.841211029254
2017,7,FLATBUSH AVE (N/B) @,BERGEN ST,"FLATBUSH AVE AND BERGEN ST, NEW YORK, NY",Red Light,40.680840979647,-73.975119979109
2016,7,JAMAICA AVE (W/B) @,PENNSYLVANIA AVE,"JAMAICA AVE AND PENNSYLVANIA AVE, NEW YORK, NY",Red Light,40.67820478728,-73.897521995892
2017,7,LINDEN BLVD (W/B) @,FOUNTAIN AVE,"LINDEN BLVD AND FOUNTAIN AVE, NEW YORK, NY",Red Light,40.666804015947,-73.871985019125
2018,7,ATLANTIC AVE (E/B) @,LOGAN ST,"ATLANTIC AVE AND LOGAN ST, NEW YORK, NY",Red Light,40.680093984436,-73.877392017225
2018,7,SO CONDUIT AVE (E/B),@ 89TH ST,"SO CONDUIT AVE AND 89TH ST, NEW YORK, NY",Red Light,40.669570211633,-73.846365564431
2018,7,NORTHERN BLVD (E/B),@ 114TH ST,"NORTHERN BLVD AND 114TH ST, NEW YORK, NY",Red Light,40.758365998398,-73.855623041212
2018,7,ALLERTON AVE (E/B) @,WHITE PLAINS RD,"ALLERTON AVE AND WHITE PLAINS RD, NEW YORK, NY",Red Light,40.865433998809,-73.867389975985
2018,7,WHITE PLAINS RD (S/B,) @ WATSON AVE,"WHITE PLAINS RD AND WATSON AVE, NEW YORK, NY",Red Light,40.8284200173,-73.860672970238
2018,7,BRUCKNER BLVD (E/B),@ BRONX RIVER PKWY R,"BRUCKNER BLVD AND BRONX RIVER PKWY R, NEW YORK, NY",Red Light,40.824586009059,-73.872502014913
2018,7,E FORDHAM RD (E/B) @,BOSTON RD,"E FORDHAM RD AND BOSTON RD, NEW YORK, NY",Red Light,40.856708186146,-73.86938579095
2018,7,ASTORIA BLVD (W/B) @,94TH ST,"ASTORIA BLVD AND 94TH ST, NEW YORK, NY",Red Light,40.763085009886,-73.875329985225
2018,7,ASTORIA BLVD (W/B) @,STEINWAY ST,"ASTORIA BLVD AND STEINWAY ST, NEW YORK, NY",Red Light,40.769429314309,-73.910277827601
2018,7,N CONDUIT AVE (W/B),@ 114TH ST,"N CONDUIT AVE AND 114TH ST, NEW YORK, NY",Red Light,40.666101989646,-73.828068959447
2018,7,QUEENS BLVD (W/B) @,71ST AVE,"QUEENS BLVD AND 71ST AVE, NEW YORK, NY",Red Light,40.721623506733,-73.843853759507
2018,7,RICHMOND AVE (N/B) @,VICTORY BLVD,"RICHMOND AVE AND VICTORY BLVD, NEW YORK, NY",Red Light,40.607226998828,-74.162498011329
2018,7,86TH ST (E/B) @ 7TH,AVE,"86TH ST AND 7TH AVE, NEW YORK, NY",Red Light,40.618476979722,-74.021217009994
2018,7,RICHMOND AVE (S/B) @,ETON PL,"RICHMOND AVE AND ETON PL, NEW YORK, NY",Red Light,40.604637284113,-74.16227203522
2019,7,ROCKAWAY BLVD (S/B),@ BROOKVILLE BLVD,"ROCKAWAY BLVD AND BROOKVILLE BLVD, NEW YORK, NY",Red Light,40.640718988441,-73.74336102686
2019,7,L.I.E. N. SVC ROAD (,W/B) @ COLLEGE PT BL,"L.I.E. N. SVC ROAD AND COLLEGE PT BL, NEW YORK, NY",Red Light,40.784669767158,-73.8457863722
2019,7,BRUCKNER BLVD (E/B),@ BRONX RIVER PKWY R,"BRUCKNER BLVD AND BRONX RIVER PKWY R, NEW YORK, NY",Red Light,40.824586009059,-73.872502014913
2019,7,NB OCEAN PKWY @ AVEN,UE I,"OCEAN PKWY AND AVEN UE I, NEW YORK, NY",Red Light,40.607247995495,-73.96733402925
2019,7,ALLERTON AVE (E/B) @,WHITE PLAINS RD,"ALLERTON AVE AND WHITE PLAINS RD, NEW YORK, NY",Red Light,40.865433998809,-73.867389975985
2019,7,CROSSBAY BLVD (S/B),@ 156TH AVE,"CROSSBAY BLVD AND 156TH AVE, NEW YORK, NY",Red Light,40.664182994824,-73.841211029254
2019,7,BRUCKNER BLVD (W/B),@ WHITE PLAINS RD,"BRUCKNER BLVD AND WHITE PLAINS RD, NEW YORK, NY",Red Light,40.825615013403,-73.859418031694
2019,7,FATHER CAPODANNO BLV,D (S/B) @ SAND LN,"FATHER CAPODANNO BLV D AND SAND LN, NEW YORK, NY",Red Light,40.590377990431,-74.06668799653
2019,7,ALLERTON AVE (W/B) @,BARNES AVE,"ALLERTON AVE AND BARNES AVE, NEW YORK, NY",Red Light,40.865509980761,-73.863524996612
2019,7,KINGS HWY (N/B) @ BE,VERLEY RD,"KINGS HWY AND BE VERLEY RD, NEW YORK, NY",Red Light,40.646636989269,-73.924767958897
2019,7,CONEY ISLAND AVE (S/,B) @ DORCHESTER RD,"CONEY ISLAND AVE AND DORCHESTER RD, NEW YORK, NY",Red Light,40.637289197481,-73.968221169882
2019,7,BAY ST (S/B) @ HANNA,H ST,"BAY ST AND HANNA H ST, NEW YORK, NY",Red Light,40.63593799278,-74.075836005656
2019,7,JAMAICA AVE (E/B) @,PENNSYLVANIA AVE,"JAMAICA AVE AND PENNSYLVANIA AVE, NEW YORK, NY",Red Light,40.67820478728,-73.897521995892
2020,7,CADMAN PLAZA (E/B) @,PROSPECT ST,"CADMAN PLAZA AND PROSPECT ST, NEW YORK, NY",Red Light,40.700736600301,-73.989726702678
2020,7,PENNSYLVANIA AVE (S/,B) @ LINDEN BLVD,"PENNSYLVANIA AVE AND LINDEN BLVD, NEW YORK, NY",Red Light,40.658685011165,-73.890809013457
2020,7,CLOVE RD (N/B) @ CHE,SHIRE PL,"CLOVE RD AND CHE SHIRE PL, NEW YORK, NY",Red Light,40.618260014159,-74.105254977059
2020,7,SB OCEAN PKWY @ AVEN,UE I,"OCEAN PKWY AND AVEN UE I, NEW YORK, NY",Red Light,40.607247995495,-73.96733402925
2020,7,N CONDUIT AVE (W/B),@ 114TH ST,"N CONDUIT AVE AND 114TH ST, NEW YORK, NY",Red Light,40.666101989646,-73.828068959447
2020,7,QUEENS MIDTOWN EXPWY,(W/B) @ 43RD ST,"QUEENS MIDTOWN EXPWY AND 43RD ST, NEW YORK, NY",Red Light,40.735626817092,-73.923064923809
2020,7,ATLANTIC AVE (W/B) @,WOODHAVEN BLVD,"ATLANTIC AVE AND WOODHAVEN BLVD, NEW YORK, NY",Red Light,40.68815398062,-73.849093035725
2020,7,BEACH CHANNEL DR (S/,B) @ HASSOCK ST,"BEACH CHANNEL DR AND HASSOCK ST, NEW YORK, NY",Red Light,40.609514001109,-73.75371896371
2020,7,KINGS HWY (S/B) @ RE,MSEN AVE,"KINGS HWY AND RE MSEN AVE, NEW YORK, NY",Red Light,40.654523019052,-73.921878968329
2020,7,RICHMOND AVE (N/B) @,VICTORY BLVD,"RICHMOND AVE AND VICTORY BLVD, NEW YORK, NY",Red Light,40.607226998828,-74.162498011329
2020,7,BAY ST (S/B) @ HANNA,H ST,"BAY ST AND HANNA H ST, NEW YORK, NY",Red Light,40.63593799278,-74.075836005656
2020,7,BARTOW AVE (E/B) @ C,O-OP CITY BLVD,"BARTOW AVE AND C O-OP CITY BLVD, NEW YORK, NY",Red Light,40.869579981486,-73.826266012074
2020,7,AMSTERDAM AVE (N/B),@ 96TH STREET,"AMSTERDAM AVE AND 96TH STREET, NEW YORK, NY",Red Light,40.794051993077,-73.9703629976
2020,7,HYLAN BLVD (E/B) @ B,URBANK AVE,"HYLAN BLVD AND B URBANK AVE, NEW YORK, NY",Red Light,40.57217199382,-74.108156959577
2021,7,BRONXDALE AVE (W/B),@ CRUGER AVE,"BRONXDALE AVE AND CRUGER AVE, NEW YORK, NY",Red Light,40.850956985192,-73.866808020448
2021,7,HORACE HARDING EXPWY,(W/B) @ 159TH ST,"HORACE HARDING EXPWY AND 159TH ST, NEW YORK, NY",Red Light,40.73829498642,-73.809420985081
2021,7,WB QUEENS BLVD @ 70T,H ST / 45TH AVE,"QUEENS BLVD AND 70T H ST / 45TH AVE, NEW YORK, NY",Red Light,40.739905988211,-73.894214999813
2021,7,KISSENA BLVD (S/B) @,BOOTH MEMORIAL AVE,"KISSENA BLVD AND BOOTH MEMORIAL AVE, NEW YORK, NY",Red Light,40.74296798126,-73.814318028192
2021,7,LINDEN BLVD (W/B) @,PENNSYLVANIA AVE,"LINDEN BLVD AND PENNSYLVANIA AVE, NEW YORK, NY",Red Light,40.658685011165,-73.890809013457
2021,7,OCEAN PKWY (N/B) @ S,HORE PKWY,"OCEAN PKWY AND S HORE PKWY, NEW YORK, NY",Red Light,40.583374994147,-73.96699900458
2022,7,BAY PKWY (S/B) @ 65T,H ST,"BAY PKWY AND 65T H ST, NEW YORK, NY",Red Light,40.613850001532,-73.981431971295
2022,7,FLATBUSH AVE (N/B) @,BERGEN ST,"FLATBUSH AVE AND BERGEN ST, NEW YORK, NY",Red Light,40.680840979647,-73.975119979109
2022,7,FATHER CAPODANNO BLV,D (S/B) @ SAND LN,"FATHER CAPODANNO BLV D AND SAND LN, NEW YORK, NY",Red Light,40.590377990431,-74.06668799653
2022,7,NB UTOPIA PKWY @ HOR,ACE HARDING EXPWY,"UTOPIA PKWY AND HOR ACE HARDING EXPWY, NEW YORK, NY",Red Light,40.739471009345,-73.792834036887
2023,7,QUEENS BLVD (W/B) @,39TH ST,"QUEENS BLVD AND 39TH ST, NEW YORK, NY",Red Light,40.743872011427,-73.926192966255
2023,7,NARROWS RD S (E/B) @,HYLAN BLVD,"NARROWS RD S AND HYLAN BLVD, NEW YORK, NY",Red Light,40.605605016745,-74.077873981594
2023,7,GUN HILL ROAD (W/B),@ EASTCHESTER RD,"GUN HILL ROAD AND EASTCHESTER RD, NEW YORK, NY",Red Light,40.868486017393,-73.842415005827
2023,7,KINGS HWY (N/B) @ BE,VERLEY RD,"KINGS HWY AND BE VERLEY RD, NEW YORK, NY",Red Light,40.646636989269,-73.924767958897
2023,7,BRONXDALE AVE (W/B),@ CRUGER AVE,"BRONXDALE AVE AND CRUGER AVE, NEW YORK, NY",Red Light,40.850956985192,-73.866808020448
2023,7,VICTORY BLVD (E/B) @,MORANI ST,"VICTORY BLVD AND MORANI ST, NEW YORK, NY",Red Light,40.608092011236,-74.157374992109
2023,7,12TH AVE (N/B) @ W 5,7TH ST,"12TH AVE AND W 5 7TH ST, NEW YORK, NY",Red Light,40.771558988267,-73.994197023098
2023,7,OCEAN PKWY (N/B) @ C,HURCH AVE,"OCEAN PKWY AND C HURCH AVE, NEW YORK, NY",Red Light,40.644889991099,-73.974469040509
2023,7,WHITE PLAINS RD (S/B,) @ WATSON AVE,"WHITE PLAINS RD AND WATSON AVE, NEW YORK, NY",Red Light,40.8284200173,-73.860672970238
2023,7,ASTORIA BLVD (W/B) @,94TH ST,"ASTORIA BLVD AND 94TH ST, NEW YORK, NY",Red Light,40.763085009886,-73.875329985225
2023,7,OCEAN PKWY (N/B) @ A,VE J,"OCEAN PKWY AND A VE J, NEW YORK, NY",Red Light,40.574900668267,-73.968947749134
2023,7,EB ATLANTIC AVE @ RO,CKAWAY AVE,"ATLANTIC AVE AND RO CKAWAY AVE, NEW YORK, NY",Red Light,40.676272004226,-73.910936980467
2023,7,GUN HILL RD (E/B) @,WHITE PLAINS RD,"GUN HILL RD AND WHITE PLAINS RD, NEW YORK, NY",Red Light,40.877645006812,-73.86740598542
2023,7,GRAND CONCOURSE (N/B,) @ E 167TH ST,"GRAND CONCOURSE AND E 167TH ST, NEW YORK, NY",Red Light,40.834467015618,-73.917680975943
2024,7,2ND AVE (S/B) @ E HO,USTON ST,"2ND AVE AND E HO USTON ST, NEW YORK, NY",Red Light,40.723593002522,-73.991080966774
2024,7,RICHMOND RD (W/B) @,NEW DORP LANE,"RICHMOND RD AND NEW DORP LANE, NEW YORK, NY",Red Light,40.575848003186,-74.119818030912
2024,7,OCEAN PKWY (N/B) @ A,VE J,"OCEAN PKWY AND A VE J, NEW YORK, NY",Red Light,40.574900668267,-73.968947749134
2024,7,VICTORY BLVD (E/B) @,MORANI ST,"VICTORY BLVD AND MORANI ST, NEW YORK, NY",Red Light,40.608092011236,-74.157374992109
2024,7,ASTORIA BLVD S (E/B),@ 77TH ST,"ASTORIA BLVD S AND 77TH ST, NEW YORK, NY",Red Light,40.76573100908,-73.891878041388
2024,7,SOUTH AVE (S/B) @ TR,AVIS AVE,"SOUTH AVE AND TR AVIS AVE, NEW YORK, NY",Red Light,40.602690000368,-74.184153999288
2024,7,RICHMOND AVE (S/B) @,ETON PL,"RICHMOND AVE AND ETON PL, NEW YORK, NY",Red Light,40.604637284113,-74.16227203522
2024,7,CROSSBAY BLVD (N/B),@ 156TH AVE,"CROSSBAY BLVD AND 156TH AVE, NEW YORK, NY",Red Light,40.664182994824,-73.841211029254
2024,7,FLATBUSH AVE (N/B) @,EASTERN PKWY,"FLATBUSH AVE AND EASTERN PKWY, NEW YORK, NY",Red Light,40.673099998698,-73.969437970766
2024,7,RICHMOND RD (E/B) @,NEW DORP LANE,"RICHMOND RD AND NEW DORP LANE, NEW YORK, NY",Red Light,40.575848003186,-74.119818030912
2024,7,CROSSBAY BLVD (S/B),@ PITKIN AVE,"CROSSBAY BLVD AND PITKIN AVE, NEW YORK, NY",Red Light,40.67215799851,-73.843282029891
2024,7,HORACE HARDING EXPWY,(W/B) @ 159TH ST,"HORACE HARDING EXPWY AND 159TH ST, NEW YORK, NY",Red Light,40.73829498642,-73.809420985081
2024,7,PELHAM PKWY (W/B) @,BOSTON RD,"PELHAM PKWY AND BOSTON RD, NEW YORK, NY",Red Light,40.857926998687,-73.868184999501
2024,7,KINGS HWY (N/B) @ BE,VERLEY RD,"KINGS HWY AND BE VERLEY RD, NEW YORK, NY",Red Light,40.646636989269,-73.924767958897
2024,7,KISSENA BLVD (S/B) @,BOOTH MEMORIAL AVE,"KISSENA BLVD AND BOOTH MEMORIAL AVE, NEW YORK, NY",Red Light,40.74296798126,-73.814318028192
2025,7,PENNSYLVANIA AVE (S/,B) @ LINDEN BLVD,"PENNSYLVANIA AVE AND LINDEN BLVD, NEW YORK, NY",Red Light,40.658685011165,-73.890809013457
2025,7,CLOVE RD (S/B) @ CHE,SHIRE PL,"CLOVE RD AND CHE SHIRE PL, NEW YORK, NY",Red Light,40.618260014159,-74.105254977059
2025,7,WOODHAVEN BLVD (N/B),@ YELLOWSTONE BLVD,"WOODHAVEN BLVD AND YELLOWSTONE BLVD, NEW YORK, NY",Red Light,40.714000710619,-73.859751799079
2025,7,BORDEN AVE (E/B) @ G,REENPOINT AVE,"BORDEN AVE AND G REENPOINT AVE, NEW YORK, NY",Red Light,40.736826015979,-73.931603987669
2025,7,CROSS BRONX EXPWY (W,/B) @ ROSEDALE AVE,"CROSS BRONX EXPWY AND ROSEDALE AVE, NEW YORK, NY",Red Light,40.836315979639,-73.869993981845
2025,7,BAY ST (S/B) @ HANNA,H ST,"BAY ST AND HANNA H ST, NEW YORK, NY",Red Light,40.63593799278,-74.075836005656
2025,7,REMSEN AVE (N/B) @ W,INTHROP ST,"REMSEN AVE AND W INTHROP ST, NEW YORK, NY",Red Light,40.658650980638,-73.926487003419
2025,7,NORTHERN BLVD (E/B),@ 114TH ST,"NORTHERN BLVD AND 114TH ST, NEW YORK, NY",Red Light,40.758365998398,-73.855623041212
2025,7,WOODHAVEN BLVD (N/B),@ 62ND RD,"WOODHAVEN BLVD AND 62ND RD, NEW YORK, NY",Red Light,40.726148016158,-73.870308973766
2025,7,RICHMOND AVE (N/B) @,W CASWELL AVE,"RICHMOND AVE AND W CASWELL AVE, NEW YORK, NY",Red Light,40.616414989632,-74.156790019086
2025,7,L.I.E. N. SVC ROAD (,W/B) @ COLLEGE PT BL,"L.I.E. N. SVC ROAD AND COLLEGE PT BL, NEW YORK, NY",Red Light,40.784669767158,-73.8457863722
2025,7,CROSSBAY BLVD (N/B),@ 156TH AVE,"CROSSBAY BLVD AND 156TH AVE, NEW YORK, NY",Red Light,40.664182994824,-73.841211029254
2025,7,GRAND CONCOURSE (N/B,) @ E 167TH ST,"GRAND CONCOURSE AND E 167TH ST, NEW YORK, NY",Red Light,40.834467015618,-73.917680975943
2025,7,ATLANTIC AVE (W/B) @,FT GREENE PL,"ATLANTIC AVE AND FT GREENE PL, NEW YORK, NY",Red Light,40.683412296084,-73.975917768653
2025,7,CROPSEY AVE (W/B) @,21ST AVE,"CROPSEY AVE AND 21ST AVE, NEW YORK, NY",Red Light,40.598772005457,-74.000740020536
2025,7,CHRYSTIE ST (N/B) @,E HOUSTON ST,"CHRYSTIE ST AND E HOUSTON ST, NEW YORK, NY",Red Light,40.723593002522,-73.991080966774
2017,7,BOSTON RD (E/B) @ PE,LHAM PKWY,"BOSTON RD AND PE LHAM PKWY, NEW YORK, NY",Red Light,40.857926998687,-73.868184999501
2017,7,RICHMOND AVE (N/B) @,ARTHUR KILL RD,"RICHMOND AVE AND ARTHUR KILL RD, NEW YORK, NY",Red Light,40.561075988487,-74.16983200897
2016,7,HORACE HARDING EXPWY,(E/B) @ UTOPIA PKWY,"HORACE HARDING EXPWY AND UTOPIA PKWY, NEW YORK, NY",Red Light,40.739471009345,-73.792834036887
2016,7,WOODHAVEN BLVD (S/B),@ 62ND RD,"WOODHAVEN BLVD AND 62ND RD, NEW YORK, NY",Red Light,40.726148016158,-73.870308973766
2017,7,LINDEN BLVD (E/B) @,FOUNTAIN AVE,"LINDEN BLVD AND FOUNTAIN AVE, NEW YORK, NY",Red Light,40.666804015947,-73.871985019125
2016,7,WOODHAVEN BLVD (S/B),@ YELLOWSTONE BLVD,"WOODHAVEN BLVD AND YELLOWSTONE BLVD, NEW YORK, NY",Red Light,40.714000710619,-73.859751799079
2018,7,STEINWAY ST (S/B) @,NORTHERN BLVD,"STEINWAY ST AND NORTHERN BLVD, NEW YORK, NY",Red Light,40.752323987313,-73.924478028866
2019,7,HORACE HARDING EXPWY,(E/B) @ 108TH ST,"HORACE HARDING EXPWY AND 108TH ST, NEW YORK, NY",Red Light,40.73768298176,-73.852103982983
2019,7,BRONXDALE AVE (W/B),@ CRUGER AVE,"BRONXDALE AVE AND CRUGER AVE, NEW YORK, NY",Red Light,40.850956985192,-73.866808020448
2020,7,WOODHAVEN BLVD (N/B),@ FURMANVILLE AVE,"WOODHAVEN BLVD AND FURMANVILLE AVE, NEW YORK, NY",Red Light,40.720261992291,-73.865584011127
2020,7,ARTHUR KILL RD (W/B),@ RICHMOND AVE,"ARTHUR KILL RD AND RICHMOND AVE, NEW YORK, NY",Red Light,40.561075988487,-74.16983200897
2020,7,4TH AVE (N/B) @ 18TH,ST,"4TH AVE AND 18TH ST, NEW YORK, NY",Red Light,40.664448994521,-73.994013040324
2020,7,BOSTON RD (N/B) @ PE,LHAM PKWY,"BOSTON RD AND PE LHAM PKWY, NEW YORK, NY",Red Light,40.857926998687,-73.868184999501
2020,7,RICHMOND RD (W/B) @,NEW DORP LANE,"RICHMOND RD AND NEW DORP LANE, NEW YORK, NY",Red Light,40.575848003186,-74.119818030912
2021,7,WB ATLANTIC AVE @ LO,GAN ST,"ATLANTIC AVE AND LO GAN ST, NEW YORK, NY",Red Light,40.680093984436,-73.877392017225
2021,7,WEST ST (N/B) @ W HO,USTON ST,"WEST ST AND W HO USTON ST, NEW YORK, NY",Red Light,40.729111605663,-74.010544332681
2022,7,ALLERTON AVE (W/B) @,BARNES AVE,"ALLERTON AVE AND BARNES AVE, NEW YORK, NY",Red Light,40.865509980761,-73.863524996612
2022,7,KINGS HWY (N/B) @ BE,VERLEY RD,"KINGS HWY AND BE VERLEY RD, NEW YORK, NY",Red Light,40.646636989269,-73.924767958897
2022,7,FOREST AVE (W/B) @ S,OUTH AVE,"FOREST AVE AND S OUTH AVE, NEW YORK, NY",Red Light,40.627329987766,-74.166563988741
2022,7,BRUCKNER BLVD (E/B),@ HUNTS POINT AVE,"BRUCKNER BLVD AND HUNTS POINT AVE, NEW YORK, NY",Red Light,40.820244979495,-73.890711029009
2022,7,FATHER CAPODANNO BLV,D (S/B) @ PARK AND R,"FATHER CAPODANNO BLV D AND PARK AND R, NEW YORK, NY",Red Light,40.584487331871,-74.072312774025
2022,7,LINDEN BLVD (E/B) @,PENNSYLVANIA AVE,"LINDEN BLVD AND PENNSYLVANIA AVE, NEW YORK, NY",Red Light,40.658685011165,-73.890809013457
2023,7,ASTORIA BLVD (W/B) @,STEINWAY ST,"ASTORIA BLVD AND STEINWAY ST, NEW YORK, NY",Red Light,40.769429314309,-73.910277827601
2023,7,EB GRAND CENTRAL PKW,Y SVC RD @ 72ND RD,"GRAND CENTRAL PKW Y SVC RD AND 72ND RD, NEW YORK, NY",Red Light,40.749124992056,-73.72916996187
2023,7,2ND AVE (S/B) @ E HO,USTON ST,"2ND AVE AND E HO USTON ST, NEW YORK, NY",Red Light,40.723593002522,-73.991080966774
2023,7,MILFORD DR (E/B) @ C,LOVE RD,"MILFORD DR AND C LOVE RD, NEW YORK, NY",Red Light,40.610265103453,-74.097428123512
2023,7,ATLANTIC AVE (W/B) @,FT GREENE PL,"ATLANTIC AVE AND FT GREENE PL, NEW YORK, NY",Red Light,40.683412296084,-73.975917768653
2024,7,4TH AVE (S/B) @ 60TH,ST,"4TH AVE AND 60TH ST, NEW YORK, NY",Red Light,40.640883986205,-74.018488029958
2025,7,FRANCIS LEWIS BLVD (,N/B) @ HILLSIDE AVE,"FRANCIS LEWIS BLVD AND HILLSIDE AVE, NEW YORK, NY",Red Light,40.721034007483,-73.759482025057
2019,7,FATHER CAPODANNO BLV,D (S/B) @ PARK AND R,"FATHER CAPODANNO BLV D AND PARK AND R, NEW YORK, NY",Red Light,40.584487331871,-74.072312774025
2019,7,5TH AVE (S/B) @ 40TH,ST,"5TH AVE AND 40TH ST, NEW YORK, NY",Red Light,40.650731004146,-74.004500980491
2026,7,S CONDUIT AVE (E/B),@ BROOKVILLE BLVD,"S CONDUIT AVE AND BROOKVILLE BLVD, NEW YORK, NY",Red Light,40.665253992502,-73.739553966438
2026,7,WB N CONDUIT AVE @ V,AN WYCK EXPWY SB / E,"N CONDUIT AVE AND V AN WYCK EXPWY / E, NEW YORK, NY",Red Light,40.666743498606,-73.801438814868
2026,7,BARTOW AVE (E/B) @ C,O-OP CITY BLVD,"BARTOW AVE AND C O-OP CITY BLVD, NEW YORK, NY",Red Light,40.869579981486,-73.826266012074
2026,7,WOODHAVEN BLVD (S/B),@ JAMAICA AVE,"WOODHAVEN BLVD AND JAMAICA AVE, NEW YORK, NY",Red Light,40.69356102063,-73.852402965469
2026,7,HILLSIDE AVE (W/B) @,188TH ST,"HILLSIDE AVE AND 188TH ST, NEW YORK, NY",Red Light,40.715075019149,-73.773537973768
2026,7,WB QUEENS BLVD @ 58T,H ST,"QUEENS BLVD AND 58T H ST, NEW YORK, NY",Red Light,40.741804992194,-73.907524959141
2026,7,OCEAN PKWY (S/B) @ S,HORE PKWY,"OCEAN PKWY AND S HORE PKWY, NEW YORK, NY",Red Light,40.583374994147,-73.96699900458
2026,7,PENNSYLVANIA AVE (S/,B) @ LINDEN BLVD,"PENNSYLVANIA AVE AND LINDEN BLVD, NEW YORK, NY",Red Light,40.658685011165,-73.890809013457
2026,7,S CONDUIT AVE (E/B),@ FARMERS BLVD,"S CONDUIT AVE AND FARMERS BLVD, NEW YORK, NY",Red Light,40.666708001246,-73.767122967992
2026,7,WB QUEENS BLVD @ 70T,H ST / 45TH AVE,"QUEENS BLVD AND 70T H ST / 45TH AVE, NEW YORK, NY",Red Light,40.739905988211,-73.894214999813
2026,7,NORTHERN BLVD (E/B),@ DOUGLASTON PKWY,"NORTHERN BLVD AND DOUGLASTON PKWY, NEW YORK, NY",Red Light,40.76534581872,-73.744281359829
2026,7,OCEAN PKWY (N/B) @ C,HURCH AVE,"OCEAN PKWY AND C HURCH AVE, NEW YORK, NY",Red Light,40.644889991099,-73.974469040509
2026,7,QUEENS BLVD (W/B) @,JACOBUS ST,"QUEENS BLVD AND JACOBUS ST, NEW YORK, NY",Red Light,40.73857460671,-73.887233461201
2026,7,NB RICHMOND AVE @ RI,CHMOND HILL RD,"RICHMOND AVE AND RI CHMOND HILL RD, NEW YORK, NY",Red Light,40.588995982236,-74.167696970593
2026,7,NB LENOX AVE @ W 145,TH ST,"LENOX AVE AND W 145 TH ST, NEW YORK, NY",Red Light,40.820429087999,-73.936158127122
2026,7,WB JAMAICA AVE @ 178,TH ST,"JAMAICA AVE AND 178 TH ST, NEW YORK, NY",Red Light,40.707915993737,-73.783295011978
2026,7,WB HEMPSTEAD AVE @ 2,23RD ST,"HEMPSTEAD AVE AND 2 23RD ST, NEW YORK, NY",Red Light,40.712110214267,-73.731179523157
2026,7,WB BEVERLEY RD @ OCE,AN PKWY,"BEVERLEY RD AND OCE AN PKWY, NEW YORK, NY",Red Light,40.643300991805,-73.974161005567
2026,7,SB HYLAN BLVD @ REID,AVE,"HYLAN BLVD AND REID AVE, NEW YORK, NY",Red Light,40.594168999509,-74.086651007685
2025,7,FLATBUSH AVE (S/B) @,DEAN ST,"FLATBUSH AVE AND DEAN ST, NEW YORK, NY",Red Light,40.681814998706,-73.975820035662
2026,7,222ND ST (W/B) @ PAU,LDING AVE,"222ND ST AND PAU LDING AVE, NEW YORK, NY",Red Light,40.883026984931,-73.853247023119
2026,7,WB EASTERN PKWY @ TR,OY AVE,"EASTERN PKWY AND TR OY AVE, NEW YORK, NY",Red Light,40.668882015473,-73.936674033262
2026,7,SURF AVE (W/B) @ W 5,TH ST,"SURF AVE AND W 5 TH ST, NEW YORK, NY",Red Light,40.574745992466,-73.97346296067
2026,7,SB COLLEGE POINT BLV,D @ ROOSEVELT AVE,"COLLEGE POINT BLV D AND ROOSEVELT AVE, NEW YORK, NY",Red Light,40.758266002293,-73.834367037674
2026,7,SB E 95TH ST @ FLATL,ANDS AVE,"E 95TH ST AND FLATL ANDS AVE, NEW YORK, NY",Red Light,40.642613005192,-73.902375034011
2026,7,EB FLATLANDS AVE @ E,103RD ST,"FLATLANDS AVE AND E 103RD ST, NEW YORK, NY",Red Light,40.646611005369,-73.896208970759
2026,7,SB DRIGGS AVE @ S 5T,H ST,"DRIGGS AVE AND S 5T H ST, NEW YORK, NY",Red Light,40.710746897715,-73.961806164105
2026,7,WB LINDEN BLVD @ ASH,FORD ST,"LINDEN BLVD AND ASH FORD ST, NEW YORK, NY",Red Light,40.662922985229,-73.880954996627
2026,7,CADMAN PLAZA (E/B) @,PROSPECT ST,"CADMAN PLAZA AND PROSPECT ST, NEW YORK, NY",Red Light,40.700736600301,-73.989726702678
2026,7,EB 64TH ST @ 18TH AV,E,"64TH ST AND 18TH AV E, NEW YORK, NY",Red Light,40.619744994035,-73.989558980795
2026,7,EB HILLSIDE AVE @ 17,8TH ST,"HILLSIDE AVE AND 17 8TH ST, NEW YORK, NY",Red Light,40.712247006927,-73.785340028715
2026,7,EB JEWEL AVE @ GRAND,CENTRAL PKWY,"JEWEL AVE AND GRAND CENTRAL PKWY, NEW YORK, NY",Red Light,40.725559019822,-73.838367971516
2026,7,WB GRAND CENTRAL PKW,Y @ HOMELAWN ST,"GRAND CENTRAL PKW Y AND HOMELAWN ST, NEW YORK, NY",Red Light,40.719737997614,-73.790527001857
2026,7,SB HOWARD AVE @ CLOV,E RD,"HOWARD AVE AND CLOV E RD, NEW YORK, NY",Red Light,40.61242000694,-74.099355961242
2026,7,EB E 62ND ST @ 1ST A,VE,"E 62ND ST AND 1ST A VE, NEW YORK, NY",Red Light,40.761485994217,-73.960608976875
2026,7,SB BRONX PARK E @ AL,LERTON AVE,"BRONX PARK E AND AL LERTON AVE, NEW YORK, NY",Red Light,40.865315981612,-73.870404024548
2026,7,EB S 5TH ST @ DRIGGS,AVE,"S 5TH ST AND DRIGGS AVE, NEW YORK, NY",Red Light,40.710746897715,-73.961806164105
2026,7,WB HILLSIDE AVE @ 12,6TH ST,"HILLSIDE AVE AND 12 6TH ST, NEW YORK, NY",Red Light,40.70301941163,-73.825178460137
2026,7,WB TILDEN AVE @ UTIC,A AVE,"TILDEN AVE AND UTIC A AVE, NEW YORK, NY",Red Light,40.648185001057,-73.930013018628
2026,7,NB 225TH ST @ N COND,UIT AVE,"225TH ST AND N COND UIT AVE, NEW YORK, NY",Red Light,40.666403989618,-73.751757011633
2026,7,NB OCEAN PKWY @ AVE,Y,"OCEAN PKWY AND AVE Y, NEW YORK, NY",Red Light,40.588854998624,-73.965929976649
2026,7,HAMILTON AVE (N/B) @,CLINTON ST,"HAMILTON AVE AND CLINTON ST, NEW YORK, NY",Red Light,40.676349201555,-74.001009833999
2018,7,TILLARY ST (E/B) @ F,LATBUSH AVE,"TILLARY ST AND F LATBUSH AVE, NEW YORK, NY",Red Light,40.696112010952,-73.984660009846
2025,7,NB OCEAN PKWY @ AVE,M,"OCEAN PKWY AND AVE M, NEW YORK, NY",Red Light,40.617037010666,-73.968838999965
2025,7,NB SPRINGFIELD BLVD,@ SOUTH CONDUIT AVE,"SPRINGFIELD BLVD AND SOUTH CONDUIT AVE, NEW YORK, NY",Red Light,40.665649995518,-73.758242006301
2026,7,EB WEIRFIELD ST @ SE,NECA AVE,"WEIRFIELD ST AND SE NECA AVE, NEW YORK, NY",Red Light,40.700002010306,-73.902946009255
2026,7,SB 76TH ST @ NORTHER,N BLVD,"76TH ST AND NORTHER N BLVD, NEW YORK, NY",Red Light,40.755031006762,-73.890955026211
2026,7,86TH ST (E/B) @ 7TH,AVE,"86TH ST AND 7TH AVE, NEW YORK, NY",Red Light,40.618476979722,-74.021217009994
2026,7,WB 157TH AVE @ CROSS,BAY BLVD,"157TH AVE AND CROSS BAY BLVD, NEW YORK, NY",Red Light,40.662511014688,-73.8407950354
2026,7,EB ATLANTIC AVE @ 84,TH ST,"ATLANTIC AVE AND 84 TH ST, NEW YORK, NY",Red Light,40.685639996401,-73.857336972774
2026,7,EB DRUMGOOLE RD E @,MAGUIRE AVE,"DRUMGOOLE RD E AND MAGUIRE AVE, NEW YORK, NY",Red Light,40.529450020068,-74.210998972045
2026,7,SB 5TH AVE @ W 125TH,ST,"5TH AVE AND W 125TH ST, NEW YORK, NY",Red Light,40.806407002176,-73.942255039672
2026,7,NB GUY R BREWER BLVD,@ FOCH BLVD,"GUY R BREWER BLVD AND FOCH BLVD, NEW YORK, NY",Red Light,40.684283008186,-73.783017990078
2016,7,ASTORIA BLVD S (E/B),@ 77TH ST,"ASTORIA BLVD S AND 77TH ST, NEW YORK, NY",Red Light,40.76573100908,-73.891878041388
2017,7,ATLANTIC AVE (E/B) @,PENNSYLVANIA AVE,"ATLANTIC AVE AND PENNSYLVANIA AVE, NEW YORK, NY",Red Light,40.675783003995,-73.896890000392
2016,7,5TH AVE (S/B) @ 40TH,ST,"5TH AVE AND 40TH ST, NEW YORK, NY",Red Light,40.650731004146,-74.004500980491
2016,7,MCDONALD AVE (S/B) @,VANDERBILT ST,"MCDONALD AVE AND VANDERBILT ST, NEW YORK, NY",Red Light,40.65159899213,-73.981111028223
2016,7,QUEENS BLVD (E/B) @,JACOBUS ST,"QUEENS BLVD AND JACOBUS ST, NEW YORK, NY",Red Light,40.73857460671,-73.887233461201
2017,7,EASTERN PKWY (W/B) @,HOWARD AVE,"EASTERN PKWY AND HOWARD AVE, NEW YORK, NY",Red Light,40.669381493083,-73.920077781156
2017,7,ROCKAWAY BLVD (N/B),@ BROOKVILLE BLVD,"ROCKAWAY BLVD AND BROOKVILLE BLVD, NEW YORK, NY",Red Light,40.640718988441,-73.74336102686
2016,7,CONEY ISLAND AVE (S/,B) @ AVE P,"CONEY ISLAND AVE AND AVE P, NEW YORK, NY",Red Light,40.609977017441,-73.96243598031
2016,7,E 135TH ST (W/B) @ A,LEXANDER AVE,"E 135TH ST AND A LEXANDER AVE, NEW YORK, NY",Red Light,40.808171015609,-73.926531008411
2017,7,REMSEN AVE (N/B) @ W,INTHROP ST,"REMSEN AVE AND W INTHROP ST, NEW YORK, NY",Red Light,40.658650980638,-73.926487003419
2016,7,HORACE HARDING EXPWY,(W/B) @ 159TH ST,"HORACE HARDING EXPWY AND 159TH ST, NEW YORK, NY",Red Light,40.73829498642,-73.809420985081
2016,7,ALLERTON AVE (W/B) @,BARNES AVE,"ALLERTON AVE AND BARNES AVE, NEW YORK, NY",Red Light,40.865509980761,-73.863524996612
2016,7,ATLANTIC AVE (W/B) @,FT GREENE PL,"ATLANTIC AVE AND FT GREENE PL, NEW YORK, NY",Red Light,40.683412296084,-73.975917768653
2017,7,QUEENS BLVD (E/B) @,JACOBUS ST,"QUEENS BLVD AND JACOBUS ST, NEW YORK, NY",Red Light,40.73857460671,-73.887233461201
2017,7,ATLANTIC AVE (E/B) @,KINGSTON AVE,"ATLANTIC AVE AND KINGSTON AVE, NEW YORK, NY",Red Light,40.678094020429,-73.941372006173
2016,7,CADMAN PLAZA (E/B) @,PROSPECT ST,"CADMAN PLAZA AND PROSPECT ST, NEW YORK, NY",Red Light,40.700736600301,-73.989726702678
2016,7,EB 65TH ST @ 16TH AV,E,"65TH ST AND 16TH AV E, NEW YORK, NY",Red Light,40.621993020467,-73.994909987783
2017,7,FLATBUSH AVE (S/B) @,DEAN ST,"FLATBUSH AVE AND DEAN ST, NEW YORK, NY",Red Light,40.681814998706,-73.975820035662
2016,7,REMSEN AVE (N/B) @ W,INTHROP ST,"REMSEN AVE AND W INTHROP ST, NEW YORK, NY",Red Light,40.658650980638,-73.926487003419
2017,7,8TH AVE (N/B) @ 57TH,ST,"8TH AVE AND 57TH ST, NEW YORK, NY",Red Light,40.637194984889,-74.00776900072
2016,7,BORDEN AVE (E/B) @ G,REENPOINT AVE,"BORDEN AVE AND G REENPOINT AVE, NEW YORK, NY",Red Light,40.736826015979,-73.931603987669
2016,7,ALLERTON AVE (E/B) @,WHITE PLAINS RD,"ALLERTON AVE AND WHITE PLAINS RD, NEW YORK, NY",Red Light,40.865433998809,-73.867389975985
2016,7,HOWARD AVE (N/B) @ E,NEW YORK AVE,"HOWARD AVE AND E NEW YORK AVE, NEW YORK, NY",Red Light,40.668238997771,-73.920155984312
2017,7,FLATBUSH AVE (N/B) @,AVENUE H,"FLATBUSH AVE AND AVENUE H, NEW YORK, NY",Red Light,40.631715986241,-73.946492007909
2017,7,SB 108TH ST @ HORACE,HARDING EXPY N,"108TH ST AND HORACE HARDING EXPY N, NEW YORK, NY",Red Light,40.73768298176,-73.852103982983
2016,7,NB WOODHAVEN BLVD @,ATLANTIC AVE,"WOODHAVEN BLVD AND ATLANTIC AVE, NEW YORK, NY",Red Light,40.68815398062,-73.849093035725
2016,7,JAMAICA AVE (E/B) @,PENNSYLVANIA AVE,"JAMAICA AVE AND PENNSYLVANIA AVE, NEW YORK, NY",Red Light,40.67820478728,-73.897521995892
2016,7,FLATBUSH AVE (S/B) @,DEAN ST,"FLATBUSH AVE AND DEAN ST, NEW YORK, NY",Red Light,40.681814998706,-73.975820035662
2016,7,GUN HILL RD (E/B) @,WHITE PLAINS RD,"GUN HILL RD AND WHITE PLAINS RD, NEW YORK, NY",Red Light,40.877645006812,-73.86740598542
2017,7,WEST ST (S/B) @ 14TH,STREET,"WEST ST AND 14TH STREET, NEW YORK, NY",Red Light,40.74235849117,-74.008705007848
2016,7,FLATBUSH AVE (N/B) @,EASTERN PKWY,"FLATBUSH AVE AND EASTERN PKWY, NEW YORK, NY",Red Light,40.673099998698,-73.969437970766
2017,7,ALLERTON AVE (E/B) @,WHITE PLAINS RD,"ALLERTON AVE AND WHITE PLAINS RD, NEW YORK, NY",Red Light,40.865433998809,-73.867389975985
2018,7,QUEENS BLVD (E/B) @,70TH ST,"QUEENS BLVD AND 70TH ST, NEW YORK, NY",Red Light,40.739905988211,-73.894214999813
2018,7,OCEAN PKWY (N/B) @ S,HORE PKWY,"OCEAN PKWY AND S HORE PKWY, NEW YORK, NY",Red Light,40.583374994147,-73.96699900458
2018,7,WB QUEENS BLVD @ 58T,H ST,"QUEENS BLVD AND 58T H ST, NEW YORK, NY",Red Light,40.741804992194,-73.907524959141
2018,7,23RD AVE (E/B) @ 94T,H ST,"23RD AVE AND 94T H ST, NEW YORK, NY",Red Light,40.768189002186,-73.876261969039
2018,7,EASTERN PKWY (E/B) @,UTICA AVE,"EASTERN PKWY AND UTICA AVE, NEW YORK, NY",Red Light,40.668588020219,-73.931142982995
2018,7,NWB REMSEN AVE @ LIN,DEN BLVD,"NWB REMSEN AVE AND LIN DEN BLVD, NEW YORK, NY",Red Light,40.654401020452,-73.921746031345
2018,7,CLASSON AVE (N/B) @,FLUSHING AVE,"CLASSON AVE AND FLUSHING AVE, NEW YORK, NY",Red Light,40.698207486746,-73.961894174089
2018,7,QUEENS BLVD (E/B) @,ASCAN AVE,"QUEENS BLVD AND ASCAN AVE, NEW YORK, NY",Red Light,40.719742984846,-73.839651995264
2018,7,WB NORTHERN BLVD @ 4,8TH ST,"NORTHERN BLVD AND 4 8TH ST, NEW YORK, NY",Red Light,40.753677497038,-73.914478669835
2019,7,SB OCEAN PKWY @ AVEN,UE I,"OCEAN PKWY AND AVEN UE I, NEW YORK, NY",Red Light,40.607247995495,-73.96733402925
2019,7,CLOVE RD (S/B) @ CHE,SHIRE PL,"CLOVE RD AND CHE SHIRE PL, NEW YORK, NY",Red Light,40.618260014159,-74.105254977059
2019,7,CONEY ISLAND AVE (S/,B) @ AVE P,"CONEY ISLAND AVE AND AVE P, NEW YORK, NY",Red Light,40.609977017441,-73.96243598031
2019,7,BRONX RIVER PKWY OFF,RAMP (S/B) @ E/B BR,"BRONX RIVER PKWY OFF RAMP AND BR, NEW YORK, NY",Red Light,40.872532401319,-73.871474819032
2019,7,WB QUEENS BLVD @ 58T,H ST,"QUEENS BLVD AND 58T H ST, NEW YORK, NY",Red Light,40.741804992194,-73.907524959141
2019,7,JAMAICA AVE (W/B) @,PENNSYLVANIA AVE,"JAMAICA AVE AND PENNSYLVANIA AVE, NEW YORK, NY",Red Light,40.67820478728,-73.897521995892
2019,7,QUEENS BLVD (W/B) @,JACOBUS ST,"QUEENS BLVD AND JACOBUS ST, NEW YORK, NY",Red Light,40.73857460671,-73.887233461201
2019,7,SUNRISE HWY (W/B) @,BROOKVILLE BLVD,"SUNRISE HWY AND BROOKVILLE BLVD, NEW YORK, NY",Red Light,40.665253992502,-73.739553966438
2019,7,SURF AVE (W/B) @ W 5,TH ST,"SURF AVE AND W 5 TH ST, NEW YORK, NY",Red Light,40.574745992466,-73.97346296067
2019,7,39TH ST (N/B) @ NORT,HERN BLVD,"39TH ST AND NORT HERN BLVD, NEW YORK, NY",Red Light,40.752323987313,-73.924478028866
2019,7,WEST ST (N/B) @ W HO,USTON ST,"WEST ST AND W HO USTON ST, NEW YORK, NY",Red Light,40.729111605663,-74.010544332681
2020,7,12TH AVE (S/B) @ 34T,H ST,"12TH AVE AND 34T H ST, NEW YORK, NY",Red Light,40.75697900297,-74.004799962977
2020,7,WHITESTONE EXPWY SVC,RD (N/B) @ 20TH AVE,"WHITESTONE EXPWY SVC RD AND 20TH AVE, NEW YORK, NY",Red Light,40.781715717531,-73.825686738745
2020,7,ROCKAWAY BLVD (S/B),@ BROOKVILLE BLVD,"ROCKAWAY BLVD AND BROOKVILLE BLVD, NEW YORK, NY",Red Light,40.640718988441,-73.74336102686
2020,7,HAMILTON AVE (N/B) @,CLINTON ST,"HAMILTON AVE AND CLINTON ST, NEW YORK, NY",Red Light,40.676349201555,-74.001009833999
2020,7,QUEENS BLVD (E/B) @,ASCAN AVE,"QUEENS BLVD AND ASCAN AVE, NEW YORK, NY",Red Light,40.719742984846,-73.839651995264
2020,7,EASTERN PKWY (W/B) @,BEDFORD AVE,"EASTERN PKWY AND BEDFORD AVE, NEW YORK, NY",Red Light,40.670309998407,-73.955193010138
2020,7,WOODHAVEN BLVD (N/B),@ 62ND RD,"WOODHAVEN BLVD AND 62ND RD, NEW YORK, NY",Red Light,40.726148016158,-73.870308973766
2020,7,WB ATLANTIC AVE @ RO,CKAWAY AVE,"ATLANTIC AVE AND RO CKAWAY AVE, NEW YORK, NY",Red Light,40.676272004226,-73.910936980467
2020,7,EB ATLANTIC AVE @ RO,CKAWAY AVE,"ATLANTIC AVE AND RO CKAWAY AVE, NEW YORK, NY",Red Light,40.676272004226,-73.910936980467
2020,7,ALLERTON AVE (E/B) @,WHITE PLAINS RD,"ALLERTON AVE AND WHITE PLAINS RD, NEW YORK, NY",Red Light,40.865433998809,-73.867389975985
2020,7,CROSSBAY BLVD (S/B),@ SUTTER AVE,"CROSSBAY BLVD AND SUTTER AVE, NEW YORK, NY",Red Light,40.67679801056,-73.843870020399
2020,7,QUEENS BLVD (E/B) @,70TH ST,"QUEENS BLVD AND 70TH ST, NEW YORK, NY",Red Light,40.739905988211,-73.894214999813
2020,7,WHITE PLAINS RD (S/B,) @ WATSON AVE,"WHITE PLAINS RD AND WATSON AVE, NEW YORK, NY",Red Light,40.8284200173,-73.860672970238
2020,7,WOODHAVEN BLVD (N/B),@ YELLOWSTONE BLVD,"WOODHAVEN BLVD AND YELLOWSTONE BLVD, NEW YORK, NY",Red Light,40.714000710619,-73.859751799079
2021,7,BEACH CHANNEL DR (W/,B) @ B 140TH ST,"BEACH CHANNEL DR AND B 140TH ST, NEW YORK, NY",Red Light,40.58993400102,-73.804583034387
2021,7,WB ATLANTIC AVE @ RO,CKAWAY AVE,"ATLANTIC AVE AND RO CKAWAY AVE, NEW YORK, NY",Red Light,40.676272004226,-73.910936980467
2021,7,CROSSBAY BLVD (S/B),@ PITKIN AVE,"CROSSBAY BLVD AND PITKIN AVE, NEW YORK, NY",Red Light,40.67215799851,-73.843282029891
2021,7,CLOVE RD (S/B) @ CHE,SHIRE PL,"CLOVE RD AND CHE SHIRE PL, NEW YORK, NY",Red Light,40.618260014159,-74.105254977059
2021,7,E 135TH ST (W/B) @ 3,RD AVE,"E 135TH ST AND 3 RD AVE, NEW YORK, NY",Red Light,40.809417991345,-73.929631977309
2021,7,REMSEN AVE (N/B) @ L,ENOX RD,"REMSEN AVE AND L ENOX RD, NEW YORK, NY",Red Light,40.655853981458,-73.923374970408
2021,7,HORACE HARDING EXPWY,(E/B) @ UTOPIA PKWY,"HORACE HARDING EXPWY AND UTOPIA PKWY, NEW YORK, NY",Red Light,40.739471009345,-73.792834036887
2021,7,ROCKAWAY PKWY (N/B),@ SEAVIEW AVE,"ROCKAWAY PKWY AND SEAVIEW AVE, NEW YORK, NY",Red Light,40.63381100103,-73.889824978025
2021,7,RICHMOND AVE (N/B) @,LANDER AVE,"RICHMOND AVE AND LANDER AVE, NEW YORK, NY",Red Light,40.613023001055,-74.158826989196
2021,7,WHITESTONE EXPWY SVC,RD (N/B) @ 20TH AVE,"WHITESTONE EXPWY SVC RD AND 20TH AVE, NEW YORK, NY",Red Light,40.781715717531,-73.825686738745
2021,7,HORACE HARDING EXPWY,(E/B) @ OCEANIA ST,"HORACE HARDING EXPWY AND OCEANIA ST, NEW YORK, NY",Red Light,40.746024987076,-73.767854037587
2021,7,BRUCKNER BLVD (W/B),@ WHITE PLAINS RD,"BRUCKNER BLVD AND WHITE PLAINS RD, NEW YORK, NY",Red Light,40.825615013403,-73.859418031694
2021,7,CROSSBAY BLVD (N/B),@ LIBERTY AVE,"CROSSBAY BLVD AND LIBERTY AVE, NEW YORK, NY",Red Light,40.680263801795,-73.844728997836
2022,7,KISSENA BLVD (S/B) @,BOOTH MEMORIAL AVE,"KISSENA BLVD AND BOOTH MEMORIAL AVE, NEW YORK, NY",Red Light,40.74296798126,-73.814318028192
2022,7,SEAGIRT BLVD (E/B) @,ROCKAWAY FREEWAY,"SEAGIRT BLVD AND ROCKAWAY FREEWAY, NEW YORK, NY",Red Light,40.596195995154,-73.766891040731
2022,7,NWB REMSEN AVE @ LIN,DEN BLVD,"NWB REMSEN AVE AND LIN DEN BLVD, NEW YORK, NY",Red Light,40.654401020452,-73.921746031345
2022,7,EB QUEENS BLVD @ GRA,ND AVE / BROADWAY,"QUEENS BLVD AND GRA ND AVE / BROADWAY, NEW YORK, NY",Red Light,40.736805019312,-73.877641965578
2022,7,FLATBUSH AVE (N/B) @,AVENUE H,"FLATBUSH AVE AND AVENUE H, NEW YORK, NY",Red Light,40.631715986241,-73.946492007909
2022,7,ASTORIA BLVD (W/B) @,108TH ST,"ASTORIA BLVD AND 108TH ST, NEW YORK, NY",Red Light,40.760406991821,-73.861433041217
2023,7,FLATBUSH AVE (N/B) @,AVIATOR SPORTS COMP,"FLATBUSH AVE AND AVIATOR SPORTS COMP, NEW YORK, NY",Red Light,40.590608,-73.902783
2023,7,HORACE HARDING EXPWY,(E/B) @ 159TH ST,"HORACE HARDING EXPWY AND 159TH ST, NEW YORK, NY",Red Light,40.73829498642,-73.809420985081
2023,7,NORTHERN BLVD (W/B),@ MARATHON PKWY,"NORTHERN BLVD AND MARATHON PKWY, NEW YORK, NY",Red Light,40.768396580018,-73.737527725165
2023,7,RICHMOND AVE (N/B) @,DRAPER PL,"RICHMOND AVE AND DRAPER PL, NEW YORK, NY",Red Light,40.592652000763,-74.163308960462
2023,7,FRANCIS LEWIS BLVD (,N/B) @ HILLSIDE AVE,"FRANCIS LEWIS BLVD AND HILLSIDE AVE, NEW YORK, NY",Red Light,40.721034007483,-73.759482025057
2023,7,ALLERTON AVE (W/B) @,BARNES AVE,"ALLERTON AVE AND BARNES AVE, NEW YORK, NY",Red Light,40.865509980761,-73.863524996612
2023,7,QUEENS BLVD (W/B) @,BROADWAY,"QUEENS BLVD AND BROADWAY, NEW YORK, NY",Red Light,40.736805019312,-73.877641965578
2023,7,WEST END AVE (S/B) @,66TH ST,"WEST END AVE AND 66TH ST, NEW YORK, NY",Red Light,40.776022980351,-73.987240965472
2023,7,WB N CONDUIT AVE @ V,AN WYCK EXPWY SB / E,"N CONDUIT AVE AND V AN WYCK EXPWY / E, NEW YORK, NY",Red Light,40.666743498606,-73.801438814868
2023,7,EB QUEENS BLVD @ 71S,T AVE / CONTINENTAL,"QUEENS BLVD AND 71S T AVE / CONTINENTAL, NEW YORK, NY",Red Light,40.721623506733,-73.843853759507
2024,7,HORACE HARDING EXPWY,(E/B) @ UTOPIA PKWY,"HORACE HARDING EXPWY AND UTOPIA PKWY, NEW YORK, NY",Red Light,40.739471009345,-73.792834036887
2024,7,GUN HILL ROAD (W/B),@ EASTCHESTER RD,"GUN HILL ROAD AND EASTCHESTER RD, NEW YORK, NY",Red Light,40.868486017393,-73.842415005827
2024,7,NARROWS RD (W/B) @ C,LOVE RD,"NARROWS RD AND C LOVE RD, NEW YORK, NY",Red Light,40.610955604637,-74.098098005214
2024,7,ALLERTON AVE (E/B) @,WHITE PLAINS RD,"ALLERTON AVE AND WHITE PLAINS RD, NEW YORK, NY",Red Light,40.865433998809,-73.867389975985
2024,7,OCEAN PKWY (N/B) @ C,HURCH AVE,"OCEAN PKWY AND C HURCH AVE, NEW YORK, NY",Red Light,40.644889991099,-73.974469040509
2024,7,ROCKAWAY BLVD (N/B),@ BROOKVILLE BLVD,"ROCKAWAY BLVD AND BROOKVILLE BLVD, NEW YORK, NY",Red Light,40.640718988441,-73.74336102686
2024,7,FOREST AVE (E/B) @ S,OUTH AVE,"FOREST AVE AND S OUTH AVE, NEW YORK, NY",Red Light,40.627329987766,-74.166563988741
2025,7,MADISON AVE (N/B) @,E 96TH ST,"MADISON AVE AND E 96TH ST, NEW YORK, NY",Red Light,40.787256784172,-73.954155498163
2025,7,CLASSON AVE (N/B) @,FLUSHING AVE,"CLASSON AVE AND FLUSHING AVE, NEW YORK, NY",Red Light,40.698207486746,-73.961894174089
2025,7,SEAGIRT BLVD (W/B) @,BEACH 9TH ST,"SEAGIRT BLVD AND BEACH 9TH ST, NEW YORK, NY",Red Light,40.596564002613,-73.744170970164
2025,7,CROSSBAY BLVD (S/B),@ 156TH AVE,"CROSSBAY BLVD AND 156TH AVE, NEW YORK, NY",Red Light,40.664182994824,-73.841211029254
2025,7,GUN HILL ROAD (E/B),@ EASTCHESTER RD,"GUN HILL ROAD AND EASTCHESTER RD, NEW YORK, NY",Red Light,40.868486017393,-73.842415005827
2025,7,FATHER CAPODANNO BLV,D (N/B) @ PARK AND R,"FATHER CAPODANNO BLV D AND PARK AND R, NEW YORK, NY",Red Light,40.584487331871,-74.072312774025
2025,7,QUEENS BLVD (W/B) @,JACOBUS ST,"QUEENS BLVD AND JACOBUS ST, NEW YORK, NY",Red Light,40.73857460671,-73.887233461201
2025,7,LINDEN BLVD (W/B) @,FOUNTAIN AVE,"LINDEN BLVD AND FOUNTAIN AVE, NEW YORK, NY",Red Light,40.666804015947,-73.871985019125
2025,7,QUEENS BLVD (E/B) @,ASCAN AVE,"QUEENS BLVD AND ASCAN AVE, NEW YORK, NY",Red Light,40.719742984846,-73.839651995264
2025,7,WOODHAVEN BLVD (N/B),@ FURMANVILLE AVE,"WOODHAVEN BLVD AND FURMANVILLE AVE, NEW YORK, NY",Red Light,40.720261992291,-73.865584011127
2017,7,NWB REMSEN AVE @ LIN,DEN BLVD,"NWB REMSEN AVE AND LIN DEN BLVD, NEW YORK, NY",Red Light,40.654401020452,-73.921746031345
2016,7,RICHMOND AVE (S/B) @,ETON PL,"RICHMOND AVE AND ETON PL, NEW YORK, NY",Red Light,40.604637284113,-74.16227203522
2017,7,BRUCKNER BLVD (W/B),@ WHITE PLAINS RD,"BRUCKNER BLVD AND WHITE PLAINS RD, NEW YORK, NY",Red Light,40.825615013403,-73.859418031694
2016,7,RICHMOND AVE (N/B) @,W CASWELL AVE,"RICHMOND AVE AND W CASWELL AVE, NEW YORK, NY",Red Light,40.616414989632,-74.156790019086
2018,7,ATLANTIC AVE (W/B) @,WOODHAVEN BLVD,"ATLANTIC AVE AND WOODHAVEN BLVD, NEW YORK, NY",Red Light,40.68815398062,-73.849093035725
2018,7,PARK AVE (W/B) @ WAS,HINGTON AVE,"PARK AVE AND WAS HINGTON AVE, NEW YORK, NY",Red Light,40.696013020676,-73.967420027576
2018,7,HORACE HARDING EXPWY,(W/B) @ UTOPIA PKWY,"HORACE HARDING EXPWY AND UTOPIA PKWY, NEW YORK, NY",Red Light,40.739471009345,-73.792834036887
2018,7,JAMAICA AVE (E/B) @,PENNSYLVANIA AVE,"JAMAICA AVE AND PENNSYLVANIA AVE, NEW YORK, NY",Red Light,40.67820478728,-73.897521995892
2018,7,3RD AVE (N/B) @ 36TH,ST,"3RD AVE AND 36TH ST, NEW YORK, NY",Red Light,40.655629011176,-74.006574998613
2019,7,WOODHAVEN BLVD (S/B),@ JAMAICA AVE,"WOODHAVEN BLVD AND JAMAICA AVE, NEW YORK, NY",Red Light,40.69356102063,-73.852402965469
2019,7,SB 108TH ST @ HORACE,HARDING EXPY N,"108TH ST AND HORACE HARDING EXPY N, NEW YORK, NY",Red Light,40.73768298176,-73.852103982983
2020,7,LUTEN AVE (S/B) @ HY,LAN BLVD,"LUTEN AVE AND HY LAN BLVD, NEW YORK, NY",Red Light,40.523165981529,-74.188501021913
2021,7,FRANCIS LEWIS BLVD (,N/B) @ HILLSIDE AVE,"FRANCIS LEWIS BLVD AND HILLSIDE AVE, NEW YORK, NY",Red Light,40.721034007483,-73.759482025057
2021,7,8TH AVE (N/B) @ 57TH,ST,"8TH AVE AND 57TH ST, NEW YORK, NY",Red Light,40.637194984889,-74.00776900072
2021,7,GUN HILL RD (E/B) @,WHITE PLAINS RD,"GUN HILL RD AND WHITE PLAINS RD, NEW YORK, NY",Red Light,40.877645006812,-73.86740598542
2021,7,HOWARD AVE (N/B) @ E,NEW YORK AVE,"HOWARD AVE AND E NEW YORK AVE, NEW YORK, NY",Red Light,40.668238997771,-73.920155984312
2022,7,CROPSEY AVE (W/B) @,21ST AVE,"CROPSEY AVE AND 21ST AVE, NEW YORK, NY",Red Light,40.598772005457,-74.000740020536
2022,7,CLASSON AVE (N/B) @,FLUSHING AVE,"CLASSON AVE AND FLUSHING AVE, NEW YORK, NY",Red Light,40.698207486746,-73.961894174089
2022,7,E 135TH ST (W/B) @ A,LEXANDER AVE,"E 135TH ST AND A LEXANDER AVE, NEW YORK, NY",Red Light,40.808171015609,-73.926531008411
2022,7,VICTORY BLVD (W/B) @,MORANI ST,"VICTORY BLVD AND MORANI ST, NEW YORK, NY",Red Light,40.608092011236,-74.157374992109
2022,7,3RD AVE (S/B) @ E 13,5TH ST,"3RD AVE AND E 13 5TH ST, NEW YORK, NY",Red Light,40.809417991345,-73.929631977309
2022,7,NARROWS RD (W/B) @ C,LOVE RD,"NARROWS RD AND C LOVE RD, NEW YORK, NY",Red Light,40.610955604637,-74.098098005214
2022,7,ROCKAWAY BLVD (S/B),@ BROOKVILLE BLVD,"ROCKAWAY BLVD AND BROOKVILLE BLVD, NEW YORK, NY",Red Light,40.640718988441,-73.74336102686
2022,7,BRUCKNER BLVD (S/B),@ E 138TH ST,"BRUCKNER BLVD AND E 138TH ST, NEW YORK, NY",Red Light,40.804710002059,-73.91247497588
2022,7,REMSEN AVE (N/B) @ W,INTHROP ST,"REMSEN AVE AND W INTHROP ST, NEW YORK, NY",Red Light,40.658650980638,-73.926487003419
2022,7,RICHMOND AVE (S/B) @,DRAPER PL,"RICHMOND AVE AND DRAPER PL, NEW YORK, NY",Red Light,40.592652000763,-74.163308960462
2023,7,NORTHERN BLVD (E/B),@ DOUGLASTON PKWY,"NORTHERN BLVD AND DOUGLASTON PKWY, NEW YORK, NY",Red Light,40.76534581872,-73.744281359829
2023,7,SEAGIRT BLVD (E/B) @,ROCKAWAY FREEWAY,"SEAGIRT BLVD AND ROCKAWAY FREEWAY, NEW YORK, NY",Red Light,40.596195995154,-73.766891040731
2023,7,REMSEN AVE (N/B) @ W,INTHROP ST,"REMSEN AVE AND W INTHROP ST, NEW YORK, NY",Red Light,40.658650980638,-73.926487003419
2023,7,JAMAICA AVE (W/B) @,PENNSYLVANIA AVE,"JAMAICA AVE AND PENNSYLVANIA AVE, NEW YORK, NY",Red Light,40.67820478728,-73.897521995892
2023,7,ROCKAWAY PKWY (N/B),@ SEAVIEW AVE,"ROCKAWAY PKWY AND SEAVIEW AVE, NEW YORK, NY",Red Light,40.63381100103,-73.889824978025
2023,7,BRUCKNER BLVD (E/B),@ HUNTS POINT AVE,"BRUCKNER BLVD AND HUNTS POINT AVE, NEW YORK, NY",Red Light,40.820244979495,-73.890711029009
2023,7,WILLIAMSBURG ST (S/B,) @ FLUSHING AVE,"WILLIAMSBURG ST AND FLUSHING AVE, NEW YORK, NY",Red Light,40.698062018816,-73.962818781828
2024,7,MCDONALD AVE (N/B) @,VANDERBILT ST,"MCDONALD AVE AND VANDERBILT ST, NEW YORK, NY",Red Light,40.65159899213,-73.981111028223
2025,7,QUEENS BLVD (E/B) @,70TH ST,"QUEENS BLVD AND 70TH ST, NEW YORK, NY",Red Light,40.739905988211,-73.894214999813
2025,7,WHITE PLAINS RD (S/B,) @ WATSON AVE,"WHITE PLAINS RD AND WATSON AVE, NEW YORK, NY",Red Light,40.8284200173,-73.860672970238
2026,7,12TH AVE (S/B) @ 34T,H ST,"12TH AVE AND 34T H ST, NEW YORK, NY",Red Light,40.75697900297,-74.004799962977
2026,7,BAY PKWY (S/B) @ 65T,H ST,"BAY PKWY AND 65T H ST, NEW YORK, NY",Red Light,40.613850001532,-73.981431971295
2026,7,BEACH CHANNEL DR (S/,B) @ HASSOCK ST,"BEACH CHANNEL DR AND HASSOCK ST, NEW YORK, NY",Red Light,40.609514001109,-73.75371896371
2026,7,ROCKAWAY PKWY (S/B),@ SEAVIEW AVE,"ROCKAWAY PKWY AND SEAVIEW AVE, NEW YORK, NY",Red Light,40.63381100103,-73.889824978025
2026,7,FLATBUSH AVE (S/B) @,AVIATOR SPORTS COMP,"FLATBUSH AVE AND AVIATOR SPORTS COMP, NEW YORK, NY",Red Light,40.590608,-73.902783
2026,7,SB 108TH ST @ HORACE,HARDING EXPY N,"108TH ST AND HORACE HARDING EXPY N, NEW YORK, NY",Red Light,40.73768298176,-73.852103982983
2026,7,EB LINDEN BLVD @ ATK,INS AVE,"LINDEN BLVD AND ATK INS AVE, NEW YORK, NY",Red Light,40.665388983053,-73.875224959978
2026,7,EB JAMAICA AVE @ 212,TH ST,"JAMAICA AVE AND 212 TH ST, NEW YORK, NY",Red Light,40.715679019092,-73.747075970167
2026,7,WB ATLANTIC AVE @ LE,FFERTS BLVD,"ATLANTIC AVE AND LE FFERTS BLVD, NEW YORK, NY",Red Light,40.69414100642,-73.828045993032
2026,7,SB BRUCKNER BLVD @ L,ONGWOOD AVE,"BRUCKNER BLVD AND L ONGWOOD AVE, NEW YORK, NY",Red Light,40.815843013495,-73.89540296695
2026,7,EB ROCKAWAY BEACH BL,VD @ B 105TH ST,"ROCKAWAY BEACH BL VD AND B 105TH ST, NEW YORK, NY",Red Light,40.678978981766,-73.83456904154
2019,7,FLATBUSH AVE (N/B) @,DEAN ST,"FLATBUSH AVE AND DEAN ST, NEW YORK, NY",Red Light,40.681814998706,-73.975820035662
2026,7,QUEENS BLVD (E/B) @,39TH ST,"QUEENS BLVD AND 39TH ST, NEW YORK, NY",Red Light,40.743872011427,-73.926192966255
2026,7,EB LINDEN BLVD @ VAN,SICLEN AVE,"LINDEN BLVD AND VAN SICLEN AVE, NEW YORK, NY",Red Light,40.660791006247,-73.885892021417
2026,7,WB N GANNON AVE @ MA,NOR RD,"N GANNON AVE AND MA NOR RD, NEW YORK, NY",Red Light,40.610177009651,-74.121448981632
2026,7,EB FLUSHING AVE @ BU,SHWICK AVE,"FLUSHING AVE AND BU SHWICK AVE, NEW YORK, NY",Red Light,40.701891291282,-73.937039232784
2026,7,NB GRAND CONCOURSE @,183RD ST,"GRAND CONCOURSE AND 183RD ST, NEW YORK, NY",Red Light,40.857479991791,-73.900121978438
2026,7,EB PITKIN AVE @ WATK,INS ST,"PITKIN AVE AND WATK INS ST, NEW YORK, NY",Red Light,40.670099989823,-73.907959979916
2026,7,EB LEFFERTS AVE @ RO,GERS AVE,"LEFFERTS AVE AND RO GERS AVE, NEW YORK, NY",Red Light,40.662179007503,-73.953717040808
2026,7,WB EASTERN PKWY @ NE,W YORK AVE,"EASTERN PKWY AND NE W YORK AVE, NEW YORK, NY",Red Light,40.669493014305,-73.947759016393
2026,7,NB GRAND CONCOURSE @,E 144TH ST,"GRAND CONCOURSE AND E 144TH ST, NEW YORK, NY",Red Light,40.816556020089,-73.928294979934
2026,7,EB BUSHWICK AVE @ EA,STERN PKWY,"BUSHWICK AVE AND EA STERN PKWY, NEW YORK, NY",Red Light,40.681507005674,-73.904112015806
2026,7,NB HYLAN BLVD @ REID,AVE,"HYLAN BLVD AND REID AVE, NEW YORK, NY",Red Light,40.594168999509,-74.086651007685
2026,7,SB HYLAN BLVD @ CHES,TERTON AVE,"HYLAN BLVD AND CHES TERTON AVE, NEW YORK, NY",Red Light,40.557890991009,-74.126757995285
2026,7,NB 20TH AVE @ 77TH S,T,"20TH AVE AND 77TH S T, NEW YORK, NY",Red Light,40.609682016359,-73.992975025435
2025,7,WB N CONDUIT AVE @ 1,50TH ST,"N CONDUIT AVE AND 1 50TH ST, NEW YORK, NY",Red Light,40.666862982636,-73.789418998076
2026,7,WB FLATLANDS AVE @ E,59TH ST,"FLATLANDS AVE AND E 59TH ST, NEW YORK, NY",Red Light,40.631521987092,-73.919552990198
2026,7,WB WILSON AVE @ HALS,EY ST,"WILSON AVE AND HALS EY ST, NEW YORK, NY",Red Light,40.691502006115,-73.909552960614
2026,7,EB E 233RD ST @ CARP,ENTER AVE,"E 233RD ST AND CARP ENTER AVE, NEW YORK, NY",Red Light,40.894363006062,-73.860228980826
2026,7,WB ASTORIA BLVD N @,43RD ST,"ASTORIA BLVD N AND 43RD ST, NEW YORK, NY",Red Light,40.768899997123,-73.906915008047
2026,7,NB NOSTRAND AVE @ GL,ENWOOD RD,"NOSTRAND AVE AND GL ENWOOD RD, NEW YORK, NY",Red Light,40.633995989633,-73.947793968929
2026,7,SB BEDFORD AVE @ AVE,J,"BEDFORD AVE AND AVE J, NEW YORK, NY",Red Light,40.626259995916,-73.951619972452
2026,7,WB LINDEN BLVD @ CHU,RCH AVE,"LINDEN BLVD AND CHU RCH AVE, NEW YORK, NY",Red Light,40.657229996592,-73.899058985477
2026,7,EB CORTELYOU RD @ OC,EAN PKWY,"CORTELYOU RD AND OC EAN PKWY, NEW YORK, NY",Red Light,40.638517984486,-73.973257017309
2026,7,WB E 106TH ST @ PARK,AVE,"E 106TH ST AND PARK AVE, NEW YORK, NY",Red Light,40.792969218825,-73.948063028021
2026,7,SB RALPH AVE @ ATLAN,TIC AVE,"RALPH AVE AND ATLAN TIC AVE, NEW YORK, NY",Red Light,40.67702997973,-73.921817026065
2016,7,VAN WYCK EXP SVC RD,(N/B) @ ROCKAWAY BLV,"VAN WYCK EXP SVC RD AND ROCKAWAY BLV, NEW YORK, NY",Red Light,40.67435158448,-73.801216862072
2016,7,FLATBUSH AVE (N/B) @,GLENWOOD RD,"FLATBUSH AVE AND GLENWOOD RD, NEW YORK, NY",Red Light,40.633941004348,-73.94884396994
2017,7,BRONX RIVER PKWY OFF,RAMP (S/B) @ E/B BR,"BRONX RIVER PKWY OFF RAMP AND BR, NEW YORK, NY",Red Light,40.872532401319,-73.871474819032
2017,7,PENNSYLVANIA AVE (N/,B) @ LINDEN BLVD,"PENNSYLVANIA AVE AND LINDEN BLVD, NEW YORK, NY",Red Light,40.658685011165,-73.890809013457
2017,7,PENNSYLVANIA AVE (S/,B) @ SEAVIEW AVE,"PENNSYLVANIA AVE AND SEAVIEW AVE, NEW YORK, NY",Red Light,40.64395591181,-73.877571892868
2017,7,ROCKAWAY BLVD (S/B),@ BROOKVILLE BLVD,"ROCKAWAY BLVD AND BROOKVILLE BLVD, NEW YORK, NY",Red Light,40.640718988441,-73.74336102686
2017,7,BAY PKWY (S/B) @ 65T,H ST,"BAY PKWY AND 65T H ST, NEW YORK, NY",Red Light,40.613850001532,-73.981431971295
2017,7,S CONDUIT AVE (E/B),@ BROOKVILLE BLVD,"S CONDUIT AVE AND BROOKVILLE BLVD, NEW YORK, NY",Red Light,40.665253992502,-73.739553966438
2016,7,PENNSYLVANIA AVE (N/,B) @ LINDEN BLVD,"PENNSYLVANIA AVE AND LINDEN BLVD, NEW YORK, NY",Red Light,40.658685011165,-73.890809013457
2017,7,L.I.E. N. SVC ROAD (,W/B) @ COLLEGE PT BL,"L.I.E. N. SVC ROAD AND COLLEGE PT BL, NEW YORK, NY",Red Light,40.784669767158,-73.8457863722
2016,7,LINDEN BLVD (W/B) @,ROCKAWAY AVE,"LINDEN BLVD AND ROCKAWAY AVE, NEW YORK, NY",Red Light,40.65489199043,-73.90696496419
2016,7,NARROWS RD (W/B) @ C,LOVE RD,"NARROWS RD AND C LOVE RD, NEW YORK, NY",Red Light,40.610955604637,-74.098098005214
2017,7,SEAGIRT BLVD (E/B) @,ROCKAWAY FREEWAY,"SEAGIRT BLVD AND ROCKAWAY FREEWAY, NEW YORK, NY",Red Light,40.596195995154,-73.766891040731
2017,7,S CONDUIT AVE (E/B),@ FARMERS BLVD,"S CONDUIT AVE AND FARMERS BLVD, NEW YORK, NY",Red Light,40.666708001246,-73.767122967992
2016,7,RICHMOND AVE (N/B) @,VICTORY BLVD,"RICHMOND AVE AND VICTORY BLVD, NEW YORK, NY",Red Light,40.607226998828,-74.162498011329
2017,7,ROCKAWAY BLVD (E/B),@ N CONDUIT AVE,"ROCKAWAY BLVD AND N CONDUIT AVE, NEW YORK, NY",Red Light,40.667523015601,-73.780694023604
2018,7,HORACE HARDING EXPWY,(W/B) @ 159TH ST,"HORACE HARDING EXPWY AND 159TH ST, NEW YORK, NY",Red Light,40.73829498642,-73.809420985081
2018,7,HILLSIDE AVE (W/B) @,188TH ST,"HILLSIDE AVE AND 188TH ST, NEW YORK, NY",Red Light,40.715075019149,-73.773537973768
2018,7,NORTHERN BLVD (E/B),@ MARATHON PKWY,"NORTHERN BLVD AND MARATHON PKWY, NEW YORK, NY",Red Light,40.768396580018,-73.737527725165
2018,7,3RD AVE (S/B) @ E 13,5TH ST,"3RD AVE AND E 13 5TH ST, NEW YORK, NY",Red Light,40.809417991345,-73.929631977309
2018,7,BOOTH MEMORIAL AVE (,W/B) @ KISSENA BLVD,"BOOTH MEMORIAL AVE AND KISSENA BLVD, NEW YORK, NY",Red Light,40.74296798126,-73.814318028192
2018,7,EASTERN PKWY (W/B) @,HOWARD AVE,"EASTERN PKWY AND HOWARD AVE, NEW YORK, NY",Red Light,40.669381493083,-73.920077781156
2018,7,KINGS HWY (S/B) @ RE,MSEN AVE,"KINGS HWY AND RE MSEN AVE, NEW YORK, NY",Red Light,40.654523019052,-73.921878968329
2018,7,SEAGIRT BLVD (E/B) @,ROCKAWAY FREEWAY,"SEAGIRT BLVD AND ROCKAWAY FREEWAY, NEW YORK, NY",Red Light,40.596195995154,-73.766891040731
2018,7,FRANCIS LEWIS BLVD (,N/B) @ HILLSIDE AVE,"FRANCIS LEWIS BLVD AND HILLSIDE AVE, NEW YORK, NY",Red Light,40.721034007483,-73.759482025057
2018,7,WOODHAVEN BLVD (S/B),@ YELLOWSTONE BLVD,"WOODHAVEN BLVD AND YELLOWSTONE BLVD, NEW YORK, NY",Red Light,40.714000710619,-73.859751799079
2018,7,CROSSBAY BLVD (S/B),@ PITKIN AVE,"CROSSBAY BLVD AND PITKIN AVE, NEW YORK, NY",Red Light,40.67215799851,-73.843282029891
2019,7,S CONDUIT AVE (E/B),@ FARMERS BLVD,"S CONDUIT AVE AND FARMERS BLVD, NEW YORK, NY",Red Light,40.666708001246,-73.767122967992
2019,7,RICHMOND AVE (N/B) @,DRAPER PL,"RICHMOND AVE AND DRAPER PL, NEW YORK, NY",Red Light,40.592652000763,-74.163308960462
2019,7,ATLANTIC AVE (W/B) @,KINGSTON AVE,"ATLANTIC AVE AND KINGSTON AVE, NEW YORK, NY",Red Light,40.678094020429,-73.941372006173
2019,7,QUEENS BLVD (W/B) @,71ST AVE,"QUEENS BLVD AND 71ST AVE, NEW YORK, NY",Red Light,40.721623506733,-73.843853759507
2019,7,REMSEN AVE (N/B) @ L,ENOX RD,"REMSEN AVE AND L ENOX RD, NEW YORK, NY",Red Light,40.655853981458,-73.923374970408
2019,7,OCEAN PKWY (N/B) @ A,VE X,"OCEAN PKWY AND A VE X, NEW YORK, NY",Red Light,40.574900668267,-73.968947749134
2019,7,LINDEN BLVD (W/B) @,PENNSYLVANIA AVE,"LINDEN BLVD AND PENNSYLVANIA AVE, NEW YORK, NY",Red Light,40.658685011165,-73.890809013457
2019,7,FRANCIS LEWIS BLVD (,N/B) @ HILLSIDE AVE,"FRANCIS LEWIS BLVD AND HILLSIDE AVE, NEW YORK, NY",Red Light,40.721034007483,-73.759482025057
2019,7,KINGS HWY (S/B) @ RE,MSEN AVE,"KINGS HWY AND RE MSEN AVE, NEW YORK, NY",Red Light,40.654523019052,-73.921878968329
2019,7,HORACE HARDING EXPWY,(E/B) @ 159TH ST,"HORACE HARDING EXPWY AND 159TH ST, NEW YORK, NY",Red Light,40.73829498642,-73.809420985081
2019,7,MILFORD DR (E/B) @ C,LOVE RD,"MILFORD DR AND C LOVE RD, NEW YORK, NY",Red Light,40.610265103453,-74.097428123512
2019,7,E 135TH ST (W/B) @ 3,RD AVE,"E 135TH ST AND 3 RD AVE, NEW YORK, NY",Red Light,40.809417991345,-73.929631977309
2019,7,VICTORY BLVD (E/B) @,MORANI ST,"VICTORY BLVD AND MORANI ST, NEW YORK, NY",Red Light,40.608092011236,-74.157374992109
2019,7,8TH AVE (N/B) @ 57TH,ST,"8TH AVE AND 57TH ST, NEW YORK, NY",Red Light,40.637194984889,-74.00776900072
2019,7,LINDEN BLVD (E/B) @,PENNSYLVANIA AVE,"LINDEN BLVD AND PENNSYLVANIA AVE, NEW YORK, NY",Red Light,40.658685011165,-73.890809013457
2020,7,SB 108TH ST @ HORACE,HARDING EXPY N,"108TH ST AND HORACE HARDING EXPY N, NEW YORK, NY",Red Light,40.73768298176,-73.852103982983
2020,7,CHRYSTIE ST (N/B) @,E HOUSTON ST,"CHRYSTIE ST AND E HOUSTON ST, NEW YORK, NY",Red Light,40.723593002522,-73.991080966774
2020,7,FLATBUSH AVE (N/B) @,AVENUE H,"FLATBUSH AVE AND AVENUE H, NEW YORK, NY",Red Light,40.631715986241,-73.946492007909
2020,7,E FORDHAM RD (E/B) @,BOSTON RD,"E FORDHAM RD AND BOSTON RD, NEW YORK, NY",Red Light,40.856708186146,-73.86938579095
2020,7,BRUCKNER BLVD (E/B),@ WHITE PLAINS RD,"BRUCKNER BLVD AND WHITE PLAINS RD, NEW YORK, NY",Red Light,40.825615013403,-73.859418031694
2020,7,EASTERN PKWY (E/B) @,UTICA AVE,"EASTERN PKWY AND UTICA AVE, NEW YORK, NY",Red Light,40.668588020219,-73.931142982995
2020,7,ARTHUR KILL RD (E/B),@ GIFFORDS LN,"ARTHUR KILL RD AND GIFFORDS LN, NEW YORK, NY",Red Light,40.563733009884,-74.155879995858
2020,7,12TH AVE (N/B) @ 42N,D ST,"12TH AVE AND 42N D ST, NEW YORK, NY",Red Light,40.640278980434,-73.990241016257
2020,7,LINDEN BLVD (W/B) @,PENNSYLVANIA AVE,"LINDEN BLVD AND PENNSYLVANIA AVE, NEW YORK, NY",Red Light,40.658685011165,-73.890809013457
2021,7,BORDEN AVE (E/B) @ G,REENPOINT AVE,"BORDEN AVE AND G REENPOINT AVE, NEW YORK, NY",Red Light,40.736826015979,-73.931603987669
2021,7,KINGS HWY (S/B) @ RE,MSEN AVE,"KINGS HWY AND RE MSEN AVE, NEW YORK, NY",Red Light,40.654523019052,-73.921878968329
2021,7,ASTORIA BLVD (W/B) @,STEINWAY ST,"ASTORIA BLVD AND STEINWAY ST, NEW YORK, NY",Red Light,40.769429314309,-73.910277827601
2021,7,QUEENS BLVD (E/B) @,70TH ST,"QUEENS BLVD AND 70TH ST, NEW YORK, NY",Red Light,40.739905988211,-73.894214999813
2021,7,RICHMOND RD (E/B) @,NEW DORP LANE,"RICHMOND RD AND NEW DORP LANE, NEW YORK, NY",Red Light,40.575848003186,-74.119818030912
2021,7,ASTORIA BLVD (W/B) @,94TH ST,"ASTORIA BLVD AND 94TH ST, NEW YORK, NY",Red Light,40.763085009886,-73.875329985225
2021,7,GRAND CONCOURSE (N/B,) @ E 167TH ST,"GRAND CONCOURSE AND E 167TH ST, NEW YORK, NY",Red Light,40.834467015618,-73.917680975943
2021,7,FLATBUSH AVE (N/B) @,BERGEN ST,"FLATBUSH AVE AND BERGEN ST, NEW YORK, NY",Red Light,40.680840979647,-73.975119979109
2021,7,CHRYSTIE ST (N/B) @,E HOUSTON ST,"CHRYSTIE ST AND E HOUSTON ST, NEW YORK, NY",Red Light,40.723593002522,-73.991080966774
2021,7,ATLANTIC AVE (W/B) @,FT GREENE PL,"ATLANTIC AVE AND FT GREENE PL, NEW YORK, NY",Red Light,40.683412296084,-73.975917768653
2021,7,86TH ST (E/B) @ 7TH,AVE,"86TH ST AND 7TH AVE, NEW YORK, NY",Red Light,40.618476979722,-74.021217009994
2021,7,BOOTH MEMORIAL AVE (,W/B) @ KISSENA BLVD,"BOOTH MEMORIAL AVE AND KISSENA BLVD, NEW YORK, NY",Red Light,40.74296798126,-73.814318028192
2021,7,CONEY ISLAND AVE (S/,B) @ DORCHESTER RD,"CONEY ISLAND AVE AND DORCHESTER RD, NEW YORK, NY",Red Light,40.637289197481,-73.968221169882
2021,7,QUEENS BLVD (W/B) @,BROADWAY,"QUEENS BLVD AND BROADWAY, NEW YORK, NY",Red Light,40.736805019312,-73.877641965578
2021,7,FOREST AVE (W/B) @ S,OUTH AVE,"FOREST AVE AND S OUTH AVE, NEW YORK, NY",Red Light,40.627329987766,-74.166563988741
2021,7,ROCKAWAY BLVD (E/B),@ N CONDUIT AVE,"ROCKAWAY BLVD AND N CONDUIT AVE, NEW YORK, NY",Red Light,40.667523015601,-73.780694023604
2022,7,WOODHAVEN BLVD (S/B),@ JAMAICA AVE,"WOODHAVEN BLVD AND JAMAICA AVE, NEW YORK, NY",Red Light,40.69356102063,-73.852402965469
2022,7,HYLAN BLVD (E/B) @ B,URBANK AVE,"HYLAN BLVD AND B URBANK AVE, NEW YORK, NY",Red Light,40.57217199382,-74.108156959577
2022,7,NORTHERN BLVD (W/B),@ MARATHON PKWY,"NORTHERN BLVD AND MARATHON PKWY, NEW YORK, NY",Red Light,40.768396580018,-73.737527725165
2022,7,RICHMOND RD (E/B) @,NEW DORP LANE,"RICHMOND RD AND NEW DORP LANE, NEW YORK, NY",Red Light,40.575848003186,-74.119818030912
2022,7,S CONDUIT AVE (E/B),@ FARMERS BLVD,"S CONDUIT AVE AND FARMERS BLVD, NEW YORK, NY",Red Light,40.666708001246,-73.767122967992
2022,7,WB NORTHERN BLVD @ 4,8TH ST,"NORTHERN BLVD AND 4 8TH ST, NEW YORK, NY",Red Light,40.753677497038,-73.914478669835
2022,7,EB QUEENS BLVD @ 71S,T AVE / CONTINENTAL,"QUEENS BLVD AND 71S T AVE / CONTINENTAL, NEW YORK, NY",Red Light,40.721623506733,-73.843853759507
2023,7,ASTORIA BLVD S (E/B),@ 77TH ST,"ASTORIA BLVD S AND 77TH ST, NEW YORK, NY",Red Light,40.76573100908,-73.891878041388
2023,7,RICHMOND RD (E/B) @,NEW DORP LANE,"RICHMOND RD AND NEW DORP LANE, NEW YORK, NY",Red Light,40.575848003186,-74.119818030912
2023,7,HOWARD AVE (N/B) @ E,NEW YORK AVE,"HOWARD AVE AND E NEW YORK AVE, NEW YORK, NY",Red Light,40.668238997771,-73.920155984312
2023,7,S CONDUIT AVE (E/B),@ BROOKVILLE BLVD,"S CONDUIT AVE AND BROOKVILLE BLVD, NEW YORK, NY",Red Light,40.665253992502,-73.739553966438
2023,7,PELHAM PKWY (E/B) @,BOSTON RD,"PELHAM PKWY AND BOSTON RD, NEW YORK, NY",Red Light,40.857926998687,-73.868184999501
2023,7,ATLANTIC AVE (E/B) @,PENNSYLVANIA AVE,"ATLANTIC AVE AND PENNSYLVANIA AVE, NEW YORK, NY",Red Light,40.675783003995,-73.896890000392
2023,7,ATLANTIC AVE (E/B) @,KINGSTON AVE,"ATLANTIC AVE AND KINGSTON AVE, NEW YORK, NY",Red Light,40.678094020429,-73.941372006173
2023,7,ROCKAWAY BLVD (E/B),@ N CONDUIT AVE,"ROCKAWAY BLVD AND N CONDUIT AVE, NEW YORK, NY",Red Light,40.667523015601,-73.780694023604
2023,7,KINGS HWY (N/B) @ CH,URCH AVE,"KINGS HWY AND CH URCH AVE, NEW YORK, NY",Red Light,40.642371983567,-73.925527024048
2023,7,S CONDUIT AVE (E/B),@ FARMERS BLVD,"S CONDUIT AVE AND FARMERS BLVD, NEW YORK, NY",Red Light,40.666708001246,-73.767122967992
2023,7,KINGS HWY (S/B) @ RE,MSEN AVE,"KINGS HWY AND RE MSEN AVE, NEW YORK, NY",Red Light,40.654523019052,-73.921878968329
2023,7,LINDEN BLVD (E/B) @,PENNSYLVANIA AVE,"LINDEN BLVD AND PENNSYLVANIA AVE, NEW YORK, NY",Red Light,40.658685011165,-73.890809013457
2023,7,CROSSBAY BLVD (S/B),@ 156TH AVE,"CROSSBAY BLVD AND 156TH AVE, NEW YORK, NY",Red Light,40.664182994824,-73.841211029254
2024,7,ATLANTIC AVE (W/B) @,PENNSYLVANIA AVE,"ATLANTIC AVE AND PENNSYLVANIA AVE, NEW YORK, NY",Red Light,40.675783003995,-73.896890000392
2024,7,39TH ST (N/B) @ NORT,HERN BLVD,"39TH ST AND NORT HERN BLVD, NEW YORK, NY",Red Light,40.752323987313,-73.924478028866
2024,7,OCEAN PKWY (S/B) @ S,HORE PKWY,"OCEAN PKWY AND S HORE PKWY, NEW YORK, NY",Red Light,40.583374994147,-73.96699900458
2024,7,ATLANTIC AVE (W/B) @,KINGSTON AVE,"ATLANTIC AVE AND KINGSTON AVE, NEW YORK, NY",Red Light,40.678094020429,-73.941372006173
2024,7,WB QUEENS BLVD @ 70T,H ST / 45TH AVE,"QUEENS BLVD AND 70T H ST / 45TH AVE, NEW YORK, NY",Red Light,40.739905988211,-73.894214999813
2024,7,EB ATLANTIC AVE @ RO,CKAWAY AVE,"ATLANTIC AVE AND RO CKAWAY AVE, NEW YORK, NY",Red Light,40.676272004226,-73.910936980467
2024,7,NB OCEAN PKWY @ AVEN,UE I,"OCEAN PKWY AND AVEN UE I, NEW YORK, NY",Red Light,40.607247995495,-73.96733402925
2024,7,KINGS HWY (S/B) @ RE,MSEN AVE,"KINGS HWY AND RE MSEN AVE, NEW YORK, NY",Red Light,40.654523019052,-73.921878968329
2024,7,BRUCKNER BLVD (W/B),@ WHITE PLAINS RD,"BRUCKNER BLVD AND WHITE PLAINS RD, NEW YORK, NY",Red Light,40.825615013403,-73.859418031694
2024,7,WOODHAVEN BLVD (S/B),@ YELLOWSTONE BLVD,"WOODHAVEN BLVD AND YELLOWSTONE BLVD, NEW YORK, NY",Red Light,40.714000710619,-73.859751799079
2024,7,L.I.E. N. SVC ROAD (,W/B) @ COLLEGE PT BL,"L.I.E. N. SVC ROAD AND COLLEGE PT BL, NEW YORK, NY",Red Light,40.784669767158,-73.8457863722
2024,7,JAMAICA AVE (W/B) @,PENNSYLVANIA AVE,"JAMAICA AVE AND PENNSYLVANIA AVE, NEW YORK, NY",Red Light,40.67820478728,-73.897521995892
2025,7,E 135TH ST (W/B) @ A,LEXANDER AVE,"E 135TH ST AND A LEXANDER AVE, NEW YORK, NY",Red Light,40.808171015609,-73.926531008411
2025,7,CLOVE RD (N/B) @ CHE,SHIRE PL,"CLOVE RD AND CHE SHIRE PL, NEW YORK, NY",Red Light,40.618260014159,-74.105254977059
2025,7,ATLANTIC AVE (E/B) @,KINGSTON AVE,"ATLANTIC AVE AND KINGSTON AVE, NEW YORK, NY",Red Light,40.678094020429,-73.941372006173
2025,7,FLATBUSH AVE (S/B) @,AVIATOR SPORTS COMP,"FLATBUSH AVE AND AVIATOR SPORTS COMP, NEW YORK, NY",Red Light,40.590608,-73.902783
2025,7,HOWARD AVE (N/B) @ E,NEW YORK AVE,"HOWARD AVE AND E NEW YORK AVE, NEW YORK, NY",Red Light,40.668238997771,-73.920155984312
2025,7,ATLANTIC AVE (E/B) @,PENNSYLVANIA AVE,"ATLANTIC AVE AND PENNSYLVANIA AVE, NEW YORK, NY",Red Light,40.675783003995,-73.896890000392
2025,7,QUEENS BLVD (W/B) @,71ST AVE,"QUEENS BLVD AND 71ST AVE, NEW YORK, NY",Red Light,40.721623506733,-73.843853759507
2025,7,ROCKAWAY PKWY (S/B),@ SEAVIEW AVE,"ROCKAWAY PKWY AND SEAVIEW AVE, NEW YORK, NY",Red Light,40.63381100103,-73.889824978025
2025,7,YORK AVE (N/B) @ E 7,9TH ST,"YORK AVE AND E 7 9TH ST, NEW YORK, NY",Red Light,40.771393990503,-73.950438962295
2025,7,RICHMOND AVE (S/B) @,DRAPER PL,"RICHMOND AVE AND DRAPER PL, NEW YORK, NY",Red Light,40.592652000763,-74.163308960462
2016,7,HORACE HARDING EXPWY,(W/B) @ UTOPIA PKWY,"HORACE HARDING EXPWY AND UTOPIA PKWY, NEW YORK, NY",Red Light,40.739471009345,-73.792834036887
2017,7,ATLANTIC AVE (W/B) @,WOODHAVEN BLVD,"ATLANTIC AVE AND WOODHAVEN BLVD, NEW YORK, NY",Red Light,40.68815398062,-73.849093035725
2017,7,STEINWAY ST (S/B) @,NORTHERN BLVD,"STEINWAY ST AND NORTHERN BLVD, NEW YORK, NY",Red Light,40.752323987313,-73.924478028866
2017,7,BAY PKWY (E/B) @ STI,LLWELL AVE,"BAY PKWY AND STI LLWELL AVE, NEW YORK, NY",Red Light,40.608165981531,-73.987354037346
2016,7,ROCKAWAY PKWY (S/B),@ SEAVIEW AVE,"ROCKAWAY PKWY AND SEAVIEW AVE, NEW YORK, NY",Red Light,40.63381100103,-73.889824978025
2018,7,EB ATLANTIC AVE @ RO,CKAWAY AVE,"ATLANTIC AVE AND RO CKAWAY AVE, NEW YORK, NY",Red Light,40.676272004226,-73.910936980467
2018,7,HYLAN BLVD (E/B) @ B,URBANK AVE,"HYLAN BLVD AND B URBANK AVE, NEW YORK, NY",Red Light,40.57217199382,-74.108156959577
2018,7,BRUCKNER BLVD (W/B),@ WHITE PLAINS RD,"BRUCKNER BLVD AND WHITE PLAINS RD, NEW YORK, NY",Red Light,40.825615013403,-73.859418031694
2018,7,WOODHAVEN BLVD (S/B),@ 62ND RD,"WOODHAVEN BLVD AND 62ND RD, NEW YORK, NY",Red Light,40.726148016158,-73.870308973766
2018,7,OCEAN PKWY (N/B) @ C,HURCH AVE,"OCEAN PKWY AND C HURCH AVE, NEW YORK, NY",Red Light,40.644889991099,-73.974469040509
2018,7,WOODHAVEN BLVD (N/B),@ FURMANVILLE AVE,"WOODHAVEN BLVD AND FURMANVILLE AVE, NEW YORK, NY",Red Light,40.720261992291,-73.865584011127
2019,7,WB ATLANTIC AVE @ LO,GAN ST,"ATLANTIC AVE AND LO GAN ST, NEW YORK, NY",Red Light,40.680093984436,-73.877392017225
2019,7,S CONDUIT AVE (E/B),@ BROOKVILLE BLVD,"S CONDUIT AVE AND BROOKVILLE BLVD, NEW YORK, NY",Red Light,40.665253992502,-73.739553966438
2019,7,ATLANTIC AVE (W/B) @,PENNSYLVANIA AVE,"ATLANTIC AVE AND PENNSYLVANIA AVE, NEW YORK, NY",Red Light,40.675783003995,-73.896890000392
2019,7,NWB REMSEN AVE @ LIN,DEN BLVD,"NWB REMSEN AVE AND LIN DEN BLVD, NEW YORK, NY",Red Light,40.654401020452,-73.921746031345
2019,7,12TH AVE (N/B) @ W 5,7TH ST,"12TH AVE AND W 5 7TH ST, NEW YORK, NY",Red Light,40.771558988267,-73.994197023098
2020,7,WB NORTHERN BLVD @ 4,8TH ST,"NORTHERN BLVD AND 4 8TH ST, NEW YORK, NY",Red Light,40.753677497038,-73.914478669835
2021,7,QUEENS BLVD (E/B) @,ASCAN AVE,"QUEENS BLVD AND ASCAN AVE, NEW YORK, NY",Red Light,40.719742984846,-73.839651995264
2021,7,SB RICHMOND AVE @ AR,THUR KILL RD,"RICHMOND AVE AND AR THUR KILL RD, NEW YORK, NY",Red Light,40.561075988487,-74.16983200897
2021,7,NB UTOPIA PKWY @ HOR,ACE HARDING EXPWY,"UTOPIA PKWY AND HOR ACE HARDING EXPWY, NEW YORK, NY",Red Light,40.739471009345,-73.792834036887
2021,7,PENNSYLVANIA AVE (N/,B) @ LINDEN BLVD,"PENNSYLVANIA AVE AND LINDEN BLVD, NEW YORK, NY",Red Light,40.658685011165,-73.890809013457
2022,7,PELHAM PKWY (E/B) @,BOSTON RD,"PELHAM PKWY AND BOSTON RD, NEW YORK, NY",Red Light,40.857926998687,-73.868184999501
2022,7,EB GRAND CENTRAL PKW,Y SVC RD @ 72ND RD,"GRAND CENTRAL PKW Y SVC RD AND 72ND RD, NEW YORK, NY",Red Light,40.749124992056,-73.72916996187
2022,7,QUEENS MIDTOWN EXPWY,(W/B) @ 43RD ST,"QUEENS MIDTOWN EXPWY AND 43RD ST, NEW YORK, NY",Red Light,40.735626817092,-73.923064923809
2022,7,SB OCEAN PKWY @ 18TH,AVE,"OCEAN PKWY AND 18TH AVE, NEW YORK, NY",Red Light,40.633076997769,-73.97223802934
2022,7,KINGS HWY (S/B) @ RE,MSEN AVE,"KINGS HWY AND RE MSEN AVE, NEW YORK, NY",Red Light,40.654523019052,-73.921878968329
2022,7,HORACE HARDING EXPWY,(E/B) @ 173RD ST,"HORACE HARDING EXPWY AND 173RD ST, NEW YORK, NY",Red Light,40.73787155649,-73.796435961593
2022,7,S CONDUIT AVE (E/B),@ BROOKVILLE BLVD,"S CONDUIT AVE AND BROOKVILLE BLVD, NEW YORK, NY",Red Light,40.665253992502,-73.739553966438
2022,7,FOREST AVE (E/B) @ S,OUTH AVE,"FOREST AVE AND S OUTH AVE, NEW YORK, NY",Red Light,40.627329987766,-74.166563988741
2022,7,CROSSBAY BLVD (S/B),@ 156TH AVE,"CROSSBAY BLVD AND 156TH AVE, NEW YORK, NY",Red Light,40.664182994824,-73.841211029254
2022,7,NARROWS RD (W/B) @ R,ICHMOND RD,"NARROWS RD AND R ICHMOND RD, NEW YORK, NY",Red Light,40.608782386691,-74.090796110263
2022,7,4TH AVE (S/B) @ 60TH,ST,"4TH AVE AND 60TH ST, NEW YORK, NY",Red Light,40.640883986205,-74.018488029958
2023,7,EASTERN PKWY (W/B) @,BEDFORD AVE,"EASTERN PKWY AND BEDFORD AVE, NEW YORK, NY",Red Light,40.670309998407,-73.955193010138
2023,7,BRUCKNER BLVD (S/B),@ HUNTS POINT AVE,"BRUCKNER BLVD AND HUNTS POINT AVE, NEW YORK, NY",Red Light,40.820244979495,-73.890711029009
2023,7,SB RICHMOND AVE @ AR,THUR KILL RD,"RICHMOND AVE AND AR THUR KILL RD, NEW YORK, NY",Red Light,40.561075988487,-74.16983200897
2023,7,ASTORIA BLVD (E/B) @,108TH ST,"ASTORIA BLVD AND 108TH ST, NEW YORK, NY",Red Light,40.760406991821,-73.861433041217
2023,7,AMSTERDAM AVE (N/B),@ 96TH STREET,"AMSTERDAM AVE AND 96TH STREET, NEW YORK, NY",Red Light,40.794051993077,-73.9703629976
2024,7,WOODHAVEN BLVD (S/B),@ 62ND RD,"WOODHAVEN BLVD AND 62ND RD, NEW YORK, NY",Red Light,40.726148016158,-73.870308973766
2024,7,BUFFALO AVE (S/B) @,ST MARKS AVE,"BUFFALO AVE AND ST MARKS AVE, NEW YORK, NY",Red Light,40.673858980031,-73.925088985788
2026,7,QUEENS MIDTOWN EXPWY,(W/B) @ 43RD ST,"QUEENS MIDTOWN EXPWY AND 43RD ST, NEW YORK, NY",Red Light,40.735626817092,-73.923064923809
2026,7,ATLANTIC AVE (W/B) @,BEDFORD AVE,"ATLANTIC AVE AND BEDFORD AVE, NEW YORK, NY",Red Light,40.678792987335,-73.953013966769
2026,7,WEST ST (S/B) @ 14TH,STREET,"WEST ST AND 14TH STREET, NEW YORK, NY",Red Light,40.74235849117,-74.008705007848
2026,7,LINDEN BLVD (W/B) @,ROCKAWAY AVE,"LINDEN BLVD AND ROCKAWAY AVE, NEW YORK, NY",Red Light,40.65489199043,-73.90696496419
2026,7,FLATBUSH AVE EXTENSI,ON (S/B) @ TILLARY S,"FLATBUSH AVE EXTENSI ON AND TILLARY S, NEW YORK, NY",Red Light,40.696112010952,-73.984660009846
2026,7,BORDEN AVE (E/B) @ G,REENPOINT AVE,"BORDEN AVE AND G REENPOINT AVE, NEW YORK, NY",Red Light,40.736826015979,-73.931603987669
2026,7,MCDONALD AVE (N/B) @,VANDERBILT ST,"MCDONALD AVE AND VANDERBILT ST, NEW YORK, NY",Red Light,40.65159899213,-73.981111028223
2026,7,HOWARD AVE (N/B) @ E,NEW YORK AVE,"HOWARD AVE AND E NEW YORK AVE, NEW YORK, NY",Red Light,40.668238997771,-73.920155984312
2026,7,SB CONEY ISLAND AVE,@ AVE V,"CONEY ISLAND AVE AND AVE V, NEW YORK, NY",Red Light,40.596156013476,-73.961085990985
2026,7,EB SOUTH AVE @ GLEN,ST,"SOUTH AVE AND GLEN ST, NEW YORK, NY",Red Light,40.620552003673,-74.169205964622
2026,7,NB BRONX PARK E @ AL,LERTON AVE,"BRONX PARK E AND AL LERTON AVE, NEW YORK, NY",Red Light,40.865315981612,-73.870404024548
2026,7,NB WOODHAVEN BLVD @,METROPOLITAN AVE,"WOODHAVEN BLVD AND METROPOLITAN AVE, NEW YORK, NY",Red Light,40.711870617565,-73.859864787133
2026,7,SB CROSS BAY BLVD @,N CONDUIT AVE,"CROSS BAY BLVD AND N CONDUIT AVE, NEW YORK, NY",Red Light,40.668760980791,-73.842378041634
2026,7,SB 164TH ST @ GRAND,CENTRAL PKWY,"164TH ST AND GRAND CENTRAL PKWY, NEW YORK, NY",Red Light,40.716326018198,-73.80322198095
2026,7,EB LINDEN BLVD @ SNE,DIKER AVE,"LINDEN BLVD AND SNE DIKER AVE, NEW YORK, NY",Red Light,40.6576700046,-73.898004039143
2026,7,EB METROPOLITAN AVE,@ STEWART AVE,"METROPOLITAN AVE AND STEWART AVE, NEW YORK, NY",Red Light,40.714276014228,-73.928192972172
2026,7,WB LINDEN BLVD @ SNE,DIKER AVE,"LINDEN BLVD AND SNE DIKER AVE, NEW YORK, NY",Red Light,40.6576700046,-73.898004039143
2026,7,CROSSBAY BLVD (N/B),@ 156TH AVE,"CROSSBAY BLVD AND 156TH AVE, NEW YORK, NY",Red Light,40.664182994824,-73.841211029254
2026,7,SB OCEAN PKWY @ AVE,S,"OCEAN PKWY AND AVE S, NEW YORK, NY",Red Light,40.60246901149,-73.966415959395
2026,7,SB RICHMOND RD @ NAR,ROWS RD N,"RICHMOND RD AND NAR ROWS RD N, NEW YORK, NY",Red Light,40.609410987519,-74.090104016517
2026,7,WB DEKALB AVE @ NOST,RAND AVE,"DEKALB AVE AND NOST RAND AVE, NEW YORK, NY",Red Light,40.691326991977,-73.951761039883
2026,7,EB W 125TH ST @ 5TH,AVE,"W 125TH ST AND 5TH AVE, NEW YORK, NY",Red Light,40.806407002176,-73.942255039672
2026,7,EB FOSTER AVE @ EAST,83RD ST,"FOSTER AVE AND EAST 83RD ST, NEW YORK, NY",Red Light,40.64205141768,-73.916758631317
2026,7,SB UNION TPKE @ METR,OPOLITAN AVE,"UNION TPKE AND METR OPOLITAN AVE, NEW YORK, NY",Red Light,40.709329014974,-73.843848981822
2026,7,WB CROSS BRONX EXPWY,@ WHITE PLAINS RD,"CROSS BRONX EXPWY AND WHITE PLAINS RD, NEW YORK, NY",Red Light,40.833686995708,-73.862914458785
2026,7,NB STEWART AVE @ JOH,NSON AVE,"STEWART AVE AND JOH NSON AVE, NEW YORK, NY",Red Light,40.708803008641,-73.925782001543
2026,7,EB FLUSHING AVE @ MA,RCY AVE,"FLUSHING AVE AND MA RCY AVE, NEW YORK, NY",Red Light,40.699783997005,-73.95008097121
2026,7,WB N GANNON AVE @ BR,ADLEY AVE,"N GANNON AVE AND BR ADLEY AVE, NEW YORK, NY",Red Light,40.608555991486,-74.132143032799
2026,7,NB BAYCHESTER AVE @,GIVAN AVE,"BAYCHESTER AVE AND GIVAN AVE, NEW YORK, NY",Red Light,40.877493000998,-73.836544991395
2026,7,EB LINDEN BLVD @ DRE,W ST,"LINDEN BLVD AND DRE W ST, NEW YORK, NY",Red Light,40.669890987067,-73.861017969372
2026,7,NB 21ST ST @ 41ST AV,E,"21ST ST AND 41ST AV E, NEW YORK, NY",Red Light,40.753990016297,-73.942429969992
2026,7,SB STEINWAY ST @ 28T,H AVE,"STEINWAY ST AND 28T H AVE, NEW YORK, NY",Red Light,40.765481018818,-73.913698985201
2026,7,NB BEDFORD AVE @ FAR,RAGUT RD,"BEDFORD AVE AND FAR RAGUT RD, NEW YORK, NY",Red Light,40.635826010553,-73.953423003644
2025,7,LUTEN AVE (S/B) @ HY,LAN BLVD,"LUTEN AVE AND HY LAN BLVD, NEW YORK, NY",Red Light,40.523165981529,-74.188501021913
2020,7,NB UTOPIA PKWY @ HOR,ACE HARDING EXPWY,"UTOPIA PKWY AND HOR ACE HARDING EXPWY, NEW YORK, NY",Red Light,40.739471009345,-73.792834036887
2025,7,NB REMSEN AVE @ FARR,AGUT RD,"REMSEN AVE AND FARR AGUT RD, NEW YORK, NY",Red Light,40.64321398765,-73.909293037797
2026,7,NB ERSKINE ST @ SEAV,IEW AVE,"ERSKINE ST AND SEAV IEW AVE, NEW YORK, NY",Red Light,40.652905898473,-73.866817491998
2026,7,NB BUFFALO AVE @ EAS,TERN PKWY,"BUFFALO AVE AND EAS TERN PKWY, NEW YORK, NY",Red Light,40.668465309156,-73.925604305195
2026,7,EB GATEWAY DR @ ERSK,INE ST,"GATEWAY DR AND ERSK INE ST, NEW YORK, NY",Red Light,40.652905898473,-73.866817491998
2026,7,SB HYLAN BLVD @ MIDL,AND AVE,"HYLAN BLVD AND MIDL AND AVE, NEW YORK, NY",Red Light,40.577945909732,-74.102322903509
2026,7,NB LENOX AVE @ W 135,TH ST,"LENOX AVE AND W 135 TH ST, NEW YORK, NY",Red Light,40.814140020317,-73.940924999277
2026,7,SB BROADWAY @ ACADEM,Y ST,"BROADWAY AND ACADEM Y ST, NEW YORK, NY",Red Light,40.866336017319,-73.925017991068
2026,7,SB 17TH AVE @ 59TH S,T,"17TH AVE AND 59TH S T, NEW YORK, NY",Red Light,40.62394998531,-73.988889015275
2026,7,NB UTICA AVE @ LENOX,RD,"UTICA AVE AND LENOX RD, NEW YORK, NY",Red Light,40.655348007872,-73.93077199996
2026,7,CROSSBAY BLVD (S/B),@ 156TH AVE,"CROSSBAY BLVD AND 156TH AVE, NEW YORK, NY",Red Light,40.664182994824,-73.841211029254
2026,7,WB 147TH AVE @ SPRIN,GFIELD BLVD,"147TH AVE AND SPRIN GFIELD BLVD, NEW YORK, NY",Red Light,40.65944290285,-73.761398211942
2026,7,WB BOSTON RD @ DYRE,AVE,"BOSTON RD AND DYRE AVE, NEW YORK, NY",Red Light,40.884711998927,-73.831298003826
2026,7,SB NOSTRAND AVE @ DE,KALB AVE,"NOSTRAND AVE AND DE KALB AVE, NEW YORK, NY",Red Light,40.691326991977,-73.951761039883
2026,7,NB PARSONS BLVD @ UN,ION TPKE,"PARSONS BLVD AND UN ION TPKE, NEW YORK, NY",Red Light,40.793504745071,-73.825344744599
2016,7,PARK AVE (W/B) @ WAS,HINGTON AVE,"PARK AVE AND WAS HINGTON AVE, NEW YORK, NY",Red Light,40.696013020676,-73.967420027576
2016,7,ATLANTIC AVE (E/B) @,PENNSYLVANIA AVE,"ATLANTIC AVE AND PENNSYLVANIA AVE, NEW YORK, NY",Red Light,40.675783003995,-73.896890000392
2016,7,NORTHERN BLVD (E/B),@ 114TH ST,"NORTHERN BLVD AND 114TH ST, NEW YORK, NY",Red Light,40.758365998398,-73.855623041212
2017,7,OCEAN PKWY (N/B) @ A,VE W,"OCEAN PKWY AND A VE W, NEW YORK, NY",Red Light,40.58156198849,-73.967607027836
2017,7,CONEY ISLAND AVE (S/,B) @ DORCHESTER RD,"CONEY ISLAND AVE AND DORCHESTER RD, NEW YORK, NY",Red Light,40.637289197481,-73.968221169882
2017,7,WILLIAMSBURG ST (S/B,) @ FLUSHING AVE,"WILLIAMSBURG ST AND FLUSHING AVE, NEW YORK, NY",Red Light,40.698062018816,-73.962818781828
2016,7,HOYT AVE (S/B) @ 31S,T ST,"HOYT AVE AND 31S T ST, NEW YORK, NY",Red Light,40.770378020019,-73.917697991206
2016,7,WOODHAVEN BLVD (N/B),@ YELLOWSTONE BLVD,"WOODHAVEN BLVD AND YELLOWSTONE BLVD, NEW YORK, NY",Red Light,40.714000710619,-73.859751799079
2016,7,WOODHAVEN BLVD (N/B),@ 62ND RD,"WOODHAVEN BLVD AND 62ND RD, NEW YORK, NY",Red Light,40.726148016158,-73.870308973766
2017,7,CROSSBAY BLVD (N/B),@ 156TH AVE,"CROSSBAY BLVD AND 156TH AVE, NEW YORK, NY",Red Light,40.664182994824,-73.841211029254
2017,7,NORTHERN BLVD (E/B),@ 48TH ST,"NORTHERN BLVD AND 48TH ST, NEW YORK, NY",Red Light,40.753677497038,-73.914478669835
2016,7,L.I.E. N. SVC ROAD (,W/B) @ COLLEGE PT BL,"L.I.E. N. SVC ROAD AND COLLEGE PT BL, NEW YORK, NY",Red Light,40.784669767158,-73.8457863722
2017,7,HORACE HARDING EXPWY,(E/B) @ 108TH ST,"HORACE HARDING EXPWY AND 108TH ST, NEW YORK, NY",Red Light,40.73768298176,-73.852103982983
2017,7,VICTORY BLVD (E/B) @,MORANI ST,"VICTORY BLVD AND MORANI ST, NEW YORK, NY",Red Light,40.608092011236,-74.157374992109
2017,7,NB OCEAN PKWY @ AVEN,UE I,"OCEAN PKWY AND AVEN UE I, NEW YORK, NY",Red Light,40.607247995495,-73.96733402925
2017,7,RICHMOND AVE (N/B) @,VICTORY BLVD,"RICHMOND AVE AND VICTORY BLVD, NEW YORK, NY",Red Light,40.607226998828,-74.162498011329
2017,7,VAN WYCK EXP SVC RD,(N/B) @ ROCKAWAY BLV,"VAN WYCK EXP SVC RD AND ROCKAWAY BLV, NEW YORK, NY",Red Light,40.67435158448,-73.801216862072
2016,7,OCEAN PKWY (N/B) @ S,HORE PKWY,"OCEAN PKWY AND S HORE PKWY, NEW YORK, NY",Red Light,40.583374994147,-73.96699900458
2016,7,WOODHAVEN BLVD (S/B),@ JAMAICA AVE,"WOODHAVEN BLVD AND JAMAICA AVE, NEW YORK, NY",Red Light,40.69356102063,-73.852402965469
2016,7,MCDONALD AVE (S/B) @,GREENWOOD AVE,"MCDONALD AVE AND GREENWOOD AVE, NEW YORK, NY",Red Light,40.649528997321,-73.980711965813
2017,7,CROSSBAY BLVD (S/B),@ 156TH AVE,"CROSSBAY BLVD AND 156TH AVE, NEW YORK, NY",Red Light,40.664182994824,-73.841211029254
2016,7,MADISON AVE (N/B) @,E 96TH ST,"MADISON AVE AND E 96TH ST, NEW YORK, NY",Red Light,40.787256784172,-73.954155498163
2017,7,12TH AVE (S/B) @ 23R,D ST,"12TH AVE AND 23R D ST, NEW YORK, NY",Red Light,40.749331019236,-74.008176025938
2018,7,ATLANTIC AVE (E/B) @,PENNSYLVANIA AVE,"ATLANTIC AVE AND PENNSYLVANIA AVE, NEW YORK, NY",Red Light,40.675783003995,-73.896890000392
2018,7,NORTHERN BLVD (W/B),@ DOUGLASTON PKWY,"NORTHERN BLVD AND DOUGLASTON PKWY, NEW YORK, NY",Red Light,40.76534581872,-73.744281359829
2018,7,ATLANTIC AVE (E/B) @,KINGSTON AVE,"ATLANTIC AVE AND KINGSTON AVE, NEW YORK, NY",Red Light,40.678094020429,-73.941372006173
2018,7,JAMAICA AVE (W/B) @,PENNSYLVANIA AVE,"JAMAICA AVE AND PENNSYLVANIA AVE, NEW YORK, NY",Red Light,40.67820478728,-73.897521995892
2018,7,BORDEN AVE (E/B) @ G,REENPOINT AVE,"BORDEN AVE AND G REENPOINT AVE, NEW YORK, NY",Red Light,40.736826015979,-73.931603987669
2018,7,GRAND CONCOURSE (N/B,) @ E 162ND ST,"GRAND CONCOURSE AND E 162ND ST, NEW YORK, NY",Red Light,40.827677715955,-73.922074182854
2018,7,FLATBUSH AVE (S/B) @,DEAN ST,"FLATBUSH AVE AND DEAN ST, NEW YORK, NY",Red Light,40.681814998706,-73.975820035662
2018,7,ARTHUR KILL RD (W/B),@ RICHMOND AVE,"ARTHUR KILL RD AND RICHMOND AVE, NEW YORK, NY",Red Light,40.561075988487,-74.16983200897
2018,7,LINDEN BLVD (E/B) @,PENNSYLVANIA AVE,"LINDEN BLVD AND PENNSYLVANIA AVE, NEW YORK, NY",Red Light,40.658685011165,-73.890809013457
2019,7,KINGS HWY (E/B) @ NO,STRAND AVE,"KINGS HWY AND NO STRAND AVE, NEW YORK, NY",Red Light,40.616169986602,-73.944866002512
2019,7,CROSSBAY BLVD (S/B),@ PITKIN AVE,"CROSSBAY BLVD AND PITKIN AVE, NEW YORK, NY",Red Light,40.67215799851,-73.843282029891
2019,7,CROPSEY AVE (W/B) @,21ST AVE,"CROPSEY AVE AND 21ST AVE, NEW YORK, NY",Red Light,40.598772005457,-74.000740020536
2019,7,WEST ST (S/B) @ 14TH,STREET,"WEST ST AND 14TH STREET, NEW YORK, NY",Red Light,40.74235849117,-74.008705007848
2019,7,NB WOODHAVEN BLVD @,ATLANTIC AVE,"WOODHAVEN BLVD AND ATLANTIC AVE, NEW YORK, NY",Red Light,40.68815398062,-73.849093035725
2019,7,CLOVE RD (N/B) @ CHE,SHIRE PL,"CLOVE RD AND CHE SHIRE PL, NEW YORK, NY",Red Light,40.618260014159,-74.105254977059
2019,7,PENNSYLVANIA AVE (S/,B) @ LINDEN BLVD,"PENNSYLVANIA AVE AND LINDEN BLVD, NEW YORK, NY",Red Light,40.658685011165,-73.890809013457
2019,7,BEDFORD AVE (N/B) @,ATLANTIC AVE,"BEDFORD AVE AND ATLANTIC AVE, NEW YORK, NY",Red Light,40.678792987335,-73.953013966769
2019,7,ARTHUR KILL RD (E/B),@ GIFFORDS LN,"ARTHUR KILL RD AND GIFFORDS LN, NEW YORK, NY",Red Light,40.563733009884,-74.155879995858
2019,7,SEAGIRT BLVD (W/B) @,BEACH 9TH ST,"SEAGIRT BLVD AND BEACH 9TH ST, NEW YORK, NY",Red Light,40.596564002613,-73.744170970164
2019,7,NORTHERN BLVD (W/B),@ MARATHON PKWY,"NORTHERN BLVD AND MARATHON PKWY, NEW YORK, NY",Red Light,40.768396580018,-73.737527725165
2019,7,WOODHAVEN BLVD (N/B),@ FURMANVILLE AVE,"WOODHAVEN BLVD AND FURMANVILLE AVE, NEW YORK, NY",Red Light,40.720261992291,-73.865584011127
2019,7,NORTHERN BLVD (E/B),@ DOUGLASTON PKWY,"NORTHERN BLVD AND DOUGLASTON PKWY, NEW YORK, NY",Red Light,40.76534581872,-73.744281359829
2020,7,HORACE HARDING EXPWY,(W/B) @ 159TH ST,"HORACE HARDING EXPWY AND 159TH ST, NEW YORK, NY",Red Light,40.73829498642,-73.809420985081
2020,7,ASTORIA BLVD S (E/B),@ 77TH ST,"ASTORIA BLVD S AND 77TH ST, NEW YORK, NY",Red Light,40.76573100908,-73.891878041388
2020,7,NORTHERN BLVD (E/B),@ MARATHON PKWY,"NORTHERN BLVD AND MARATHON PKWY, NEW YORK, NY",Red Light,40.768396580018,-73.737527725165
2020,7,BRUCKNER BLVD (E/B),@ BRONX RIVER PKWY R,"BRUCKNER BLVD AND BRONX RIVER PKWY R, NEW YORK, NY",Red Light,40.824586009059,-73.872502014913
2020,7,SEAGIRT BLVD (W/B) @,BEACH 9TH ST,"SEAGIRT BLVD AND BEACH 9TH ST, NEW YORK, NY",Red Light,40.596564002613,-73.744170970164
2020,7,BORDEN AVE (E/B) @ G,REENPOINT AVE,"BORDEN AVE AND G REENPOINT AVE, NEW YORK, NY",Red Light,40.736826015979,-73.931603987669
2020,7,ROCKAWAY BLVD (N/B),@ BROOKVILLE BLVD,"ROCKAWAY BLVD AND BROOKVILLE BLVD, NEW YORK, NY",Red Light,40.640718988441,-73.74336102686
2020,7,12TH AVE (N/B) @ W 5,7TH ST,"12TH AVE AND W 5 7TH ST, NEW YORK, NY",Red Light,40.771558988267,-73.994197023098
2020,7,CONEY ISLAND AVE (S/,B) @ DORCHESTER RD,"CONEY ISLAND AVE AND DORCHESTER RD, NEW YORK, NY",Red Light,40.637289197481,-73.968221169882
2020,7,QUEENS BLVD (W/B) @,BROADWAY,"QUEENS BLVD AND BROADWAY, NEW YORK, NY",Red Light,40.736805019312,-73.877641965578
2020,7,ROCKAWAY PKWY (S/B),@ SEAVIEW AVE,"ROCKAWAY PKWY AND SEAVIEW AVE, NEW YORK, NY",Red Light,40.63381100103,-73.889824978025
2020,7,PENNSYLVANIA AVE (N/,B) @ LINDEN BLVD,"PENNSYLVANIA AVE AND LINDEN BLVD, NEW YORK, NY",Red Light,40.658685011165,-73.890809013457
2021,7,ARTHUR KILL RD (W/B),@ RICHMOND AVE,"ARTHUR KILL RD AND RICHMOND AVE, NEW YORK, NY",Red Light,40.561075988487,-74.16983200897
2021,7,EASTERN PKWY (W/B) @,HOWARD AVE,"EASTERN PKWY AND HOWARD AVE, NEW YORK, NY",Red Light,40.669381493083,-73.920077781156
2021,7,ATLANTIC AVE (W/B) @,BEDFORD AVE,"ATLANTIC AVE AND BEDFORD AVE, NEW YORK, NY",Red Light,40.678792987335,-73.953013966769
2021,7,LINDEN BLVD (E/B) @,FOUNTAIN AVE,"LINDEN BLVD AND FOUNTAIN AVE, NEW YORK, NY",Red Light,40.666804015947,-73.871985019125
2021,7,FLATBUSH AVE EXTENSI,ON (S/B) @ TILLARY S,"FLATBUSH AVE EXTENSI ON AND TILLARY S, NEW YORK, NY",Red Light,40.696112010952,-73.984660009846
2021,7,GRAND CONCOURSE (S/B,) @ E 162 ST,"GRAND CONCOURSE AND E 162 ST, NEW YORK, NY",Red Light,40.827677715955,-73.922074182854
2022,7,OCEAN PKWY (N/B) @ C,HURCH AVE,"OCEAN PKWY AND C HURCH AVE, NEW YORK, NY",Red Light,40.644889991099,-73.974469040509
2022,7,RICHMOND AVE (N/B) @,W CASWELL AVE,"RICHMOND AVE AND W CASWELL AVE, NEW YORK, NY",Red Light,40.616414989632,-74.156790019086
2022,7,HORACE HARDING EXPWY,(E/B) @ UTOPIA PKWY,"HORACE HARDING EXPWY AND UTOPIA PKWY, NEW YORK, NY",Red Light,40.739471009345,-73.792834036887
2022,7,CONEY ISLAND AVE (S/,B) @ AVE P,"CONEY ISLAND AVE AND AVE P, NEW YORK, NY",Red Light,40.609977017441,-73.96243598031
2022,7,CROSSBAY BLVD (N/B),@ LIBERTY AVE,"CROSSBAY BLVD AND LIBERTY AVE, NEW YORK, NY",Red Light,40.680263801795,-73.844728997836
2023,7,OCEAN PKWY (N/B) @ A,VE W,"OCEAN PKWY AND A VE W, NEW YORK, NY",Red Light,40.58156198849,-73.967607027836
2023,7,PENNSYLVANIA AVE (S/,B) @ SEAVIEW AVE,"PENNSYLVANIA AVE AND SEAVIEW AVE, NEW YORK, NY",Red Light,40.64395591181,-73.877571892868
2023,7,FLATBUSH AVE EXTENSI,ON (S/B) @ TILLARY S,"FLATBUSH AVE EXTENSI ON AND TILLARY S, NEW YORK, NY",Red Light,40.696112010952,-73.984660009846
2023,7,E 135TH ST (W/B) @ 3,RD AVE,"E 135TH ST AND 3 RD AVE, NEW YORK, NY",Red Light,40.809417991345,-73.929631977309
2023,7,ARTHUR KILL RD (W/B),@ RICHMOND AVE,"ARTHUR KILL RD AND RICHMOND AVE, NEW YORK, NY",Red Light,40.561075988487,-74.16983200897
2023,7,SEAGIRT BLVD (W/B) @,BEACH 9TH ST,"SEAGIRT BLVD AND BEACH 9TH ST, NEW YORK, NY",Red Light,40.596564002613,-73.744170970164
2023,7,BROADWAY (S/B) @ SHE,RMAN AVE,"BROADWAY AND SHE RMAN AVE, NEW YORK, NY",Red Light,40.862134211167,-73.929992566784
2023,7,BARTOW AVE (E/B) @ C,O-OP CITY BLVD,"BARTOW AVE AND C O-OP CITY BLVD, NEW YORK, NY",Red Light,40.869579981486,-73.826266012074
2023,7,LINDEN BLVD (W/B) @,PENNSYLVANIA AVE,"LINDEN BLVD AND PENNSYLVANIA AVE, NEW YORK, NY",Red Light,40.658685011165,-73.890809013457
2023,7,SURF AVE (W/B) @ W 5,TH ST,"SURF AVE AND W 5 TH ST, NEW YORK, NY",Red Light,40.574745992466,-73.97346296067
2023,7,WB ATLANTIC AVE @ RO,CKAWAY AVE,"ATLANTIC AVE AND RO CKAWAY AVE, NEW YORK, NY",Red Light,40.676272004226,-73.910936980467
2023,7,YORK AVE (N/B) @ E 7,9TH ST,"YORK AVE AND E 7 9TH ST, NEW YORK, NY",Red Light,40.771393990503,-73.950438962295
2023,7,RICHMOND AVE (S/B) @,ETON PL,"RICHMOND AVE AND ETON PL, NEW YORK, NY",Red Light,40.604637284113,-74.16227203522
2024,7,GRAND CONCOURSE (N/B,) @ E 162ND ST,"GRAND CONCOURSE AND E 162ND ST, NEW YORK, NY",Red Light,40.827677715955,-73.922074182854
2024,7,QUEENS MIDTOWN EXPWY,(W/B) @ 43RD ST,"QUEENS MIDTOWN EXPWY AND 43RD ST, NEW YORK, NY",Red Light,40.735626817092,-73.923064923809
2024,7,OCEAN PKWY (N/B) @ A,VE W,"OCEAN PKWY AND A VE W, NEW YORK, NY",Red Light,40.58156198849,-73.967607027836
2024,7,NORTHERN BLVD (E/B),@ 114TH ST,"NORTHERN BLVD AND 114TH ST, NEW YORK, NY",Red Light,40.758365998398,-73.855623041212
2024,7,SB OCEAN PKWY @ 18TH,AVE,"OCEAN PKWY AND 18TH AVE, NEW YORK, NY",Red Light,40.633076997769,-73.97223802934
2024,7,YORK AVE (N/B) @ E 7,9TH ST,"YORK AVE AND E 7 9TH ST, NEW YORK, NY",Red Light,40.771393990503,-73.950438962295
2024,7,ARTHUR KILL RD (W/B),@ RICHMOND AVE,"ARTHUR KILL RD AND RICHMOND AVE, NEW YORK, NY",Red Light,40.561075988487,-74.16983200897
2024,7,BRONX RIVER PKWY OFF,RAMP (S/B) @ E/B BR,"BRONX RIVER PKWY OFF RAMP AND BR, NEW YORK, NY",Red Light,40.872532401319,-73.871474819032
2024,7,RICHMOND AVE (N/B) @,DRAPER PL,"RICHMOND AVE AND DRAPER PL, NEW YORK, NY",Red Light,40.592652000763,-74.163308960462
2024,7,SO CONDUIT AVE (E/B),@ 89TH ST,"SO CONDUIT AVE AND 89TH ST, NEW YORK, NY",Red Light,40.669570211633,-73.846365564431
2024,7,NARROWS RD S (E/B) @,HYLAN BLVD,"NARROWS RD S AND HYLAN BLVD, NEW YORK, NY",Red Light,40.605605016745,-74.077873981594
2024,7,SO GANNON AVE (E/B),@ BRADLEY AVE,"SO GANNON AVE AND BRADLEY AVE, NEW YORK, NY",Red Light,40.607758998223,-74.132040019209
2024,7,SB OCEAN PKWY @ AVEN,UE I,"OCEAN PKWY AND AVEN UE I, NEW YORK, NY",Red Light,40.607247995495,-73.96733402925
2024,7,FLATBUSH AVE (N/B) @,AVIATOR SPORTS COMP,"FLATBUSH AVE AND AVIATOR SPORTS COMP, NEW YORK, NY",Red Light,40.590608,-73.902783
2024,7,GUN HILL ROAD (E/B),@ EASTCHESTER RD,"GUN HILL ROAD AND EASTCHESTER RD, NEW YORK, NY",Red Light,40.868486017393,-73.842415005827
2024,7,CROSSBAY BLVD (S/B),@ 156TH AVE,"CROSSBAY BLVD AND 156TH AVE, NEW YORK, NY",Red Light,40.664182994824,-73.841211029254
2025,7,RICHMOND RD (W/B) @,NEW DORP LANE,"RICHMOND RD AND NEW DORP LANE, NEW YORK, NY",Red Light,40.575848003186,-74.119818030912
2025,7,KINGS HWY (N/B) @ CH,URCH AVE,"KINGS HWY AND CH URCH AVE, NEW YORK, NY",Red Light,40.642371983567,-73.925527024048
2025,7,LAFAYETTE AVE (S/B),@ MARCY AVE,"LAFAYETTE AVE AND MARCY AVE, NEW YORK, NY",Red Light,40.690240990692,-73.948184984712
2025,7,HORACE HARDING EXPWY,(E/B) @ 159TH ST,"HORACE HARDING EXPWY AND 159TH ST, NEW YORK, NY",Red Light,40.73829498642,-73.809420985081
2025,7,FLATBUSH AVE EXTENSI,ON (S/B) @ TILLARY S,"FLATBUSH AVE EXTENSI ON AND TILLARY S, NEW YORK, NY",Red Light,40.696112010952,-73.984660009846
2025,7,HOYT AVE (S/B) @ 31S,T ST,"HOYT AVE AND 31S T ST, NEW YORK, NY",Red Light,40.770378020019,-73.917697991206
2025,7,OCEAN PKWY (S/B) @ S,HORE PKWY,"OCEAN PKWY AND S HORE PKWY, NEW YORK, NY",Red Light,40.583374994147,-73.96699900458
2025,7,OCEAN PKWY (N/B) @ A,VE X,"OCEAN PKWY AND A VE X, NEW YORK, NY",Red Light,40.574900668267,-73.968947749134
2025,7,2ND AVE (S/B) @ E HO,USTON ST,"2ND AVE AND E HO USTON ST, NEW YORK, NY",Red Light,40.723593002522,-73.991080966774
2025,7,LINDEN BLVD (E/B) @,PENNSYLVANIA AVE,"LINDEN BLVD AND PENNSYLVANIA AVE, NEW YORK, NY",Red Light,40.658685011165,-73.890809013457
2025,7,SB RICHMOND RD @ NAR,ROWS RD N,"RICHMOND RD AND NAR ROWS RD N, NEW YORK, NY",Red Light,40.609410987519,-74.090104016517
2016,7,LINDEN BLVD (W/B) @,FOUNTAIN AVE,"LINDEN BLVD AND FOUNTAIN AVE, NEW YORK, NY",Red Light,40.666804015947,-73.871985019125
2017,7,BEDFORD AVE (N/B) @,ATLANTIC AVE,"BEDFORD AVE AND ATLANTIC AVE, NEW YORK, NY",Red Light,40.678792987335,-73.953013966769
2016,7,ATLANTIC AVE (E/B) @,KINGSTON AVE,"ATLANTIC AVE AND KINGSTON AVE, NEW YORK, NY",Red Light,40.678094020429,-73.941372006173
2016,7,E 135TH ST (W/B) @ 3,RD AVE,"E 135TH ST AND 3 RD AVE, NEW YORK, NY",Red Light,40.809417991345,-73.929631977309
2016,7,LINDEN BLVD (E/B) @,PENNSYLVANIA AVE,"LINDEN BLVD AND PENNSYLVANIA AVE, NEW YORK, NY",Red Light,40.658685011165,-73.890809013457
2016,7,FOREST AVE (E/B) @ S,OUTH AVE,"FOREST AVE AND S OUTH AVE, NEW YORK, NY",Red Light,40.627329987766,-74.166563988741
2017,7,RICHMOND AVE (S/B) @,LANDER AVE,"RICHMOND AVE AND LANDER AVE, NEW YORK, NY",Red Light,40.613023001055,-74.158826989196
2017,7,WOODHAVEN BLVD (N/B),@ FURMANVILLE AVE,"WOODHAVEN BLVD AND FURMANVILLE AVE, NEW YORK, NY",Red Light,40.720261992291,-73.865584011127
2018,7,ASTORIA BLVD (W/B) @,108TH ST,"ASTORIA BLVD AND 108TH ST, NEW YORK, NY",Red Light,40.760406991821,-73.861433041217
2018,7,222ND ST (W/B) @ PAU,LDING AVE,"222ND ST AND PAU LDING AVE, NEW YORK, NY",Red Light,40.883026984931,-73.853247023119
2018,7,RICHMOND AVE (N/B) @,ARTHUR KILL RD,"RICHMOND AVE AND ARTHUR KILL RD, NEW YORK, NY",Red Light,40.561075988487,-74.16983200897
2018,7,FLATBUSH AVE (N/B) @,AVENUE H,"FLATBUSH AVE AND AVENUE H, NEW YORK, NY",Red Light,40.631715986241,-73.946492007909
2018,7,CHRYSTIE ST (N/B) @,E HOUSTON ST,"CHRYSTIE ST AND E HOUSTON ST, NEW YORK, NY",Red Light,40.723593002522,-73.991080966774
2019,7,FLATBUSH AVE (N/B) @,GLENWOOD RD,"FLATBUSH AVE AND GLENWOOD RD, NEW YORK, NY",Red Light,40.633941004348,-73.94884396994
2019,7,HYLAN BLVD (E/B) @ B,URBANK AVE,"HYLAN BLVD AND B URBANK AVE, NEW YORK, NY",Red Light,40.57217199382,-74.108156959577
2019,7,RICHMOND RD (W/B) @,NEW DORP LANE,"RICHMOND RD AND NEW DORP LANE, NEW YORK, NY",Red Light,40.575848003186,-74.119818030912
2019,7,GUN HILL RD (E/B) @,WHITE PLAINS RD,"GUN HILL RD AND WHITE PLAINS RD, NEW YORK, NY",Red Light,40.877645006812,-73.86740598542
2019,7,EB UNION TPKE @ WOOD,HAVEN BLVD,"UNION TPKE AND WOOD HAVEN BLVD, NEW YORK, NY",Red Light,40.705556990907,-73.858426033453
2020,7,YORK AVE (N/B) @ E 7,9TH ST,"YORK AVE AND E 7 9TH ST, NEW YORK, NY",Red Light,40.771393990503,-73.950438962295
2020,7,RICHMOND AVE (N/B) @,ARTHUR KILL RD,"RICHMOND AVE AND ARTHUR KILL RD, NEW YORK, NY",Red Light,40.561075988487,-74.16983200897
2020,7,3RD AVE (N/B) @ 36TH,ST,"3RD AVE AND 36TH ST, NEW YORK, NY",Red Light,40.655629011176,-74.006574998613
2020,7,2ND AVE (S/B) @ 26TH,ST,"2ND AVE AND 26TH ST, NEW YORK, NY",Red Light,40.739775984893,-73.979500026433
2021,7,GUN HILL ROAD (E/B),@ EASTCHESTER RD,"GUN HILL ROAD AND EASTCHESTER RD, NEW YORK, NY",Red Light,40.868486017393,-73.842415005827
2021,7,WB NORTHERN BLVD @ 4,8TH ST,"NORTHERN BLVD AND 4 8TH ST, NEW YORK, NY",Red Light,40.753677497038,-73.914478669835
2021,7,SO GANNON AVE (E/B),@ BRADLEY AVE,"SO GANNON AVE AND BRADLEY AVE, NEW YORK, NY",Red Light,40.607758998223,-74.132040019209
2021,7,FATHER CAPODANNO BLV,D (N/B) @ PARK AND R,"FATHER CAPODANNO BLV D AND PARK AND R, NEW YORK, NY",Red Light,40.584487331871,-74.072312774025
2022,7,EASTERN PKWY (W/B) @,HOWARD AVE,"EASTERN PKWY AND HOWARD AVE, NEW YORK, NY",Red Light,40.669381493083,-73.920077781156
2022,7,12TH AVE (S/B) @ 34T,H ST,"12TH AVE AND 34T H ST, NEW YORK, NY",Red Light,40.75697900297,-74.004799962977
2022,7,BRONXDALE AVE (W/B),@ CRUGER AVE,"BRONXDALE AVE AND CRUGER AVE, NEW YORK, NY",Red Light,40.850956985192,-73.866808020448
2022,7,HAMILTON AVE (N/B) @,CLINTON ST,"HAMILTON AVE AND CLINTON ST, NEW YORK, NY",Red Light,40.676349201555,-74.001009833999
2022,7,PENNSYLVANIA AVE (S/,B) @ SEAVIEW AVE,"PENNSYLVANIA AVE AND SEAVIEW AVE, NEW YORK, NY",Red Light,40.64395591181,-73.877571892868
2022,7,NORTHERN BLVD (E/B),@ 114TH ST,"NORTHERN BLVD AND 114TH ST, NEW YORK, NY",Red Light,40.758365998398,-73.855623041212
2022,7,SEAGIRT BLVD (W/B) @,BEACH 9TH ST,"SEAGIRT BLVD AND BEACH 9TH ST, NEW YORK, NY",Red Light,40.596564002613,-73.744170970164
2022,7,CHRYSTIE ST (N/B) @,E HOUSTON ST,"CHRYSTIE ST AND E HOUSTON ST, NEW YORK, NY",Red Light,40.723593002522,-73.991080966774
2023,7,CADMAN PLAZA (E/B) @,PROSPECT ST,"CADMAN PLAZA AND PROSPECT ST, NEW YORK, NY",Red Light,40.700736600301,-73.989726702678
2023,7,ASTORIA BLVD (W/B) @,108TH ST,"ASTORIA BLVD AND 108TH ST, NEW YORK, NY",Red Light,40.760406991821,-73.861433041217
2024,7,EB UNION TPKE @ WOOD,HAVEN BLVD,"UNION TPKE AND WOOD HAVEN BLVD, NEW YORK, NY",Red Light,40.705556990907,-73.858426033453
2024,7,SB RICHMOND AVE @ AR,THUR KILL RD,"RICHMOND AVE AND AR THUR KILL RD, NEW YORK, NY",Red Light,40.561075988487,-74.16983200897
2024,7,QUEENS BLVD (W/B) @,71ST AVE,"QUEENS BLVD AND 71ST AVE, NEW YORK, NY",Red Light,40.721623506733,-73.843853759507
2019,7,BOSTON RD (E/B) @ PE,LHAM PKWY,"BOSTON RD AND PE LHAM PKWY, NEW YORK, NY",Red Light,40.857926998687,-73.868184999501
2026,7,HORACE HARDING EXPWY,(E/B) @ 108TH ST,"HORACE HARDING EXPWY AND 108TH ST, NEW YORK, NY",Red Light,40.73768298176,-73.852103982983
2026,7,ATLANTIC AVE (W/B) @,FT GREENE PL,"ATLANTIC AVE AND FT GREENE PL, NEW YORK, NY",Red Light,40.683412296084,-73.975917768653
2026,7,ARTHUR KILL RD (E/B),@ GIFFORDS LN,"ARTHUR KILL RD AND GIFFORDS LN, NEW YORK, NY",Red Light,40.563733009884,-74.155879995858
2026,7,CLOVE RD (N/B) @ BAR,D AVE,"CLOVE RD AND BAR D AVE, NEW YORK, NY",Red Light,40.620771106622,-74.110044396534
2026,7,ATLANTIC AVE (E/B) @,BEDFORD AVE,"ATLANTIC AVE AND BEDFORD AVE, NEW YORK, NY",Red Light,40.678792987335,-73.953013966769
2026,7,ASTORIA BLVD S (E/B),@ 77TH ST,"ASTORIA BLVD S AND 77TH ST, NEW YORK, NY",Red Light,40.76573100908,-73.891878041388
2026,7,FATHER CAPODANNO BLV,D (S/B) @ SAND LN,"FATHER CAPODANNO BLV D AND SAND LN, NEW YORK, NY",Red Light,40.590377990431,-74.06668799653
2026,7,PENNSYLVANIA AVE (N/,B) @ LINDEN BLVD,"PENNSYLVANIA AVE AND LINDEN BLVD, NEW YORK, NY",Red Light,40.658685011165,-73.890809013457
2026,7,ROCKAWAY BLVD (S/B),@ BROOKVILLE BLVD,"ROCKAWAY BLVD AND BROOKVILLE BLVD, NEW YORK, NY",Red Light,40.640718988441,-73.74336102686
2026,7,LINDEN BLVD (W/B) @,FOUNTAIN AVE,"LINDEN BLVD AND FOUNTAIN AVE, NEW YORK, NY",Red Light,40.666804015947,-73.871985019125
2026,7,RICHMOND AVE (N/B) @,W CASWELL AVE,"RICHMOND AVE AND W CASWELL AVE, NEW YORK, NY",Red Light,40.616414989632,-74.156790019086
2026,7,LINDEN BLVD (E/B) @,PENNSYLVANIA AVE,"LINDEN BLVD AND PENNSYLVANIA AVE, NEW YORK, NY",Red Light,40.658685011165,-73.890809013457
2026,7,EB HILLSIDE AVE @ 21,2TH ST,"HILLSIDE AVE AND 21 2TH ST, NEW YORK, NY",Red Light,40.72469870128,-73.754112913159
2026,7,WB FOSTER AVE @ E 83,RD ST,"FOSTER AVE AND E 83 RD ST, NEW YORK, NY",Red Light,40.64205141768,-73.916758631317
2026,7,SB FRANCIS LEWIS BLV,D @ 111TH AVE,"FRANCIS LEWIS BLV D AND 111TH AVE, NEW YORK, NY",Red Light,40.705634984516,-73.750511963736
2026,7,WB MERRICK BLVD @ BR,OOKVILLE BLVD,"MERRICK BLVD AND BR OOKVILLE BLVD, NEW YORK, NY",Red Light,40.673217387252,-73.733808171811
2026,7,EB W 145TH ST @ LENO,X AVE,"W 145TH ST AND LENO X AVE, NEW YORK, NY",Red Light,40.820429087999,-73.936158127122
2026,7,NB WILLIAMSBRIDGE RD,@ PELHAM PKWY N,"WILLIAMSBRIDGE RD AND PELHAM PKWY N, NEW YORK, NY",Red Light,40.858123009493,-73.856650997818
2016,7,STEINWAY ST (S/B) @,NORTHERN BLVD,"STEINWAY ST AND NORTHERN BLVD, NEW YORK, NY",Red Light,40.752323987313,-73.924478028866
2026,7,WILLIAMSBURG ST (S/B,) @ FLUSHING AVE,"WILLIAMSBURG ST AND FLUSHING AVE, NEW YORK, NY",Red Light,40.698062018816,-73.962818781828
2026,7,SOUTH AVE (S/B) @ TR,AVIS AVE,"SOUTH AVE AND TR AVIS AVE, NEW YORK, NY",Red Light,40.602690000368,-74.184153999288
2026,7,GUN HILL ROAD (E/B),@ EASTCHESTER RD,"GUN HILL ROAD AND EASTCHESTER RD, NEW YORK, NY",Red Light,40.868486017393,-73.842415005827
2026,7,WOODHAVEN BLVD (S/B),@ YELLOWSTONE BLVD,"WOODHAVEN BLVD AND YELLOWSTONE BLVD, NEW YORK, NY",Red Light,40.714000710619,-73.859751799079
2026,7,FATHER CAPODANNO BLV,D (S/B) @ PARK AND R,"FATHER CAPODANNO BLV D AND PARK AND R, NEW YORK, NY",Red Light,40.584487331871,-74.072312774025
2026,7,WB W 207TH ST @ 10TH,AVE,"W 207TH ST AND 10TH AVE, NEW YORK, NY",Red Light,40.864493004449,-73.91896499969
2026,7,EB QUEENS BLVD @ GRA,ND AVE / BROADWAY,"QUEENS BLVD AND GRA ND AVE / BROADWAY, NEW YORK, NY",Red Light,40.736805019312,-73.877641965578
2026,7,WOODHAVEN BLVD (S/B),@ 62ND RD,"WOODHAVEN BLVD AND 62ND RD, NEW YORK, NY",Red Light,40.726148016158,-73.870308973766
2026,7,WB ROCKAWAY BLVD @ B,AISLEY BLVD,"ROCKAWAY BLVD AND B AISLEY BLVD, NEW YORK, NY",Red Light,40.672380579949,-73.78576381774
2026,7,NB PARK AVE @ E 106T,H ST,"PARK AVE AND E 106T H ST, NEW YORK, NY",Red Light,40.792969218825,-73.948063028021
2026,7,EB ATLANTIC AVE @ 13,0TH ST,"ATLANTIC AVE AND 13 0TH ST, NEW YORK, NY",Red Light,40.695897015136,-73.818922961978
2026,7,LUTEN AVE (S/B) @ HY,LAN BLVD,"LUTEN AVE AND HY LAN BLVD, NEW YORK, NY",Red Light,40.523165981529,-74.188501021913
2026,7,SB GRAND CONCOURSE @,E 169TH ST,"GRAND CONCOURSE AND E 169TH ST, NEW YORK, NY",Red Light,40.836380017379,-73.915811979173
2026,7,NB PENNSYLVANIA AVE,@ FLATLANDS AVE,"PENNSYLVANIA AVE AND FLATLANDS AVE, NEW YORK, NY",Red Light,40.652788007005,-73.886413040518
2026,7,EB BUSHWICK AVE @ CO,OPER ST,"BUSHWICK AVE AND CO OPER ST, NEW YORK, NY",Red Light,40.684924014232,-73.910117984708
2026,7,SB WOODHAVEN BLVD @,MYRTLE AVE,"WOODHAVEN BLVD AND MYRTLE AVE, NEW YORK, NY",Red Light,40.702595999792,-73.855377032354
2026,7,WB JAMAICA AVE @ 187,TH PL,"JAMAICA AVE AND 187 TH PL, NEW YORK, NY",Red Light,40.710358019318,-73.771737960061
2026,7,WB JAMAICA AVE @ FRA,NCIS LEWIS BLVD,"JAMAICA AVE AND FRA NCIS LEWIS BLVD, NEW YORK, NY",Red Light,40.713903019537,-73.754119031948
2026,7,WB E GUN HILL RD @ B,RONXWOOD AVE,"E GUN HILL RD AND B RONXWOOD AVE, NEW YORK, NY",Red Light,40.87549999397,-73.860511031868
2026,7,SB CONEY ISLAND AVE,@ AVE Z,"CONEY ISLAND AVE AND AVE Z, NEW YORK, NY",Red Light,40.587300993776,-73.960402027685
2026,7,WB BAINBRIDGE ST @ P,ATCHEN AVE,"BAINBRIDGE ST AND P ATCHEN AVE, NEW YORK, NY",Red Light,40.681571001504,-73.925800022635
2026,7,EB EASTERN PKWY @ KI,NGSTON AVE,"EASTERN PKWY AND KI NGSTON AVE, NEW YORK, NY",Red Light,40.669209999344,-73.942214974175
2026,7,WB ROCKAWAY FWY @ BE,ACH 41ST ST,"ROCKAWAY FWY AND BE ACH 41ST ST, NEW YORK, NY",Red Light,40.591668236835,-73.793202050249
2026,7,NB FRANCIS LEWIS BLV,D @ 111TH AVE,"FRANCIS LEWIS BLV D AND 111TH AVE, NEW YORK, NY",Red Light,40.705634984516,-73.750511963736
2026,7,SB WEBSTER AVE @ E 1,66TH ST,"WEBSTER AVE AND E 1 66TH ST, NEW YORK, NY",Red Light,40.829158001965,-73.911453976255
2026,7,WB LINDEN BLVD @ ATK,INS AVE,"LINDEN BLVD AND ATK INS AVE, NEW YORK, NY",Red Light,40.665388983053,-73.875224959978
2023,7,WOODHAVEN BLVD (N/B),@ ROCKAWAY BLVD,"WOODHAVEN BLVD AND ROCKAWAY BLVD, NEW YORK, NY",Red Light,40.68071868768,-73.84481088903
2025,7,WB ROCKAWAY BLVD @ F,ARMERS BLVD,"ROCKAWAY BLVD AND F ARMERS BLVD, NEW YORK, NY",Red Light,40.659654001081,-73.773951033956
2025,7,EB LINDEN BLVD @ VAN,SICLEN AVE,"LINDEN BLVD AND VAN SICLEN AVE, NEW YORK, NY",Red Light,40.660791006247,-73.885892021417
2026,7,WOODHAVEN BLVD (N/B),@ ROCKAWAY BLVD,"WOODHAVEN BLVD AND ROCKAWAY BLVD, NEW YORK, NY",Red Light,40.68071868768,-73.84481088903
2026,7,EB ARCHER AVE @ GUY,R BREWER BLVD,"ARCHER AVE AND GUY R BREWER BLVD, NEW YORK, NY",Red Light,40.703302007496,-73.796096022146
2026,7,SB 80TH ST @ 57TH AV,E,"80TH ST AND 57TH AV E, NEW YORK, NY",Red Light,40.728989020329,-73.882388972623
2026,7,EB MORRIS PARK AVE @,WILLIAMSBRIDGE RD,"MORRIS PARK AVE AND WILLIAMSBRIDGE RD, NEW YORK, NY",Red Light,40.850306004682,-73.851369979722
2026,7,EB METROPOLITAN AVE,@ WOODHAVEN BLVD,"METROPOLITAN AVE AND WOODHAVEN BLVD, NEW YORK, NY",Red Light,40.711870617565,-73.859864787133
2026,7,WB AVE M @ CONEY ISL,AND AVE,"AVE M AND CONEY ISL AND AVE, NEW YORK, NY",Red Light,40.616421003647,-73.974463969457
2026,7,WB GRAND CENTRAL PKW,Y @ MAIN ST,"GRAND CENTRAL PKW Y AND MAIN ST, NEW YORK, NY",Red Light,40.715629984958,-73.816438984972
2017,7,QUEENS BLVD (W/B) @,JACOBUS ST,"QUEENS BLVD AND JACOBUS ST, NEW YORK, NY",Red Light,40.73857460671,-73.887233461201
2016,7,EB QUEENS BLVD @ 71S,T AVE / CONTINENTAL,"QUEENS BLVD AND 71S T AVE / CONTINENTAL, NEW YORK, NY",Red Light,40.721623506733,-73.843853759507
2016,7,EB GRAND CENTRAL PKW,Y SVC RD @ 72ND RD,"GRAND CENTRAL PKW Y SVC RD AND 72ND RD, NEW YORK, NY",Red Light,40.749124992056,-73.72916996187
2016,7,S CONDUIT AVE (E/B),@ BROOKVILLE BLVD,"S CONDUIT AVE AND BROOKVILLE BLVD, NEW YORK, NY",Red Light,40.665253992502,-73.739553966438
2016,7,ATLANTIC AVE (W/B) @,KINGSTON AVE,"ATLANTIC AVE AND KINGSTON AVE, NEW YORK, NY",Red Light,40.678094020429,-73.941372006173
2017,7,LINDEN BLVD (W/B) @,ROCKAWAY AVE,"LINDEN BLVD AND ROCKAWAY AVE, NEW YORK, NY",Red Light,40.65489199043,-73.90696496419
2016,7,ATLANTIC AVE (W/B) @,NOSTRAND AVE,"ATLANTIC AVE AND NOSTRAND AVE, NEW YORK, NY",Red Light,40.678547984305,-73.949685010104
2016,7,QUEENS BLVD (W/B) @,BROADWAY,"QUEENS BLVD AND BROADWAY, NEW YORK, NY",Red Light,40.736805019312,-73.877641965578
2017,7,NORTHERN BLVD (W/B),@ DOUGLASTON PKWY,"NORTHERN BLVD AND DOUGLASTON PKWY, NEW YORK, NY",Red Light,40.76534581872,-73.744281359829
2016,7,ARTHUR KILL RD (W/B),@ RICHMOND AVE,"ARTHUR KILL RD AND RICHMOND AVE, NEW YORK, NY",Red Light,40.561075988487,-74.16983200897
2016,7,WEST ST (N/B) @ W HO,USTON ST,"WEST ST AND W HO USTON ST, NEW YORK, NY",Red Light,40.729111605663,-74.010544332681
2016,7,BRUCKNER BLVD (E/B),@ HUNTS POINT AVE,"BRUCKNER BLVD AND HUNTS POINT AVE, NEW YORK, NY",Red Light,40.820244979495,-73.890711029009
2016,7,HORACE HARDING EXPWY,(E/B) @ 173RD ST,"HORACE HARDING EXPWY AND 173RD ST, NEW YORK, NY",Red Light,40.73787155649,-73.796435961593
2016,7,FRANCIS LEWIS BLVD (,N/B) @ HILLSIDE AVE,"FRANCIS LEWIS BLVD AND HILLSIDE AVE, NEW YORK, NY",Red Light,40.721034007483,-73.759482025057
2016,7,PENNSYLVANIA AVE (S/,B) @ LINDEN BLVD,"PENNSYLVANIA AVE AND LINDEN BLVD, NEW YORK, NY",Red Light,40.658685011165,-73.890809013457
2017,7,WB QUEENS BLVD @ 58T,H ST,"QUEENS BLVD AND 58T H ST, NEW YORK, NY",Red Light,40.741804992194,-73.907524959141
2017,7,HORACE HARDING EXPWY,(E/B) @ 159TH ST,"HORACE HARDING EXPWY AND 159TH ST, NEW YORK, NY",Red Light,40.73829498642,-73.809420985081
2016,7,RICHMOND AVE (N/B) @,ARTHUR KILL RD,"RICHMOND AVE AND ARTHUR KILL RD, NEW YORK, NY",Red Light,40.561075988487,-74.16983200897
2016,7,S CONDUIT AVE (E/B),@ FARMERS BLVD,"S CONDUIT AVE AND FARMERS BLVD, NEW YORK, NY",Red Light,40.666708001246,-73.767122967992
2016,7,NORTHERN BLVD (E/B),@ MARATHON PKWY,"NORTHERN BLVD AND MARATHON PKWY, NEW YORK, NY",Red Light,40.768396580018,-73.737527725165
2016,7,ATLANTIC AVE (W/B) @,PENNSYLVANIA AVE,"ATLANTIC AVE AND PENNSYLVANIA AVE, NEW YORK, NY",Red Light,40.675783003995,-73.896890000392
2016,7,OCEAN PKWY (S/B) @ A,VE W,"OCEAN PKWY AND A VE W, NEW YORK, NY",Red Light,40.58156198849,-73.967607027836
2016,7,FOREST AVE (W/B) @ S,OUTH AVE,"FOREST AVE AND S OUTH AVE, NEW YORK, NY",Red Light,40.627329987766,-74.166563988741
2017,7,OCEAN PKWY (N/B) @ C,HURCH AVE,"OCEAN PKWY AND C HURCH AVE, NEW YORK, NY",Red Light,40.644889991099,-73.974469040509
2017,7,E FORDHAM RD (E/B) @,BOSTON RD,"E FORDHAM RD AND BOSTON RD, NEW YORK, NY",Red Light,40.856708186146,-73.86938579095
2016,7,AMSTERDAM AVE (N/B),@ 96TH STREET,"AMSTERDAM AVE AND 96TH STREET, NEW YORK, NY",Red Light,40.794051993077,-73.9703629976
2017,7,ARTHUR KILL RD (E/B),@ GIFFORDS LN,"ARTHUR KILL RD AND GIFFORDS LN, NEW YORK, NY",Red Light,40.563733009884,-74.155879995858
2018,7,ASTORIA BLVD S (E/B),@ 77TH ST,"ASTORIA BLVD S AND 77TH ST, NEW YORK, NY",Red Light,40.76573100908,-73.891878041388
2018,7,OCEAN PKWY (S/B) @ A,VE W,"OCEAN PKWY AND A VE W, NEW YORK, NY",Red Light,40.58156198849,-73.967607027836
2018,7,SB RICHMOND RD @ NAR,ROWS RD N,"RICHMOND RD AND NAR ROWS RD N, NEW YORK, NY",Red Light,40.609410987519,-74.090104016517
2018,7,WOODHAVEN BLVD (S/B),@ JAMAICA AVE,"WOODHAVEN BLVD AND JAMAICA AVE, NEW YORK, NY",Red Light,40.69356102063,-73.852402965469
2018,7,N CONDUIT AVE (W/B),@ LEFFERTS BLVD,"N CONDUIT AVE AND LEFFERTS BLVD, NEW YORK, NY",Red Light,40.666071018514,-73.822277986362
2018,7,EB QUEENS BLVD @ 71S,T AVE / CONTINENTAL,"QUEENS BLVD AND 71S T AVE / CONTINENTAL, NEW YORK, NY",Red Light,40.721623506733,-73.843853759507
2018,7,FLATBUSH AVE EXTENSI,ON (S/B) @ TILLARY S,"FLATBUSH AVE EXTENSI ON AND TILLARY S, NEW YORK, NY",Red Light,40.696112010952,-73.984660009846
2018,7,CONEY ISLAND AVE (S/,B) @ DORCHESTER RD,"CONEY ISLAND AVE AND DORCHESTER RD, NEW YORK, NY",Red Light,40.637289197481,-73.968221169882
2018,7,BRUCKNER BLVD (E/B),@ WHITE PLAINS RD,"BRUCKNER BLVD AND WHITE PLAINS RD, NEW YORK, NY",Red Light,40.825615013403,-73.859418031694
2018,7,SO GANNON AVE (E/B),@ BRADLEY AVE,"SO GANNON AVE AND BRADLEY AVE, NEW YORK, NY",Red Light,40.607758998223,-74.132040019209
2019,7,HOWARD AVE (N/B) @ E,NEW YORK AVE,"HOWARD AVE AND E NEW YORK AVE, NEW YORK, NY",Red Light,40.668238997771,-73.920155984312
2019,7,ROCKAWAY BLVD (W/B),@ GUY R BREWER BLVD,"ROCKAWAY BLVD AND GUY R BREWER BLVD, NEW YORK, NY",Red Light,40.656143995307,-73.767468972955
2019,7,WB ATLANTIC AVE @ RO,CKAWAY AVE,"ATLANTIC AVE AND RO CKAWAY AVE, NEW YORK, NY",Red Light,40.676272004226,-73.910936980467
2019,7,GRAND CONCOURSE (S/B,) @ E 162 ST,"GRAND CONCOURSE AND E 162 ST, NEW YORK, NY",Red Light,40.827677715955,-73.922074182854
2019,7,2ND AVE (S/B) @ E HO,USTON ST,"2ND AVE AND E HO USTON ST, NEW YORK, NY",Red Light,40.723593002522,-73.991080966774
2019,7,ROCKAWAY PKWY (N/B),@ SEAVIEW AVE,"ROCKAWAY PKWY AND SEAVIEW AVE, NEW YORK, NY",Red Light,40.63381100103,-73.889824978025
2019,7,WHITE PLAINS RD (S/B,) @ WATSON AVE,"WHITE PLAINS RD AND WATSON AVE, NEW YORK, NY",Red Light,40.8284200173,-73.860672970238
2020,7,GRAND CONCOURSE (S/B,) @ E 162 ST,"GRAND CONCOURSE AND E 162 ST, NEW YORK, NY",Red Light,40.827677715955,-73.922074182854
2020,7,SO CONDUIT AVE (E/B),@ 89TH ST,"SO CONDUIT AVE AND 89TH ST, NEW YORK, NY",Red Light,40.669570211633,-73.846365564431
2020,7,BAY PKWY (S/B) @ 65T,H ST,"BAY PKWY AND 65T H ST, NEW YORK, NY",Red Light,40.613850001532,-73.981431971295
2020,7,SOUTH AVE (S/B) @ TR,AVIS AVE,"SOUTH AVE AND TR AVIS AVE, NEW YORK, NY",Red Light,40.602690000368,-74.184153999288
2020,7,LINDEN BLVD (E/B) @,FOUNTAIN AVE,"LINDEN BLVD AND FOUNTAIN AVE, NEW YORK, NY",Red Light,40.666804015947,-73.871985019125
2021,7,EB ATLANTIC AVE @ RO,CKAWAY AVE,"ATLANTIC AVE AND RO CKAWAY AVE, NEW YORK, NY",Red Light,40.676272004226,-73.910936980467
2021,7,W FORDHAM RD (W/B) @,CEDAR AVE,"W FORDHAM RD AND CEDAR AVE, NEW YORK, NY",Red Light,40.861713984451,-73.911811967339
2021,7,SO CONDUIT AVE (E/B),@ 89TH ST,"SO CONDUIT AVE AND 89TH ST, NEW YORK, NY",Red Light,40.669570211633,-73.846365564431
2021,7,VAN WYCK EXP SVC RD,(N/B) @ ROCKAWAY BLV,"VAN WYCK EXP SVC RD AND ROCKAWAY BLV, NEW YORK, NY",Red Light,40.67435158448,-73.801216862072
2021,7,HYLAN BLVD (E/B) @ B,URBANK AVE,"HYLAN BLVD AND B URBANK AVE, NEW YORK, NY",Red Light,40.57217199382,-74.108156959577
2021,7,2ND AVE (S/B) @ E HO,USTON ST,"2ND AVE AND E HO USTON ST, NEW YORK, NY",Red Light,40.723593002522,-73.991080966774
2021,7,SB OCEAN PKWY @ AVEN,UE I,"OCEAN PKWY AND AVEN UE I, NEW YORK, NY",Red Light,40.607247995495,-73.96733402925
2021,7,NWB REMSEN AVE @ LIN,DEN BLVD,"NWB REMSEN AVE AND LIN DEN BLVD, NEW YORK, NY",Red Light,40.654401020452,-73.921746031345
2021,7,KINGS HWY (N/B) @ BE,VERLEY RD,"KINGS HWY AND BE VERLEY RD, NEW YORK, NY",Red Light,40.646636989269,-73.924767958897
2021,7,ASTORIA BLVD (W/B) @,108TH ST,"ASTORIA BLVD AND 108TH ST, NEW YORK, NY",Red Light,40.760406991821,-73.861433041217
2021,7,EB QUEENS BLVD @ 71S,T AVE / CONTINENTAL,"QUEENS BLVD AND 71S T AVE / CONTINENTAL, NEW YORK, NY",Red Light,40.721623506733,-73.843853759507
2021,7,RICHMOND AVE (N/B) @,DRAPER PL,"RICHMOND AVE AND DRAPER PL, NEW YORK, NY",Red Light,40.592652000763,-74.163308960462
2022,7,WILLIAMSBURG ST (S/B,) @ FLUSHING AVE,"WILLIAMSBURG ST AND FLUSHING AVE, NEW YORK, NY",Red Light,40.698062018816,-73.962818781828
2022,7,OCEAN PKWY (S/B) @ S,HORE PKWY,"OCEAN PKWY AND S HORE PKWY, NEW YORK, NY",Red Light,40.583374994147,-73.96699900458
2022,7,NORTHERN BLVD (E/B),@ MARATHON PKWY,"NORTHERN BLVD AND MARATHON PKWY, NEW YORK, NY",Red Light,40.768396580018,-73.737527725165
2022,7,W FORDHAM RD (W/B) @,CEDAR AVE,"W FORDHAM RD AND CEDAR AVE, NEW YORK, NY",Red Light,40.861713984451,-73.911811967339
2022,7,BARTOW AVE (E/B) @ C,O-OP CITY BLVD,"BARTOW AVE AND C O-OP CITY BLVD, NEW YORK, NY",Red Light,40.869579981486,-73.826266012074
2022,7,WOODHAVEN BLVD (S/B),@ YELLOWSTONE BLVD,"WOODHAVEN BLVD AND YELLOWSTONE BLVD, NEW YORK, NY",Red Light,40.714000710619,-73.859751799079
2022,7,WOODHAVEN BLVD (S/B),@ 62ND RD,"WOODHAVEN BLVD AND 62ND RD, NEW YORK, NY",Red Light,40.726148016158,-73.870308973766
2023,7,FATHER CAPODANNO BLV,D (S/B) @ SAND LN,"FATHER CAPODANNO BLV D AND SAND LN, NEW YORK, NY",Red Light,40.590377990431,-74.06668799653
2023,7,FLATBUSH AVE (N/B) @,GLENWOOD RD,"FLATBUSH AVE AND GLENWOOD RD, NEW YORK, NY",Red Light,40.633941004348,-73.94884396994
2023,7,CROSSBAY BLVD (S/B),@ PITKIN AVE,"CROSSBAY BLVD AND PITKIN AVE, NEW YORK, NY",Red Light,40.67215799851,-73.843282029891
2023,7,MCDONALD AVE (N/B) @,VANDERBILT ST,"MCDONALD AVE AND VANDERBILT ST, NEW YORK, NY",Red Light,40.65159899213,-73.981111028223
2023,7,SOUTH AVE (S/B) @ TR,AVIS AVE,"SOUTH AVE AND TR AVIS AVE, NEW YORK, NY",Red Light,40.602690000368,-74.184153999288
2023,7,E 135TH ST (W/B) @ A,LEXANDER AVE,"E 135TH ST AND A LEXANDER AVE, NEW YORK, NY",Red Light,40.808171015609,-73.926531008411
2023,7,ATLANTIC AVE (W/B) @,BEDFORD AVE,"ATLANTIC AVE AND BEDFORD AVE, NEW YORK, NY",Red Light,40.678792987335,-73.953013966769
2023,7,ROCKAWAY BLVD (N/B),@ BROOKVILLE BLVD,"ROCKAWAY BLVD AND BROOKVILLE BLVD, NEW YORK, NY",Red Light,40.640718988441,-73.74336102686
2023,7,WOODHAVEN BLVD (N/B),@ UNION TPKE,"WOODHAVEN BLVD AND UNION TPKE, NEW YORK, NY",Red Light,40.705556990907,-73.858426033453
2023,7,12TH AVE (N/B) @ 42N,D ST,"12TH AVE AND 42N D ST, NEW YORK, NY",Red Light,40.640278980434,-73.990241016257
2023,7,WEST ST (S/B) @ W HO,USTON ST,"WEST ST AND W HO USTON ST, NEW YORK, NY",Red Light,40.729111605663,-74.010544332681
2023,7,RICHMOND AVE (N/B) @,LANDER AVE,"RICHMOND AVE AND LANDER AVE, NEW YORK, NY",Red Light,40.613023001055,-74.158826989196
2023,7,WB QUEENS BLVD @ 58T,H ST,"QUEENS BLVD AND 58T H ST, NEW YORK, NY",Red Light,40.741804992194,-73.907524959141
2024,7,NORTHERN BLVD (E/B),@ MARATHON PKWY,"NORTHERN BLVD AND MARATHON PKWY, NEW YORK, NY",Red Light,40.768396580018,-73.737527725165
2024,7,SEAGIRT BLVD (W/B) @,BEACH 9TH ST,"SEAGIRT BLVD AND BEACH 9TH ST, NEW YORK, NY",Red Light,40.596564002613,-73.744170970164
2024,7,ROCKAWAY BLVD (E/B),@ N CONDUIT AVE,"ROCKAWAY BLVD AND N CONDUIT AVE, NEW YORK, NY",Red Light,40.667523015601,-73.780694023604
2024,7,EB QUEENS BLVD @ 71S,T AVE / CONTINENTAL,"QUEENS BLVD AND 71S T AVE / CONTINENTAL, NEW YORK, NY",Red Light,40.721623506733,-73.843853759507
2024,7,BRONXDALE AVE (W/B),@ CRUGER AVE,"BRONXDALE AVE AND CRUGER AVE, NEW YORK, NY",Red Light,40.850956985192,-73.866808020448
2024,7,MCDONALD AVE (S/B) @,VANDERBILT ST,"MCDONALD AVE AND VANDERBILT ST, NEW YORK, NY",Red Light,40.65159899213,-73.981111028223
2024,7,NB CROSS BAY BLVD @,W 17TH RD,"CROSS BAY BLVD AND W 17TH RD, NEW YORK, NY",Red Light,40.600952012744,-73.82045500624
2024,7,PENNSYLVANIA AVE (S/,B) @ LINDEN BLVD,"PENNSYLVANIA AVE AND LINDEN BLVD, NEW YORK, NY",Red Light,40.658685011165,-73.890809013457
2024,7,HOYT AVE (S/B) @ 31S,T ST,"HOYT AVE AND 31S T ST, NEW YORK, NY",Red Light,40.770378020019,-73.917697991206
2024,7,MILFORD DR (E/B) @ C,LOVE RD,"MILFORD DR AND C LOVE RD, NEW YORK, NY",Red Light,40.610265103453,-74.097428123512
2024,7,WB NORTHERN BLVD @ 4,8TH ST,"NORTHERN BLVD AND 4 8TH ST, NEW YORK, NY",Red Light,40.753677497038,-73.914478669835
2025,7,HORACE HARDING EXPWY,(E/B) @ 108TH ST,"HORACE HARDING EXPWY AND 108TH ST, NEW YORK, NY",Red Light,40.73768298176,-73.852103982983
2025,7,NB OCEAN PKWY @ 18TH,AVE,"OCEAN PKWY AND 18TH AVE, NEW YORK, NY",Red Light,40.633076997769,-73.97223802934
2025,7,BEACH CHANNEL DR (S/,B) @ HASSOCK ST,"BEACH CHANNEL DR AND HASSOCK ST, NEW YORK, NY",Red Light,40.609514001109,-73.75371896371
2025,7,ATLANTIC AVE (W/B) @,BEDFORD AVE,"ATLANTIC AVE AND BEDFORD AVE, NEW YORK, NY",Red Light,40.678792987335,-73.953013966769
2025,7,WEST ST (S/B) @ 14TH,STREET,"WEST ST AND 14TH STREET, NEW YORK, NY",Red Light,40.74235849117,-74.008705007848
2025,7,GUN HILL ROAD (W/B),@ EASTCHESTER RD,"GUN HILL ROAD AND EASTCHESTER RD, NEW YORK, NY",Red Light,40.868486017393,-73.842415005827
2025,7,12TH AVE (S/B) @ 23R,D ST,"12TH AVE AND 23R D ST, NEW YORK, NY",Red Light,40.749331019236,-74.008176025938
2017,7,ROCKAWAY PKWY (S/B),@ SEAVIEW AVE,"ROCKAWAY PKWY AND SEAVIEW AVE, NEW YORK, NY",Red Light,40.63381100103,-73.889824978025
2017,7,NB WOODHAVEN BLVD @,ATLANTIC AVE,"WOODHAVEN BLVD AND ATLANTIC AVE, NEW YORK, NY",Red Light,40.68815398062,-73.849093035725
2017,7,AMSTERDAM AVE (N/B),@ 96TH STREET,"AMSTERDAM AVE AND 96TH STREET, NEW YORK, NY",Red Light,40.794051993077,-73.9703629976
2017,7,SB RICHMOND AVE @ AR,THUR KILL RD,"RICHMOND AVE AND AR THUR KILL RD, NEW YORK, NY",Red Light,40.561075988487,-74.16983200897
2016,7,SB RICHMOND AVE @ AR,THUR KILL RD,"RICHMOND AVE AND AR THUR KILL RD, NEW YORK, NY",Red Light,40.561075988487,-74.16983200897
2018,7,CROSSBAY BLVD (S/B),@ 156TH AVE,"CROSSBAY BLVD AND 156TH AVE, NEW YORK, NY",Red Light,40.664182994824,-73.841211029254
2018,7,WEST ST (N/B) @ W HO,USTON ST,"WEST ST AND W HO USTON ST, NEW YORK, NY",Red Light,40.729111605663,-74.010544332681
2018,7,CROPSEY AVE (W/B) @,21ST AVE,"CROPSEY AVE AND 21ST AVE, NEW YORK, NY",Red Light,40.598772005457,-74.000740020536
2018,7,12TH AVE (S/B) @ 23R,D ST,"12TH AVE AND 23R D ST, NEW YORK, NY",Red Light,40.749331019236,-74.008176025938
2019,7,BRUCKNER BLVD (E/B),@ WHITE PLAINS RD,"BRUCKNER BLVD AND WHITE PLAINS RD, NEW YORK, NY",Red Light,40.825615013403,-73.859418031694
2020,7,CLOVE RD (S/B) @ CHE,SHIRE PL,"CLOVE RD AND CHE SHIRE PL, NEW YORK, NY",Red Light,40.618260014159,-74.105254977059
2020,7,NORTHERN BLVD (E/B),@ 114TH ST,"NORTHERN BLVD AND 114TH ST, NEW YORK, NY",Red Light,40.758365998398,-73.855623041212
2020,7,N CONDUIT AVE (W/B),@ LEFFERTS BLVD,"N CONDUIT AVE AND LEFFERTS BLVD, NEW YORK, NY",Red Light,40.666071018514,-73.822277986362
2021,7,QUEENS BLVD (E/B) @,39TH ST,"QUEENS BLVD AND 39TH ST, NEW YORK, NY",Red Light,40.743872011427,-73.926192966255
2021,7,PENNSYLVANIA AVE (S/,B) @ SEAVIEW AVE,"PENNSYLVANIA AVE AND SEAVIEW AVE, NEW YORK, NY",Red Light,40.64395591181,-73.877571892868
2021,7,BAY PKWY (E/B) @ STI,LLWELL AVE,"BAY PKWY AND STI LLWELL AVE, NEW YORK, NY",Red Light,40.608165981531,-73.987354037346
2021,7,MCDONALD AVE (S/B) @,GREENWOOD AVE,"MCDONALD AVE AND GREENWOOD AVE, NEW YORK, NY",Red Light,40.649528997321,-73.980711965813
2021,7,23RD AVE (E/B) @ 94T,H ST,"23RD AVE AND 94T H ST, NEW YORK, NY",Red Light,40.768189002186,-73.876261969039
2021,7,NORTHERN BLVD (E/B),@ DOUGLASTON PKWY,"NORTHERN BLVD AND DOUGLASTON PKWY, NEW YORK, NY",Red Light,40.76534581872,-73.744281359829
2021,7,CROSSBAY BLVD (N/B),@ 156TH AVE,"CROSSBAY BLVD AND 156TH AVE, NEW YORK, NY",Red Light,40.664182994824,-73.841211029254
2022,7,WEST ST (S/B) @ W HO,USTON ST,"WEST ST AND W HO USTON ST, NEW YORK, NY",Red Light,40.729111605663,-74.010544332681
2022,7,L.I.E. N. SVC ROAD (,W/B) @ COLLEGE PT BL,"L.I.E. N. SVC ROAD AND COLLEGE PT BL, NEW YORK, NY",Red Light,40.784669767158,-73.8457863722
2022,7,HORACE HARDING EXPWY,(W/B) @ UTOPIA PKWY,"HORACE HARDING EXPWY AND UTOPIA PKWY, NEW YORK, NY",Red Light,40.739471009345,-73.792834036887
2022,7,CLOVE RD (N/B) @ BAR,D AVE,"CLOVE RD AND BAR D AVE, NEW YORK, NY",Red Light,40.620771106622,-74.110044396534
2022,7,RICHMOND AVE (S/B) @,LANDER AVE,"RICHMOND AVE AND LANDER AVE, NEW YORK, NY",Red Light,40.613023001055,-74.158826989196
2022,7,ARTHUR KILL RD (W/B),@ RICHMOND AVE,"ARTHUR KILL RD AND RICHMOND AVE, NEW YORK, NY",Red Light,40.561075988487,-74.16983200897
2022,7,ROCKAWAY BLVD (E/B),@ GUY R BREWER BLVD,"ROCKAWAY BLVD AND GUY R BREWER BLVD, NEW YORK, NY",Red Light,40.656143995307,-73.767468972955
2022,7,CROSSBAY BLVD (S/B),@ PITKIN AVE,"CROSSBAY BLVD AND PITKIN AVE, NEW YORK, NY",Red Light,40.67215799851,-73.843282029891
2022,7,HOWARD AVE (N/B) @ E,NEW YORK AVE,"HOWARD AVE AND E NEW YORK AVE, NEW YORK, NY",Red Light,40.668238997771,-73.920155984312
2023,7,ROCKAWAY PKWY (S/B),@ SEAVIEW AVE,"ROCKAWAY PKWY AND SEAVIEW AVE, NEW YORK, NY",Red Light,40.63381100103,-73.889824978025
2023,7,FATHER CAPODANNO BLV,D (S/B) @ PARK AND R,"FATHER CAPODANNO BLV D AND PARK AND R, NEW YORK, NY",Red Light,40.584487331871,-74.072312774025
2023,7,LUTEN AVE (S/B) @ HY,LAN BLVD,"LUTEN AVE AND HY LAN BLVD, NEW YORK, NY",Red Light,40.523165981529,-74.188501021913
2023,7,ASTORIA BLVD (E/B) @,STEINWAY ST,"ASTORIA BLVD AND STEINWAY ST, NEW YORK, NY",Red Light,40.769429314309,-73.910277827601
2024,7,FLATBUSH AVE (N/B) @,DEAN ST,"FLATBUSH AVE AND DEAN ST, NEW YORK, NY",Red Light,40.681814998706,-73.975820035662
2024,7,ATLANTIC AVE (E/B) @,BEDFORD AVE,"ATLANTIC AVE AND BEDFORD AVE, NEW YORK, NY",Red Light,40.678792987335,-73.953013966769
2026,7,PELHAM PKWY (E/B) @,BOSTON RD,"PELHAM PKWY AND BOSTON RD, NEW YORK, NY",Red Light,40.857926998687,-73.868184999501
2026,7,EASTERN PKWY (W/B) @,HOWARD AVE,"EASTERN PKWY AND HOWARD AVE, NEW YORK, NY",Red Light,40.669381493083,-73.920077781156
2026,7,EASTERN PKWY (E/B) @,UTICA AVE,"EASTERN PKWY AND UTICA AVE, NEW YORK, NY",Red Light,40.668588020219,-73.931142982995
2026,7,EASTERN PKWY (E/B) @,ROCHESTER AVE,"EASTERN PKWY AND ROCHESTER AVE, NEW YORK, NY",Red Light,40.66842000497,-73.928377960775
2026,7,WB ATLANTIC AVE @ RO,CKAWAY AVE,"ATLANTIC AVE AND RO CKAWAY AVE, NEW YORK, NY",Red Light,40.676272004226,-73.910936980467
2026,7,FRANCIS LEWIS BLVD (,N/B) @ HILLSIDE AVE,"FRANCIS LEWIS BLVD AND HILLSIDE AVE, NEW YORK, NY",Red Light,40.721034007483,-73.759482025057
2026,7,HORACE HARDING EXPWY,(E/B) @ 159TH ST,"HORACE HARDING EXPWY AND 159TH ST, NEW YORK, NY",Red Light,40.73829498642,-73.809420985081
2026,7,EB GRAND CENTRAL PKW,Y SVC RD @ 72ND RD,"GRAND CENTRAL PKW Y SVC RD AND 72ND RD, NEW YORK, NY",Red Light,40.749124992056,-73.72916996187
2026,7,WB NORTHERN BLVD @ 4,8TH ST,"NORTHERN BLVD AND 4 8TH ST, NEW YORK, NY",Red Light,40.753677497038,-73.914478669835
2026,7,NB OCEAN PKWY @ AVEN,UE I,"OCEAN PKWY AND AVEN UE I, NEW YORK, NY",Red Light,40.607247995495,-73.96733402925
2026,7,HYLAN BLVD (E/B) @ B,URBANK AVE,"HYLAN BLVD AND B URBANK AVE, NEW YORK, NY",Red Light,40.57217199382,-74.108156959577
2026,7,WB 140TH AVE @ SPRIN,GFIELD BLVD,"140TH AVE AND SPRIN GFIELD BLVD, NEW YORK, NY",Red Light,40.672447006531,-73.756431012301
2026,7,WB UNION TPKE @ PARS,ONS BLVD,"UNION TPKE AND PARS ONS BLVD, NEW YORK, NY",Red Light,40.719971014522,-73.809059976511
2026,7,SB VAN WYCK EXPWY @,HILLSIDE AVE,"VAN WYCK EXPWY AND HILLSIDE AVE, NEW YORK, NY",Red Light,40.70412402074,-73.816429010507
2026,7,NB BROADWAY @ ACADEM,Y ST,"BROADWAY AND ACADEM Y ST, NEW YORK, NY",Red Light,40.866336017319,-73.925017991068
2024,7,AMSTERDAM AVE (N/B),@ 96TH STREET,"AMSTERDAM AVE AND 96TH STREET, NEW YORK, NY",Red Light,40.794051993077,-73.9703629976
2026,7,RICHMOND RD (W/B) @,NEW DORP LANE,"RICHMOND RD AND NEW DORP LANE, NEW YORK, NY",Red Light,40.575848003186,-74.119818030912
2026,7,CHRYSTIE ST (N/B) @,E HOUSTON ST,"CHRYSTIE ST AND E HOUSTON ST, NEW YORK, NY",Red Light,40.723593002522,-73.991080966774
2026,7,SB EXTERIOR ST @ E 1,38TH ST,"EXTERIOR ST AND E 1 38TH ST, NEW YORK, NY",Red Light,40.813797996758,-73.931369964933
2026,7,WOODHAVEN BLVD (N/B),@ UNION TPKE,"WOODHAVEN BLVD AND UNION TPKE, NEW YORK, NY",Red Light,40.705556990907,-73.858426033453
2026,7,SB BROADWAY @ W 122N,D ST,"BROADWAY AND W 122N D ST, NEW YORK, NY",Red Light,40.811788016377,-73.96099202985
2026,7,NB 1ST AVE @ E 96TH,ST,"1ST AVE AND E 96TH ST, NEW YORK, NY",Red Light,40.783291682966,-73.944711021122
2026,7,WB WHITESTONE EXPWY,@ LINDEN PL,"WHITESTONE EXPWY AND LINDEN PL, NEW YORK, NY",Red Light,40.771603999087,-73.833502025266
2026,7,NB SEDGWICK AVE @ VA,N CORTLAND AVE W,"SEDGWICK AVE AND VA N CORTLAND AVE W, NEW YORK, NY",Red Light,40.882646320799,-73.89284749231
2026,7,EB QUEENS BLVD @ 65T,H AVE,"QUEENS BLVD AND 65T H AVE, NEW YORK, NY",Red Light,40.72873701841,-73.857981038214
2026,7,EB W HOUSTON ST @ BR,OADWAY,"W HOUSTON ST AND BR OADWAY, NEW YORK, NY",Red Light,40.72543,-73.9974
2026,7,CROSSBAY BLVD (S/B),@ PITKIN AVE,"CROSSBAY BLVD AND PITKIN AVE, NEW YORK, NY",Red Light,40.67215799851,-73.843282029891
2025,7,JAMAICA AVE (W/B) @,PENNSYLVANIA AVE,"JAMAICA AVE AND PENNSYLVANIA AVE, NEW YORK, NY",Red Light,40.67820478728,-73.897521995892
2022,7,QUEENS BLVD (W/B) @,71ST AVE,"QUEENS BLVD AND 71ST AVE, NEW YORK, NY",Red Light,40.721623506733,-73.843853759507
2025,7,SB UTICA AVE @ LENOX,RD,"UTICA AVE AND LENOX RD, NEW YORK, NY",Red Light,40.655348007872,-73.93077199996
2025,7,WB FOREST AVE @ DECK,ER AVE,"FOREST AVE AND DECK ER AVE, NEW YORK, NY",Red Light,40.624643001065,-74.141679040222
2025,7,WB PELHAM PKWY N @ W,ILLIAMSBRIDGE RD,"PELHAM PKWY N AND W ILLIAMSBRIDGE RD, NEW YORK, NY",Red Light,40.858123009493,-73.856650997818
2025,7,WB LINDEN BLVD @ ASH,FORD ST,"LINDEN BLVD AND ASH FORD ST, NEW YORK, NY",Red Light,40.662922985229,-73.880954996627
2025,7,EB PARK AVE @ BEDFOR,D AVE,"PARK AVE AND BEDFOR D AVE, NEW YORK, NY",Red Light,40.696785999786,-73.956599996405
2026,7,SB EASTERN PKWY @ AT,LANTIC AVE,"EASTERN PKWY AND AT LANTIC AVE, NEW YORK, NY",Red Light,40.676138019504,-73.908162989611
2026,7,EB LENOX RD @ ALBANY,AVE,"LENOX RD AND ALBANY AVE, NEW YORK, NY",Red Light,40.654787007093,-73.939422962228
2026,7,EB BRADDOCK AVE @ 92,ND AVE,"BRADDOCK AVE AND 92 ND AVE, NEW YORK, NY",Red Light,40.727494987998,-73.731542962478
2026,7,EB FLATLANDS AVE @ S,CHENCK AVE,"FLATLANDS AVE AND S CHENCK AVE, NEW YORK, NY",Red Light,40.655496996201,-73.879732998963
2026,7,NB MANHATTAN AVE @ W,115TH ST,"MANHATTAN AVE AND W 115TH ST, NEW YORK, NY",Red Light,40.804353980722,-73.957317990231
2026,7,SB HOOK CREEK BLVD @,130TH AVE,"HOOK CREEK BLVD AND 130TH AVE, NEW YORK, NY",Red Light,40.678096283543,-73.726009732916
2026,7,SB EDSON AVE @ BARTO,W AVE,"EDSON AVE AND BARTO W AVE, NEW YORK, NY",Red Light,40.868380992146,-73.833174963404
2026,7,NB FARMERS BLVD @ RO,CKAWAY BLVD,"FARMERS BLVD AND RO CKAWAY BLVD, NEW YORK, NY",Red Light,40.659654001081,-73.773951033956
2026,7,NB BAYCHESTER AVE @,BOSTON RD,"BAYCHESTER AVE AND BOSTON RD, NEW YORK, NY",Red Light,40.881267288179,-73.838738786913
2026,7,WB NEPTUNE AVE @ CRO,PSEY AVE,"NEPTUNE AVE AND CRO PSEY AVE, NEW YORK, NY",Red Light,40.578977302918,-73.985288484946
2026,7,EB KINGS HWY @ FLATB,USH AVE,"KINGS HWY AND FLATB USH AVE, NEW YORK, NY",Red Light,40.622498994052,-73.936732036032
2016,7,12TH AVE (S/B) @ 34T,H ST,"12TH AVE AND 34T H ST, NEW YORK, NY",Red Light,40.75697900297,-74.004799962977
2017,7,ASTORIA BLVD S (E/B),@ 77TH ST,"ASTORIA BLVD S AND 77TH ST, NEW YORK, NY",Red Light,40.76573100908,-73.891878041388
2016,7,WB N CONDUIT AVE @ V,AN WYCK EXPWY SB / E,"N CONDUIT AVE AND V AN WYCK EXPWY / E, NEW YORK, NY",Red Light,40.666743498606,-73.801438814868
2017,7,WEST END AVE (S/B) @,66TH ST,"WEST END AVE AND 66TH ST, NEW YORK, NY",Red Light,40.776022980351,-73.987240965472
2017,7,GRAND CONCOURSE (N/B,) @ E 162ND ST,"GRAND CONCOURSE AND E 162ND ST, NEW YORK, NY",Red Light,40.827677715955,-73.922074182854
2017,7,HAMILTON AVE (N/B) @,CLINTON ST,"HAMILTON AVE AND CLINTON ST, NEW YORK, NY",Red Light,40.676349201555,-74.001009833999
2017,7,W FORDHAM RD (W/B) @,CEDAR AVE,"W FORDHAM RD AND CEDAR AVE, NEW YORK, NY",Red Light,40.861713984451,-73.911811967339
2017,7,10TH AVE (N/B) @ WES,T 34TH ST,"10TH AVE AND WES T 34TH ST, NEW YORK, NY",Red Light,40.754589992927,-73.999148967675
2016,7,ASTORIA BLVD (E/B) @,108TH ST,"ASTORIA BLVD AND 108TH ST, NEW YORK, NY",Red Light,40.760406991821,-73.861433041217
2016,7,N CONDUIT AVE (W/B),@ LEFFERTS BLVD,"N CONDUIT AVE AND LEFFERTS BLVD, NEW YORK, NY",Red Light,40.666071018514,-73.822277986362
2016,7,WHITESTONE EXPWY SVC,RD (N/B) @ 20TH AVE,"WHITESTONE EXPWY SVC RD AND 20TH AVE, NEW YORK, NY",Red Light,40.781715717531,-73.825686738745
2017,7,SB OCEAN PKWY @ AVEN,UE I,"OCEAN PKWY AND AVEN UE I, NEW YORK, NY",Red Light,40.607247995495,-73.96733402925
2016,7,QUEENS BLVD (E/B) @,39TH ST,"QUEENS BLVD AND 39TH ST, NEW YORK, NY",Red Light,40.743872011427,-73.926192966255
2016,7,WB QUEENS BLVD @ 58T,H ST,"QUEENS BLVD AND 58T H ST, NEW YORK, NY",Red Light,40.741804992194,-73.907524959141
2017,7,QUEENS BLVD (E/B) @,39TH ST,"QUEENS BLVD AND 39TH ST, NEW YORK, NY",Red Light,40.743872011427,-73.926192966255
2017,7,WB NORTHERN BLVD @ 4,8TH ST,"NORTHERN BLVD AND 4 8TH ST, NEW YORK, NY",Red Light,40.753677497038,-73.914478669835
2017,7,ASTORIA BLVD (E/B) @,STEINWAY ST,"ASTORIA BLVD AND STEINWAY ST, NEW YORK, NY",Red Light,40.769429314309,-73.910277827601
2016,7,ROCKAWAY BLVD (N/B),@ BROOKVILLE BLVD,"ROCKAWAY BLVD AND BROOKVILLE BLVD, NEW YORK, NY",Red Light,40.640718988441,-73.74336102686
2017,7,CLOVE RD (S/B) @ CHE,SHIRE PL,"CLOVE RD AND CHE SHIRE PL, NEW YORK, NY",Red Light,40.618260014159,-74.105254977059
2016,7,RICHMOND AVE (S/B) @,LANDER AVE,"RICHMOND AVE AND LANDER AVE, NEW YORK, NY",Red Light,40.613023001055,-74.158826989196
2016,7,HILLSIDE AVE (W/B) @,188TH ST,"HILLSIDE AVE AND 188TH ST, NEW YORK, NY",Red Light,40.715075019149,-73.773537973768
2018,7,HAMILTON AVE (N/B) @,CLINTON ST,"HAMILTON AVE AND CLINTON ST, NEW YORK, NY",Red Light,40.676349201555,-74.001009833999
2018,7,EB GRAND CENTRAL PKW,Y SVC RD @ 72ND RD,"GRAND CENTRAL PKW Y SVC RD AND 72ND RD, NEW YORK, NY",Red Light,40.749124992056,-73.72916996187
2018,7,CADMAN PLAZA (E/B) @,PROSPECT ST,"CADMAN PLAZA AND PROSPECT ST, NEW YORK, NY",Red Light,40.700736600301,-73.989726702678
2018,7,8TH AVE (N/B) @ 57TH,ST,"8TH AVE AND 57TH ST, NEW YORK, NY",Red Light,40.637194984889,-74.00776900072
2018,7,BEDFORD AVE (N/B) @,ATLANTIC AVE,"BEDFORD AVE AND ATLANTIC AVE, NEW YORK, NY",Red Light,40.678792987335,-73.953013966769
2018,7,HORACE HARDING EXPWY,(E/B) @ 159TH ST,"HORACE HARDING EXPWY AND 159TH ST, NEW YORK, NY",Red Light,40.73829498642,-73.809420985081
2018,7,AMSTERDAM AVE (N/B),@ 96TH STREET,"AMSTERDAM AVE AND 96TH STREET, NEW YORK, NY",Red Light,40.794051993077,-73.9703629976
2018,7,S CONDUIT AVE (E/B),@ FARMERS BLVD,"S CONDUIT AVE AND FARMERS BLVD, NEW YORK, NY",Red Light,40.666708001246,-73.767122967992
2018,7,KINGS HWY (E/B) @ NO,STRAND AVE,"KINGS HWY AND NO STRAND AVE, NEW YORK, NY",Red Light,40.616169986602,-73.944866002512
2019,7,EB GRAND CENTRAL PKW,Y SVC RD @ 72ND RD,"GRAND CENTRAL PKW Y SVC RD AND 72ND RD, NEW YORK, NY",Red Light,40.749124992056,-73.72916996187
2019,7,ATLANTIC AVE (E/B) @,PENNSYLVANIA AVE,"ATLANTIC AVE AND PENNSYLVANIA AVE, NEW YORK, NY",Red Light,40.675783003995,-73.896890000392
2019,7,QUEENS BLVD (W/B) @,39TH ST,"QUEENS BLVD AND 39TH ST, NEW YORK, NY",Red Light,40.743872011427,-73.926192966255
2019,7,HORACE HARDING EXPWY,(W/B) @ 159TH ST,"HORACE HARDING EXPWY AND 159TH ST, NEW YORK, NY",Red Light,40.73829498642,-73.809420985081
2019,7,CROSSBAY BLVD (N/B),@ 156TH AVE,"CROSSBAY BLVD AND 156TH AVE, NEW YORK, NY",Red Light,40.664182994824,-73.841211029254
2019,7,NARROWS RD (W/B) @ C,LOVE RD,"NARROWS RD AND C LOVE RD, NEW YORK, NY",Red Light,40.610955604637,-74.098098005214
2020,7,EB 65TH ST @ 16TH AV,E,"65TH ST AND 16TH AV E, NEW YORK, NY",Red Light,40.621993020467,-73.994909987783
2020,7,GRAND CONCOURSE (N/B,) @ E 162ND ST,"GRAND CONCOURSE AND E 162ND ST, NEW YORK, NY",Red Light,40.827677715955,-73.922074182854
2020,7,BRUCKNER BLVD (W/B),@ WHITE PLAINS RD,"BRUCKNER BLVD AND WHITE PLAINS RD, NEW YORK, NY",Red Light,40.825615013403,-73.859418031694
2020,7,ALLERTON AVE (W/B) @,BARNES AVE,"ALLERTON AVE AND BARNES AVE, NEW YORK, NY",Red Light,40.865509980761,-73.863524996612
2020,7,222ND ST (E/B) @ PAU,LDING AVE,"222ND ST AND PAU LDING AVE, NEW YORK, NY",Red Light,40.883026984931,-73.853247023119
2020,7,ROCKAWAY PKWY (N/B),@ SEAVIEW AVE,"ROCKAWAY PKWY AND SEAVIEW AVE, NEW YORK, NY",Red Light,40.63381100103,-73.889824978025
2020,7,HILLSIDE AVE (W/B) @,188TH ST,"HILLSIDE AVE AND 188TH ST, NEW YORK, NY",Red Light,40.715075019149,-73.773537973768
2020,7,MILFORD DR (E/B) @ C,LOVE RD,"MILFORD DR AND C LOVE RD, NEW YORK, NY",Red Light,40.610265103453,-74.097428123512
2021,7,3RD AVE (S/B) @ E 13,5TH ST,"3RD AVE AND E 13 5TH ST, NEW YORK, NY",Red Light,40.809417991345,-73.929631977309
2021,7,BRUCKNER BLVD (E/B),@ BRONX RIVER PKWY R,"BRUCKNER BLVD AND BRONX RIVER PKWY R, NEW YORK, NY",Red Light,40.824586009059,-73.872502014913
2021,7,LINDEN BLVD (W/B) @,ROCKAWAY AVE,"LINDEN BLVD AND ROCKAWAY AVE, NEW YORK, NY",Red Light,40.65489199043,-73.90696496419
2021,7,SUNRISE HWY (W/B) @,BROOKVILLE BLVD,"SUNRISE HWY AND BROOKVILLE BLVD, NEW YORK, NY",Red Light,40.665253992502,-73.739553966438
2021,7,WILLIAMSBURG ST (S/B,) @ FLUSHING AVE,"WILLIAMSBURG ST AND FLUSHING AVE, NEW YORK, NY",Red Light,40.698062018816,-73.962818781828
2021,7,ROCKAWAY BLVD (S/B),@ BROOKVILLE BLVD,"ROCKAWAY BLVD AND BROOKVILLE BLVD, NEW YORK, NY",Red Light,40.640718988441,-73.74336102686
2021,7,MADISON AVE (N/B) @,E 96TH ST,"MADISON AVE AND E 96TH ST, NEW YORK, NY",Red Light,40.787256784172,-73.954155498163
2021,7,ASTORIA BLVD (E/B) @,108TH ST,"ASTORIA BLVD AND 108TH ST, NEW YORK, NY",Red Light,40.760406991821,-73.861433041217
2021,7,OCEAN PKWY (S/B) @ S,HORE PKWY,"OCEAN PKWY AND S HORE PKWY, NEW YORK, NY",Red Light,40.583374994147,-73.96699900458
2021,7,RICHMOND AVE (N/B) @,W CASWELL AVE,"RICHMOND AVE AND W CASWELL AVE, NEW YORK, NY",Red Light,40.616414989632,-74.156790019086
2021,7,SB 108TH ST @ HORACE,HARDING EXPY N,"108TH ST AND HORACE HARDING EXPY N, NEW YORK, NY",Red Light,40.73768298176,-73.852103982983
2021,7,MCDONALD AVE (N/B) @,VANDERBILT ST,"MCDONALD AVE AND VANDERBILT ST, NEW YORK, NY",Red Light,40.65159899213,-73.981111028223
2021,7,WOODHAVEN BLVD (N/B),@ FURMANVILLE AVE,"WOODHAVEN BLVD AND FURMANVILLE AVE, NEW YORK, NY",Red Light,40.720261992291,-73.865584011127
2022,7,EASTERN PKWY (E/B) @,UTICA AVE,"EASTERN PKWY AND UTICA AVE, NEW YORK, NY",Red Light,40.668588020219,-73.931142982995
2022,7,YORK AVE (N/B) @ E 7,9TH ST,"YORK AVE AND E 7 9TH ST, NEW YORK, NY",Red Light,40.771393990503,-73.950438962295
2022,7,GRAND CONCOURSE (N/B,) @ E 167TH ST,"GRAND CONCOURSE AND E 167TH ST, NEW YORK, NY",Red Light,40.834467015618,-73.917680975943
2022,7,ARTHUR KILL RD (E/B),@ GIFFORDS LN,"ARTHUR KILL RD AND GIFFORDS LN, NEW YORK, NY",Red Light,40.563733009884,-74.155879995858
2022,7,CROSSBAY BLVD (S/B),@ SUTTER AVE,"CROSSBAY BLVD AND SUTTER AVE, NEW YORK, NY",Red Light,40.67679801056,-73.843870020399
2023,7,NORTHERN BLVD (E/B),@ 114TH ST,"NORTHERN BLVD AND 114TH ST, NEW YORK, NY",Red Light,40.758365998398,-73.855623041212
2023,7,CROSSBAY BLVD (S/B),@ SUTTER AVE,"CROSSBAY BLVD AND SUTTER AVE, NEW YORK, NY",Red Light,40.67679801056,-73.843870020399
2023,7,ALLERTON AVE (E/B) @,WHITE PLAINS RD,"ALLERTON AVE AND WHITE PLAINS RD, NEW YORK, NY",Red Light,40.865433998809,-73.867389975985
2023,7,ATLANTIC AVE (W/B) @,WOODHAVEN BLVD,"ATLANTIC AVE AND WOODHAVEN BLVD, NEW YORK, NY",Red Light,40.68815398062,-73.849093035725
2023,7,HORACE HARDING EXPWY,(W/B) @ UTOPIA PKWY,"HORACE HARDING EXPWY AND UTOPIA PKWY, NEW YORK, NY",Red Light,40.739471009345,-73.792834036887
2023,7,CLASSON AVE (N/B) @,FLUSHING AVE,"CLASSON AVE AND FLUSHING AVE, NEW YORK, NY",Red Light,40.698207486746,-73.961894174089
2023,7,RICHMOND RD (W/B) @,NEW DORP LANE,"RICHMOND RD AND NEW DORP LANE, NEW YORK, NY",Red Light,40.575848003186,-74.119818030912
2024,7,BEACH CHANNEL DR (W/,B) @ B 140TH ST,"BEACH CHANNEL DR AND B 140TH ST, NEW YORK, NY",Red Light,40.58993400102,-73.804583034387
2024,7,3RD AVE (N/B) @ 36TH,ST,"3RD AVE AND 36TH ST, NEW YORK, NY",Red Light,40.655629011176,-74.006574998613
2024,7,N CONDUIT AVE (W/B),@ 114TH ST,"N CONDUIT AVE AND 114TH ST, NEW YORK, NY",Red Light,40.666101989646,-73.828068959447
2024,7,HORACE HARDING EXPWY,(E/B) @ 108TH ST,"HORACE HARDING EXPWY AND 108TH ST, NEW YORK, NY",Red Light,40.73768298176,-73.852103982983
2024,7,BAY ST (S/B) @ HANNA,H ST,"BAY ST AND HANNA H ST, NEW YORK, NY",Red Light,40.63593799278,-74.075836005656
2024,7,NORTHERN BLVD (W/B),@ DOUGLASTON PKWY,"NORTHERN BLVD AND DOUGLASTON PKWY, NEW YORK, NY",Red Light,40.76534581872,-73.744281359829
2024,7,ROCKAWAY BLVD (S/B),@ BROOKVILLE BLVD,"ROCKAWAY BLVD AND BROOKVILLE BLVD, NEW YORK, NY",Red Light,40.640718988441,-73.74336102686
2024,7,ASTORIA BLVD (E/B) @,STEINWAY ST,"ASTORIA BLVD AND STEINWAY ST, NEW YORK, NY",Red Light,40.769429314309,-73.910277827601
2024,7,BARTOW AVE (E/B) @ C,O-OP CITY BLVD,"BARTOW AVE AND C O-OP CITY BLVD, NEW YORK, NY",Red Light,40.869579981486,-73.826266012074
2025,7,NORTHERN BLVD (W/B),@ DOUGLASTON PKWY,"NORTHERN BLVD AND DOUGLASTON PKWY, NEW YORK, NY",Red Light,40.76534581872,-73.744281359829
2025,7,39TH ST (N/B) @ NORT,HERN BLVD,"39TH ST AND NORT HERN BLVD, NEW YORK, NY",Red Light,40.752323987313,-73.924478028866
2025,7,BRUCKNER BLVD (S/B),@ E 138TH ST,"BRUCKNER BLVD AND E 138TH ST, NEW YORK, NY",Red Light,40.804710002059,-73.91247497588
2025,7,ASTORIA BLVD (E/B) @,STEINWAY ST,"ASTORIA BLVD AND STEINWAY ST, NEW YORK, NY",Red Light,40.769429314309,-73.910277827601
2025,7,WEST ST (N/B) @ W HO,USTON ST,"WEST ST AND W HO USTON ST, NEW YORK, NY",Red Light,40.729111605663,-74.010544332681
2025,7,QUEENS BLVD (E/B) @,58TH ST,"QUEENS BLVD AND 58TH ST, NEW YORK, NY",Red Light,40.741804992194,-73.907524959141
2025,7,ATLANTIC AVE (W/B) @,WOODHAVEN BLVD,"ATLANTIC AVE AND WOODHAVEN BLVD, NEW YORK, NY",Red Light,40.68815398062,-73.849093035725
2025,7,ROCKAWAY PKWY (N/B),@ SEAVIEW AVE,"ROCKAWAY PKWY AND SEAVIEW AVE, NEW YORK, NY",Red Light,40.63381100103,-73.889824978025
2025,7,BOSTON RD (N/B) @ PE,LHAM PKWY,"BOSTON RD AND PE LHAM PKWY, NEW YORK, NY",Red Light,40.857926998687,-73.868184999501
2025,7,FLATBUSH AVE (N/B) @,AVIATOR SPORTS COMP,"FLATBUSH AVE AND AVIATOR SPORTS COMP, NEW YORK, NY",Red Light,40.590608,-73.902783
2025,7,222ND ST (E/B) @ PAU,LDING AVE,"222ND ST AND PAU LDING AVE, NEW YORK, NY",Red Light,40.883026984931,-73.853247023119
2025,7,SURF AVE (W/B) @ W 5,TH ST,"SURF AVE AND W 5 TH ST, NEW YORK, NY",Red Light,40.574745992466,-73.97346296067
2025,7,QUEENS BLVD (W/B) @,39TH ST,"QUEENS BLVD AND 39TH ST, NEW YORK, NY",Red Light,40.743872011427,-73.926192966255
2025,7,STEINWAY ST (S/B) @,NORTHERN BLVD,"STEINWAY ST AND NORTHERN BLVD, NEW YORK, NY",Red Light,40.752323987313,-73.924478028866
2025,7,FOREST AVE (W/B) @ S,OUTH AVE,"FOREST AVE AND S OUTH AVE, NEW YORK, NY",Red Light,40.627329987766,-74.166563988741
2017,7,GUN HILL ROAD (E/B),@ EASTCHESTER RD,"GUN HILL ROAD AND EASTCHESTER RD, NEW YORK, NY",Red Light,40.868486017393,-73.842415005827
2017,7,NB UTOPIA PKWY @ HOR,ACE HARDING EXPWY,"UTOPIA PKWY AND HOR ACE HARDING EXPWY, NEW YORK, NY",Red Light,40.739471009345,-73.792834036887
2016,7,WOODHAVEN BLVD (N/B),@ UNION TPKE,"WOODHAVEN BLVD AND UNION TPKE, NEW YORK, NY",Red Light,40.705556990907,-73.858426033453
2017,7,ROCKAWAY PKWY (N/B),@ SEAVIEW AVE,"ROCKAWAY PKWY AND SEAVIEW AVE, NEW YORK, NY",Red Light,40.63381100103,-73.889824978025
2016,7,12TH AVE (S/B) @ 23R,D ST,"12TH AVE AND 23R D ST, NEW YORK, NY",Red Light,40.749331019236,-74.008176025938
2016,7,RICHMOND AVE (N/B) @,LANDER AVE,"RICHMOND AVE AND LANDER AVE, NEW YORK, NY",Red Light,40.613023001055,-74.158826989196
2018,7,S CONDUIT AVE (E/B),@ BROOKVILLE BLVD,"S CONDUIT AVE AND BROOKVILLE BLVD, NEW YORK, NY",Red Light,40.665253992502,-73.739553966438
2018,7,EB UNION TPKE @ WOOD,HAVEN BLVD,"UNION TPKE AND WOOD HAVEN BLVD, NEW YORK, NY",Red Light,40.705556990907,-73.858426033453
2018,7,QUEENS BLVD (E/B) @,58TH ST,"QUEENS BLVD AND 58TH ST, NEW YORK, NY",Red Light,40.741804992194,-73.907524959141
2018,7,OCEAN PKWY (S/B) @ S,HORE PKWY,"OCEAN PKWY AND S HORE PKWY, NEW YORK, NY",Red Light,40.583374994147,-73.96699900458
2019,7,STEINWAY ST (S/B) @,NORTHERN BLVD,"STEINWAY ST AND NORTHERN BLVD, NEW YORK, NY",Red Light,40.752323987313,-73.924478028866
2019,7,ATLANTIC AVE (E/B) @,KINGSTON AVE,"ATLANTIC AVE AND KINGSTON AVE, NEW YORK, NY",Red Light,40.678094020429,-73.941372006173
2019,7,FLATBUSH AVE (S/B) @,DEAN ST,"FLATBUSH AVE AND DEAN ST, NEW YORK, NY",Red Light,40.681814998706,-73.975820035662
2019,7,FLATBUSH AVE (N/B) @,BERGEN ST,"FLATBUSH AVE AND BERGEN ST, NEW YORK, NY",Red Light,40.680840979647,-73.975119979109
2020,7,NWB REMSEN AVE @ LIN,DEN BLVD,"NWB REMSEN AVE AND LIN DEN BLVD, NEW YORK, NY",Red Light,40.654401020452,-73.921746031345
2020,7,LINDEN BLVD (E/B) @,PENNSYLVANIA AVE,"LINDEN BLVD AND PENNSYLVANIA AVE, NEW YORK, NY",Red Light,40.658685011165,-73.890809013457
2020,7,NARROWS RD (W/B) @ R,ICHMOND RD,"NARROWS RD AND R ICHMOND RD, NEW YORK, NY",Red Light,40.608782386691,-74.090796110263
2020,7,FLATBUSH AVE (N/B) @,AVIATOR SPORTS COMP,"FLATBUSH AVE AND AVIATOR SPORTS COMP, NEW YORK, NY",Red Light,40.590608,-73.902783
2020,7,GUN HILL ROAD (W/B),@ EASTCHESTER RD,"GUN HILL ROAD AND EASTCHESTER RD, NEW YORK, NY",Red Light,40.868486017393,-73.842415005827
2020,7,QUEENS BLVD (E/B) @,58TH ST,"QUEENS BLVD AND 58TH ST, NEW YORK, NY",Red Light,40.741804992194,-73.907524959141
2020,7,ATLANTIC AVE (W/B) @,FT GREENE PL,"ATLANTIC AVE AND FT GREENE PL, NEW YORK, NY",Red Light,40.683412296084,-73.975917768653
2021,7,2ND AVE (S/B) @ 26TH,ST,"2ND AVE AND 26TH ST, NEW YORK, NY",Red Light,40.739775984893,-73.979500026433
2021,7,FATHER CAPODANNO BLV,D (S/B) @ PARK AND R,"FATHER CAPODANNO BLV D AND PARK AND R, NEW YORK, NY",Red Light,40.584487331871,-74.072312774025
2021,7,FATHER CAPODANNO BLV,D (S/B) @ SAND LN,"FATHER CAPODANNO BLV D AND SAND LN, NEW YORK, NY",Red Light,40.590377990431,-74.06668799653
2021,7,HORACE HARDING EXPWY,(E/B) @ 108TH ST,"HORACE HARDING EXPWY AND 108TH ST, NEW YORK, NY",Red Light,40.73768298176,-73.852103982983
2022,7,BORDEN AVE (E/B) @ G,REENPOINT AVE,"BORDEN AVE AND G REENPOINT AVE, NEW YORK, NY",Red Light,40.736826015979,-73.931603987669
2022,7,EASTERN PKWY (E/B) @,ROCHESTER AVE,"EASTERN PKWY AND ROCHESTER AVE, NEW YORK, NY",Red Light,40.66842000497,-73.928377960775
2022,7,E 135TH ST (W/B) @ 3,RD AVE,"E 135TH ST AND 3 RD AVE, NEW YORK, NY",Red Light,40.809417991345,-73.929631977309
2022,7,ROCKAWAY PKWY (N/B),@ SEAVIEW AVE,"ROCKAWAY PKWY AND SEAVIEW AVE, NEW YORK, NY",Red Light,40.63381100103,-73.889824978025
2023,7,RICHMOND AVE (N/B) @,ARTHUR KILL RD,"RICHMOND AVE AND ARTHUR KILL RD, NEW YORK, NY",Red Light,40.561075988487,-74.16983200897
2025,7,KISSENA BLVD (S/B) @,BOOTH MEMORIAL AVE,"KISSENA BLVD AND BOOTH MEMORIAL AVE, NEW YORK, NY",Red Light,40.74296798126,-73.814318028192
2026,7,2ND AVE (S/B) @ E HO,USTON ST,"2ND AVE AND E HO USTON ST, NEW YORK, NY",Red Light,40.723593002522,-73.991080966774
2026,7,ROCKAWAY BLVD (W/B),@ GUY R BREWER BLVD,"ROCKAWAY BLVD AND GUY R BREWER BLVD, NEW YORK, NY",Red Light,40.656143995307,-73.767468972955
2026,7,WEST ST (N/B) @ W HO,USTON ST,"WEST ST AND W HO USTON ST, NEW YORK, NY",Red Light,40.729111605663,-74.010544332681
2026,7,ALLERTON AVE (W/B) @,BARNES AVE,"ALLERTON AVE AND BARNES AVE, NEW YORK, NY",Red Light,40.865509980761,-73.863524996612
2026,7,QUEENS BLVD (W/B) @,BROADWAY,"QUEENS BLVD AND BROADWAY, NEW YORK, NY",Red Light,40.736805019312,-73.877641965578
2026,7,WB 107TH AVE @ 111TH,ST,"107TH AVE AND 111TH ST, NEW YORK, NY",Red Light,40.682458016408,-73.830011968422
2026,7,EB 20TH AVE @ 129TH,ST,"20TH AVE AND 129TH ST, NEW YORK, NY",Red Light,40.781751717805,-73.839612432681
2026,7,EB E 182ND ST @ CROT,ONA AVE,"E 182ND ST AND CROT ONA AVE, NEW YORK, NY",Red Light,40.850308980257,-73.886437012761
2026,7,SB RICHMOND AVE @ RI,CHMOND HILL RD,"RICHMOND AVE AND RI CHMOND HILL RD, NEW YORK, NY",Red Light,40.588995982236,-74.167696970593
2026,7,WB METROPOLITAN AVE,@ STEWART AVE,"METROPOLITAN AVE AND STEWART AVE, NEW YORK, NY",Red Light,40.714276014228,-73.928192972172
2026,7,NB GLEN ST @ SOUTH A,VE,"GLEN ST AND SOUTH A VE, NEW YORK, NY",Red Light,40.620552003673,-74.169205964622
2026,7,SB THIRD AVE @ E 163,RD ST,"THIRD AVE AND E 163 RD ST, NEW YORK, NY",Red Light,40.824050782632,-73.908705298746
2026,7,WB FOSTER AVE @ CONE,Y ISLAND AVE,"FOSTER AVE AND CONE Y ISLAND AVE, NEW YORK, NY",Red Light,40.63230900589,-73.966773279927
2026,7,CROSSBAY BLVD (S/B),@ SUTTER AVE,"CROSSBAY BLVD AND SUTTER AVE, NEW YORK, NY",Red Light,40.67679801056,-73.843870020399
2026,7,SB SPRINGFIELD BLVD,@ HORACE HARDING EXP,"SPRINGFIELD BLVD AND HORACE HARDING EXP, NEW YORK, NY",Red Light,40.749584990903,-73.756994024737
2025,7,BUFFALO AVE (S/B) @,ST MARKS AVE,"BUFFALO AVE AND ST MARKS AVE, NEW YORK, NY",Red Light,40.673858980031,-73.925088985788
2025,7,NARROWS RD (W/B) @ R,ICHMOND RD,"NARROWS RD AND R ICHMOND RD, NEW YORK, NY",Red Light,40.608782386691,-74.090796110263
2025,7,KINGS HWY (N/B) @ BE,VERLEY RD,"KINGS HWY AND BE VERLEY RD, NEW YORK, NY",Red Light,40.646636989269,-73.924767958897
2026,7,QUEENS BLVD (E/B) @,JACOBUS ST,"QUEENS BLVD AND JACOBUS ST, NEW YORK, NY",Red Light,40.73857460671,-73.887233461201
2026,7,EB AVE J @ NEW YORK,AVE,"AVE J AND NEW YORK AVE, NEW YORK, NY",Red Light,40.627092989454,-73.944023034509
2026,7,SB KINGS HWY @ CLARE,NDON RD,"KINGS HWY AND CLARE NDON RD, NEW YORK, NY",Red Light,40.644709989729,-73.925112036022
2026,7,ROCKAWAY BLVD (E/B),@ GUY R BREWER BLVD,"ROCKAWAY BLVD AND GUY R BREWER BLVD, NEW YORK, NY",Red Light,40.656143995307,-73.767468972955
2026,7,NB HYLAN BLVD @ MIDL,AND AVE,"HYLAN BLVD AND MIDL AND AVE, NEW YORK, NY",Red Light,40.577945909732,-74.102322903509
2026,7,EB QUEENS BLVD @ 71S,T AVE / CONTINENTAL,"QUEENS BLVD AND 71S T AVE / CONTINENTAL, NEW YORK, NY",Red Light,40.721623506733,-73.843853759507
2026,7,JAMAICA AVE (E/B) @,PENNSYLVANIA AVE,"JAMAICA AVE AND PENNSYLVANIA AVE, NEW YORK, NY",Red Light,40.67820478728,-73.897521995892
2026,7,EB FOSTER AVE @ E NE,W YORK AVE,"FOSTER AVE AND E NE W YORK AVE, NEW YORK, NY",Red Light,40.638824510686,-73.94535869078
2026,7,WB DRUMGOOLE RD @ HU,GUENOT AVE,"DRUMGOOLE RD AND HU GUENOT AVE, NEW YORK, NY",Red Light,40.534319989632,-74.193008977078
2026,7,WB ATLANTIC AVE @ 6T,H AVE,"ATLANTIC AVE AND 6T H AVE, NEW YORK, NY",Red Light,40.682967007478,-73.973727996449
2026,7,EB EMPIRE BLVD @ WAS,HINGTON AVE,"EMPIRE BLVD AND WAS HINGTON AVE, NEW YORK, NY",Red Light,40.66329597992,-73.960976020415
2026,7,WB CYPRESS AVE @ COO,PER AVE,"CYPRESS AVE AND COO PER AVE, NEW YORK, NY",Red Light,40.694107981722,-73.897360979532
2026,7,NB HYLAN BLVD @ CHES,TERTON AVE,"HYLAN BLVD AND CHES TERTON AVE, NEW YORK, NY",Red Light,40.557890991009,-74.126757995285
2026,7,NB MORGAN AVE @ GRAN,D ST,"MORGAN AVE AND GRAN D ST, NEW YORK, NY",Red Light,40.864239999467,-73.845334079013
2026,7,FATHER CAPODANNO BLV,D (N/B) @ PARK AND R,"FATHER CAPODANNO BLV D AND PARK AND R, NEW YORK, NY",Red Light,40.584487331871,-74.072312774025
2026,7,WB E 96TH ST @ 1ST A,VE,"E 96TH ST AND 1ST A VE, NEW YORK, NY",Red Light,40.783291682966,-73.944711021122
2026,7,NB SUTPHIN BLVD @ LI,BERTY AVE,"SUTPHIN BLVD AND LI BERTY AVE, NEW YORK, NY",Red Light,40.6962342191,-73.804568701333
2026,7,EB AVE Y @ OCEAN PKW,Y,"AVE Y AND OCEAN PKW Y, NEW YORK, NY",Red Light,40.588854998624,-73.965929976649
2026,7,WB PITKIN AVE @ SCHE,NCK AVE,"PITKIN AVE AND SCHE NCK AVE, NEW YORK, NY",Red Light,40.673033320658,-73.888528465241
2025,7,SB WEBSTER AVE @ CLE,RMONT PKWY,"WEBSTER AVE AND CLE RMONT PKWY, NEW YORK, NY",Red Light,40.839680517483,-73.905339713164
2025,7,EB KINGS HWY @ UTICA,AVE,"KINGS HWY AND UTICA AVE, NEW YORK, NY",Red Light,40.634312993211,-73.928521961872
2025,7,WB PITKIN AVE @ PENN,SYLVANIA AVE,"PITKIN AVE AND PENN SYLVANIA AVE, NEW YORK, NY",Red Light,40.671898117602,-73.895914430682
2026,7,EB AVE U @ GERRITSEN,AVE,"AVE U AND GERRITSEN AVE, NEW YORK, NY",Red Light,40.601722980198,-73.93503201843
2026,7,EB CEBRA AVE @ VICTO,RY BLVD,"CEBRA AVE AND VICTO RY BLVD, NEW YORK, NY",Red Light,40.633968999905,-74.085752970579
2026,7,SB UTICA AVE @ FLATL,ANDS AVE,"UTICA AVE AND FLATL ANDS AVE, NEW YORK, NY",Red Light,40.626269006462,-73.927668013576
2026,7,EB ROCKAWAY BLVD @ 9,1ST AVE,"ROCKAWAY BLVD AND 9 1ST AVE, NEW YORK, NY",Red Light,40.685886005259,-73.865241023649
2026,7,EB BAY RIDGE PKWY @,13TH AVE,"BAY RIDGE PKWY AND 13TH AVE, NEW YORK, NY",Red Light,40.620308006471,-74.007424001585
2018,7,BATTERY ST,WEST ST,"BATTERY ST WEST ST, NEW YORK, NY",Red Light,40.706412916493,-74.017835944051
2017,7,EB UNION TPKE @ WOOD,HAVEN BLVD,"UNION TPKE AND WOOD HAVEN BLVD, NEW YORK, NY",Red Light,40.705556990907,-73.858426033453
2016,7,SO CONDUIT AVE (E/B),@ 89TH ST,"SO CONDUIT AVE AND 89TH ST, NEW YORK, NY",Red Light,40.669570211633,-73.846365564431
2017,7,FATHER CAPODANNO BLV,D (N/B) @ PARK AND R,"FATHER CAPODANNO BLV D AND PARK AND R, NEW YORK, NY",Red Light,40.584487331871,-74.072312774025
2016,7,EASTERN PKWY (E/B) @,UTICA AVE,"EASTERN PKWY AND UTICA AVE, NEW YORK, NY",Red Light,40.668588020219,-73.931142982995
2017,7,12TH AVE (N/B) @ 42N,D ST,"12TH AVE AND 42N D ST, NEW YORK, NY",Red Light,40.640278980434,-73.990241016257
2016,7,EB QUEENS BLVD @ GRA,ND AVE / BROADWAY,"QUEENS BLVD AND GRA ND AVE / BROADWAY, NEW YORK, NY",Red Light,40.736805019312,-73.877641965578
2017,7,FLATBUSH AVE (N/B) @,EASTERN PKWY,"FLATBUSH AVE AND EASTERN PKWY, NEW YORK, NY",Red Light,40.673099998698,-73.969437970766
2016,7,RICHMOND AVE (N/B) @,DRAPER PL,"RICHMOND AVE AND DRAPER PL, NEW YORK, NY",Red Light,40.592652000763,-74.163308960462
2017,7,HORACE HARDING EXPWY,(W/B) @ UTOPIA PKWY,"HORACE HARDING EXPWY AND UTOPIA PKWY, NEW YORK, NY",Red Light,40.739471009345,-73.792834036887
2017,7,N CONDUIT AVE (W/B),@ 114TH ST,"N CONDUIT AVE AND 114TH ST, NEW YORK, NY",Red Light,40.666101989646,-73.828068959447
2016,7,RICHMOND RD (W/B) @,NEW DORP LANE,"RICHMOND RD AND NEW DORP LANE, NEW YORK, NY",Red Light,40.575848003186,-74.119818030912
2017,7,QUEENS BLVD (W/B) @,39TH ST,"QUEENS BLVD AND 39TH ST, NEW YORK, NY",Red Light,40.743872011427,-73.926192966255
2017,7,REMSEN AVE (N/B) @ L,ENOX RD,"REMSEN AVE AND L ENOX RD, NEW YORK, NY",Red Light,40.655853981458,-73.923374970408
2016,7,FLATBUSH AVE (N/B) @,AVENUE H,"FLATBUSH AVE AND AVENUE H, NEW YORK, NY",Red Light,40.631715986241,-73.946492007909
2017,7,OCEAN PKWY (S/B) @ A,VE W,"OCEAN PKWY AND A VE W, NEW YORK, NY",Red Light,40.58156198849,-73.967607027836
2016,7,PENNSYLVANIA AVE (S/,B) @ SEAVIEW AVE,"PENNSYLVANIA AVE AND SEAVIEW AVE, NEW YORK, NY",Red Light,40.64395591181,-73.877571892868
2017,7,SURF AVE (W/B) @ W 5,TH ST,"SURF AVE AND W 5 TH ST, NEW YORK, NY",Red Light,40.574745992466,-73.97346296067
2018,7,LINDEN BLVD (W/B) @,ROCKAWAY AVE,"LINDEN BLVD AND ROCKAWAY AVE, NEW YORK, NY",Red Light,40.65489199043,-73.90696496419
2018,7,WB QUEENS BLVD @ 70T,H ST / 45TH AVE,"QUEENS BLVD AND 70T H ST / 45TH AVE, NEW YORK, NY",Red Light,40.739905988211,-73.894214999813
2018,7,MCDONALD AVE (S/B) @,GREENWOOD AVE,"MCDONALD AVE AND GREENWOOD AVE, NEW YORK, NY",Red Light,40.649528997321,-73.980711965813
2018,7,ATLANTIC AVE (W/B) @,BEDFORD AVE,"ATLANTIC AVE AND BEDFORD AVE, NEW YORK, NY",Red Light,40.678792987335,-73.953013966769
2018,7,NORTHERN BLVD (W/B),@ MARATHON PKWY,"NORTHERN BLVD AND MARATHON PKWY, NEW YORK, NY",Red Light,40.768396580018,-73.737527725165
2018,7,ASTORIA BLVD (E/B) @,STEINWAY ST,"ASTORIA BLVD AND STEINWAY ST, NEW YORK, NY",Red Light,40.769429314309,-73.910277827601
2018,7,WOODHAVEN BLVD (N/B),@ UNION TPKE,"WOODHAVEN BLVD AND UNION TPKE, NEW YORK, NY",Red Light,40.705556990907,-73.858426033453
2019,7,MCDONALD AVE (N/B) @,VANDERBILT ST,"MCDONALD AVE AND VANDERBILT ST, NEW YORK, NY",Red Light,40.65159899213,-73.981111028223
2019,7,W FORDHAM RD (W/B) @,CEDAR AVE,"W FORDHAM RD AND CEDAR AVE, NEW YORK, NY",Red Light,40.861713984451,-73.911811967339
2019,7,NORTHERN BLVD (E/B),@ MARATHON PKWY,"NORTHERN BLVD AND MARATHON PKWY, NEW YORK, NY",Red Light,40.768396580018,-73.737527725165
2019,7,HORACE HARDING EXPWY,(E/B) @ 173RD ST,"HORACE HARDING EXPWY AND 173RD ST, NEW YORK, NY",Red Light,40.73787155649,-73.796435961593
2019,7,RICHMOND AVE (N/B) @,VICTORY BLVD,"RICHMOND AVE AND VICTORY BLVD, NEW YORK, NY",Red Light,40.607226998828,-74.162498011329
2019,7,E FORDHAM RD (E/B) @,BOSTON RD,"E FORDHAM RD AND BOSTON RD, NEW YORK, NY",Red Light,40.856708186146,-73.86938579095
2019,7,NORTHERN BLVD (W/B),@ DOUGLASTON PKWY,"NORTHERN BLVD AND DOUGLASTON PKWY, NEW YORK, NY",Red Light,40.76534581872,-73.744281359829
2019,7,222ND ST (E/B) @ PAU,LDING AVE,"222ND ST AND PAU LDING AVE, NEW YORK, NY",Red Light,40.883026984931,-73.853247023119
2019,7,SO CONDUIT AVE (E/B),@ 89TH ST,"SO CONDUIT AVE AND 89TH ST, NEW YORK, NY",Red Light,40.669570211633,-73.846365564431
2019,7,NARROWS RD (W/B) @ R,ICHMOND RD,"NARROWS RD AND R ICHMOND RD, NEW YORK, NY",Red Light,40.608782386691,-74.090796110263
2019,7,12TH AVE (S/B) @ 34T,H ST,"12TH AVE AND 34T H ST, NEW YORK, NY",Red Light,40.75697900297,-74.004799962977
2019,7,PENNSYLVANIA AVE (N/,B) @ LINDEN BLVD,"PENNSYLVANIA AVE AND LINDEN BLVD, NEW YORK, NY",Red Light,40.658685011165,-73.890809013457
2019,7,CROSSBAY BLVD (N/B),@ LIBERTY AVE,"CROSSBAY BLVD AND LIBERTY AVE, NEW YORK, NY",Red Light,40.680263801795,-73.844728997836
2020,7,W FORDHAM RD (W/B) @,CEDAR AVE,"W FORDHAM RD AND CEDAR AVE, NEW YORK, NY",Red Light,40.861713984451,-73.911811967339
2020,7,NORTHERN BLVD (E/B),@ DOUGLASTON PKWY,"NORTHERN BLVD AND DOUGLASTON PKWY, NEW YORK, NY",Red Light,40.76534581872,-73.744281359829
2020,7,BOOTH MEMORIAL AVE (,W/B) @ KISSENA BLVD,"BOOTH MEMORIAL AVE AND KISSENA BLVD, NEW YORK, NY",Red Light,40.74296798126,-73.814318028192
2020,7,SEAGIRT BLVD (E/B) @,ROCKAWAY FREEWAY,"SEAGIRT BLVD AND ROCKAWAY FREEWAY, NEW YORK, NY",Red Light,40.596195995154,-73.766891040731
2020,7,CROSS BRONX EXPWY (W,/B) @ ROSEDALE AVE,"CROSS BRONX EXPWY AND ROSEDALE AVE, NEW YORK, NY",Red Light,40.836315979639,-73.869993981845
2020,7,HOWARD AVE (N/B) @ E,NEW YORK AVE,"HOWARD AVE AND E NEW YORK AVE, NEW YORK, NY",Red Light,40.668238997771,-73.920155984312
2020,7,QUEENS BLVD (W/B) @,71ST AVE,"QUEENS BLVD AND 71ST AVE, NEW YORK, NY",Red Light,40.721623506733,-73.843853759507
2020,7,BRUCKNER BLVD (E/B),@ HUNTS POINT AVE,"BRUCKNER BLVD AND HUNTS POINT AVE, NEW YORK, NY",Red Light,40.820244979495,-73.890711029009
2020,7,ASTORIA BLVD (W/B) @,108TH ST,"ASTORIA BLVD AND 108TH ST, NEW YORK, NY",Red Light,40.760406991821,-73.861433041217
2020,7,CROSSBAY BLVD (S/B),@ PITKIN AVE,"CROSSBAY BLVD AND PITKIN AVE, NEW YORK, NY",Red Light,40.67215799851,-73.843282029891
2020,7,12TH AVE (S/B) @ 23R,D ST,"12TH AVE AND 23R D ST, NEW YORK, NY",Red Light,40.749331019236,-74.008176025938
2020,7,EB QUEENS BLVD @ GRA,ND AVE / BROADWAY,"QUEENS BLVD AND GRA ND AVE / BROADWAY, NEW YORK, NY",Red Light,40.736805019312,-73.877641965578
2021,7,YORK AVE (N/B) @ E 7,9TH ST,"YORK AVE AND E 7 9TH ST, NEW YORK, NY",Red Light,40.771393990503,-73.950438962295
2021,7,EB QUEENS BLVD @ GRA,ND AVE / BROADWAY,"QUEENS BLVD AND GRA ND AVE / BROADWAY, NEW YORK, NY",Red Light,40.736805019312,-73.877641965578
2021,7,RICHMOND RD (W/B) @,NEW DORP LANE,"RICHMOND RD AND NEW DORP LANE, NEW YORK, NY",Red Light,40.575848003186,-74.119818030912
2021,7,SB OCEAN PKWY @ 18TH,AVE,"OCEAN PKWY AND 18TH AVE, NEW YORK, NY",Red Light,40.633076997769,-73.97223802934
2021,7,PENNSYLVANIA AVE (S/,B) @ LINDEN BLVD,"PENNSYLVANIA AVE AND LINDEN BLVD, NEW YORK, NY",Red Light,40.658685011165,-73.890809013457
2021,7,WOODHAVEN BLVD (S/B),@ JAMAICA AVE,"WOODHAVEN BLVD AND JAMAICA AVE, NEW YORK, NY",Red Light,40.69356102063,-73.852402965469
2021,7,CLASSON AVE (N/B) @,FLUSHING AVE,"CLASSON AVE AND FLUSHING AVE, NEW YORK, NY",Red Light,40.698207486746,-73.961894174089
2021,7,CROSSBAY BLVD (S/B),@ SUTTER AVE,"CROSSBAY BLVD AND SUTTER AVE, NEW YORK, NY",Red Light,40.67679801056,-73.843870020399
2021,7,WB QUEENS BLVD @ 58T,H ST,"QUEENS BLVD AND 58T H ST, NEW YORK, NY",Red Light,40.741804992194,-73.907524959141
2021,7,QUEENS BLVD (E/B) @,JACOBUS ST,"QUEENS BLVD AND JACOBUS ST, NEW YORK, NY",Red Light,40.73857460671,-73.887233461201
2021,7,RICHMOND AVE (N/B) @,ARTHUR KILL RD,"RICHMOND AVE AND ARTHUR KILL RD, NEW YORK, NY",Red Light,40.561075988487,-74.16983200897
2022,7,OCEAN PKWY (N/B) @ S,HORE PKWY,"OCEAN PKWY AND S HORE PKWY, NEW YORK, NY",Red Light,40.583374994147,-73.96699900458
2022,7,BOOTH MEMORIAL AVE (,W/B) @ KISSENA BLVD,"BOOTH MEMORIAL AVE AND KISSENA BLVD, NEW YORK, NY",Red Light,40.74296798126,-73.814318028192
2022,7,GUN HILL RD (E/B) @,WHITE PLAINS RD,"GUN HILL RD AND WHITE PLAINS RD, NEW YORK, NY",Red Light,40.877645006812,-73.86740598542
2022,7,RICHMOND AVE (S/B) @,ETON PL,"RICHMOND AVE AND ETON PL, NEW YORK, NY",Red Light,40.604637284113,-74.16227203522
2022,7,SB 108TH ST @ HORACE,HARDING EXPY N,"108TH ST AND HORACE HARDING EXPY N, NEW YORK, NY",Red Light,40.73768298176,-73.852103982983
2023,7,EASTERN PKWY (E/B) @,ROCHESTER AVE,"EASTERN PKWY AND ROCHESTER AVE, NEW YORK, NY",Red Light,40.66842000497,-73.928377960775
2023,7,BEACH CHANNEL DR (S/,B) @ HASSOCK ST,"BEACH CHANNEL DR AND HASSOCK ST, NEW YORK, NY",Red Light,40.609514001109,-73.75371896371
2023,7,NB OCEAN PKWY @ AVEN,UE I,"OCEAN PKWY AND AVEN UE I, NEW YORK, NY",Red Light,40.607247995495,-73.96733402925
2023,7,EASTERN PKWY (E/B) @,UTICA AVE,"EASTERN PKWY AND UTICA AVE, NEW YORK, NY",Red Light,40.668588020219,-73.931142982995
2023,7,NB UTOPIA PKWY @ HOR,ACE HARDING EXPWY,"UTOPIA PKWY AND HOR ACE HARDING EXPWY, NEW YORK, NY",Red Light,40.739471009345,-73.792834036887
2023,7,OCEAN PKWY (N/B) @ S,HORE PKWY,"OCEAN PKWY AND S HORE PKWY, NEW YORK, NY",Red Light,40.583374994147,-73.96699900458
2023,7,N CONDUIT AVE (W/B),@ 114TH ST,"N CONDUIT AVE AND 114TH ST, NEW YORK, NY",Red Light,40.666101989646,-73.828068959447
2024,7,SEAGIRT BLVD (E/B) @,ROCKAWAY FREEWAY,"SEAGIRT BLVD AND ROCKAWAY FREEWAY, NEW YORK, NY",Red Light,40.596195995154,-73.766891040731
2024,7,WHITESTONE EXPWY SVC,RD (N/B) @ 20TH AVE,"WHITESTONE EXPWY SVC RD AND 20TH AVE, NEW YORK, NY",Red Light,40.781715717531,-73.825686738745
2024,7,QUEENS BLVD (W/B) @,BROADWAY,"QUEENS BLVD AND BROADWAY, NEW YORK, NY",Red Light,40.736805019312,-73.877641965578
2024,7,PENNSYLVANIA AVE (S/,B) @ SEAVIEW AVE,"PENNSYLVANIA AVE AND SEAVIEW AVE, NEW YORK, NY",Red Light,40.64395591181,-73.877571892868
2024,7,SB 108TH ST @ HORACE,HARDING EXPY N,"108TH ST AND HORACE HARDING EXPY N, NEW YORK, NY",Red Light,40.73768298176,-73.852103982983
2024,7,WEST ST (S/B) @ 14TH,STREET,"WEST ST AND 14TH STREET, NEW YORK, NY",Red Light,40.74235849117,-74.008705007848
2024,7,BRUCKNER BLVD (E/B),@ BRONX RIVER PKWY R,"BRUCKNER BLVD AND BRONX RIVER PKWY R, NEW YORK, NY",Red Light,40.824586009059,-73.872502014913
2024,7,STEINWAY ST (S/B) @,NORTHERN BLVD,"STEINWAY ST AND NORTHERN BLVD, NEW YORK, NY",Red Light,40.752323987313,-73.924478028866
2024,7,FLATBUSH AVE (N/B) @,BERGEN ST,"FLATBUSH AVE AND BERGEN ST, NEW YORK, NY",Red Light,40.680840979647,-73.975119979109
2024,7,FLATBUSH AVE EXTENSI,ON (S/B) @ TILLARY S,"FLATBUSH AVE EXTENSI ON AND TILLARY S, NEW YORK, NY",Red Light,40.696112010952,-73.984660009846
2024,7,NWB REMSEN AVE @ LIN,DEN BLVD,"NWB REMSEN AVE AND LIN DEN BLVD, NEW YORK, NY",Red Light,40.654401020452,-73.921746031345
2024,7,GRAND CONCOURSE (N/B,) @ E 167TH ST,"GRAND CONCOURSE AND E 167TH ST, NEW YORK, NY",Red Light,40.834467015618,-73.917680975943
2024,7,SB RICHMOND RD @ NAR,ROWS RD N,"RICHMOND RD AND NAR ROWS RD N, NEW YORK, NY",Red Light,40.609410987519,-74.090104016517
2024,7,LINDEN BLVD (W/B) @,ROCKAWAY AVE,"LINDEN BLVD AND ROCKAWAY AVE, NEW YORK, NY",Red Light,40.65489199043,-73.90696496419
2024,7,E 135TH ST (W/B) @ 3,RD AVE,"E 135TH ST AND 3 RD AVE, NEW YORK, NY",Red Light,40.809417991345,-73.929631977309
2025,7,ROCKAWAY BLVD (W/B),@ GUY R BREWER BLVD,"ROCKAWAY BLVD AND GUY R BREWER BLVD, NEW YORK, NY",Red Light,40.656143995307,-73.767468972955
2025,7,BRONXDALE AVE (W/B),@ CRUGER AVE,"BRONXDALE AVE AND CRUGER AVE, NEW YORK, NY",Red Light,40.850956985192,-73.866808020448
2025,7,FLATBUSH AVE (N/B) @,GLENWOOD RD,"FLATBUSH AVE AND GLENWOOD RD, NEW YORK, NY",Red Light,40.633941004348,-73.94884396994
2025,7,HORACE HARDING EXPWY,(E/B) @ UTOPIA PKWY,"HORACE HARDING EXPWY AND UTOPIA PKWY, NEW YORK, NY",Red Light,40.739471009345,-73.792834036887
2025,7,S CONDUIT AVE (E/B),@ BROOKVILLE BLVD,"S CONDUIT AVE AND BROOKVILLE BLVD, NEW YORK, NY",Red Light,40.665253992502,-73.739553966438
2025,7,VICTORY BLVD (E/B) @,MORANI ST,"VICTORY BLVD AND MORANI ST, NEW YORK, NY",Red Light,40.608092011236,-74.157374992109
2025,7,ARTHUR KILL RD (E/B),@ GIFFORDS LN,"ARTHUR KILL RD AND GIFFORDS LN, NEW YORK, NY",Red Light,40.563733009884,-74.155879995858
2025,7,EASTERN PKWY (W/B) @,HOWARD AVE,"EASTERN PKWY AND HOWARD AVE, NEW YORK, NY",Red Light,40.669381493083,-73.920077781156
2025,7,CONEY ISLAND AVE (S/,B) @ AVE P,"CONEY ISLAND AVE AND AVE P, NEW YORK, NY",Red Light,40.609977017441,-73.96243598031
2025,7,WB ATLANTIC AVE @ LO,GAN ST,"ATLANTIC AVE AND LO GAN ST, NEW YORK, NY",Red Light,40.680093984436,-73.877392017225
2025,7,ASTORIA BLVD (W/B) @,108TH ST,"ASTORIA BLVD AND 108TH ST, NEW YORK, NY",Red Light,40.760406991821,-73.861433041217
2025,7,SO CONDUIT AVE (E/B),@ 89TH ST,"SO CONDUIT AVE AND 89TH ST, NEW YORK, NY",Red Light,40.669570211633,-73.846365564431
2025,7,S CONDUIT AVE (E/B),@ FARMERS BLVD,"S CONDUIT AVE AND FARMERS BLVD, NEW YORK, NY",Red Light,40.666708001246,-73.767122967992
2025,7,ROCKAWAY BLVD (S/B),@ BROOKVILLE BLVD,"ROCKAWAY BLVD AND BROOKVILLE BLVD, NEW YORK, NY",Red Light,40.640718988441,-73.74336102686
2025,7,N CONDUIT AVE (W/B),@ LEFFERTS BLVD,"N CONDUIT AVE AND LEFFERTS BLVD, NEW YORK, NY",Red Light,40.666071018514,-73.822277986362
2025,7,WOODHAVEN BLVD (S/B),@ YELLOWSTONE BLVD,"WOODHAVEN BLVD AND YELLOWSTONE BLVD, NEW YORK, NY",Red Light,40.714000710619,-73.859751799079
2025,7,WOODHAVEN BLVD (S/B),@ 62ND RD,"WOODHAVEN BLVD AND 62ND RD, NEW YORK, NY",Red Light,40.726148016158,-73.870308973766
2025,7,SOUTH AVE (S/B) @ TR,AVIS AVE,"SOUTH AVE AND TR AVIS AVE, NEW YORK, NY",Red Light,40.602690000368,-74.184153999288
2025,7,LINDEN BLVD (W/B) @,PENNSYLVANIA AVE,"LINDEN BLVD AND PENNSYLVANIA AVE, NEW YORK, NY",Red Light,40.658685011165,-73.890809013457
2017,7,FRANCIS LEWIS BLVD (,N/B) @ HILLSIDE AVE,"FRANCIS LEWIS BLVD AND HILLSIDE AVE, NEW YORK, NY",Red Light,40.721034007483,-73.759482025057
2017,7,ARTHUR KILL RD (W/B),@ GIFFORDS LN,"ARTHUR KILL RD AND GIFFORDS LN, NEW YORK, NY",Red Light,40.563733009884,-74.155879995858
2016,7,RICHMOND AVE (S/B) @,DRAPER PL,"RICHMOND AVE AND DRAPER PL, NEW YORK, NY",Red Light,40.592652000763,-74.163308960462
2018,7,BAY PKWY (S/B) @ 65T,H ST,"BAY PKWY AND 65T H ST, NEW YORK, NY",Red Light,40.613850001532,-73.981431971295
2018,7,E 135TH ST (W/B) @ 3,RD AVE,"E 135TH ST AND 3 RD AVE, NEW YORK, NY",Red Light,40.809417991345,-73.929631977309
2018,7,NARROWS RD (W/B) @ C,LOVE RD,"NARROWS RD AND C LOVE RD, NEW YORK, NY",Red Light,40.610955604637,-74.098098005214
2018,7,GRAND CONCOURSE (N/B,) @ E 167TH ST,"GRAND CONCOURSE AND E 167TH ST, NEW YORK, NY",Red Light,40.834467015618,-73.917680975943
2018,7,ROCKAWAY PKWY (N/B),@ SEAVIEW AVE,"ROCKAWAY PKWY AND SEAVIEW AVE, NEW YORK, NY",Red Light,40.63381100103,-73.889824978025
2019,7,BAY PKWY (E/B) @ STI,LLWELL AVE,"BAY PKWY AND STI LLWELL AVE, NEW YORK, NY",Red Light,40.608165981531,-73.987354037346
2019,7,MCDONALD AVE (S/B) @,GREENWOOD AVE,"MCDONALD AVE AND GREENWOOD AVE, NEW YORK, NY",Red Light,40.649528997321,-73.980711965813
2020,7,FLATBUSH AVE (N/B) @,GLENWOOD RD,"FLATBUSH AVE AND GLENWOOD RD, NEW YORK, NY",Red Light,40.633941004348,-73.94884396994
2020,7,FLATBUSH AVE (S/B) @,AVIATOR SPORTS COMP,"FLATBUSH AVE AND AVIATOR SPORTS COMP, NEW YORK, NY",Red Light,40.590608,-73.902783
2020,7,ATLANTIC AVE (W/B) @,KINGSTON AVE,"ATLANTIC AVE AND KINGSTON AVE, NEW YORK, NY",Red Light,40.678094020429,-73.941372006173
2021,7,EASTERN PKWY (E/B) @,UTICA AVE,"EASTERN PKWY AND UTICA AVE, NEW YORK, NY",Red Light,40.668588020219,-73.931142982995
2021,7,NB OCEAN PKWY @ AVEN,UE I,"OCEAN PKWY AND AVEN UE I, NEW YORK, NY",Red Light,40.607247995495,-73.96733402925
2021,7,NORTHERN BLVD (E/B),@ 114TH ST,"NORTHERN BLVD AND 114TH ST, NEW YORK, NY",Red Light,40.758365998398,-73.855623041212
2021,7,WEST END AVE (S/B) @,66TH ST,"WEST END AVE AND 66TH ST, NEW YORK, NY",Red Light,40.776022980351,-73.987240965472
2021,7,QUEENS MIDTOWN EXPWY,(W/B) @ 43RD ST,"QUEENS MIDTOWN EXPWY AND 43RD ST, NEW YORK, NY",Red Light,40.735626817092,-73.923064923809
2021,7,WB N CONDUIT AVE @ V,AN WYCK EXPWY SB / E,"N CONDUIT AVE AND V AN WYCK EXPWY / E, NEW YORK, NY",Red Light,40.666743498606,-73.801438814868
2021,7,EASTERN PKWY (E/B) @,ROCHESTER AVE,"EASTERN PKWY AND ROCHESTER AVE, NEW YORK, NY",Red Light,40.66842000497,-73.928377960775
2021,7,NARROWS RD S (E/B) @,HYLAN BLVD,"NARROWS RD S AND HYLAN BLVD, NEW YORK, NY",Red Light,40.605605016745,-74.077873981594
2022,7,BRONX RIVER PKWY OFF,RAMP (S/B) @ E/B BR,"BRONX RIVER PKWY OFF RAMP AND BR, NEW YORK, NY",Red Light,40.872532401319,-73.871474819032
2022,7,2ND AVE (S/B) @ 26TH,ST,"2ND AVE AND 26TH ST, NEW YORK, NY",Red Light,40.739775984893,-73.979500026433
2022,7,ATLANTIC AVE (E/B) @,BEDFORD AVE,"ATLANTIC AVE AND BEDFORD AVE, NEW YORK, NY",Red Light,40.678792987335,-73.953013966769
2022,7,LINDEN BLVD (W/B) @,ROCKAWAY AVE,"LINDEN BLVD AND ROCKAWAY AVE, NEW YORK, NY",Red Light,40.65489199043,-73.90696496419
2022,7,WB ATLANTIC AVE @ LO,GAN ST,"ATLANTIC AVE AND LO GAN ST, NEW YORK, NY",Red Light,40.680093984436,-73.877392017225
2022,7,HORACE HARDING EXPWY,(E/B) @ 159TH ST,"HORACE HARDING EXPWY AND 159TH ST, NEW YORK, NY",Red Light,40.73829498642,-73.809420985081
2022,7,SB RICHMOND AVE @ AR,THUR KILL RD,"RICHMOND AVE AND AR THUR KILL RD, NEW YORK, NY",Red Light,40.561075988487,-74.16983200897
2022,7,FLATBUSH AVE (N/B) @,EASTERN PKWY,"FLATBUSH AVE AND EASTERN PKWY, NEW YORK, NY",Red Light,40.673099998698,-73.969437970766
2022,7,ROCKAWAY BLVD (N/B),@ BROOKVILLE BLVD,"ROCKAWAY BLVD AND BROOKVILLE BLVD, NEW YORK, NY",Red Light,40.640718988441,-73.74336102686
2023,7,HAMILTON AVE (N/B) @,CLINTON ST,"HAMILTON AVE AND CLINTON ST, NEW YORK, NY",Red Light,40.676349201555,-74.001009833999
2023,7,RICHMOND AVE (N/B) @,W CASWELL AVE,"RICHMOND AVE AND W CASWELL AVE, NEW YORK, NY",Red Light,40.616414989632,-74.156790019086
2023,7,12TH AVE (S/B) @ 23R,D ST,"12TH AVE AND 23R D ST, NEW YORK, NY",Red Light,40.749331019236,-74.008176025938
2023,7,NARROWS RD (W/B) @ C,LOVE RD,"NARROWS RD AND C LOVE RD, NEW YORK, NY",Red Light,40.610955604637,-74.098098005214
2023,7,BUFFALO AVE (S/B) @,ST MARKS AVE,"BUFFALO AVE AND ST MARKS AVE, NEW YORK, NY",Red Light,40.673858980031,-73.925088985788
2024,7,FATHER CAPODANNO BLV,D (S/B) @ PARK AND R,"FATHER CAPODANNO BLV D AND PARK AND R, NEW YORK, NY",Red Light,40.584487331871,-74.072312774025
2024,7,WB ATLANTIC AVE @ RO,CKAWAY AVE,"ATLANTIC AVE AND RO CKAWAY AVE, NEW YORK, NY",Red Light,40.676272004226,-73.910936980467
2024,7,FATHER CAPODANNO BLV,D (S/B) @ SAND LN,"FATHER CAPODANNO BLV D AND SAND LN, NEW YORK, NY",Red Light,40.590377990431,-74.06668799653
2025,7,BRUCKNER BLVD (E/B),@ WHITE PLAINS RD,"BRUCKNER BLVD AND WHITE PLAINS RD, NEW YORK, NY",Red Light,40.825615013403,-73.859418031694
2025,7,12TH AVE (S/B) @ 34T,H ST,"12TH AVE AND 34T H ST, NEW YORK, NY",Red Light,40.75697900297,-74.004799962977
2026,7,L.I.E. N. SVC ROAD (,W/B) @ COLLEGE PT BL,"L.I.E. N. SVC ROAD AND COLLEGE PT BL, NEW YORK, NY",Red Light,40.784669767158,-73.8457863722
2026,7,VICTORY BLVD (W/B) @,MORANI ST,"VICTORY BLVD AND MORANI ST, NEW YORK, NY",Red Light,40.608092011236,-74.157374992109
2026,7,BRONX RIVER PKWY OFF,RAMP (S/B) @ E/B BR,"BRONX RIVER PKWY OFF RAMP AND BR, NEW YORK, NY",Red Light,40.872532401319,-73.871474819032
2026,7,HORACE HARDING EXPWY,(W/B) @ UTOPIA PKWY,"HORACE HARDING EXPWY AND UTOPIA PKWY, NEW YORK, NY",Red Light,40.739471009345,-73.792834036887
2026,7,FOREST AVE (W/B) @ S,OUTH AVE,"FOREST AVE AND S OUTH AVE, NEW YORK, NY",Red Light,40.627329987766,-74.166563988741
2026,7,EB 39TH ST @ 14TH AV,E,"39TH ST AND 14TH AV E, NEW YORK, NY",Red Light,40.639286018274,-73.984081993803
2026,7,EB LIBERTY AVE @ 183,RD ST,"LIBERTY AVE AND 183 RD ST, NEW YORK, NY",Red Light,40.705375019789,-73.775821958564
2026,7,NB MAURICE AVE @ BOR,DEN AVE,"MAURICE AVE AND BOR DEN AVE, NEW YORK, NY",Red Light,40.727739991028,-73.906733036929
2026,7,NB WOODHAVEN BLVD @,MYRTLE AVE,"WOODHAVEN BLVD AND MYRTLE AVE, NEW YORK, NY",Red Light,40.702595999792,-73.855377032354
2026,7,WB E FORDHAM RD @ SO,UTHERN BLVD,"E FORDHAM RD AND SO UTHERN BLVD, NEW YORK, NY",Red Light,40.856864005726,-73.88080496056
2026,7,SB WILLIAMSBRIDGE RD,@ MORRIS PARK AVE,"WILLIAMSBRIDGE RD AND MORRIS PARK AVE, NEW YORK, NY",Red Light,40.850306004682,-73.851369979722
2026,7,WB GRAND CENTRAL PKW,Y @ DITMARS BLVD,"GRAND CENTRAL PKW Y AND DITMARS BLVD, NEW YORK, NY",Red Light,40.767240003109,-73.887754983216
2026,7,WB LINDEN BLVD @ FAR,MERS BLVD,"LINDEN BLVD AND FAR MERS BLVD, NEW YORK, NY",Red Light,40.691660298357,-73.762397921534
2026,7,WB FLATLANDS AVE @ E,103RD ST,"FLATLANDS AVE AND E 103RD ST, NEW YORK, NY",Red Light,40.646611005369,-73.896208970759
2026,7,WB ASTORIA BLVD @ 32,ND ST,"ASTORIA BLVD AND 32 ND ST, NEW YORK, NY",Red Light,40.769850504943,-73.91764049135
2026,7,WB VICTORY BLVD @ WI,LLOW RD E,"VICTORY BLVD AND WI LLOW RD E, NEW YORK, NY",Red Light,40.609667012752,-74.149576972308
2026,7,SB ERSKINE ST @ GATE,WAY DR,"ERSKINE ST AND GATE WAY DR, NEW YORK, NY",Red Light,40.652905898473,-73.866817491998
2026,7,SB RICHMOND AVE @ YU,KON AVE,"RICHMOND AVE AND YU KON AVE, NEW YORK, NY",Red Light,40.577004999191,-74.169852963728
2026,7,EB ATLANTIC AVE @ 11,1TH ST,"ATLANTIC AVE AND 11 1TH ST, NEW YORK, NY",Red Light,40.692207007991,-73.834871963521
2026,7,EB EASTERN PKWY @ BU,FFALO AVE,"EASTERN PKWY AND BU FFALO AVE, NEW YORK, NY",Red Light,40.668465309156,-73.925604305195
2026,7,NARROWS RD (W/B) @ C,LOVE RD,"NARROWS RD AND C LOVE RD, NEW YORK, NY",Red Light,40.610955604637,-74.098098005214
2026,7,SB UTICA AVE @ ATLAN,TIC AVE,"UTICA AVE AND ATLAN TIC AVE, NEW YORK, NY",Red Light,40.677405991907,-73.930315018599
2026,7,WB QUEENS BLVD @ 43R,D ST,"QUEENS BLVD AND 43R D ST, NEW YORK, NY",Red Light,40.743335988719,-73.92151703775
2026,7,EB E 79TH ST @ 3RD A,VE,"E 79TH ST AND 3RD A VE, NEW YORK, NY",Red Light,40.77427698801,-73.957277002724
2026,7,WB AVENUE U @ FLATBU,SH AVE,"AVENUE U AND FLATBU SH AVE, NEW YORK, NY",Red Light,40.609782012463,-73.922668040694
2026,7,SB MIDLAND PKWY @ GR,AND CENTRAL PKWY,"MIDLAND PKWY AND GR AND CENTRAL PKWY, NEW YORK, NY",Red Light,40.720196990632,-73.785044985723
2026,7,EB SEAVIEW AVE @ REM,SEN AVE,"SEAVIEW AVE AND REM SEN AVE, NEW YORK, NY",Red Light,40.630393992472,-73.895124017212
2026,7,EB FLATLANDS AVE @ E,80TH ST,"FLATLANDS AVE AND E 80TH ST, NEW YORK, NY",Red Light,40.635554017795,-73.913329007995
2026,7,NB WILLMOHR ST @ E 9,8TH ST,"WILLMOHR ST AND E 9 8TH ST, NEW YORK, NY",Red Light,40.658407989265,-73.915611986963
2026,7,NB 160TH ST @ TUSKEG,EE AIRMEN WAY,"160TH ST AND TUSKEG EE AIRMEN WAY, NEW YORK, NY",Red Light,40.699025015672,-73.795725039111
2026,7,WB NORTHERN BLVD @ 7,6TH ST,"NORTHERN BLVD AND 7 6TH ST, NEW YORK, NY",Red Light,40.755031006762,-73.890955026211
2026,7,NB GERRITSEN AVE @ A,VE U,"GERRITSEN AVE AND A VE U, NEW YORK, NY",Red Light,40.601279840527,-73.934529506893
2025,7,EB E 135TH ST @ MADI,SON AVE,"E 135TH ST AND MADI SON AVE, NEW YORK, NY",Red Light,40.812080880074,-73.936032398574
2025,7,NB CLASSON AVE @ FUL,TON ST,"CLASSON AVE AND FUL TON ST, NEW YORK, NY",Red Light,40.681746015643,-73.958579969573
2025,7,NB WOODHAVEN BLVD @,101ST AVE,"WOODHAVEN BLVD AND 101ST AVE, NEW YORK, NY",Red Light,40.684196004031,-73.846255007128
2025,7,WB ATLANTIC AVE @ 13,0TH ST,"ATLANTIC AVE AND 13 0TH ST, NEW YORK, NY",Red Light,40.695897015136,-73.818922961978
2026,7,SB E 80TH ST @ FLATL,ANDS AVE,"E 80TH ST AND FLATL ANDS AVE, NEW YORK, NY",Red Light,40.635554017795,-73.913329007995
2026,7,WB ATLANTIC AVE @ 84,TH ST,"ATLANTIC AVE AND 84 TH ST, NEW YORK, NY",Red Light,40.685639996401,-73.857336972774
2026,7,WB LINDEN BLVD @ EUC,LID AVE,"LINDEN BLVD AND EUC LID AVE, NEW YORK, NY",Red Light,40.668120980574,-73.870135971285
2026,7,WB ROCKAWAY BLVD @ 9,1ST AVE,"ROCKAWAY BLVD AND 9 1ST AVE, NEW YORK, NY",Red Light,40.685886005259,-73.865241023649
2025,7,HUTCHINSON RIVER PKW,FERRY POINT PARK,"HUTCHINSON RIVER PKW FERRY POINT PARK, NEW YORK, NY",Red Light,40.811211228169,-73.836368188364
2016,7,FATHER CAPODANNO BLV,D (N/B) @ PARK AND R,"FATHER CAPODANNO BLV D AND PARK AND R, NEW YORK, NY",Red Light,40.584487331871,-74.072312774025
2016,7,CLOVE RD (N/B) @ BAR,D AVE,"CLOVE RD AND BAR D AVE, NEW YORK, NY",Red Light,40.620771106622,-74.110044396534
2016,7,OCEAN PKWY (N/B) @ A,VE W,"OCEAN PKWY AND A VE W, NEW YORK, NY",Red Light,40.58156198849,-73.967607027836
2016,7,ATLANTIC AVE (W/B) @,BEDFORD AVE,"ATLANTIC AVE AND BEDFORD AVE, NEW YORK, NY",Red Light,40.678792987335,-73.953013966769
2017,7,GRAND CONCOURSE (S/B,) @ E 162 ST,"GRAND CONCOURSE AND E 162 ST, NEW YORK, NY",Red Light,40.827677715955,-73.922074182854
2017,7,NORTHERN BLVD (E/B),@ 114TH ST,"NORTHERN BLVD AND 114TH ST, NEW YORK, NY",Red Light,40.758365998398,-73.855623041212
2016,7,NORTHERN BLVD (E/B),@ 48TH ST,"NORTHERN BLVD AND 48TH ST, NEW YORK, NY",Red Light,40.753677497038,-73.914478669835
2016,7,WHITE PLAINS RD (S/B,) @ WATSON AVE,"WHITE PLAINS RD AND WATSON AVE, NEW YORK, NY",Red Light,40.8284200173,-73.860672970238
2017,7,EB ATLANTIC AVE @ RO,CKAWAY AVE,"ATLANTIC AVE AND RO CKAWAY AVE, NEW YORK, NY",Red Light,40.676272004226,-73.910936980467
2016,7,ASTORIA BLVD (W/B) @,STEINWAY ST,"ASTORIA BLVD AND STEINWAY ST, NEW YORK, NY",Red Light,40.769429314309,-73.910277827601
2017,7,WEST ST (S/B) @ W HO,USTON ST,"WEST ST AND W HO USTON ST, NEW YORK, NY",Red Light,40.729111605663,-74.010544332681
2016,7,EB ATLANTIC AVE @ RO,CKAWAY AVE,"ATLANTIC AVE AND RO CKAWAY AVE, NEW YORK, NY",Red Light,40.676272004226,-73.910936980467
2016,7,QUEENS BLVD (W/B) @,39TH ST,"QUEENS BLVD AND 39TH ST, NEW YORK, NY",Red Light,40.743872011427,-73.926192966255
2017,7,NARROWS RD (W/B) @ C,LOVE RD,"NARROWS RD AND C LOVE RD, NEW YORK, NY",Red Light,40.610955604637,-74.098098005214
2016,7,BEACH CHANNEL DR (W/,B) @ B 140TH ST,"BEACH CHANNEL DR AND B 140TH ST, NEW YORK, NY",Red Light,40.58993400102,-73.804583034387
2016,7,CLOVE RD (S/B) @ CHE,SHIRE PL,"CLOVE RD AND CHE SHIRE PL, NEW YORK, NY",Red Light,40.618260014159,-74.105254977059
2017,7,SEAGIRT BLVD (W/B) @,BEACH 9TH ST,"SEAGIRT BLVD AND BEACH 9TH ST, NEW YORK, NY",Red Light,40.596564002613,-73.744170970164
2016,7,CROSSBAY BLVD (N/B),@ LIBERTY AVE,"CROSSBAY BLVD AND LIBERTY AVE, NEW YORK, NY",Red Light,40.680263801795,-73.844728997836
2017,7,HYLAN BLVD (E/B) @ B,URBANK AVE,"HYLAN BLVD AND B URBANK AVE, NEW YORK, NY",Red Light,40.57217199382,-74.108156959577
2016,7,ASTORIA BLVD (W/B) @,94TH ST,"ASTORIA BLVD AND 94TH ST, NEW YORK, NY",Red Light,40.763085009886,-73.875329985225
2016,7,BOSTON RD (E/B) @ PE,LHAM PKWY,"BOSTON RD AND PE LHAM PKWY, NEW YORK, NY",Red Light,40.857926998687,-73.868184999501
2016,7,FLATBUSH AVE (N/B) @,DEAN ST,"FLATBUSH AVE AND DEAN ST, NEW YORK, NY",Red Light,40.681814998706,-73.975820035662
2017,7,WEST ST (N/B) @ W HO,USTON ST,"WEST ST AND W HO USTON ST, NEW YORK, NY",Red Light,40.729111605663,-74.010544332681
2016,7,222ND ST (W/B) @ PAU,LDING AVE,"222ND ST AND PAU LDING AVE, NEW YORK, NY",Red Light,40.883026984931,-73.853247023119
2018,7,CLOVE RD (N/B) @ CHE,SHIRE PL,"CLOVE RD AND CHE SHIRE PL, NEW YORK, NY",Red Light,40.618260014159,-74.105254977059
2018,7,12TH AVE (S/B) @ 34T,H ST,"12TH AVE AND 34T H ST, NEW YORK, NY",Red Light,40.75697900297,-74.004799962977
2018,7,HOWARD AVE (N/B) @ E,NEW YORK AVE,"HOWARD AVE AND E NEW YORK AVE, NEW YORK, NY",Red Light,40.668238997771,-73.920155984312
2018,7,CONEY ISLAND AVE (S/,B) @ AVE P,"CONEY ISLAND AVE AND AVE P, NEW YORK, NY",Red Light,40.609977017441,-73.96243598031
2018,7,LINDEN BLVD (W/B) @,PENNSYLVANIA AVE,"LINDEN BLVD AND PENNSYLVANIA AVE, NEW YORK, NY",Red Light,40.658685011165,-73.890809013457
2019,7,BROADWAY (S/B) @ SHE,RMAN AVE,"BROADWAY AND SHE RMAN AVE, NEW YORK, NY",Red Light,40.862134211167,-73.929992566784
2019,7,3RD AVE (S/B) @ E 13,5TH ST,"3RD AVE AND E 13 5TH ST, NEW YORK, NY",Red Light,40.809417991345,-73.929631977309
2019,7,RICHMOND AVE (S/B) @,ETON PL,"RICHMOND AVE AND ETON PL, NEW YORK, NY",Red Light,40.604637284113,-74.16227203522
2019,7,MADISON AVE (N/B) @,E 96TH ST,"MADISON AVE AND E 96TH ST, NEW YORK, NY",Red Light,40.787256784172,-73.954155498163
2019,7,BORDEN AVE (E/B) @ G,REENPOINT AVE,"BORDEN AVE AND G REENPOINT AVE, NEW YORK, NY",Red Light,40.736826015979,-73.931603987669
2019,7,FLATBUSH AVE (N/B) @,EASTERN PKWY,"FLATBUSH AVE AND EASTERN PKWY, NEW YORK, NY",Red Light,40.673099998698,-73.969437970766
2019,7,WEST ST (S/B) @ W HO,USTON ST,"WEST ST AND W HO USTON ST, NEW YORK, NY",Red Light,40.729111605663,-74.010544332681
2019,7,4TH AVE (S/B) @ 60TH,ST,"4TH AVE AND 60TH ST, NEW YORK, NY",Red Light,40.640883986205,-74.018488029958
2019,7,KISSENA BLVD (S/B) @,BOOTH MEMORIAL AVE,"KISSENA BLVD AND BOOTH MEMORIAL AVE, NEW YORK, NY",Red Light,40.74296798126,-73.814318028192
2019,7,WB NORTHERN BLVD @ 4,8TH ST,"NORTHERN BLVD AND 4 8TH ST, NEW YORK, NY",Red Light,40.753677497038,-73.914478669835
2020,7,NORTHERN BLVD (W/B),@ DOUGLASTON PKWY,"NORTHERN BLVD AND DOUGLASTON PKWY, NEW YORK, NY",Red Light,40.76534581872,-73.744281359829
2020,7,L.I.E. N. SVC ROAD (,W/B) @ COLLEGE PT BL,"L.I.E. N. SVC ROAD AND COLLEGE PT BL, NEW YORK, NY",Red Light,40.784669767158,-73.8457863722
2020,7,8TH AVE (N/B) @ 57TH,ST,"8TH AVE AND 57TH ST, NEW YORK, NY",Red Light,40.637194984889,-74.00776900072
2020,7,2ND AVE (S/B) @ E HO,USTON ST,"2ND AVE AND E HO USTON ST, NEW YORK, NY",Red Light,40.723593002522,-73.991080966774
2020,7,ROCKAWAY BLVD (W/B),@ GUY R BREWER BLVD,"ROCKAWAY BLVD AND GUY R BREWER BLVD, NEW YORK, NY",Red Light,40.656143995307,-73.767468972955
2020,7,WB QUEENS BLVD @ 58T,H ST,"QUEENS BLVD AND 58T H ST, NEW YORK, NY",Red Light,40.741804992194,-73.907524959141
2021,7,3RD AVE (N/B) @ 36TH,ST,"3RD AVE AND 36TH ST, NEW YORK, NY",Red Light,40.655629011176,-74.006574998613
2021,7,HORACE HARDING EXPWY,(E/B) @ 173RD ST,"HORACE HARDING EXPWY AND 173RD ST, NEW YORK, NY",Red Light,40.73787155649,-73.796435961593
2021,7,FLATBUSH AVE (S/B) @,DEAN ST,"FLATBUSH AVE AND DEAN ST, NEW YORK, NY",Red Light,40.681814998706,-73.975820035662
2021,7,BAY PKWY (S/B) @ 65T,H ST,"BAY PKWY AND 65T H ST, NEW YORK, NY",Red Light,40.613850001532,-73.981431971295
2021,7,NORTHERN BLVD (W/B),@ MARATHON PKWY,"NORTHERN BLVD AND MARATHON PKWY, NEW YORK, NY",Red Light,40.768396580018,-73.737527725165
2021,7,ARTHUR KILL RD (W/B),@ GIFFORDS LN,"ARTHUR KILL RD AND GIFFORDS LN, NEW YORK, NY",Red Light,40.563733009884,-74.155879995858
2021,7,RICHMOND AVE (S/B) @,ETON PL,"RICHMOND AVE AND ETON PL, NEW YORK, NY",Red Light,40.604637284113,-74.16227203522
2022,7,NB OCEAN PKWY @ AVEN,UE I,"OCEAN PKWY AND AVEN UE I, NEW YORK, NY",Red Light,40.607247995495,-73.96733402925
2022,7,WB QUEENS BLVD @ 58T,H ST,"QUEENS BLVD AND 58T H ST, NEW YORK, NY",Red Light,40.741804992194,-73.907524959141
2022,7,NORTHERN BLVD (E/B),@ 48TH ST,"NORTHERN BLVD AND 48TH ST, NEW YORK, NY",Red Light,40.753677497038,-73.914478669835
2022,7,ROCKAWAY BLVD (E/B),@ N CONDUIT AVE,"ROCKAWAY BLVD AND N CONDUIT AVE, NEW YORK, NY",Red Light,40.667523015601,-73.780694023604
2023,7,BAY PKWY (S/B) @ 65T,H ST,"BAY PKWY AND 65T H ST, NEW YORK, NY",Red Light,40.613850001532,-73.981431971295
2023,7,ATLANTIC AVE (W/B) @,KINGSTON AVE,"ATLANTIC AVE AND KINGSTON AVE, NEW YORK, NY",Red Light,40.678094020429,-73.941372006173
2023,7,ARTHUR KILL RD (W/B),@ GIFFORDS LN,"ARTHUR KILL RD AND GIFFORDS LN, NEW YORK, NY",Red Light,40.563733009884,-74.155879995858
2023,7,ATLANTIC AVE (W/B) @,PENNSYLVANIA AVE,"ATLANTIC AVE AND PENNSYLVANIA AVE, NEW YORK, NY",Red Light,40.675783003995,-73.896890000392
2023,7,QUEENS BLVD (E/B) @,39TH ST,"QUEENS BLVD AND 39TH ST, NEW YORK, NY",Red Light,40.743872011427,-73.926192966255
2023,7,ROCKAWAY BLVD (S/B),@ BROOKVILLE BLVD,"ROCKAWAY BLVD AND BROOKVILLE BLVD, NEW YORK, NY",Red Light,40.640718988441,-73.74336102686
2023,7,BOOTH MEMORIAL AVE (,W/B) @ KISSENA BLVD,"BOOTH MEMORIAL AVE AND KISSENA BLVD, NEW YORK, NY",Red Light,40.74296798126,-73.814318028192
2023,7,WB ATLANTIC AVE @ LO,GAN ST,"ATLANTIC AVE AND LO GAN ST, NEW YORK, NY",Red Light,40.680093984436,-73.877392017225
2023,7,KINGS HWY (E/B) @ NO,STRAND AVE,"KINGS HWY AND NO STRAND AVE, NEW YORK, NY",Red Light,40.616169986602,-73.944866002512
2024,7,ROCKAWAY BLVD (W/B),@ GUY R BREWER BLVD,"ROCKAWAY BLVD AND GUY R BREWER BLVD, NEW YORK, NY",Red Light,40.656143995307,-73.767468972955
2024,7,HORACE HARDING EXPWY,(E/B) @ 173RD ST,"HORACE HARDING EXPWY AND 173RD ST, NEW YORK, NY",Red Light,40.73787155649,-73.796435961593
2024,7,QUEENS BLVD (W/B) @,JACOBUS ST,"QUEENS BLVD AND JACOBUS ST, NEW YORK, NY",Red Light,40.73857460671,-73.887233461201
2024,7,BEDFORD AVE (N/B) @,ATLANTIC AVE,"BEDFORD AVE AND ATLANTIC AVE, NEW YORK, NY",Red Light,40.678792987335,-73.953013966769
2024,7,ATLANTIC AVE (E/B) @,PENNSYLVANIA AVE,"ATLANTIC AVE AND PENNSYLVANIA AVE, NEW YORK, NY",Red Light,40.675783003995,-73.896890000392
2024,7,S CONDUIT AVE (E/B),@ BROOKVILLE BLVD,"S CONDUIT AVE AND BROOKVILLE BLVD, NEW YORK, NY",Red Light,40.665253992502,-73.739553966438
2024,7,ARTHUR KILL RD (W/B),@ GIFFORDS LN,"ARTHUR KILL RD AND GIFFORDS LN, NEW YORK, NY",Red Light,40.563733009884,-74.155879995858
2024,7,QUEENS BLVD (E/B) @,39TH ST,"QUEENS BLVD AND 39TH ST, NEW YORK, NY",Red Light,40.743872011427,-73.926192966255
2024,7,OCEAN PKWY (N/B) @ S,HORE PKWY,"OCEAN PKWY AND S HORE PKWY, NEW YORK, NY",Red Light,40.583374994147,-73.96699900458
2024,7,ASTORIA BLVD (W/B) @,108TH ST,"ASTORIA BLVD AND 108TH ST, NEW YORK, NY",Red Light,40.760406991821,-73.861433041217
2024,7,HYLAN BLVD (E/B) @ B,URBANK AVE,"HYLAN BLVD AND B URBANK AVE, NEW YORK, NY",Red Light,40.57217199382,-74.108156959577
2024,7,CROPSEY AVE (W/B) @,21ST AVE,"CROPSEY AVE AND 21ST AVE, NEW YORK, NY",Red Light,40.598772005457,-74.000740020536
2024,7,WB QUEENS BLVD @ 58T,H ST,"QUEENS BLVD AND 58T H ST, NEW YORK, NY",Red Light,40.741804992194,-73.907524959141
2024,7,BRUCKNER BLVD (S/B),@ E 138TH ST,"BRUCKNER BLVD AND E 138TH ST, NEW YORK, NY",Red Light,40.804710002059,-73.91247497588
2024,7,NORTHERN BLVD (E/B),@ 48TH ST,"NORTHERN BLVD AND 48TH ST, NEW YORK, NY",Red Light,40.753677497038,-73.914478669835
2024,7,WOODHAVEN BLVD (N/B),@ UNION TPKE,"WOODHAVEN BLVD AND UNION TPKE, NEW YORK, NY",Red Light,40.705556990907,-73.858426033453
2024,7,BROADWAY (S/B) @ SHE,RMAN AVE,"BROADWAY AND SHE RMAN AVE, NEW YORK, NY",Red Light,40.862134211167,-73.929992566784
2024,7,222ND ST (W/B) @ PAU,LDING AVE,"222ND ST AND PAU LDING AVE, NEW YORK, NY",Red Light,40.883026984931,-73.853247023119
2024,7,S CONDUIT AVE (E/B),@ FARMERS BLVD,"S CONDUIT AVE AND FARMERS BLVD, NEW YORK, NY",Red Light,40.666708001246,-73.767122967992
2024,7,ATLANTIC AVE (E/B) @,KINGSTON AVE,"ATLANTIC AVE AND KINGSTON AVE, NEW YORK, NY",Red Light,40.678094020429,-73.941372006173
2024,7,ROCKAWAY BLVD (E/B),@ GUY R BREWER BLVD,"ROCKAWAY BLVD AND GUY R BREWER BLVD, NEW YORK, NY",Red Light,40.656143995307,-73.767468972955
2024,7,CROSSBAY BLVD (N/B),@ LIBERTY AVE,"CROSSBAY BLVD AND LIBERTY AVE, NEW YORK, NY",Red Light,40.680263801795,-73.844728997836
2025,7,EB GRAND CENTRAL PKW,Y SVC RD @ 72ND RD,"GRAND CENTRAL PKW Y SVC RD AND 72ND RD, NEW YORK, NY",Red Light,40.749124992056,-73.72916996187
2025,7,ASTORIA BLVD S (E/B),@ 77TH ST,"ASTORIA BLVD S AND 77TH ST, NEW YORK, NY",Red Light,40.76573100908,-73.891878041388
2025,7,EASTERN PKWY (W/B) @,BEDFORD AVE,"EASTERN PKWY AND BEDFORD AVE, NEW YORK, NY",Red Light,40.670309998407,-73.955193010138
2025,7,NARROWS RD S (E/B) @,HYLAN BLVD,"NARROWS RD S AND HYLAN BLVD, NEW YORK, NY",Red Light,40.605605016745,-74.077873981594
2025,7,ATLANTIC AVE (W/B) @,KINGSTON AVE,"ATLANTIC AVE AND KINGSTON AVE, NEW YORK, NY",Red Light,40.678094020429,-73.941372006173
2025,7,OCEAN PKWY (S/B) @ A,VE W,"OCEAN PKWY AND A VE W, NEW YORK, NY",Red Light,40.58156198849,-73.967607027836
2025,7,OCEAN PKWY (N/B) @ A,VE J,"OCEAN PKWY AND A VE J, NEW YORK, NY",Red Light,40.574900668267,-73.968947749134
2025,7,ATLANTIC AVE (W/B) @,PENNSYLVANIA AVE,"ATLANTIC AVE AND PENNSYLVANIA AVE, NEW YORK, NY",Red Light,40.675783003995,-73.896890000392
2025,7,LINDEN BLVD (W/B) @,ROCKAWAY AVE,"LINDEN BLVD AND ROCKAWAY AVE, NEW YORK, NY",Red Light,40.65489199043,-73.90696496419
2025,7,RICHMOND AVE (N/B) @,ARTHUR KILL RD,"RICHMOND AVE AND ARTHUR KILL RD, NEW YORK, NY",Red Light,40.561075988487,-74.16983200897
2016,7,KINGS HWY (E/B) @ NO,STRAND AVE,"KINGS HWY AND NO STRAND AVE, NEW YORK, NY",Red Light,40.616169986602,-73.944866002512
2016,7,SB 108TH ST @ HORACE,HARDING EXPY N,"108TH ST AND HORACE HARDING EXPY N, NEW YORK, NY",Red Light,40.73768298176,-73.852103982983
2017,7,SUNRISE HWY (W/B) @,BROOKVILLE BLVD,"SUNRISE HWY AND BROOKVILLE BLVD, NEW YORK, NY",Red Light,40.665253992502,-73.739553966438
2016,7,OCEAN PKWY (N/B) @ C,HURCH AVE,"OCEAN PKWY AND C HURCH AVE, NEW YORK, NY",Red Light,40.644889991099,-73.974469040509
2017,7,RICHMOND AVE (N/B) @,W CASWELL AVE,"RICHMOND AVE AND W CASWELL AVE, NEW YORK, NY",Red Light,40.616414989632,-74.156790019086
2017,7,JAMAICA AVE (E/B) @,PENNSYLVANIA AVE,"JAMAICA AVE AND PENNSYLVANIA AVE, NEW YORK, NY",Red Light,40.67820478728,-73.897521995892
2017,7,WOODHAVEN BLVD (S/B),@ JAMAICA AVE,"WOODHAVEN BLVD AND JAMAICA AVE, NEW YORK, NY",Red Light,40.69356102063,-73.852402965469
2016,7,10TH AVE (N/B) @ WES,T 34TH ST,"10TH AVE AND WES T 34TH ST, NEW YORK, NY",Red Light,40.754589992927,-73.999148967675
2018,7,MADISON AVE (N/B) @,E 96TH ST,"MADISON AVE AND E 96TH ST, NEW YORK, NY",Red Light,40.787256784172,-73.954155498163
2018,7,ARTHUR KILL RD (W/B),@ GIFFORDS LN,"ARTHUR KILL RD AND GIFFORDS LN, NEW YORK, NY",Red Light,40.563733009884,-74.155879995858
2018,7,NB OCEAN PKWY @ 18TH,AVE,"OCEAN PKWY AND 18TH AVE, NEW YORK, NY",Red Light,40.633076997769,-73.97223802934
2019,7,ASTORIA BLVD (E/B) @,108TH ST,"ASTORIA BLVD AND 108TH ST, NEW YORK, NY",Red Light,40.760406991821,-73.861433041217
2019,7,OCEAN PKWY (N/B) @ C,HURCH AVE,"OCEAN PKWY AND C HURCH AVE, NEW YORK, NY",Red Light,40.644889991099,-73.974469040509
2019,7,QUEENS BLVD (E/B) @,JACOBUS ST,"QUEENS BLVD AND JACOBUS ST, NEW YORK, NY",Red Light,40.73857460671,-73.887233461201
2019,7,GRAND CONCOURSE (N/B,) @ E 162ND ST,"GRAND CONCOURSE AND E 162ND ST, NEW YORK, NY",Red Light,40.827677715955,-73.922074182854
2019,7,FLATBUSH AVE EXTENSI,ON (S/B) @ TILLARY S,"FLATBUSH AVE EXTENSI ON AND TILLARY S, NEW YORK, NY",Red Light,40.696112010952,-73.984660009846
2019,7,EB 65TH ST @ 16TH AV,E,"65TH ST AND 16TH AV E, NEW YORK, NY",Red Light,40.621993020467,-73.994909987783
2019,7,12TH AVE (S/B) @ 23R,D ST,"12TH AVE AND 23R D ST, NEW YORK, NY",Red Light,40.749331019236,-74.008176025938
2019,7,PARK AVE (W/B) @ WAS,HINGTON AVE,"PARK AVE AND WAS HINGTON AVE, NEW YORK, NY",Red Light,40.696013020676,-73.967420027576
2019,7,GUN HILL ROAD (W/B),@ EASTCHESTER RD,"GUN HILL ROAD AND EASTCHESTER RD, NEW YORK, NY",Red Light,40.868486017393,-73.842415005827
2020,7,SB RICHMOND RD @ NAR,ROWS RD N,"RICHMOND RD AND NAR ROWS RD N, NEW YORK, NY",Red Light,40.609410987519,-74.090104016517
2020,7,GUN HILL RD (E/B) @,WHITE PLAINS RD,"GUN HILL RD AND WHITE PLAINS RD, NEW YORK, NY",Red Light,40.877645006812,-73.86740598542
2020,7,HORACE HARDING EXPWY,(W/B) @ UTOPIA PKWY,"HORACE HARDING EXPWY AND UTOPIA PKWY, NEW YORK, NY",Red Light,40.739471009345,-73.792834036887
2021,7,JAMAICA AVE (E/B) @,PENNSYLVANIA AVE,"JAMAICA AVE AND PENNSYLVANIA AVE, NEW YORK, NY",Red Light,40.67820478728,-73.897521995892
2022,7,QUEENS BLVD (E/B) @,JACOBUS ST,"QUEENS BLVD AND JACOBUS ST, NEW YORK, NY",Red Light,40.73857460671,-73.887233461201
2022,7,WEST ST (S/B) @ 14TH,STREET,"WEST ST AND 14TH STREET, NEW YORK, NY",Red Light,40.74235849117,-74.008705007848
2022,7,ROCKAWAY PKWY (S/B),@ SEAVIEW AVE,"ROCKAWAY PKWY AND SEAVIEW AVE, NEW YORK, NY",Red Light,40.63381100103,-73.889824978025
2022,7,BEDFORD AVE (N/B) @,ATLANTIC AVE,"BEDFORD AVE AND ATLANTIC AVE, NEW YORK, NY",Red Light,40.678792987335,-73.953013966769
2022,7,AMSTERDAM AVE (N/B),@ 96TH STREET,"AMSTERDAM AVE AND 96TH STREET, NEW YORK, NY",Red Light,40.794051993077,-73.9703629976
2022,7,12TH AVE (N/B) @ 42N,D ST,"12TH AVE AND 42N D ST, NEW YORK, NY",Red Light,40.640278980434,-73.990241016257
2022,7,EB ATLANTIC AVE @ RO,CKAWAY AVE,"ATLANTIC AVE AND RO CKAWAY AVE, NEW YORK, NY",Red Light,40.676272004226,-73.910936980467
2022,7,SOUTH AVE (S/B) @ TR,AVIS AVE,"SOUTH AVE AND TR AVIS AVE, NEW YORK, NY",Red Light,40.602690000368,-74.184153999288
2022,7,WOODHAVEN BLVD (N/B),@ ROCKAWAY BLVD,"WOODHAVEN BLVD AND ROCKAWAY BLVD, NEW YORK, NY",Red Light,40.68071868768,-73.84481088903
2022,7,RICHMOND AVE (N/B) @,VICTORY BLVD,"RICHMOND AVE AND VICTORY BLVD, NEW YORK, NY",Red Light,40.607226998828,-74.162498011329
2022,7,LINDEN BLVD (W/B) @,PENNSYLVANIA AVE,"LINDEN BLVD AND PENNSYLVANIA AVE, NEW YORK, NY",Red Light,40.658685011165,-73.890809013457
2023,7,BEDFORD AVE (N/B) @,ATLANTIC AVE,"BEDFORD AVE AND ATLANTIC AVE, NEW YORK, NY",Red Light,40.678792987335,-73.953013966769
2024,7,SUNRISE HWY (W/B) @,BROOKVILLE BLVD,"SUNRISE HWY AND BROOKVILLE BLVD, NEW YORK, NY",Red Light,40.665253992502,-73.739553966438
2024,7,LINDEN BLVD (W/B) @,PENNSYLVANIA AVE,"LINDEN BLVD AND PENNSYLVANIA AVE, NEW YORK, NY",Red Light,40.658685011165,-73.890809013457
2025,7,3RD AVE (N/B) @ 36TH,ST,"3RD AVE AND 36TH ST, NEW YORK, NY",Red Light,40.655629011176,-74.006574998613
2025,7,CROSSBAY BLVD (N/B),@ LIBERTY AVE,"CROSSBAY BLVD AND LIBERTY AVE, NEW YORK, NY",Red Light,40.680263801795,-73.844728997836
2026,7,BEACH CHANNEL DR (W/,B) @ B 140TH ST,"BEACH CHANNEL DR AND B 140TH ST, NEW YORK, NY",Red Light,40.58993400102,-73.804583034387
2026,7,ASTORIA BLVD (E/B) @,108TH ST,"ASTORIA BLVD AND 108TH ST, NEW YORK, NY",Red Light,40.760406991821,-73.861433041217
2026,7,GRAND CONCOURSE (N/B,) @ E 162ND ST,"GRAND CONCOURSE AND E 162ND ST, NEW YORK, NY",Red Light,40.827677715955,-73.922074182854
2026,7,RICHMOND AVE (N/B) @,VICTORY BLVD,"RICHMOND AVE AND VICTORY BLVD, NEW YORK, NY",Red Light,40.607226998828,-74.162498011329
2026,7,SB OCEAN PKWY @ AVEN,UE I,"OCEAN PKWY AND AVEN UE I, NEW YORK, NY",Red Light,40.607247995495,-73.96733402925
2026,7,RICHMOND AVE (S/B) @,ETON PL,"RICHMOND AVE AND ETON PL, NEW YORK, NY",Red Light,40.604637284113,-74.16227203522
2026,7,KINGS HWY (N/B) @ BE,VERLEY RD,"KINGS HWY AND BE VERLEY RD, NEW YORK, NY",Red Light,40.646636989269,-73.924767958897
2026,7,WB ROCKAWAY FREEWAY,@ CROSS BAY PKWY,"ROCKAWAY FREEWAY AND CROSS BAY PKWY, NEW YORK, NY",Red Light,40.586495618609,-73.817804396999
2026,7,NB FLATBUSH AVE @ AV,E U,"FLATBUSH AVE AND AV E U, NEW YORK, NY",Red Light,40.694228132238,-73.983512107225
2026,7,WB BAY RIDGE PKWY @,FT HAMILTON PKWY,"BAY RIDGE PKWY AND FT HAMILTON PKWY, NEW YORK, NY",Red Light,40.625776988746,-74.016496992678
2026,7,WB FLUSHING AVE @ BU,SHWICK AVE,"FLUSHING AVE AND BU SHWICK AVE, NEW YORK, NY",Red Light,40.701891291282,-73.937039232784
2026,7,EB NORTHERN BLVD @ U,NION ST,"NORTHERN BLVD AND U NION ST, NEW YORK, NY",Red Light,40.763844619861,-73.828145570042
2026,7,EB MEEKER AVE @ UNIO,N AVE,"MEEKER AVE AND UNIO N AVE, NEW YORK, NY",Red Light,40.715476009397,-73.951861035988
2026,7,EB HEMPSTEAD AVE @ S,PRINGFIELD BLVD,"HEMPSTEAD AVE AND S PRINGFIELD BLVD, NEW YORK, NY",Red Light,40.713266916905,-73.735884285409
2026,7,WB ATLANTIC AVE @ 13,0TH ST,"ATLANTIC AVE AND 13 0TH ST, NEW YORK, NY",Red Light,40.695897015136,-73.818922961978
2017,7,BAY ST (S/B) @ HANNA,H ST,"BAY ST AND HANNA H ST, NEW YORK, NY",Red Light,40.63593799278,-74.075836005656
2026,7,SEAGIRT BLVD (E/B) @,ROCKAWAY FREEWAY,"SEAGIRT BLVD AND ROCKAWAY FREEWAY, NEW YORK, NY",Red Light,40.596195995154,-73.766891040731
2026,7,NB BEDFORD AVE @ PUT,NAM AVE,"BEDFORD AVE AND PUT NAM AVE, NEW YORK, NY",Red Light,40.683580017967,-73.95394796224
2026,7,NB OCEAN PKWY @ AVE,M,"OCEAN PKWY AND AVE M, NEW YORK, NY",Red Light,40.617037010666,-73.968838999965
2026,7,WB PITKIN AVE @ PENN,SYLVANIA AVE,"PITKIN AVE AND PENN SYLVANIA AVE, NEW YORK, NY",Red Light,40.671898117602,-73.895914430682
2026,7,EB ATLANTIC AVE @ SA,RATOGA AVE,"ATLANTIC AVE AND SA RATOGA AVE, NEW YORK, NY",Red Light,40.676721986698,-73.916458978279
2026,7,WB N CONDUIT AVE @ 1,50TH ST,"N CONDUIT AVE AND 1 50TH ST, NEW YORK, NY",Red Light,40.666862982636,-73.789418998076
2026,7,BUFFALO AVE (S/B) @,ST MARKS AVE,"BUFFALO AVE AND ST MARKS AVE, NEW YORK, NY",Red Light,40.673858980031,-73.925088985788
2026,7,NB WOODHAVEN BLVD @,101ST AVE,"WOODHAVEN BLVD AND 101ST AVE, NEW YORK, NY",Red Light,40.684196004031,-73.846255007128
2026,7,WB ROCKAWAY BLVD @ F,ARMERS BLVD,"ROCKAWAY BLVD AND F ARMERS BLVD, NEW YORK, NY",Red Light,40.659654001081,-73.773951033956
2026,7,WB W FORDHAM RD @ SE,DGWICK AVE,"W FORDHAM RD AND SE DGWICK AVE, NEW YORK, NY",Red Light,40.862702085107,-73.909022386143
2026,7,SB HYLAN BLVD @ NEW,DORP LN,"HYLAN BLVD AND NEW DORP LN, NEW YORK, NY",Red Light,40.570505000917,-74.109825964137
2026,7,EB 34TH AVE @ 31ST S,T,"34TH AVE AND 31ST S T, NEW YORK, NY",Red Light,40.759668001327,-73.927237016115
2026,7,WB N GANNON AVE @ VI,CTORY BLVD,"N GANNON AVE AND VI CTORY BLVD, NEW YORK, NY",Red Light,40.609595012204,-74.149473958718
2026,7,EB LINDEN BLVD @ EUC,LID AVE,"LINDEN BLVD AND EUC LID AVE, NEW YORK, NY",Red Light,40.668120980574,-73.870135971285
2026,7,EB JAMAICA AVE @ 168,TH ST,"JAMAICA AVE AND 168 TH ST, NEW YORK, NY",Red Light,40.706334580065,-73.7926165265
2026,7,EB LINDEN BLVD @ CHU,RCH AVE,"LINDEN BLVD AND CHU RCH AVE, NEW YORK, NY",Red Light,40.657229996592,-73.899058985477
2026,7,WB FORT HAMILTON PKW,Y @ 44TH ST,"FORT HAMILTON PKW Y AND 44TH ST, NEW YORK, NY",Red Light,40.64077099815,-73.994079005902
2026,7,EB S CONDUIT AVE @ 2,43RD ST,"S CONDUIT AVE AND 2 43RD ST, NEW YORK, NY",Red Light,40.665281988059,-73.735687981237
2026,7,EB E 161ST ST @ MELR,OSE AVE,"E 161ST ST AND MELR OSE AVE, NEW YORK, NY",Red Light,40.824164189782,-73.913862264675
2026,7,SB HUTCHINSON RIVER,PKWY @ LAFAYETTE AVE,"HUTCHINSON RIVER PKWY AND LAFAYETTE AVE, NEW YORK, NY",Red Light,40.824980000418,-73.836566868162
2026,7,SB LENOX AVE @ W 135,TH ST,"LENOX AVE AND W 135 TH ST, NEW YORK, NY",Red Light,40.814140020317,-73.940924999277
2026,7,EB ASTORIA BLVD @ 99,TH ST,"ASTORIA BLVD AND 99 TH ST, NEW YORK, NY",Red Light,40.762252016348,-73.870398995406
2026,7,EB GRAND CENTRAL PKW,Y @ MAIN ST,"GRAND CENTRAL PKW Y AND MAIN ST, NEW YORK, NY",Red Light,40.715629984958,-73.816438984972
2026,7,NB 17TH AVE @ 59TH S,T,"17TH AVE AND 59TH S T, NEW YORK, NY",Red Light,40.62394998531,-73.988889015275
2026,7,EB PITKIN AVE @ PENN,SYLVANIA AVE,"PITKIN AVE AND PENN SYLVANIA AVE, NEW YORK, NY",Red Light,40.671898117602,-73.895914430682
2026,7,NB NEW YORK AVE @ EM,PIRE BLVD,"NEW YORK AVE AND EM PIRE BLVD, NEW YORK, NY",Red Light,40.664079017315,-73.948146008862
2025,7,SB COLLEGE POINT BLV,D @ ROOSEVELT AVE,"COLLEGE POINT BLV D AND ROOSEVELT AVE, NEW YORK, NY",Red Light,40.758266002293,-73.834367037674
2025,7,SB RICHMOND AVE @ YU,KON AVE,"RICHMOND AVE AND YU KON AVE, NEW YORK, NY",Red Light,40.577004999191,-74.169852963728
2025,7,EB LIBERTY AVE @ SUT,PHIN BLVD,"LIBERTY AVE AND SUT PHIN BLVD, NEW YORK, NY",Red Light,40.6962342191,-73.804568701333
2018,7,4TH AVE (N/B) @ 18TH,ST,"4TH AVE AND 18TH ST, NEW YORK, NY",Red Light,40.664448994521,-73.994013040324
2026,7,EB ROOSEVELT AVE @ C,OLLEGE POINT BLVD,"ROOSEVELT AVE AND C OLLEGE POINT BLVD, NEW YORK, NY",Red Light,40.758266002293,-73.834367037674
2026,7,WB LENOX RD @ ALBANY,AVE,"LENOX RD AND ALBANY AVE, NEW YORK, NY",Red Light,40.654787007093,-73.939422962228
2026,7,WB JAMAICA AVE @ WYO,NA ST,"JAMAICA AVE AND WYO NA ST, NEW YORK, NY",Red Light,40.679345983397,-73.894880020011
2026,7,WB BRONX AND PELHAM,PKWY @ EASTCHESTER R,"BRONX AND PELHAM PKWY AND EASTCHESTER R, NEW YORK, NY",Red Light,40.857285992642,-73.843736999595
2026,7,WB LINDEN BLVD @ VAN,SICLEN AVE,"LINDEN BLVD AND VAN SICLEN AVE, NEW YORK, NY",Red Light,40.660791006247,-73.885892021417
2026,7,EB NEREID AVE @ BAYC,HESTER AVE,"NEREID AVE AND BAYC HESTER AVE, NEW YORK, NY",Red Light,40.899247979233,-73.846078987162
2017,7,ASTORIA BLVD (E/B) @,108TH ST,"ASTORIA BLVD AND 108TH ST, NEW YORK, NY",Red Light,40.760406991821,-73.861433041217
2017,7,FLATBUSH AVE (N/B) @,GLENWOOD RD,"FLATBUSH AVE AND GLENWOOD RD, NEW YORK, NY",Red Light,40.633941004348,-73.94884396994
2016,7,W FORDHAM RD (W/B) @,CEDAR AVE,"W FORDHAM RD AND CEDAR AVE, NEW YORK, NY",Red Light,40.861713984451,-73.911811967339
2016,7,YORK AVE (N/B) @ E 7,9TH ST,"YORK AVE AND E 7 9TH ST, NEW YORK, NY",Red Light,40.771393990503,-73.950438962295
2016,7,QUEENS BLVD (E/B) @,ASCAN AVE,"QUEENS BLVD AND ASCAN AVE, NEW YORK, NY",Red Light,40.719742984846,-73.839651995264
2016,7,ASTORIA BLVD (E/B) @,STEINWAY ST,"ASTORIA BLVD AND STEINWAY ST, NEW YORK, NY",Red Light,40.769429314309,-73.910277827601
2017,7,CADMAN PLAZA (E/B) @,PROSPECT ST,"CADMAN PLAZA AND PROSPECT ST, NEW YORK, NY",Red Light,40.700736600301,-73.989726702678
2017,7,ATLANTIC AVE (W/B) @,BEDFORD AVE,"ATLANTIC AVE AND BEDFORD AVE, NEW YORK, NY",Red Light,40.678792987335,-73.953013966769
2016,7,WEST ST (S/B) @ W HO,USTON ST,"WEST ST AND W HO USTON ST, NEW YORK, NY",Red Light,40.729111605663,-74.010544332681
2017,7,ARTHUR KILL RD (W/B),@ RICHMOND AVE,"ARTHUR KILL RD AND RICHMOND AVE, NEW YORK, NY",Red Light,40.561075988487,-74.16983200897
2016,7,WB QUEENS BLVD @ 70T,H ST / 45TH AVE,"QUEENS BLVD AND 70T H ST / 45TH AVE, NEW YORK, NY",Red Light,40.739905988211,-73.894214999813
2016,7,QUEENS BLVD (E/B) @,70TH ST,"QUEENS BLVD AND 70TH ST, NEW YORK, NY",Red Light,40.739905988211,-73.894214999813
2017,7,MCDONALD AVE (S/B) @,VANDERBILT ST,"MCDONALD AVE AND VANDERBILT ST, NEW YORK, NY",Red Light,40.65159899213,-73.981111028223
2017,7,QUEENS BLVD (E/B) @,70TH ST,"QUEENS BLVD AND 70TH ST, NEW YORK, NY",Red Light,40.739905988211,-73.894214999813
2017,7,HORACE HARDING EXPWY,(W/B) @ 159TH ST,"HORACE HARDING EXPWY AND 159TH ST, NEW YORK, NY",Red Light,40.73829498642,-73.809420985081
2016,7,BRUCKNER BLVD (W/B),@ WHITE PLAINS RD,"BRUCKNER BLVD AND WHITE PLAINS RD, NEW YORK, NY",Red Light,40.825615013403,-73.859418031694
2016,7,BRONXDALE AVE (W/B),@ CRUGER AVE,"BRONXDALE AVE AND CRUGER AVE, NEW YORK, NY",Red Light,40.850956985192,-73.866808020448
2017,7,YORK AVE (N/B) @ E 7,9TH ST,"YORK AVE AND E 7 9TH ST, NEW YORK, NY",Red Light,40.771393990503,-73.950438962295
2017,7,OCEAN PKWY (N/B) @ S,HORE PKWY,"OCEAN PKWY AND S HORE PKWY, NEW YORK, NY",Red Light,40.583374994147,-73.96699900458
2016,7,HYLAN BLVD (E/B) @ B,URBANK AVE,"HYLAN BLVD AND B URBANK AVE, NEW YORK, NY",Red Light,40.57217199382,-74.108156959577
2018,7,CROSSBAY BLVD (S/B),@ SUTTER AVE,"CROSSBAY BLVD AND SUTTER AVE, NEW YORK, NY",Red Light,40.67679801056,-73.843870020399
2018,7,FLATBUSH AVE (N/B) @,DEAN ST,"FLATBUSH AVE AND DEAN ST, NEW YORK, NY",Red Light,40.681814998706,-73.975820035662
2018,7,WEST ST (S/B) @ 14TH,STREET,"WEST ST AND 14TH STREET, NEW YORK, NY",Red Light,40.74235849117,-74.008705007848
2018,7,CROSS BRONX EXPWY (W,/B) @ ROSEDALE AVE,"CROSS BRONX EXPWY AND ROSEDALE AVE, NEW YORK, NY",Red Light,40.836315979639,-73.869993981845
2018,7,EB 65TH ST @ 16TH AV,E,"65TH ST AND 16TH AV E, NEW YORK, NY",Red Light,40.621993020467,-73.994909987783
2018,7,RICHMOND RD (E/B) @,NEW DORP LANE,"RICHMOND RD AND NEW DORP LANE, NEW YORK, NY",Red Light,40.575848003186,-74.119818030912
2018,7,NB WOODHAVEN BLVD @,ATLANTIC AVE,"WOODHAVEN BLVD AND ATLANTIC AVE, NEW YORK, NY",Red Light,40.68815398062,-73.849093035725
2018,7,VICTORY BLVD (W/B) @,MORANI ST,"VICTORY BLVD AND MORANI ST, NEW YORK, NY",Red Light,40.608092011236,-74.157374992109
2018,7,QUEENS BLVD (E/B) @,JACOBUS ST,"QUEENS BLVD AND JACOBUS ST, NEW YORK, NY",Red Light,40.73857460671,-73.887233461201
2019,7,12TH AVE (N/B) @ 42N,D ST,"12TH AVE AND 42N D ST, NEW YORK, NY",Red Light,40.640278980434,-73.990241016257
2019,7,LINDEN BLVD (E/B) @,FOUNTAIN AVE,"LINDEN BLVD AND FOUNTAIN AVE, NEW YORK, NY",Red Light,40.666804015947,-73.871985019125
2019,7,SB OCEAN PKWY @ 18TH,AVE,"OCEAN PKWY AND 18TH AVE, NEW YORK, NY",Red Light,40.633076997769,-73.97223802934
2019,7,GRAND CONCOURSE (N/B,) @ E 167TH ST,"GRAND CONCOURSE AND E 167TH ST, NEW YORK, NY",Red Light,40.834467015618,-73.917680975943
2019,7,BOOTH MEMORIAL AVE (,W/B) @ KISSENA BLVD,"BOOTH MEMORIAL AVE AND KISSENA BLVD, NEW YORK, NY",Red Light,40.74296798126,-73.814318028192
2019,7,LINDEN BLVD (W/B) @,FOUNTAIN AVE,"LINDEN BLVD AND FOUNTAIN AVE, NEW YORK, NY",Red Light,40.666804015947,-73.871985019125
2020,7,FLATBUSH AVE (N/B) @,EASTERN PKWY,"FLATBUSH AVE AND EASTERN PKWY, NEW YORK, NY",Red Light,40.673099998698,-73.969437970766
2020,7,HORACE HARDING EXPWY,(E/B) @ 108TH ST,"HORACE HARDING EXPWY AND 108TH ST, NEW YORK, NY",Red Light,40.73768298176,-73.852103982983
2020,7,ATLANTIC AVE (E/B) @,PENNSYLVANIA AVE,"ATLANTIC AVE AND PENNSYLVANIA AVE, NEW YORK, NY",Red Light,40.675783003995,-73.896890000392
2020,7,BEDFORD AVE (N/B) @,ATLANTIC AVE,"BEDFORD AVE AND ATLANTIC AVE, NEW YORK, NY",Red Light,40.678792987335,-73.953013966769
2020,7,NORTHERN BLVD (W/B),@ MARATHON PKWY,"NORTHERN BLVD AND MARATHON PKWY, NEW YORK, NY",Red Light,40.768396580018,-73.737527725165
2020,7,LINDEN BLVD (W/B) @,FOUNTAIN AVE,"LINDEN BLVD AND FOUNTAIN AVE, NEW YORK, NY",Red Light,40.666804015947,-73.871985019125
2020,7,QUEENS BLVD (W/B) @,JACOBUS ST,"QUEENS BLVD AND JACOBUS ST, NEW YORK, NY",Red Light,40.73857460671,-73.887233461201
2020,7,FOREST AVE (E/B) @ S,OUTH AVE,"FOREST AVE AND S OUTH AVE, NEW YORK, NY",Red Light,40.627329987766,-74.166563988741
2020,7,OCEAN PKWY (S/B) @ A,VE W,"OCEAN PKWY AND A VE W, NEW YORK, NY",Red Light,40.58156198849,-73.967607027836
2020,7,KINGS HWY (N/B) @ BE,VERLEY RD,"KINGS HWY AND BE VERLEY RD, NEW YORK, NY",Red Light,40.646636989269,-73.924767958897
2020,7,23RD AVE (E/B) @ 94T,H ST,"23RD AVE AND 94T H ST, NEW YORK, NY",Red Light,40.768189002186,-73.876261969039
2020,7,ATLANTIC AVE (E/B) @,KINGSTON AVE,"ATLANTIC AVE AND KINGSTON AVE, NEW YORK, NY",Red Light,40.678094020429,-73.941372006173
2020,7,FOREST AVE (W/B) @ S,OUTH AVE,"FOREST AVE AND S OUTH AVE, NEW YORK, NY",Red Light,40.627329987766,-74.166563988741
2020,7,VICTORY BLVD (E/B) @,MORANI ST,"VICTORY BLVD AND MORANI ST, NEW YORK, NY",Red Light,40.608092011236,-74.157374992109
2020,7,VICTORY BLVD (W/B) @,MORANI ST,"VICTORY BLVD AND MORANI ST, NEW YORK, NY",Red Light,40.608092011236,-74.157374992109
2020,7,MADISON AVE (N/B) @,E 96TH ST,"MADISON AVE AND E 96TH ST, NEW YORK, NY",Red Light,40.787256784172,-73.954155498163
2020,7,QUEENS BLVD (E/B) @,JACOBUS ST,"QUEENS BLVD AND JACOBUS ST, NEW YORK, NY",Red Light,40.73857460671,-73.887233461201
2021,7,OCEAN PKWY (S/B) @ A,VE W,"OCEAN PKWY AND A VE W, NEW YORK, NY",Red Light,40.58156198849,-73.967607027836
2021,7,NORTHERN BLVD (E/B),@ 48TH ST,"NORTHERN BLVD AND 48TH ST, NEW YORK, NY",Red Light,40.753677497038,-73.914478669835
2021,7,NORTHERN BLVD (W/B),@ DOUGLASTON PKWY,"NORTHERN BLVD AND DOUGLASTON PKWY, NEW YORK, NY",Red Light,40.76534581872,-73.744281359829
2021,7,NB OCEAN PKWY @ 18TH,AVE,"OCEAN PKWY AND 18TH AVE, NEW YORK, NY",Red Light,40.633076997769,-73.97223802934
2021,7,ATLANTIC AVE (E/B) @,KINGSTON AVE,"ATLANTIC AVE AND KINGSTON AVE, NEW YORK, NY",Red Light,40.678094020429,-73.941372006173
2021,7,SEAGIRT BLVD (E/B) @,ROCKAWAY FREEWAY,"SEAGIRT BLVD AND ROCKAWAY FREEWAY, NEW YORK, NY",Red Light,40.596195995154,-73.766891040731
2021,7,BARTOW AVE (E/B) @ C,O-OP CITY BLVD,"BARTOW AVE AND C O-OP CITY BLVD, NEW YORK, NY",Red Light,40.869579981486,-73.826266012074
2021,7,BAY ST (S/B) @ HANNA,H ST,"BAY ST AND HANNA H ST, NEW YORK, NY",Red Light,40.63593799278,-74.075836005656
2022,7,MCDONALD AVE (S/B) @,VANDERBILT ST,"MCDONALD AVE AND VANDERBILT ST, NEW YORK, NY",Red Light,40.65159899213,-73.981111028223
2022,7,ATLANTIC AVE (W/B) @,KINGSTON AVE,"ATLANTIC AVE AND KINGSTON AVE, NEW YORK, NY",Red Light,40.678094020429,-73.941372006173
2022,7,FLATBUSH AVE (N/B) @,GLENWOOD RD,"FLATBUSH AVE AND GLENWOOD RD, NEW YORK, NY",Red Light,40.633941004348,-73.94884396994
2022,7,FATHER CAPODANNO BLV,D (N/B) @ PARK AND R,"FATHER CAPODANNO BLV D AND PARK AND R, NEW YORK, NY",Red Light,40.584487331871,-74.072312774025
2023,7,RICHMOND AVE (N/B) @,VICTORY BLVD,"RICHMOND AVE AND VICTORY BLVD, NEW YORK, NY",Red Light,40.607226998828,-74.162498011329
2023,7,GUN HILL ROAD (E/B),@ EASTCHESTER RD,"GUN HILL ROAD AND EASTCHESTER RD, NEW YORK, NY",Red Light,40.868486017393,-73.842415005827
2023,7,MCDONALD AVE (S/B) @,VANDERBILT ST,"MCDONALD AVE AND VANDERBILT ST, NEW YORK, NY",Red Light,40.65159899213,-73.981111028223
2023,7,ROCKAWAY BLVD (W/B),@ GUY R BREWER BLVD,"ROCKAWAY BLVD AND GUY R BREWER BLVD, NEW YORK, NY",Red Light,40.656143995307,-73.767468972955
2023,7,HORACE HARDING EXPWY,(E/B) @ 173RD ST,"HORACE HARDING EXPWY AND 173RD ST, NEW YORK, NY",Red Light,40.73787155649,-73.796435961593
2023,7,REMSEN AVE (N/B) @ L,ENOX RD,"REMSEN AVE AND L ENOX RD, NEW YORK, NY",Red Light,40.655853981458,-73.923374970408
2023,7,KISSENA BLVD (S/B) @,BOOTH MEMORIAL AVE,"KISSENA BLVD AND BOOTH MEMORIAL AVE, NEW YORK, NY",Red Light,40.74296798126,-73.814318028192
2023,7,CONEY ISLAND AVE (S/,B) @ AVE P,"CONEY ISLAND AVE AND AVE P, NEW YORK, NY",Red Light,40.609977017441,-73.96243598031
2023,7,ARTHUR KILL RD (E/B),@ GIFFORDS LN,"ARTHUR KILL RD AND GIFFORDS LN, NEW YORK, NY",Red Light,40.563733009884,-74.155879995858
2023,7,12TH AVE (S/B) @ 34T,H ST,"12TH AVE AND 34T H ST, NEW YORK, NY",Red Light,40.75697900297,-74.004799962977
2023,7,LINDEN BLVD (W/B) @,ROCKAWAY AVE,"LINDEN BLVD AND ROCKAWAY AVE, NEW YORK, NY",Red Light,40.65489199043,-73.90696496419
2023,7,LINDEN BLVD (E/B) @,FOUNTAIN AVE,"LINDEN BLVD AND FOUNTAIN AVE, NEW YORK, NY",Red Light,40.666804015947,-73.871985019125
2024,7,ALLERTON AVE (W/B) @,BARNES AVE,"ALLERTON AVE AND BARNES AVE, NEW YORK, NY",Red Light,40.865509980761,-73.863524996612
2024,7,FOREST AVE (W/B) @ S,OUTH AVE,"FOREST AVE AND S OUTH AVE, NEW YORK, NY",Red Light,40.627329987766,-74.166563988741
2024,7,REMSEN AVE (N/B) @ W,INTHROP ST,"REMSEN AVE AND W INTHROP ST, NEW YORK, NY",Red Light,40.658650980638,-73.926487003419
2024,7,SURF AVE (W/B) @ W 5,TH ST,"SURF AVE AND W 5 TH ST, NEW YORK, NY",Red Light,40.574745992466,-73.97346296067
2024,7,HAMILTON AVE (N/B) @,CLINTON ST,"HAMILTON AVE AND CLINTON ST, NEW YORK, NY",Red Light,40.676349201555,-74.001009833999
2024,7,CLOVE RD (N/B) @ BAR,D AVE,"CLOVE RD AND BAR D AVE, NEW YORK, NY",Red Light,40.620771106622,-74.110044396534
2024,7,ASTORIA BLVD (E/B) @,108TH ST,"ASTORIA BLVD AND 108TH ST, NEW YORK, NY",Red Light,40.760406991821,-73.861433041217
2024,7,OCEAN PKWY (S/B) @ A,VE W,"OCEAN PKWY AND A VE W, NEW YORK, NY",Red Light,40.58156198849,-73.967607027836
2025,7,BRUCKNER BLVD (W/B),@ WHITE PLAINS RD,"BRUCKNER BLVD AND WHITE PLAINS RD, NEW YORK, NY",Red Light,40.825615013403,-73.859418031694
2025,7,WOODHAVEN BLVD (N/B),@ UNION TPKE,"WOODHAVEN BLVD AND UNION TPKE, NEW YORK, NY",Red Light,40.705556990907,-73.858426033453
2025,7,FLATBUSH AVE (N/B) @,EASTERN PKWY,"FLATBUSH AVE AND EASTERN PKWY, NEW YORK, NY",Red Light,40.673099998698,-73.969437970766
2025,7,CLOVE RD (N/B) @ BAR,D AVE,"CLOVE RD AND BAR D AVE, NEW YORK, NY",Red Light,40.620771106622,-74.110044396534
2025,7,BRONX RIVER PKWY OFF,RAMP (S/B) @ E/B BR,"BRONX RIVER PKWY OFF RAMP AND BR, NEW YORK, NY",Red Light,40.872532401319,-73.871474819032
2025,7,RICHMOND AVE (S/B) @,ETON PL,"RICHMOND AVE AND ETON PL, NEW YORK, NY",Red Light,40.604637284113,-74.16227203522
2025,7,QUEENS BLVD (E/B) @,JACOBUS ST,"QUEENS BLVD AND JACOBUS ST, NEW YORK, NY",Red Light,40.73857460671,-73.887233461201
2025,7,ASTORIA BLVD (E/B) @,108TH ST,"ASTORIA BLVD AND 108TH ST, NEW YORK, NY",Red Light,40.760406991821,-73.861433041217
2025,7,4TH AVE (S/B) @ 60TH,ST,"4TH AVE AND 60TH ST, NEW YORK, NY",Red Light,40.640883986205,-74.018488029958
2017,7,QUEENS BLVD (E/B) @,ASCAN AVE,"QUEENS BLVD AND ASCAN AVE, NEW YORK, NY",Red Light,40.719742984846,-73.839651995264
2016,7,NARROWS RD (W/B) @ R,ICHMOND RD,"NARROWS RD AND R ICHMOND RD, NEW YORK, NY",Red Light,40.608782386691,-74.090796110263
2017,7,NARROWS RD (W/B) @ R,ICHMOND RD,"NARROWS RD AND R ICHMOND RD, NEW YORK, NY",Red Light,40.608782386691,-74.090796110263
2018,7,EASTCHESTER ROAD (S/,B) @ ALLERTON AVE,"EASTCHESTER ROAD AND ALLERTON AVE, NEW YORK, NY",Red Light,40.865210998275,-73.843350007126
2019,7,3RD AVE (N/B) @ 36TH,ST,"3RD AVE AND 36TH ST, NEW YORK, NY",Red Light,40.655629011176,-74.006574998613
2019,7,RICHMOND AVE (N/B) @,W CASWELL AVE,"RICHMOND AVE AND W CASWELL AVE, NEW YORK, NY",Red Light,40.616414989632,-74.156790019086
2019,7,FOREST AVE (E/B) @ S,OUTH AVE,"FOREST AVE AND S OUTH AVE, NEW YORK, NY",Red Light,40.627329987766,-74.166563988741
2020,7,RICHMOND AVE (S/B) @,LANDER AVE,"RICHMOND AVE AND LANDER AVE, NEW YORK, NY",Red Light,40.613023001055,-74.158826989196
2021,7,EASTERN PKWY (W/B) @,BEDFORD AVE,"EASTERN PKWY AND BEDFORD AVE, NEW YORK, NY",Red Light,40.670309998407,-73.955193010138
2021,7,ASTORIA BLVD (E/B) @,STEINWAY ST,"ASTORIA BLVD AND STEINWAY ST, NEW YORK, NY",Red Light,40.769429314309,-73.910277827601
2021,7,ATLANTIC AVE (E/B) @,PENNSYLVANIA AVE,"ATLANTIC AVE AND PENNSYLVANIA AVE, NEW YORK, NY",Red Light,40.675783003995,-73.896890000392
2022,7,EASTERN PKWY (W/B) @,BEDFORD AVE,"EASTERN PKWY AND BEDFORD AVE, NEW YORK, NY",Red Light,40.670309998407,-73.955193010138
2022,7,ATLANTIC AVE (W/B) @,PENNSYLVANIA AVE,"ATLANTIC AVE AND PENNSYLVANIA AVE, NEW YORK, NY",Red Light,40.675783003995,-73.896890000392
2022,7,GUN HILL ROAD (E/B),@ EASTCHESTER RD,"GUN HILL ROAD AND EASTCHESTER RD, NEW YORK, NY",Red Light,40.868486017393,-73.842415005827
2022,7,ALLERTON AVE (E/B) @,WHITE PLAINS RD,"ALLERTON AVE AND WHITE PLAINS RD, NEW YORK, NY",Red Light,40.865433998809,-73.867389975985
2022,7,ASTORIA BLVD (E/B) @,STEINWAY ST,"ASTORIA BLVD AND STEINWAY ST, NEW YORK, NY",Red Light,40.769429314309,-73.910277827601
2022,7,QUEENS BLVD (W/B) @,39TH ST,"QUEENS BLVD AND 39TH ST, NEW YORK, NY",Red Light,40.743872011427,-73.926192966255
2022,7,WB N CONDUIT AVE @ V,AN WYCK EXPWY SB / E,"N CONDUIT AVE AND V AN WYCK EXPWY / E, NEW YORK, NY",Red Light,40.666743498606,-73.801438814868
2022,7,SO GANNON AVE (E/B),@ BRADLEY AVE,"SO GANNON AVE AND BRADLEY AVE, NEW YORK, NY",Red Light,40.607758998223,-74.132040019209
2022,7,BUFFALO AVE (S/B) @,ST MARKS AVE,"BUFFALO AVE AND ST MARKS AVE, NEW YORK, NY",Red Light,40.673858980031,-73.925088985788
2023,7,BRUCKNER BLVD (E/B),@ WHITE PLAINS RD,"BRUCKNER BLVD AND WHITE PLAINS RD, NEW YORK, NY",Red Light,40.825615013403,-73.859418031694
2019,7,GUN HILL ROAD (E/B),@ EASTCHESTER RD,"GUN HILL ROAD AND EASTCHESTER RD, NEW YORK, NY",Red Light,40.868486017393,-73.842415005827
2026,7,HORACE HARDING EXPWY,(W/B) @ 159TH ST,"HORACE HARDING EXPWY AND 159TH ST, NEW YORK, NY",Red Light,40.73829498642,-73.809420985081
2026,7,WHITESTONE EXPWY SVC,RD (N/B) @ 20TH AVE,"WHITESTONE EXPWY SVC RD AND 20TH AVE, NEW YORK, NY",Red Light,40.781715717531,-73.825686738745
2026,7,WEST END AVE (S/B) @,66TH ST,"WEST END AVE AND 66TH ST, NEW YORK, NY",Red Light,40.776022980351,-73.987240965472
2026,7,GRAND CONCOURSE (N/B,) @ E 167TH ST,"GRAND CONCOURSE AND E 167TH ST, NEW YORK, NY",Red Light,40.834467015618,-73.917680975943
2026,7,23RD AVE (E/B) @ 94T,H ST,"23RD AVE AND 94T H ST, NEW YORK, NY",Red Light,40.768189002186,-73.876261969039
2026,7,12TH AVE (N/B) @ 42N,D ST,"12TH AVE AND 42N D ST, NEW YORK, NY",Red Light,40.640278980434,-73.990241016257
2026,7,REMSEN AVE (N/B) @ W,INTHROP ST,"REMSEN AVE AND W INTHROP ST, NEW YORK, NY",Red Light,40.658650980638,-73.926487003419
2026,7,ATLANTIC AVE (W/B) @,WOODHAVEN BLVD,"ATLANTIC AVE AND WOODHAVEN BLVD, NEW YORK, NY",Red Light,40.68815398062,-73.849093035725
2026,7,CLOVE RD (S/B) @ CHE,SHIRE PL,"CLOVE RD AND CHE SHIRE PL, NEW YORK, NY",Red Light,40.618260014159,-74.105254977059
2026,7,KINGS HWY (N/B) @ CH,URCH AVE,"KINGS HWY AND CH URCH AVE, NEW YORK, NY",Red Light,40.642371983567,-73.925527024048
2026,7,MCDONALD AVE (S/B) @,VANDERBILT ST,"MCDONALD AVE AND VANDERBILT ST, NEW YORK, NY",Red Light,40.65159899213,-73.981111028223
2026,7,WB NORTH CONDUIT AVE,@ 130TH ST,"NORTH CONDUIT AVE AND 130TH ST, NEW YORK, NY",Red Light,40.667095999544,-73.810342072421
2026,7,EB ATLANTIC AVE @ AL,BANY AVE,"ATLANTIC AVE AND AL BANY AVE, NEW YORK, NY",Red Light,40.677859704326,-73.938626010874
2026,7,SB SOUTHERN BLVD @ E,FORDHAM RD,"SOUTHERN BLVD AND E FORDHAM RD, NEW YORK, NY",Red Light,40.856864005726,-73.88080496056
2026,7,WB TUSKEGEE AIRMEN W,AY @ 160TH ST,"TUSKEGEE AIRMEN W AY AND 160TH ST, NEW YORK, NY",Red Light,40.699025015672,-73.795725039111
2026,7,SB MERRICK BLVD @ SA,YRES AVE,"MERRICK BLVD AND SA YRES AVE, NEW YORK, NY",Red Light,40.692933006535,-73.780271994779
2026,7,WB SKILLMAN AVE @ TH,OMSON AVE,"SKILLMAN AVE AND TH OMSON AVE, NEW YORK, NY",Red Light,40.745225604971,-73.937723112264
2026,7,EB E 163RD ST @ THIR,D AVE,"E 163RD ST AND THIR D AVE, NEW YORK, NY",Red Light,40.827410416622,-73.918077082453
2026,7,SB NOSTRAND AVE @ GL,ENWOOD RD,"NOSTRAND AVE AND GL ENWOOD RD, NEW YORK, NY",Red Light,40.633995989633,-73.947793968929
2026,7,NB FARMERS BLVD @ BE,DELL ST,"FARMERS BLVD AND BE DELL ST, NEW YORK, NY",Red Light,40.673778010846,-73.763802979963
2026,7,EB UNION TPKE @ PARS,ONS BLVD,"UNION TPKE AND PARS ONS BLVD, NEW YORK, NY",Red Light,40.719971014522,-73.809059976511
2026,7,EB BRUCKNER BLVD @ B,RONX RIVER AVE,"BRUCKNER BLVD AND B RONX RIVER AVE, NEW YORK, NY",Red Light,40.822823001455,-73.882675968987
2017,7,LUTEN AVE (S/B) @ HY,LAN BLVD,"LUTEN AVE AND HY LAN BLVD, NEW YORK, NY",Red Light,40.523165981529,-74.188501021913
2019,7,FATHER CAPODANNO BLV,D (N/B) @ PARK AND R,"FATHER CAPODANNO BLV D AND PARK AND R, NEW YORK, NY",Red Light,40.584487331871,-74.072312774025
2024,7,BRUCKNER BLVD (S/B),@ HUNTS POINT AVE,"BRUCKNER BLVD AND HUNTS POINT AVE, NEW YORK, NY",Red Light,40.820244979495,-73.890711029009
2026,7,ROCKAWAY PKWY (N/B),@ SEAVIEW AVE,"ROCKAWAY PKWY AND SEAVIEW AVE, NEW YORK, NY",Red Light,40.63381100103,-73.889824978025
2026,7,BRUCKNER BLVD (W/B),@ WHITE PLAINS RD,"BRUCKNER BLVD AND WHITE PLAINS RD, NEW YORK, NY",Red Light,40.825615013403,-73.859418031694
2026,7,CROPSEY AVE (W/B) @,21ST AVE,"CROPSEY AVE AND 21ST AVE, NEW YORK, NY",Red Light,40.598772005457,-74.000740020536
2026,7,AMSTERDAM AVE (N/B),@ 96TH STREET,"AMSTERDAM AVE AND 96TH STREET, NEW YORK, NY",Red Light,40.794051993077,-73.9703629976
2026,7,4TH AVE (N/B) @ 18TH,ST,"4TH AVE AND 18TH ST, NEW YORK, NY",Red Light,40.664448994521,-73.994013040324
2026,7,NB LINCOLN AVE @ E 1,35TH ST,"LINCOLN AVE AND E 1 35TH ST, NEW YORK, NY",Red Light,40.808790983078,-73.928791020964
2026,7,FLATBUSH AVE (N/B) @,DEAN ST,"FLATBUSH AVE AND DEAN ST, NEW YORK, NY",Red Light,40.681814998706,-73.975820035662
2026,7,QUEENS BLVD (E/B) @,58TH ST,"QUEENS BLVD AND 58TH ST, NEW YORK, NY",Red Light,40.741804992194,-73.907524959141
2026,7,EB QUEENS BLVD @ WOO,DHAVEN BLVD,"QUEENS BLVD AND WOO DHAVEN BLVD, NEW YORK, NY",Red Light,40.733467010191,-73.870480970419
2026,7,EB CATON AVE @ MCDON,ALD AVE,"CATON AVE AND MCDON ALD AVE, NEW YORK, NY",Red Light,40.647286000032,-73.980285997493
2026,7,WB NEPTUNE AVE @ SHE,LL RD,"NEPTUNE AVE AND SHE LL RD, NEW YORK, NY",Red Light,40.579762980612,-73.976281962346
2026,7,WB UNION TPKE @ FRAN,CIS LEWIS BLVD,"UNION TPKE AND FRAN CIS LEWIS BLVD, NEW YORK, NY",Red Light,40.731819002299,-73.770213040416
2026,7,EB RANDALL AVE @ TIF,FANY ST,"RANDALL AVE AND TIF FANY ST, NEW YORK, NY",Red Light,40.811550179874,-73.89053869708
2026,7,NB SOUTHERN BLVD @ E,180TH ST,"SOUTHERN BLVD AND E 180TH ST, NEW YORK, NY",Red Light,40.845991000927,-73.884460979087
2026,7,EB 109TH AVE @ 107TH,ST,"109TH AVE AND 107TH ST, NEW YORK, NY",Red Light,40.679288986455,-73.832637012858
2026,7,WB E TREMONT AVE @ V,AN NEST AVE,"E TREMONT AVE AND V AN NEST AVE, NEW YORK, NY",Red Light,40.83961501291,-73.871229977287
2026,7,SB WOODHAVEN BLVD @,101ST AVE,"WOODHAVEN BLVD AND 101ST AVE, NEW YORK, NY",Red Light,40.684196004031,-73.846255007128
2026,7,SB BRONXWOOD AVE @ E,GUN HILL RD,"BRONXWOOD AVE AND E GUN HILL RD, NEW YORK, NY",Red Light,40.87549999397,-73.860511031868
2026,7,NB CLOVE RD @ VICTOR,Y BLVD,"CLOVE RD AND VICTOR Y BLVD, NEW YORK, NY",Red Light,40.616430286605,-74.103494023021
2025,7,SB UTICA AVE @ ATLAN,TIC AVE,"UTICA AVE AND ATLAN TIC AVE, NEW YORK, NY",Red Light,40.677405991907,-73.930315018599
2025,7,WB EASTERN PKWY @ TR,OY AVE,"EASTERN PKWY AND TR OY AVE, NEW YORK, NY",Red Light,40.668882015473,-73.936674033262
2025,7,WB ARCHER AVE @ GUY,R BREWER BLVD,"ARCHER AVE AND GUY R BREWER BLVD, NEW YORK, NY",Red Light,40.703302007496,-73.796096022146
2025,7,EB GRAND CENTRAL PKW,Y @ 168TH ST,"GRAND CENTRAL PKW Y AND 168TH ST, NEW YORK, NY",Red Light,40.717537999487,-73.798089993092
2020,7,FATHER CAPODANNO BLV,D (S/B) @ SAND LN,"FATHER CAPODANNO BLV D AND SAND LN, NEW YORK, NY",Red Light,40.590377990431,-74.06668799653
2018,7,CROSSBAY BLVD (N/B),@ LIBERTY AVE,"CROSSBAY BLVD AND LIBERTY AVE, NEW YORK, NY",Red Light,40.680263801795,-73.844728997836
2026,7,WB CROPSEY AVE @ BAY,PKWY,"CROPSEY AVE AND BAY PKWY, NEW YORK, NY",Red Light,40.597274285088,-73.998653261922
2026,7,EB AVE Z @ CONEY ISL,AND AVE,"AVE Z AND CONEY ISL AND AVE, NEW YORK, NY",Red Light,40.584592401679,-73.98488635263
2026,7,SB BRONX RIVER AVE @,E 174TH ST,"BRONX RIVER AVE AND E 174TH ST, NEW YORK, NY",Red Light,40.834416011737,-73.879345000665
2026,7,NB GRAND CONCOURSE @,E 165TH ST,"GRAND CONCOURSE AND E 165TH ST, NEW YORK, NY",Red Light,40.830872310712,-73.92042713888
2026,7,SB SOUTH AVE @ GOETH,ALS RD N,"SOUTH AVE AND GOETH ALS RD N, NEW YORK, NY",Red Light,40.621562986924,-74.168478666883
2026,7,WB LINDEN BLVD @ DRE,W ST,"LINDEN BLVD AND DRE W ST, NEW YORK, NY",Red Light,40.669890987067,-73.861017969372
2026,7,SB COHANCY ST @ ALBE,RT RD,"COHANCY ST AND ALBE RT RD, NEW YORK, NY",Red Light,40.667145054632,-73.834702900534
2026,7,SB WEBSTER AVE @ E F,ORDHAM RD,"WEBSTER AVE AND E F ORDHAM RD, NEW YORK, NY",Red Light,40.861638002499,-73.891360961782
2026,7,WB AVE M @ OCEAN PKW,Y,"AVE M AND OCEAN PKW Y, NEW YORK, NY",Red Light,40.617037010666,-73.968838999965
2016,7,WB ATLANTIC AVE @ LO,GAN ST,"ATLANTIC AVE AND LO GAN ST, NEW YORK, NY",Red Light,40.680093984436,-73.877392017225
2017,7,BEACH CHANNEL DR (W/,B) @ B 140TH ST,"BEACH CHANNEL DR AND B 140TH ST, NEW YORK, NY",Red Light,40.58993400102,-73.804583034387
2016,7,KINGS HWY (S/B) @ RE,MSEN AVE,"KINGS HWY AND RE MSEN AVE, NEW YORK, NY",Red Light,40.654523019052,-73.921878968329
2017,7,WB N CONDUIT AVE @ V,AN WYCK EXPWY SB / E,"N CONDUIT AVE AND V AN WYCK EXPWY / E, NEW YORK, NY",Red Light,40.666743498606,-73.801438814868
2017,7,RICHMOND RD (E/B) @,NEW DORP LANE,"RICHMOND RD AND NEW DORP LANE, NEW YORK, NY",Red Light,40.575848003186,-74.119818030912
2016,7,CROPSEY AVE (W/B) @,21ST AVE,"CROPSEY AVE AND 21ST AVE, NEW YORK, NY",Red Light,40.598772005457,-74.000740020536
2016,7,ATLANTIC AVE (W/B) @,WOODHAVEN BLVD,"ATLANTIC AVE AND WOODHAVEN BLVD, NEW YORK, NY",Red Light,40.68815398062,-73.849093035725
2017,7,GUN HILL ROAD (W/B),@ EASTCHESTER RD,"GUN HILL ROAD AND EASTCHESTER RD, NEW YORK, NY",Red Light,40.868486017393,-73.842415005827
2016,7,WILLIAMSBURG ST (S/B,) @ FLUSHING AVE,"WILLIAMSBURG ST AND FLUSHING AVE, NEW YORK, NY",Red Light,40.698062018816,-73.962818781828
2016,7,39TH ST (N/B) @ NORT,HERN BLVD,"39TH ST AND NORT HERN BLVD, NEW YORK, NY",Red Light,40.752323987313,-73.924478028866
2017,7,EASTERN PKWY (W/B) @,BEDFORD AVE,"EASTERN PKWY AND BEDFORD AVE, NEW YORK, NY",Red Light,40.670309998407,-73.955193010138
2017,7,39TH ST (N/B) @ NORT,HERN BLVD,"39TH ST AND NORT HERN BLVD, NEW YORK, NY",Red Light,40.752323987313,-73.924478028866
2017,7,12TH AVE (S/B) @ 34T,H ST,"12TH AVE AND 34T H ST, NEW YORK, NY",Red Light,40.75697900297,-74.004799962977
2017,7,ALLERTON AVE (W/B) @,BARNES AVE,"ALLERTON AVE AND BARNES AVE, NEW YORK, NY",Red Light,40.865509980761,-73.863524996612
2016,7,ROCKAWAY BLVD (E/B),@ N CONDUIT AVE,"ROCKAWAY BLVD AND N CONDUIT AVE, NEW YORK, NY",Red Light,40.667523015601,-73.780694023604
2016,7,HORACE HARDING EXPWY,(E/B) @ 108TH ST,"HORACE HARDING EXPWY AND 108TH ST, NEW YORK, NY",Red Light,40.73768298176,-73.852103982983
2017,7,WB ATLANTIC AVE @ RO,CKAWAY AVE,"ATLANTIC AVE AND RO CKAWAY AVE, NEW YORK, NY",Red Light,40.676272004226,-73.910936980467
2017,7,RICHMOND AVE (N/B) @,DRAPER PL,"RICHMOND AVE AND DRAPER PL, NEW YORK, NY",Red Light,40.592652000763,-74.163308960462
2016,7,E FORDHAM RD (E/B) @,BOSTON RD,"E FORDHAM RD AND BOSTON RD, NEW YORK, NY",Red Light,40.856708186146,-73.86938579095
2016,7,WEST END AVE (S/B) @,66TH ST,"WEST END AVE AND 66TH ST, NEW YORK, NY",Red Light,40.776022980351,-73.987240965472
2017,7,N CONDUIT AVE (W/B),@ LEFFERTS BLVD,"N CONDUIT AVE AND LEFFERTS BLVD, NEW YORK, NY",Red Light,40.666071018514,-73.822277986362
2017,7,FLATBUSH AVE (N/B) @,DEAN ST,"FLATBUSH AVE AND DEAN ST, NEW YORK, NY",Red Light,40.681814998706,-73.975820035662
2017,7,WOODHAVEN BLVD (N/B),@ UNION TPKE,"WOODHAVEN BLVD AND UNION TPKE, NEW YORK, NY",Red Light,40.705556990907,-73.858426033453
2016,7,CLASSON AVE (N/B) @,FLUSHING AVE,"CLASSON AVE AND FLUSHING AVE, NEW YORK, NY",Red Light,40.698207486746,-73.961894174089
2018,7,GUN HILL RD (E/B) @,WHITE PLAINS RD,"GUN HILL RD AND WHITE PLAINS RD, NEW YORK, NY",Red Light,40.877645006812,-73.86740598542
2018,7,GRAND CONCOURSE (S/B,) @ E 162 ST,"GRAND CONCOURSE AND E 162 ST, NEW YORK, NY",Red Light,40.827677715955,-73.922074182854
2018,7,REMSEN AVE (N/B) @ L,ENOX RD,"REMSEN AVE AND L ENOX RD, NEW YORK, NY",Red Light,40.655853981458,-73.923374970408
2018,7,RICHMOND AVE (S/B) @,LANDER AVE,"RICHMOND AVE AND LANDER AVE, NEW YORK, NY",Red Light,40.613023001055,-74.158826989196
2018,7,FATHER CAPODANNO BLV,D (S/B) @ SAND LN,"FATHER CAPODANNO BLV D AND SAND LN, NEW YORK, NY",Red Light,40.590377990431,-74.06668799653
2018,7,KISSENA BLVD (S/B) @,BOOTH MEMORIAL AVE,"KISSENA BLVD AND BOOTH MEMORIAL AVE, NEW YORK, NY",Red Light,40.74296798126,-73.814318028192
2018,7,LINDEN BLVD (W/B) @,FOUNTAIN AVE,"LINDEN BLVD AND FOUNTAIN AVE, NEW YORK, NY",Red Light,40.666804015947,-73.871985019125
2018,7,SEAGIRT BLVD (W/B) @,BEACH 9TH ST,"SEAGIRT BLVD AND BEACH 9TH ST, NEW YORK, NY",Red Light,40.596564002613,-73.744170970164
2018,7,GUN HILL ROAD (W/B),@ EASTCHESTER RD,"GUN HILL ROAD AND EASTCHESTER RD, NEW YORK, NY",Red Light,40.868486017393,-73.842415005827
2018,7,ATLANTIC AVE (W/B) @,FT GREENE PL,"ATLANTIC AVE AND FT GREENE PL, NEW YORK, NY",Red Light,40.683412296084,-73.975917768653
2018,7,GUN HILL ROAD (E/B),@ EASTCHESTER RD,"GUN HILL ROAD AND EASTCHESTER RD, NEW YORK, NY",Red Light,40.868486017393,-73.842415005827
2018,7,NORTHERN BLVD (E/B),@ DOUGLASTON PKWY,"NORTHERN BLVD AND DOUGLASTON PKWY, NEW YORK, NY",Red Light,40.76534581872,-73.744281359829
2018,7,MCDONALD AVE (N/B) @,VANDERBILT ST,"MCDONALD AVE AND VANDERBILT ST, NEW YORK, NY",Red Light,40.65159899213,-73.981111028223
2019,7,HORACE HARDING EXPWY,(E/B) @ UTOPIA PKWY,"HORACE HARDING EXPWY AND UTOPIA PKWY, NEW YORK, NY",Red Light,40.739471009345,-73.792834036887
2019,7,QUEENS BLVD (W/B) @,BROADWAY,"QUEENS BLVD AND BROADWAY, NEW YORK, NY",Red Light,40.736805019312,-73.877641965578
2019,7,FLATBUSH AVE (N/B) @,AVENUE H,"FLATBUSH AVE AND AVENUE H, NEW YORK, NY",Red Light,40.631715986241,-73.946492007909
2019,7,ASTORIA BLVD S (E/B),@ 77TH ST,"ASTORIA BLVD S AND 77TH ST, NEW YORK, NY",Red Light,40.76573100908,-73.891878041388
2019,7,WB QUEENS BLVD @ 70T,H ST / 45TH AVE,"QUEENS BLVD AND 70T H ST / 45TH AVE, NEW YORK, NY",Red Light,40.739905988211,-73.894214999813
2019,7,ATLANTIC AVE (E/B) @,BEDFORD AVE,"ATLANTIC AVE AND BEDFORD AVE, NEW YORK, NY",Red Light,40.678792987335,-73.953013966769
2019,7,HORACE HARDING EXPWY,(E/B) @ OCEANIA ST,"HORACE HARDING EXPWY AND OCEANIA ST, NEW YORK, NY",Red Light,40.746024987076,-73.767854037587
2019,7,RICHMOND AVE (S/B) @,DRAPER PL,"RICHMOND AVE AND DRAPER PL, NEW YORK, NY",Red Light,40.592652000763,-74.163308960462
2019,7,CHRYSTIE ST (N/B) @,E HOUSTON ST,"CHRYSTIE ST AND E HOUSTON ST, NEW YORK, NY",Red Light,40.723593002522,-73.991080966774
2019,7,WOODHAVEN BLVD (N/B),@ UNION TPKE,"WOODHAVEN BLVD AND UNION TPKE, NEW YORK, NY",Red Light,40.705556990907,-73.858426033453
2020,7,WILLIAMSBURG ST (S/B,) @ FLUSHING AVE,"WILLIAMSBURG ST AND FLUSHING AVE, NEW YORK, NY",Red Light,40.698062018816,-73.962818781828
2020,7,EASTERN PKWY (W/B) @,HOWARD AVE,"EASTERN PKWY AND HOWARD AVE, NEW YORK, NY",Red Light,40.669381493083,-73.920077781156
2020,7,39TH ST (N/B) @ NORT,HERN BLVD,"39TH ST AND NORT HERN BLVD, NEW YORK, NY",Red Light,40.752323987313,-73.924478028866
2020,7,PENNSYLVANIA AVE (S/,B) @ SEAVIEW AVE,"PENNSYLVANIA AVE AND SEAVIEW AVE, NEW YORK, NY",Red Light,40.64395591181,-73.877571892868
2020,7,PARK AVE (W/B) @ WAS,HINGTON AVE,"PARK AVE AND WAS HINGTON AVE, NEW YORK, NY",Red Light,40.696013020676,-73.967420027576
2021,7,BOSTON RD (N/B) @ PE,LHAM PKWY,"BOSTON RD AND PE LHAM PKWY, NEW YORK, NY",Red Light,40.857926998687,-73.868184999501
2021,7,WOODHAVEN BLVD (N/B),@ YELLOWSTONE BLVD,"WOODHAVEN BLVD AND YELLOWSTONE BLVD, NEW YORK, NY",Red Light,40.714000710619,-73.859751799079
2021,7,WEST ST (S/B) @ W HO,USTON ST,"WEST ST AND W HO USTON ST, NEW YORK, NY",Red Light,40.729111605663,-74.010544332681
2021,7,GRAND CONCOURSE (N/B,) @ E 162ND ST,"GRAND CONCOURSE AND E 162ND ST, NEW YORK, NY",Red Light,40.827677715955,-73.922074182854
2021,7,QUEENS BLVD (W/B) @,71ST AVE,"QUEENS BLVD AND 71ST AVE, NEW YORK, NY",Red Light,40.721623506733,-73.843853759507
2021,7,WOODHAVEN BLVD (N/B),@ 62ND RD,"WOODHAVEN BLVD AND 62ND RD, NEW YORK, NY",Red Light,40.726148016158,-73.870308973766
2021,7,FLATBUSH AVE (N/B) @,AVIATOR SPORTS COMP,"FLATBUSH AVE AND AVIATOR SPORTS COMP, NEW YORK, NY",Red Light,40.590608,-73.902783
2022,7,WHITE PLAINS RD (S/B,) @ WATSON AVE,"WHITE PLAINS RD AND WATSON AVE, NEW YORK, NY",Red Light,40.8284200173,-73.860672970238
2022,7,WHITESTONE EXPWY SVC,RD (N/B) @ 20TH AVE,"WHITESTONE EXPWY SVC RD AND 20TH AVE, NEW YORK, NY",Red Light,40.781715717531,-73.825686738745
2022,7,MCDONALD AVE (S/B) @,GREENWOOD AVE,"MCDONALD AVE AND GREENWOOD AVE, NEW YORK, NY",Red Light,40.649528997321,-73.980711965813
2022,7,3RD AVE (N/B) @ 36TH,ST,"3RD AVE AND 36TH ST, NEW YORK, NY",Red Light,40.655629011176,-74.006574998613
2022,7,BEACH CHANNEL DR (W/,B) @ B 140TH ST,"BEACH CHANNEL DR AND B 140TH ST, NEW YORK, NY",Red Light,40.58993400102,-73.804583034387
2022,7,23RD AVE (E/B) @ 94T,H ST,"23RD AVE AND 94T H ST, NEW YORK, NY",Red Light,40.768189002186,-73.876261969039
2023,7,3RD AVE (S/B) @ E 13,5TH ST,"3RD AVE AND E 13 5TH ST, NEW YORK, NY",Red Light,40.809417991345,-73.929631977309
2023,7,FLATBUSH AVE (S/B) @,DEAN ST,"FLATBUSH AVE AND DEAN ST, NEW YORK, NY",Red Light,40.681814998706,-73.975820035662
2023,7,222ND ST (W/B) @ PAU,LDING AVE,"222ND ST AND PAU LDING AVE, NEW YORK, NY",Red Light,40.883026984931,-73.853247023119
2023,7,4TH AVE (N/B) @ 18TH,ST,"4TH AVE AND 18TH ST, NEW YORK, NY",Red Light,40.664448994521,-73.994013040324
2023,7,EB QUEENS BLVD @ GRA,ND AVE / BROADWAY,"QUEENS BLVD AND GRA ND AVE / BROADWAY, NEW YORK, NY",Red Light,40.736805019312,-73.877641965578
2023,7,SUNRISE HWY (W/B) @,BROOKVILLE BLVD,"SUNRISE HWY AND BROOKVILLE BLVD, NEW YORK, NY",Red Light,40.665253992502,-73.739553966438
2023,7,QUEENS BLVD (W/B) @,JACOBUS ST,"QUEENS BLVD AND JACOBUS ST, NEW YORK, NY",Red Light,40.73857460671,-73.887233461201
2023,7,N CONDUIT AVE (W/B),@ LEFFERTS BLVD,"N CONDUIT AVE AND LEFFERTS BLVD, NEW YORK, NY",Red Light,40.666071018514,-73.822277986362
2023,7,CROSSBAY BLVD (N/B),@ 156TH AVE,"CROSSBAY BLVD AND 156TH AVE, NEW YORK, NY",Red Light,40.664182994824,-73.841211029254
2024,7,FLATBUSH AVE (S/B) @,DEAN ST,"FLATBUSH AVE AND DEAN ST, NEW YORK, NY",Red Light,40.681814998706,-73.975820035662
2024,7,RICHMOND AVE (N/B) @,VICTORY BLVD,"RICHMOND AVE AND VICTORY BLVD, NEW YORK, NY",Red Light,40.607226998828,-74.162498011329
2024,7,BRUCKNER BLVD (E/B),@ WHITE PLAINS RD,"BRUCKNER BLVD AND WHITE PLAINS RD, NEW YORK, NY",Red Light,40.825615013403,-73.859418031694
2024,7,BOSTON RD (N/B) @ PE,LHAM PKWY,"BOSTON RD AND PE LHAM PKWY, NEW YORK, NY",Red Light,40.857926998687,-73.868184999501
2024,7,MADISON AVE (N/B) @,E 96TH ST,"MADISON AVE AND E 96TH ST, NEW YORK, NY",Red Light,40.787256784172,-73.954155498163
2024,7,EB QUEENS BLVD @ GRA,ND AVE / BROADWAY,"QUEENS BLVD AND GRA ND AVE / BROADWAY, NEW YORK, NY",Red Light,40.736805019312,-73.877641965578
2024,7,NB OCEAN PKWY @ 18TH,AVE,"OCEAN PKWY AND 18TH AVE, NEW YORK, NY",Red Light,40.633076997769,-73.97223802934
2024,7,WHITE PLAINS RD (S/B,) @ WATSON AVE,"WHITE PLAINS RD AND WATSON AVE, NEW YORK, NY",Red Light,40.8284200173,-73.860672970238
2024,7,LINDEN BLVD (W/B) @,FOUNTAIN AVE,"LINDEN BLVD AND FOUNTAIN AVE, NEW YORK, NY",Red Light,40.666804015947,-73.871985019125
2025,7,BRUCKNER BLVD (E/B),@ BRONX RIVER PKWY R,"BRUCKNER BLVD AND BRONX RIVER PKWY R, NEW YORK, NY",Red Light,40.824586009059,-73.872502014913
2025,7,NORTHERN BLVD (E/B),@ DOUGLASTON PKWY,"NORTHERN BLVD AND DOUGLASTON PKWY, NEW YORK, NY",Red Light,40.76534581872,-73.744281359829
2025,7,RICHMOND AVE (N/B) @,LANDER AVE,"RICHMOND AVE AND LANDER AVE, NEW YORK, NY",Red Light,40.613023001055,-74.158826989196
2025,7,EB ATLANTIC AVE @ RO,CKAWAY AVE,"ATLANTIC AVE AND RO CKAWAY AVE, NEW YORK, NY",Red Light,40.676272004226,-73.910936980467
2025,7,HORACE HARDING EXPWY,(E/B) @ 173RD ST,"HORACE HARDING EXPWY AND 173RD ST, NEW YORK, NY",Red Light,40.73787155649,-73.796435961593
2025,7,PENNSYLVANIA AVE (S/,B) @ SEAVIEW AVE,"PENNSYLVANIA AVE AND SEAVIEW AVE, NEW YORK, NY",Red Light,40.64395591181,-73.877571892868
2025,7,WB ATLANTIC AVE @ RO,CKAWAY AVE,"ATLANTIC AVE AND RO CKAWAY AVE, NEW YORK, NY",Red Light,40.676272004226,-73.910936980467
2025,7,NARROWS RD (W/B) @ C,LOVE RD,"NARROWS RD AND C LOVE RD, NEW YORK, NY",Red Light,40.610955604637,-74.098098005214
2025,7,QUEENS BLVD (W/B) @,BROADWAY,"QUEENS BLVD AND BROADWAY, NEW YORK, NY",Red Light,40.736805019312,-73.877641965578
2025,7,ARTHUR KILL RD (W/B),@ GIFFORDS LN,"ARTHUR KILL RD AND GIFFORDS LN, NEW YORK, NY",Red Light,40.563733009884,-74.155879995858
2017,7,MCDONALD AVE (S/B) @,GREENWOOD AVE,"MCDONALD AVE AND GREENWOOD AVE, NEW YORK, NY",Red Light,40.649528997321,-73.980711965813
2016,7,12TH AVE (N/B) @ W 5,7TH ST,"12TH AVE AND W 5 7TH ST, NEW YORK, NY",Red Light,40.771558988267,-73.994197023098
2016,7,CROSSBAY BLVD (S/B),@ 156TH AVE,"CROSSBAY BLVD AND 156TH AVE, NEW YORK, NY",Red Light,40.664182994824,-73.841211029254
2016,7,NB UTOPIA PKWY @ HOR,ACE HARDING EXPWY,"UTOPIA PKWY AND HOR ACE HARDING EXPWY, NEW YORK, NY",Red Light,40.739471009345,-73.792834036887
2017,7,SB OCEAN PKWY @ 18TH,AVE,"OCEAN PKWY AND 18TH AVE, NEW YORK, NY",Red Light,40.633076997769,-73.97223802934
2018,7,FLATBUSH AVE (N/B) @,GLENWOOD RD,"FLATBUSH AVE AND GLENWOOD RD, NEW YORK, NY",Red Light,40.633941004348,-73.94884396994
2018,7,BRONXDALE AVE (W/B),@ CRUGER AVE,"BRONXDALE AVE AND CRUGER AVE, NEW YORK, NY",Red Light,40.850956985192,-73.866808020448
2018,7,FATHER CAPODANNO BLV,D (S/B) @ PARK AND R,"FATHER CAPODANNO BLV D AND PARK AND R, NEW YORK, NY",Red Light,40.584487331871,-74.072312774025
2018,7,BAY PKWY (E/B) @ STI,LLWELL AVE,"BAY PKWY AND STI LLWELL AVE, NEW YORK, NY",Red Light,40.608165981531,-73.987354037346
2018,7,2ND AVE (S/B) @ 26TH,ST,"2ND AVE AND 26TH ST, NEW YORK, NY",Red Light,40.739775984893,-73.979500026433
2018,7,FOREST AVE (E/B) @ S,OUTH AVE,"FOREST AVE AND S OUTH AVE, NEW YORK, NY",Red Light,40.627329987766,-74.166563988741
2018,7,SOUTH AVE (S/B) @ TR,AVIS AVE,"SOUTH AVE AND TR AVIS AVE, NEW YORK, NY",Red Light,40.602690000368,-74.184153999288
2019,7,ROCKAWAY BLVD (N/B),@ BROOKVILLE BLVD,"ROCKAWAY BLVD AND BROOKVILLE BLVD, NEW YORK, NY",Red Light,40.640718988441,-73.74336102686
2019,7,23RD AVE (E/B) @ 94T,H ST,"23RD AVE AND 94T H ST, NEW YORK, NY",Red Light,40.768189002186,-73.876261969039
2019,7,SB RICHMOND AVE @ AR,THUR KILL RD,"RICHMOND AVE AND AR THUR KILL RD, NEW YORK, NY",Red Light,40.561075988487,-74.16983200897
2020,7,NARROWS RD (W/B) @ C,LOVE RD,"NARROWS RD AND C LOVE RD, NEW YORK, NY",Red Light,40.610955604637,-74.098098005214
2020,7,SB RICHMOND AVE @ AR,THUR KILL RD,"RICHMOND AVE AND AR THUR KILL RD, NEW YORK, NY",Red Light,40.561075988487,-74.16983200897
2020,7,BOSTON RD (E/B) @ PE,LHAM PKWY,"BOSTON RD AND PE LHAM PKWY, NEW YORK, NY",Red Light,40.857926998687,-73.868184999501
2020,7,CROPSEY AVE (W/B) @,21ST AVE,"CROPSEY AVE AND 21ST AVE, NEW YORK, NY",Red Light,40.598772005457,-74.000740020536
2020,7,VAN WYCK EXP SVC RD,(N/B) @ ROCKAWAY BLV,"VAN WYCK EXP SVC RD AND ROCKAWAY BLV, NEW YORK, NY",Red Light,40.67435158448,-73.801216862072
2021,7,OCEAN PKWY (N/B) @ A,VE X,"OCEAN PKWY AND A VE X, NEW YORK, NY",Red Light,40.574900668267,-73.968947749134
2021,7,NARROWS RD (W/B) @ C,LOVE RD,"NARROWS RD AND C LOVE RD, NEW YORK, NY",Red Light,40.610955604637,-74.098098005214
2021,7,FOREST AVE (E/B) @ S,OUTH AVE,"FOREST AVE AND S OUTH AVE, NEW YORK, NY",Red Light,40.627329987766,-74.166563988741
2021,7,RICHMOND AVE (S/B) @,DRAPER PL,"RICHMOND AVE AND DRAPER PL, NEW YORK, NY",Red Light,40.592652000763,-74.163308960462
2022,7,FLATBUSH AVE EXTENSI,ON (S/B) @ TILLARY S,"FLATBUSH AVE EXTENSI ON AND TILLARY S, NEW YORK, NY",Red Light,40.696112010952,-73.984660009846
2022,7,OCEAN PKWY (S/B) @ A,VE W,"OCEAN PKWY AND A VE W, NEW YORK, NY",Red Light,40.58156198849,-73.967607027836
2022,7,FLATBUSH AVE (N/B) @,DEAN ST,"FLATBUSH AVE AND DEAN ST, NEW YORK, NY",Red Light,40.681814998706,-73.975820035662
2022,7,REMSEN AVE (N/B) @ L,ENOX RD,"REMSEN AVE AND L ENOX RD, NEW YORK, NY",Red Light,40.655853981458,-73.923374970408
2022,7,EB 65TH ST @ 16TH AV,E,"65TH ST AND 16TH AV E, NEW YORK, NY",Red Light,40.621993020467,-73.994909987783
2022,7,RICHMOND RD (W/B) @,NEW DORP LANE,"RICHMOND RD AND NEW DORP LANE, NEW YORK, NY",Red Light,40.575848003186,-74.119818030912
2022,7,WOODHAVEN BLVD (N/B),@ 62ND RD,"WOODHAVEN BLVD AND 62ND RD, NEW YORK, NY",Red Light,40.726148016158,-73.870308973766
2022,7,LINDEN BLVD (W/B) @,FOUNTAIN AVE,"LINDEN BLVD AND FOUNTAIN AVE, NEW YORK, NY",Red Light,40.666804015947,-73.871985019125
2022,7,WOODHAVEN BLVD (N/B),@ YELLOWSTONE BLVD,"WOODHAVEN BLVD AND YELLOWSTONE BLVD, NEW YORK, NY",Red Light,40.714000710619,-73.859751799079
2022,7,NORTHERN BLVD (W/B),@ DOUGLASTON PKWY,"NORTHERN BLVD AND DOUGLASTON PKWY, NEW YORK, NY",Red Light,40.76534581872,-73.744281359829
2022,7,OCEAN PKWY (N/B) @ A,VE J,"OCEAN PKWY AND A VE J, NEW YORK, NY",Red Light,40.574900668267,-73.968947749134
2022,7,FLATBUSH AVE (S/B) @,AVIATOR SPORTS COMP,"FLATBUSH AVE AND AVIATOR SPORTS COMP, NEW YORK, NY",Red Light,40.590608,-73.902783
2022,7,ROCKAWAY BLVD (W/B),@ GUY R BREWER BLVD,"ROCKAWAY BLVD AND GUY R BREWER BLVD, NEW YORK, NY",Red Light,40.656143995307,-73.767468972955
2023,7,4TH AVE (S/B) @ 60TH,ST,"4TH AVE AND 60TH ST, NEW YORK, NY",Red Light,40.640883986205,-74.018488029958
2023,7,BRUCKNER BLVD (S/B),@ E 138TH ST,"BRUCKNER BLVD AND E 138TH ST, NEW YORK, NY",Red Light,40.804710002059,-73.91247497588
2023,7,86TH ST (E/B) @ 7TH,AVE,"86TH ST AND 7TH AVE, NEW YORK, NY",Red Light,40.618476979722,-74.021217009994
2023,7,MCDONALD AVE (S/B) @,GREENWOOD AVE,"MCDONALD AVE AND GREENWOOD AVE, NEW YORK, NY",Red Light,40.649528997321,-73.980711965813
2024,7,RICHMOND AVE (S/B) @,LANDER AVE,"RICHMOND AVE AND LANDER AVE, NEW YORK, NY",Red Light,40.613023001055,-74.158826989196
2026,7,LAFAYETTE AVE (S/B),@ MARCY AVE,"LAFAYETTE AVE AND MARCY AVE, NEW YORK, NY",Red Light,40.690240990692,-73.948184984712
2026,7,BRUCKNER BLVD (S/B),@ E 138TH ST,"BRUCKNER BLVD AND E 138TH ST, NEW YORK, NY",Red Light,40.804710002059,-73.91247497588
2026,7,ASTORIA BLVD (W/B) @,STEINWAY ST,"ASTORIA BLVD AND STEINWAY ST, NEW YORK, NY",Red Light,40.769429314309,-73.910277827601
2026,7,ALLERTON AVE (E/B) @,WHITE PLAINS RD,"ALLERTON AVE AND WHITE PLAINS RD, NEW YORK, NY",Red Light,40.865433998809,-73.867389975985
2026,7,WB ATLANTIC AVE @ LO,GAN ST,"ATLANTIC AVE AND LO GAN ST, NEW YORK, NY",Red Light,40.680093984436,-73.877392017225
2026,7,REMSEN AVE (N/B) @ L,ENOX RD,"REMSEN AVE AND L ENOX RD, NEW YORK, NY",Red Light,40.655853981458,-73.923374970408
2026,7,E 135TH ST (W/B) @ A,LEXANDER AVE,"E 135TH ST AND A LEXANDER AVE, NEW YORK, NY",Red Light,40.808171015609,-73.926531008411
2026,7,ARTHUR KILL RD (W/B),@ RICHMOND AVE,"ARTHUR KILL RD AND RICHMOND AVE, NEW YORK, NY",Red Light,40.561075988487,-74.16983200897
2026,7,BEDFORD AVE (N/B) @,ATLANTIC AVE,"BEDFORD AVE AND ATLANTIC AVE, NEW YORK, NY",Red Light,40.678792987335,-73.953013966769
2026,7,NORTHERN BLVD (E/B),@ 114TH ST,"NORTHERN BLVD AND 114TH ST, NEW YORK, NY",Red Light,40.758365998398,-73.855623041212
2026,7,ROCKAWAY BLVD (E/B),@ N CONDUIT AVE,"ROCKAWAY BLVD AND N CONDUIT AVE, NEW YORK, NY",Red Light,40.667523015601,-73.780694023604
2026,7,NB MAIN ST @ GRAND C,ENTRAL PKWY,"MAIN ST AND GRAND C ENTRAL PKWY, NEW YORK, NY",Red Light,40.715629984958,-73.816438984972
2026,7,SB MANHATTAN AVE @ W,115TH ST,"MANHATTAN AVE AND W 115TH ST, NEW YORK, NY",Red Light,40.804353980722,-73.957317990231
2026,7,EB ASTORIA BLVD S @,44TH ST,"ASTORIA BLVD S AND 44TH ST, NEW YORK, NY",Red Light,40.76823799441,-73.907115000257
2026,7,NB FARMERS BLVD @ 12,0TH AVE,"FARMERS BLVD AND 12 0TH AVE, NEW YORK, NY",Red Light,40.686456980503,-73.761170978547
2026,7,WB STATEN ISLAND EXP,RESSWAY EXIT 12 @ SL,"STATEN ISLAND EXP RESSWAY EXIT 12 AND SL, NEW YORK, NY",Red Light,40.6109594,-74.112101
2026,7,WB ATLANTIC AVE @ 11,1TH ST,"ATLANTIC AVE AND 11 1TH ST, NEW YORK, NY",Red Light,40.692207007991,-73.834871963521
2026,7,EB MIDLAND AVE @ HYL,AN BLVD,"MIDLAND AVE AND HYL AN BLVD, NEW YORK, NY",Red Light,40.577945909732,-74.102322903509
2026,7,NB CONEY ISLAND AVE,@ AVE V,"CONEY ISLAND AVE AND AVE V, NEW YORK, NY",Red Light,40.596156013476,-73.961085990985
2026,7,SB HYLAN BLVD @ BURG,HER AVE,"HYLAN BLVD AND BURG HER AVE, NEW YORK, NY",Red Light,40.590788997054,-74.088428976987
2026,7,WB QUEENS BLVD @ 65T,H AVE,"QUEENS BLVD AND 65T H AVE, NEW YORK, NY",Red Light,40.72873701841,-73.857981038214
2026,7,SB 183RD ST @ LIBERT,Y AVE,"183RD ST AND LIBERT Y AVE, NEW YORK, NY",Red Light,40.705375019789,-73.775821958564
2026,7,CLOVE RD (N/B) @ CHE,SHIRE PL,"CLOVE RD AND CHE SHIRE PL, NEW YORK, NY",Red Light,40.618260014159,-74.105254977059
2026,7,ROCKAWAY BLVD (N/B),@ BROOKVILLE BLVD,"ROCKAWAY BLVD AND BROOKVILLE BLVD, NEW YORK, NY",Red Light,40.640718988441,-73.74336102686
2026,7,ASTORIA BLVD (W/B) @,94TH ST,"ASTORIA BLVD AND 94TH ST, NEW YORK, NY",Red Light,40.763085009886,-73.875329985225
2026,7,RICHMOND AVE (S/B) @,DRAPER PL,"RICHMOND AVE AND DRAPER PL, NEW YORK, NY",Red Light,40.592652000763,-74.163308960462
2026,7,QUEENS BLVD (W/B) @,39TH ST,"QUEENS BLVD AND 39TH ST, NEW YORK, NY",Red Light,40.743872011427,-73.926192966255
2026,7,FLATBUSH AVE (N/B) @,GLENWOOD RD,"FLATBUSH AVE AND GLENWOOD RD, NEW YORK, NY",Red Light,40.633941004348,-73.94884396994
2026,7,EB LIBERTY AVE @ SUT,PHIN BLVD,"LIBERTY AVE AND SUT PHIN BLVD, NEW YORK, NY",Red Light,40.6962342191,-73.804568701333
2026,7,MCDONALD AVE (S/B) @,GREENWOOD AVE,"MCDONALD AVE AND GREENWOOD AVE, NEW YORK, NY",Red Light,40.649528997321,-73.980711965813
2026,7,NB CLASSON AVE @ FUL,TON ST,"CLASSON AVE AND FUL TON ST, NEW YORK, NY",Red Light,40.681746015643,-73.958579969573
2026,7,NB GATES AVE @ CENTR,AL AVE,"GATES AVE AND CENTR AL AVE, NEW YORK, NY",Red Light,43.051080002008,-75.144629997734
2026,7,WB BOSTON RD @ EASTC,HESTER RD,"BOSTON RD AND EASTC HESTER RD, NEW YORK, NY",Red Light,40.877038911393,-73.846373191963
2026,7,SB WOODHAVEN BLVD @,METROPOLITAN AVE,"WOODHAVEN BLVD AND METROPOLITAN AVE, NEW YORK, NY",Red Light,40.711870617565,-73.859864787133
2026,7,NB BROADWAY @ W 97TH,ST,"BROADWAY AND W 97TH ST, NEW YORK, NY",Red Light,40.795288994347,-73.971192973652
2026,7,WB BRUCKNER BLVD @ B,RONX RIVER AVE,"BRUCKNER BLVD AND B RONX RIVER AVE, NEW YORK, NY",Red Light,40.822823001455,-73.882675968987
2026,7,EB 43RD AVE @ 34TH S,T,"43RD AVE AND 34TH S T, NEW YORK, NY",Red Light,40.74629999732,-73.930397999441
2026,7,WB FLATLANDS AVE @ U,TICA AVE,"FLATLANDS AVE AND U TICA AVE, NEW YORK, NY",Red Light,40.626269006462,-73.927668013576
2026,7,SB APOLLO ST  @ MEEK,ER AVE,"APOLLO ST AND MEEK ER AVE, NEW YORK, NY",Red Light,40.724202492612,-73.937628899672
2026,7,WB E HOUSTON ST @ BR,OADWAY,"E HOUSTON ST AND BR OADWAY, NEW YORK, NY",Red Light,40.72549158741,-73.996724418363
2026,7,WB HOWARD AVE @ CLOV,E RD,"HOWARD AVE AND CLOV E RD, NEW YORK, NY",Red Light,40.61242000694,-74.099355961242
2026,7,EB AVE H @ BROOKLYN,AVE,"AVE H AND BROOKLYN AVE, NEW YORK, NY",Red Light,40.632015010636,-73.941755981157
2026,7,NB HOWARD AVE @ SUTT,ER AVE,"HOWARD AVE AND SUTT ER AVE, NEW YORK, NY",Red Light,40.665776017432,-73.919475960508
2026,7,NB OCEAN AVE @ PARKS,IDE AVE,"OCEAN AVE AND PARKS IDE AVE, NEW YORK, NY",Red Light,40.654870993763,-73.961914039199
2026,7,WB SUNRISE HWY @ FRA,NCIS LEWIS BLVD,"SUNRISE HWY AND FRA NCIS LEWIS BLVD, NEW YORK, NY",Red Light,40.665425989155,-73.746034015783
2017,7,4TH AVE (N/B) @ 18TH,ST,"4TH AVE AND 18TH ST, NEW YORK, NY",Red Light,40.664448994521,-73.994013040324
2025,7,EB ATLANTIC AVE @ SA,RATOGA AVE,"ATLANTIC AVE AND SA RATOGA AVE, NEW YORK, NY",Red Light,40.676721986698,-73.916458978279
2025,7,EB ATLANTIC AVE @ EA,STERN PKWY,"ATLANTIC AVE AND EA STERN PKWY, NEW YORK, NY",Red Light,40.676138019504,-73.908162989611
2025,7,WB N GANNON AVE @ MA,NOR RD,"N GANNON AVE AND MA NOR RD, NEW YORK, NY",Red Light,40.610177009651,-74.121448981632
2025,7,SB EXTERIOR ST @ E 1,38TH ST,"EXTERIOR ST AND E 1 38TH ST, NEW YORK, NY",Red Light,40.813797996758,-73.931369964933
2025,7,EB QUEENS BLVD @ WOO,DHAVEN BLVD,"QUEENS BLVD AND WOO DHAVEN BLVD, NEW YORK, NY",Red Light,40.733467010191,-73.870480970419
2021,7,ROCKAWAY BLVD (W/B),@ GUY R BREWER BLVD,"ROCKAWAY BLVD AND GUY R BREWER BLVD, NEW YORK, NY",Red Light,40.656143995307,-73.767468972955
2026,7,EB ATLANTIC AVE @ RO,CKAWAY AVE,"ATLANTIC AVE AND RO CKAWAY AVE, NEW YORK, NY",Red Light,40.676272004226,-73.910936980467
2026,7,SB CLOVE RD @ VICTOR,Y BLVD,"CLOVE RD AND VICTOR Y BLVD, NEW YORK, NY",Red Light,40.616430286605,-74.103494023021
2026,7,PENNSYLVANIA AVE (S/,B) @ SEAVIEW AVE,"PENNSYLVANIA AVE AND SEAVIEW AVE, NEW YORK, NY",Red Light,40.64395591181,-73.877571892868
2026,7,NB FORT HAMILTON PKW,Y @ BAY RIDGE PKWY,"FORT HAMILTON PKW Y AND BAY RIDGE PKWY, NEW YORK, NY",Red Light,40.625776988746,-74.016496992678
2026,7,SUNRISE HWY (W/B) @,BROOKVILLE BLVD,"SUNRISE HWY AND BROOKVILLE BLVD, NEW YORK, NY",Red Light,40.665253992502,-73.739553966438
2026,7,SB CROSS BAY BLVD @,157TH AVE,"CROSS BAY BLVD AND 157TH AVE, NEW YORK, NY",Red Light,40.662511014688,-73.8407950354
2026,7,EB PITKIN AVE @ SCHE,NCK AVE,"PITKIN AVE AND SCHE NCK AVE, NEW YORK, NY",Red Light,40.673033320658,-73.888528465241
2026,7,WB ROCKAWAY FWY @ B,54TH ST,"ROCKAWAY FWY AND B 54TH ST, NEW YORK, NY",Red Light,40.591668236835,-73.793202050249
2026,7,SB HORACE HARDING EX,PWY @ MARATHON PKWY,"HORACE HARDING EX PWY AND MARATHON PKWY, NEW YORK, NY",Red Light,40.76087801287,-73.732131958814
2026,7,NB WEBSTER AVE @ E G,UN HILL RD,"WEBSTER AVE AND E G UN HILL RD, NEW YORK, NY",Red Light,40.87867099367,-73.871670697756
2017,7,ATLANTIC AVE (W/B) @,FT GREENE PL,"ATLANTIC AVE AND FT GREENE PL, NEW YORK, NY",Red Light,40.683412296084,-73.975917768653
2017,7,BRONXDALE AVE (W/B),@ CRUGER AVE,"BRONXDALE AVE AND CRUGER AVE, NEW YORK, NY",Red Light,40.850956985192,-73.866808020448
2017,7,MADISON AVE (N/B) @,E 96TH ST,"MADISON AVE AND E 96TH ST, NEW YORK, NY",Red Light,40.787256784172,-73.954155498163
2016,7,3RD AVE (S/B) @ E 13,5TH ST,"3RD AVE AND E 13 5TH ST, NEW YORK, NY",Red Light,40.809417991345,-73.929631977309
2016,7,WOODHAVEN BLVD (N/B),@ ROCKAWAY BLVD,"WOODHAVEN BLVD AND ROCKAWAY BLVD, NEW YORK, NY",Red Light,40.68071868768,-73.84481088903
2016,7,SEAGIRT BLVD (W/B) @,BEACH 9TH ST,"SEAGIRT BLVD AND BEACH 9TH ST, NEW YORK, NY",Red Light,40.596564002613,-73.744170970164
2016,7,LINDEN BLVD (W/B) @,PENNSYLVANIA AVE,"LINDEN BLVD AND PENNSYLVANIA AVE, NEW YORK, NY",Red Light,40.658685011165,-73.890809013457
2016,7,3RD AVE (N/B) @ 36TH,ST,"3RD AVE AND 36TH ST, NEW YORK, NY",Red Light,40.655629011176,-74.006574998613
2016,7,WB NORTHERN BLVD @ 4,8TH ST,"NORTHERN BLVD AND 4 8TH ST, NEW YORK, NY",Red Light,40.753677497038,-73.914478669835
2016,7,4TH AVE (S/B) @ 60TH,ST,"4TH AVE AND 60TH ST, NEW YORK, NY",Red Light,40.640883986205,-74.018488029958
2017,7,KINGS HWY (S/B) @ RE,MSEN AVE,"KINGS HWY AND RE MSEN AVE, NEW YORK, NY",Red Light,40.654523019052,-73.921878968329
2016,7,LINDEN BLVD (E/B) @,FOUNTAIN AVE,"LINDEN BLVD AND FOUNTAIN AVE, NEW YORK, NY",Red Light,40.666804015947,-73.871985019125
2017,7,CLOVE RD (N/B) @ CHE,SHIRE PL,"CLOVE RD AND CHE SHIRE PL, NEW YORK, NY",Red Light,40.618260014159,-74.105254977059
2017,7,SB RICHMOND RD @ NAR,ROWS RD N,"RICHMOND RD AND NAR ROWS RD N, NEW YORK, NY",Red Light,40.609410987519,-74.090104016517
2017,7,3RD AVE (S/B) @ E 13,5TH ST,"3RD AVE AND E 13 5TH ST, NEW YORK, NY",Red Light,40.809417991345,-73.929631977309
2017,7,222ND ST (W/B) @ PAU,LDING AVE,"222ND ST AND PAU LDING AVE, NEW YORK, NY",Red Light,40.883026984931,-73.853247023119
2018,7,QUEENS BLVD (W/B) @,39TH ST,"QUEENS BLVD AND 39TH ST, NEW YORK, NY",Red Light,40.743872011427,-73.926192966255
2018,7,MCDONALD AVE (S/B) @,VANDERBILT ST,"MCDONALD AVE AND VANDERBILT ST, NEW YORK, NY",Red Light,40.65159899213,-73.981111028223
2018,7,OCEAN PKWY (N/B) @ A,VE W,"OCEAN PKWY AND A VE W, NEW YORK, NY",Red Light,40.58156198849,-73.967607027836
2018,7,12TH AVE (N/B) @ 42N,D ST,"12TH AVE AND 42N D ST, NEW YORK, NY",Red Light,40.640278980434,-73.990241016257
2018,7,EASTERN PKWY (W/B) @,BEDFORD AVE,"EASTERN PKWY AND BEDFORD AVE, NEW YORK, NY",Red Light,40.670309998407,-73.955193010138
2018,7,WHITESTONE EXPWY SVC,RD (N/B) @ 20TH AVE,"WHITESTONE EXPWY SVC RD AND 20TH AVE, NEW YORK, NY",Red Light,40.781715717531,-73.825686738745
2018,7,REMSEN AVE (N/B) @ W,INTHROP ST,"REMSEN AVE AND W INTHROP ST, NEW YORK, NY",Red Light,40.658650980638,-73.926487003419
2018,7,FLATBUSH AVE (N/B) @,EASTERN PKWY,"FLATBUSH AVE AND EASTERN PKWY, NEW YORK, NY",Red Light,40.673099998698,-73.969437970766
2018,7,PENNSYLVANIA AVE (S/,B) @ SEAVIEW AVE,"PENNSYLVANIA AVE AND SEAVIEW AVE, NEW YORK, NY",Red Light,40.64395591181,-73.877571892868
2018,7,LINDEN BLVD (E/B) @,FOUNTAIN AVE,"LINDEN BLVD AND FOUNTAIN AVE, NEW YORK, NY",Red Light,40.666804015947,-73.871985019125
2018,7,HORACE HARDING EXPWY,(E/B) @ 108TH ST,"HORACE HARDING EXPWY AND 108TH ST, NEW YORK, NY",Red Light,40.73768298176,-73.852103982983
2018,7,RICHMOND RD (W/B) @,NEW DORP LANE,"RICHMOND RD AND NEW DORP LANE, NEW YORK, NY",Red Light,40.575848003186,-74.119818030912
2019,7,SEAGIRT BLVD (E/B) @,ROCKAWAY FREEWAY,"SEAGIRT BLVD AND ROCKAWAY FREEWAY, NEW YORK, NY",Red Light,40.596195995154,-73.766891040731
2019,7,EASTCHESTER ROAD (S/,B) @ ALLERTON AVE,"EASTCHESTER ROAD AND ALLERTON AVE, NEW YORK, NY",Red Light,40.865210998275,-73.843350007126
2019,7,SOUTH AVE (S/B) @ TR,AVIS AVE,"SOUTH AVE AND TR AVIS AVE, NEW YORK, NY",Red Light,40.602690000368,-74.184153999288
2019,7,NB OCEAN PKWY @ 18TH,AVE,"OCEAN PKWY AND 18TH AVE, NEW YORK, NY",Red Light,40.633076997769,-73.97223802934
2019,7,WILLIAMSBURG ST (S/B,) @ FLUSHING AVE,"WILLIAMSBURG ST AND FLUSHING AVE, NEW YORK, NY",Red Light,40.698062018816,-73.962818781828
2019,7,QUEENS BLVD (E/B) @,70TH ST,"QUEENS BLVD AND 70TH ST, NEW YORK, NY",Red Light,40.739905988211,-73.894214999813
2019,7,RICHMOND RD (E/B) @,NEW DORP LANE,"RICHMOND RD AND NEW DORP LANE, NEW YORK, NY",Red Light,40.575848003186,-74.119818030912
2019,7,MCDONALD AVE (S/B) @,VANDERBILT ST,"MCDONALD AVE AND VANDERBILT ST, NEW YORK, NY",Red Light,40.65159899213,-73.981111028223
2019,7,LINDEN BLVD (W/B) @,ROCKAWAY AVE,"LINDEN BLVD AND ROCKAWAY AVE, NEW YORK, NY",Red Light,40.65489199043,-73.90696496419
2019,7,QUEENS BLVD (E/B) @,ASCAN AVE,"QUEENS BLVD AND ASCAN AVE, NEW YORK, NY",Red Light,40.719742984846,-73.839651995264
2020,7,E 135TH ST (W/B) @ A,LEXANDER AVE,"E 135TH ST AND A LEXANDER AVE, NEW YORK, NY",Red Light,40.808171015609,-73.926531008411
2020,7,BEACH CHANNEL DR (W/,B) @ B 140TH ST,"BEACH CHANNEL DR AND B 140TH ST, NEW YORK, NY",Red Light,40.58993400102,-73.804583034387
2020,7,NB OCEAN PKWY @ AVEN,UE I,"OCEAN PKWY AND AVEN UE I, NEW YORK, NY",Red Light,40.607247995495,-73.96733402925
2020,7,WOODHAVEN BLVD (S/B),@ 62ND RD,"WOODHAVEN BLVD AND 62ND RD, NEW YORK, NY",Red Light,40.726148016158,-73.870308973766
2020,7,SURF AVE (W/B) @ W 5,TH ST,"SURF AVE AND W 5 TH ST, NEW YORK, NY",Red Light,40.574745992466,-73.97346296067
2020,7,OCEAN PKWY (N/B) @ C,HURCH AVE,"OCEAN PKWY AND C HURCH AVE, NEW YORK, NY",Red Light,40.644889991099,-73.974469040509
2020,7,3RD AVE (S/B) @ E 13,5TH ST,"3RD AVE AND E 13 5TH ST, NEW YORK, NY",Red Light,40.809417991345,-73.929631977309
2020,7,LINDEN BLVD (W/B) @,ROCKAWAY AVE,"LINDEN BLVD AND ROCKAWAY AVE, NEW YORK, NY",Red Light,40.65489199043,-73.90696496419
2020,7,OCEAN PKWY (N/B) @ A,VE X,"OCEAN PKWY AND A VE X, NEW YORK, NY",Red Light,40.574900668267,-73.968947749134
2020,7,ASTORIA BLVD (E/B) @,108TH ST,"ASTORIA BLVD AND 108TH ST, NEW YORK, NY",Red Light,40.760406991821,-73.861433041217
2020,7,CROSSBAY BLVD (N/B),@ LIBERTY AVE,"CROSSBAY BLVD AND LIBERTY AVE, NEW YORK, NY",Red Light,40.680263801795,-73.844728997836
2021,7,ASTORIA BLVD S (E/B),@ 77TH ST,"ASTORIA BLVD S AND 77TH ST, NEW YORK, NY",Red Light,40.76573100908,-73.891878041388
2021,7,ATLANTIC AVE (W/B) @,WOODHAVEN BLVD,"ATLANTIC AVE AND WOODHAVEN BLVD, NEW YORK, NY",Red Light,40.68815398062,-73.849093035725
2021,7,QUEENS BLVD (W/B) @,JACOBUS ST,"QUEENS BLVD AND JACOBUS ST, NEW YORK, NY",Red Light,40.73857460671,-73.887233461201
2021,7,SOUTH AVE (S/B) @ TR,AVIS AVE,"SOUTH AVE AND TR AVIS AVE, NEW YORK, NY",Red Light,40.602690000368,-74.184153999288
2021,7,SEAGIRT BLVD (W/B) @,BEACH 9TH ST,"SEAGIRT BLVD AND BEACH 9TH ST, NEW YORK, NY",Red Light,40.596564002613,-73.744170970164
2021,7,E 135TH ST (W/B) @ A,LEXANDER AVE,"E 135TH ST AND A LEXANDER AVE, NEW YORK, NY",Red Light,40.808171015609,-73.926531008411
2021,7,SURF AVE (W/B) @ W 5,TH ST,"SURF AVE AND W 5 TH ST, NEW YORK, NY",Red Light,40.574745992466,-73.97346296067
2021,7,LINDEN BLVD (E/B) @,PENNSYLVANIA AVE,"LINDEN BLVD AND PENNSYLVANIA AVE, NEW YORK, NY",Red Light,40.658685011165,-73.890809013457
2021,7,VICTORY BLVD (E/B) @,MORANI ST,"VICTORY BLVD AND MORANI ST, NEW YORK, NY",Red Light,40.608092011236,-74.157374992109
2022,7,QUEENS BLVD (E/B) @,70TH ST,"QUEENS BLVD AND 70TH ST, NEW YORK, NY",Red Light,40.739905988211,-73.894214999813
2022,7,WEST ST (N/B) @ W HO,USTON ST,"WEST ST AND W HO USTON ST, NEW YORK, NY",Red Light,40.729111605663,-74.010544332681
2022,7,KINGS HWY (E/B) @ NO,STRAND AVE,"KINGS HWY AND NO STRAND AVE, NEW YORK, NY",Red Light,40.616169986602,-73.944866002512
2022,7,2ND AVE (S/B) @ E HO,USTON ST,"2ND AVE AND E HO USTON ST, NEW YORK, NY",Red Light,40.723593002522,-73.991080966774
2022,7,QUEENS BLVD (E/B) @,ASCAN AVE,"QUEENS BLVD AND ASCAN AVE, NEW YORK, NY",Red Light,40.719742984846,-73.839651995264
2022,7,OCEAN PKWY (N/B) @ A,VE X,"OCEAN PKWY AND A VE X, NEW YORK, NY",Red Light,40.574900668267,-73.968947749134
2023,7,GRAND CONCOURSE (S/B,) @ E 162 ST,"GRAND CONCOURSE AND E 162 ST, NEW YORK, NY",Red Light,40.827677715955,-73.922074182854
2023,7,BRUCKNER BLVD (E/B),@ BRONX RIVER PKWY R,"BRUCKNER BLVD AND BRONX RIVER PKWY R, NEW YORK, NY",Red Light,40.824586009059,-73.872502014913
2023,7,JAMAICA AVE (E/B) @,PENNSYLVANIA AVE,"JAMAICA AVE AND PENNSYLVANIA AVE, NEW YORK, NY",Red Light,40.67820478728,-73.897521995892
2023,7,HORACE HARDING EXPWY,(E/B) @ UTOPIA PKWY,"HORACE HARDING EXPWY AND UTOPIA PKWY, NEW YORK, NY",Red Light,40.739471009345,-73.792834036887
2023,7,WOODHAVEN BLVD (N/B),@ 62ND RD,"WOODHAVEN BLVD AND 62ND RD, NEW YORK, NY",Red Light,40.726148016158,-73.870308973766
2023,7,NORTHERN BLVD (W/B),@ DOUGLASTON PKWY,"NORTHERN BLVD AND DOUGLASTON PKWY, NEW YORK, NY",Red Light,40.76534581872,-73.744281359829
2023,7,LINDEN BLVD (W/B) @,FOUNTAIN AVE,"LINDEN BLVD AND FOUNTAIN AVE, NEW YORK, NY",Red Light,40.666804015947,-73.871985019125
2023,7,FOREST AVE (W/B) @ S,OUTH AVE,"FOREST AVE AND S OUTH AVE, NEW YORK, NY",Red Light,40.627329987766,-74.166563988741
2023,7,NORTHERN BLVD (E/B),@ MARATHON PKWY,"NORTHERN BLVD AND MARATHON PKWY, NEW YORK, NY",Red Light,40.768396580018,-73.737527725165
2023,7,CLOVE RD (N/B) @ BAR,D AVE,"CLOVE RD AND BAR D AVE, NEW YORK, NY",Red Light,40.620771106622,-74.110044396534
2023,7,WOODHAVEN BLVD (S/B),@ YELLOWSTONE BLVD,"WOODHAVEN BLVD AND YELLOWSTONE BLVD, NEW YORK, NY",Red Light,40.714000710619,-73.859751799079
2023,7,WOODHAVEN BLVD (S/B),@ 62ND RD,"WOODHAVEN BLVD AND 62ND RD, NEW YORK, NY",Red Light,40.726148016158,-73.870308973766
2023,7,FATHER CAPODANNO BLV,D (N/B) @ PARK AND R,"FATHER CAPODANNO BLV D AND PARK AND R, NEW YORK, NY",Red Light,40.584487331871,-74.072312774025
2023,7,WOODHAVEN BLVD (N/B),@ YELLOWSTONE BLVD,"WOODHAVEN BLVD AND YELLOWSTONE BLVD, NEW YORK, NY",Red Light,40.714000710619,-73.859751799079
2023,7,SB 108TH ST @ HORACE,HARDING EXPY N,"108TH ST AND HORACE HARDING EXPY N, NEW YORK, NY",Red Light,40.73768298176,-73.852103982983
2023,7,3RD AVE (N/B) @ 36TH,ST,"3RD AVE AND 36TH ST, NEW YORK, NY",Red Light,40.655629011176,-74.006574998613
2023,7,QUEENS BLVD (E/B) @,58TH ST,"QUEENS BLVD AND 58TH ST, NEW YORK, NY",Red Light,40.741804992194,-73.907524959141
2023,7,FLATBUSH AVE (N/B) @,BERGEN ST,"FLATBUSH AVE AND BERGEN ST, NEW YORK, NY",Red Light,40.680840979647,-73.975119979109
2024,7,HORACE HARDING EXPWY,(E/B) @ 159TH ST,"HORACE HARDING EXPWY AND 159TH ST, NEW YORK, NY",Red Light,40.73829498642,-73.809420985081
2024,7,RICHMOND AVE (N/B) @,W CASWELL AVE,"RICHMOND AVE AND W CASWELL AVE, NEW YORK, NY",Red Light,40.616414989632,-74.156790019086
2024,7,BEACH CHANNEL DR (S/,B) @ HASSOCK ST,"BEACH CHANNEL DR AND HASSOCK ST, NEW YORK, NY",Red Light,40.609514001109,-73.75371896371
2024,7,CLOVE RD (S/B) @ CHE,SHIRE PL,"CLOVE RD AND CHE SHIRE PL, NEW YORK, NY",Red Light,40.618260014159,-74.105254977059
2024,7,QUEENS BLVD (E/B) @,58TH ST,"QUEENS BLVD AND 58TH ST, NEW YORK, NY",Red Light,40.741804992194,-73.907524959141
2024,7,CONEY ISLAND AVE (S/,B) @ DORCHESTER RD,"CONEY ISLAND AVE AND DORCHESTER RD, NEW YORK, NY",Red Light,40.637289197481,-73.968221169882
2025,7,LINDEN BLVD (E/B) @,FOUNTAIN AVE,"LINDEN BLVD AND FOUNTAIN AVE, NEW YORK, NY",Red Light,40.666804015947,-73.871985019125
2025,7,REMSEN AVE (N/B) @ L,ENOX RD,"REMSEN AVE AND L ENOX RD, NEW YORK, NY",Red Light,40.655853981458,-73.923374970408
2025,7,BAY PKWY (S/B) @ 65T,H ST,"BAY PKWY AND 65T H ST, NEW YORK, NY",Red Light,40.613850001532,-73.981431971295
2025,7,ALLERTON AVE (E/B) @,WHITE PLAINS RD,"ALLERTON AVE AND WHITE PLAINS RD, NEW YORK, NY",Red Light,40.865433998809,-73.867389975985
2025,7,SO GANNON AVE (E/B),@ BRADLEY AVE,"SO GANNON AVE AND BRADLEY AVE, NEW YORK, NY",Red Light,40.607758998223,-74.132040019209
2025,7,4TH AVE (N/B) @ 18TH,ST,"4TH AVE AND 18TH ST, NEW YORK, NY",Red Light,40.664448994521,-73.994013040324
2025,7,ROCKAWAY BLVD (E/B),@ N CONDUIT AVE,"ROCKAWAY BLVD AND N CONDUIT AVE, NEW YORK, NY",Red Light,40.667523015601,-73.780694023604
2025,7,BARTOW AVE (E/B) @ C,O-OP CITY BLVD,"BARTOW AVE AND C O-OP CITY BLVD, NEW YORK, NY",Red Light,40.869579981486,-73.826266012074
2025,7,ARTHUR KILL RD (W/B),@ RICHMOND AVE,"ARTHUR KILL RD AND RICHMOND AVE, NEW YORK, NY",Red Light,40.561075988487,-74.16983200897
2025,7,JAMAICA AVE (E/B) @,PENNSYLVANIA AVE,"JAMAICA AVE AND PENNSYLVANIA AVE, NEW YORK, NY",Red Light,40.67820478728,-73.897521995892
2025,7,FOREST AVE (E/B) @ S,OUTH AVE,"FOREST AVE AND S OUTH AVE, NEW YORK, NY",Red Light,40.627329987766,-74.166563988741
2017,7,E 135TH ST (W/B) @ 3,RD AVE,"E 135TH ST AND 3 RD AVE, NEW YORK, NY",Red Light,40.809417991345,-73.929631977309
2017,7,WB ATLANTIC AVE @ LO,GAN ST,"ATLANTIC AVE AND LO GAN ST, NEW YORK, NY",Red Light,40.680093984436,-73.877392017225
2017,7,ASTORIA BLVD (W/B) @,108TH ST,"ASTORIA BLVD AND 108TH ST, NEW YORK, NY",Red Light,40.760406991821,-73.861433041217
2017,7,QUEENS MIDTOWN EXPWY,(W/B) @ 43RD ST,"QUEENS MIDTOWN EXPWY AND 43RD ST, NEW YORK, NY",Red Light,40.735626817092,-73.923064923809
2016,7,12TH AVE (N/B) @ 42N,D ST,"12TH AVE AND 42N D ST, NEW YORK, NY",Red Light,40.640278980434,-73.990241016257
2018,7,ROCKAWAY BLVD (S/B),@ BROOKVILLE BLVD,"ROCKAWAY BLVD AND BROOKVILLE BLVD, NEW YORK, NY",Red Light,40.640718988441,-73.74336102686
2018,7,SURF AVE (W/B) @ W 5,TH ST,"SURF AVE AND W 5 TH ST, NEW YORK, NY",Red Light,40.574745992466,-73.97346296067
2018,7,QUEENS MIDTOWN EXPWY,(W/B) @ 43RD ST,"QUEENS MIDTOWN EXPWY AND 43RD ST, NEW YORK, NY",Red Light,40.735626817092,-73.923064923809
2018,7,RICHMOND AVE (N/B) @,LANDER AVE,"RICHMOND AVE AND LANDER AVE, NEW YORK, NY",Red Light,40.613023001055,-74.158826989196
2019,7,BAY PKWY (S/B) @ 65T,H ST,"BAY PKWY AND 65T H ST, NEW YORK, NY",Red Light,40.613850001532,-73.981431971295
2019,7,CROSSBAY BLVD (S/B),@ SUTTER AVE,"CROSSBAY BLVD AND SUTTER AVE, NEW YORK, NY",Red Light,40.67679801056,-73.843870020399
2019,7,ASTORIA BLVD (W/B) @,108TH ST,"ASTORIA BLVD AND 108TH ST, NEW YORK, NY",Red Light,40.760406991821,-73.861433041217
2019,7,FLATBUSH AVE (S/B) @,AVIATOR SPORTS COMP,"FLATBUSH AVE AND AVIATOR SPORTS COMP, NEW YORK, NY",Red Light,40.590608,-73.902783
2020,7,WOODHAVEN BLVD (S/B),@ YELLOWSTONE BLVD,"WOODHAVEN BLVD AND YELLOWSTONE BLVD, NEW YORK, NY",Red Light,40.714000710619,-73.859751799079
2020,7,FLATBUSH AVE (N/B) @,DEAN ST,"FLATBUSH AVE AND DEAN ST, NEW YORK, NY",Red Light,40.681814998706,-73.975820035662
2020,7,RICHMOND AVE (N/B) @,LANDER AVE,"RICHMOND AVE AND LANDER AVE, NEW YORK, NY",Red Light,40.613023001055,-74.158826989196
2020,7,RICHMOND RD (E/B) @,NEW DORP LANE,"RICHMOND RD AND NEW DORP LANE, NEW YORK, NY",Red Light,40.575848003186,-74.119818030912
2021,7,BROADWAY (S/B) @ SHE,RMAN AVE,"BROADWAY AND SHE RMAN AVE, NEW YORK, NY",Red Light,40.862134211167,-73.929992566784
2021,7,CADMAN PLAZA (E/B) @,PROSPECT ST,"CADMAN PLAZA AND PROSPECT ST, NEW YORK, NY",Red Light,40.700736600301,-73.989726702678
2021,7,PELHAM PKWY (E/B) @,BOSTON RD,"PELHAM PKWY AND BOSTON RD, NEW YORK, NY",Red Light,40.857926998687,-73.868184999501
2021,7,ARTHUR KILL RD (E/B),@ GIFFORDS LN,"ARTHUR KILL RD AND GIFFORDS LN, NEW YORK, NY",Red Light,40.563733009884,-74.155879995858
2021,7,EB UNION TPKE @ WOOD,HAVEN BLVD,"UNION TPKE AND WOOD HAVEN BLVD, NEW YORK, NY",Red Light,40.705556990907,-73.858426033453
2021,7,HORACE HARDING EXPWY,(E/B) @ 159TH ST,"HORACE HARDING EXPWY AND 159TH ST, NEW YORK, NY",Red Light,40.73829498642,-73.809420985081
2021,7,12TH AVE (S/B) @ 23R,D ST,"12TH AVE AND 23R D ST, NEW YORK, NY",Red Light,40.749331019236,-74.008176025938
2022,7,SO CONDUIT AVE (E/B),@ 89TH ST,"SO CONDUIT AVE AND 89TH ST, NEW YORK, NY",Red Light,40.669570211633,-73.846365564431
2022,7,NARROWS RD S (E/B) @,HYLAN BLVD,"NARROWS RD S AND HYLAN BLVD, NEW YORK, NY",Red Light,40.605605016745,-74.077873981594
2022,7,BROADWAY (S/B) @ SHE,RMAN AVE,"BROADWAY AND SHE RMAN AVE, NEW YORK, NY",Red Light,40.862134211167,-73.929992566784
2022,7,WB QUEENS BLVD @ 70T,H ST / 45TH AVE,"QUEENS BLVD AND 70T H ST / 45TH AVE, NEW YORK, NY",Red Light,40.739905988211,-73.894214999813
2022,7,LUTEN AVE (S/B) @ HY,LAN BLVD,"LUTEN AVE AND HY LAN BLVD, NEW YORK, NY",Red Light,40.523165981529,-74.188501021913
2022,7,BRUCKNER BLVD (S/B),@ HUNTS POINT AVE,"BRUCKNER BLVD AND HUNTS POINT AVE, NEW YORK, NY",Red Light,40.820244979495,-73.890711029009
2022,7,RICHMOND AVE (N/B) @,DRAPER PL,"RICHMOND AVE AND DRAPER PL, NEW YORK, NY",Red Light,40.592652000763,-74.163308960462
2023,7,EASTERN PKWY (W/B) @,HOWARD AVE,"EASTERN PKWY AND HOWARD AVE, NEW YORK, NY",Red Light,40.669381493083,-73.920077781156
2023,7,FOREST AVE (E/B) @ S,OUTH AVE,"FOREST AVE AND S OUTH AVE, NEW YORK, NY",Red Light,40.627329987766,-74.166563988741
2023,7,BAY ST (S/B) @ HANNA,H ST,"BAY ST AND HANNA H ST, NEW YORK, NY",Red Light,40.63593799278,-74.075836005656
2023,7,RICHMOND AVE (S/B) @,DRAPER PL,"RICHMOND AVE AND DRAPER PL, NEW YORK, NY",Red Light,40.592652000763,-74.163308960462
2023,7,CROSS BRONX EXPWY (W,/B) @ ROSEDALE AVE,"CROSS BRONX EXPWY AND ROSEDALE AVE, NEW YORK, NY",Red Light,40.836315979639,-73.869993981845
2024,7,KINGS HWY (N/B) @ CH,URCH AVE,"KINGS HWY AND CH URCH AVE, NEW YORK, NY",Red Light,40.642371983567,-73.925527024048
2024,7,WOODHAVEN BLVD (N/B),@ FURMANVILLE AVE,"WOODHAVEN BLVD AND FURMANVILLE AVE, NEW YORK, NY",Red Light,40.720261992291,-73.865584011127
2025,7,OCEAN PKWY (N/B) @ C,HURCH AVE,"OCEAN PKWY AND C HURCH AVE, NEW YORK, NY",Red Light,40.644889991099,-73.974469040509
2025,7,EB QUEENS BLVD @ 71S,T AVE / CONTINENTAL,"QUEENS BLVD AND 71S T AVE / CONTINENTAL, NEW YORK, NY",Red Light,40.721623506733,-73.843853759507
2026,7,SB OCEAN PKWY @ 18TH,AVE,"OCEAN PKWY AND 18TH AVE, NEW YORK, NY",Red Light,40.633076997769,-73.97223802934
2026,7,RICHMOND AVE (N/B) @,DRAPER PL,"RICHMOND AVE AND DRAPER PL, NEW YORK, NY",Red Light,40.592652000763,-74.163308960462
2026,7,WOODHAVEN BLVD (N/B),@ YELLOWSTONE BLVD,"WOODHAVEN BLVD AND YELLOWSTONE BLVD, NEW YORK, NY",Red Light,40.714000710619,-73.859751799079
2026,7,BROADWAY (S/B) @ SHE,RMAN AVE,"BROADWAY AND SHE RMAN AVE, NEW YORK, NY",Red Light,40.862134211167,-73.929992566784
2026,7,YORK AVE (N/B) @ E 7,9TH ST,"YORK AVE AND E 7 9TH ST, NEW YORK, NY",Red Light,40.771393990503,-73.950438962295
2026,7,OCEAN PKWY (N/B) @ A,VE W,"OCEAN PKWY AND A VE W, NEW YORK, NY",Red Light,40.58156198849,-73.967607027836
2026,7,KINGS HWY (S/B) @ RE,MSEN AVE,"KINGS HWY AND RE MSEN AVE, NEW YORK, NY",Red Light,40.654523019052,-73.921878968329
2026,7,NB UTOPIA PKWY @ HOR,ACE HARDING EXPWY,"UTOPIA PKWY AND HOR ACE HARDING EXPWY, NEW YORK, NY",Red Light,40.739471009345,-73.792834036887
2026,7,OCEAN PKWY (S/B) @ A,VE W,"OCEAN PKWY AND A VE W, NEW YORK, NY",Red Light,40.58156198849,-73.967607027836
2026,7,NORTHERN BLVD (E/B),@ 48TH ST,"NORTHERN BLVD AND 48TH ST, NEW YORK, NY",Red Light,40.753677497038,-73.914478669835
2026,7,ARTHUR KILL RD (W/B),@ GIFFORDS LN,"ARTHUR KILL RD AND GIFFORDS LN, NEW YORK, NY",Red Light,40.563733009884,-74.155879995858
2026,7,FLATBUSH AVE (N/B) @,EASTERN PKWY,"FLATBUSH AVE AND EASTERN PKWY, NEW YORK, NY",Red Light,40.673099998698,-73.969437970766
2026,7,CONEY ISLAND AVE (S/,B) @ AVE P,"CONEY ISLAND AVE AND AVE P, NEW YORK, NY",Red Light,40.609977017441,-73.96243598031
2026,7,4TH AVE (S/B) @ 60TH,ST,"4TH AVE AND 60TH ST, NEW YORK, NY",Red Light,40.640883986205,-74.018488029958
2026,7,EB DITMAS AVE @ REMS,EN AVE,"DITMAS AVE AND REMS EN AVE, NEW YORK, NY",Red Light,40.648096991073,-73.914738005919
2026,7,NB REMSEN AVE @ FARR,AGUT RD,"REMSEN AVE AND FARR AGUT RD, NEW YORK, NY",Red Light,40.64321398765,-73.909293037797
2026,7,EB AVE I @ ALBANY AV,E,"AVE I AND ALBANY AV E, NEW YORK, NY",Red Light,40.629973011385,-73.936774029367
2026,7,SB SPRINGFIELD BLVD,@ 140TH AVE,"SPRINGFIELD BLVD AND 140TH AVE, NEW YORK, NY",Red Light,40.672447006531,-73.756431012301
2026,7,NB UNIVERSITY AVE @,FEATHERBED LN,"UNIVERSITY AVE AND FEATHERBED LN, NEW YORK, NY",Red Light,40.846818588137,-73.92057172671
2026,7,WB NEW DORP LN @ HYL,AN BLVD,"NEW DORP LN AND HYL AN BLVD, NEW YORK, NY",Red Light,40.570505000917,-74.109825964137
2025,7,SB RICHMOND AVE @ AR,THUR KILL RD,"RICHMOND AVE AND AR THUR KILL RD, NEW YORK, NY",Red Light,40.561075988487,-74.16983200897
2025,7,FLATBUSH AVE (N/B) @,DEAN ST,"FLATBUSH AVE AND DEAN ST, NEW YORK, NY",Red Light,40.681814998706,-73.975820035662
2026,7,GUN HILL ROAD (W/B),@ EASTCHESTER RD,"GUN HILL ROAD AND EASTCHESTER RD, NEW YORK, NY",Red Light,40.868486017393,-73.842415005827
2026,7,EB KINGS HWY @ UTICA,AVE,"KINGS HWY AND UTICA AVE, NEW YORK, NY",Red Light,40.634312993211,-73.928521961872
2026,7,SB UTICA AVE @ LENOX,RD,"UTICA AVE AND LENOX RD, NEW YORK, NY",Red Light,40.655348007872,-73.93077199996
2026,7,NB OCEAN PKWY @ AVE,U,"OCEAN PKWY AND AVE U, NEW YORK, NY",Red Light,40.597827993612,-73.965539966694
2026,7,NWB REMSEN AVE @ LIN,DEN BLVD,"NWB REMSEN AVE AND LIN DEN BLVD, NEW YORK, NY",Red Light,40.654401020452,-73.921746031345
2026,7,SB RICHMOND AVE @ AR,THUR KILL RD,"RICHMOND AVE AND AR THUR KILL RD, NEW YORK, NY",Red Light,40.561075988487,-74.16983200897
2026,7,NB BRUCKNER BLVD @ L,ONGWOOD AVE,"BRUCKNER BLVD AND L ONGWOOD AVE, NEW YORK, NY",Red Light,40.815843013495,-73.89540296695
2026,7,LINDEN BLVD (W/B) @,PENNSYLVANIA AVE,"LINDEN BLVD AND PENNSYLVANIA AVE, NEW YORK, NY",Red Light,40.658685011165,-73.890809013457
2026,7,WOODHAVEN BLVD (N/B),@ 62ND RD,"WOODHAVEN BLVD AND 62ND RD, NEW YORK, NY",Red Light,40.726148016158,-73.870308973766
2026,7,LINDEN BLVD (E/B) @,FOUNTAIN AVE,"LINDEN BLVD AND FOUNTAIN AVE, NEW YORK, NY",Red Light,40.666804015947,-73.871985019125
2026,7,WB HILLSIDE AVE @ CO,MMONWEALTH BLVD,"HILLSIDE AVE AND CO MMONWEALTH BLVD, NEW YORK, NY",Red Light,40.734441993169,-73.721780978945
2026,7,EB W 125TH ST @ MORN,INGSIDE AVE,"W 125TH ST AND MORN INGSIDE AVE, NEW YORK, NY",Red Light,40.811392809642,-73.954055418239
2026,7,EB CROPSEY AVE @ BAY,PKWY,"CROPSEY AVE AND BAY PKWY, NEW YORK, NY",Red Light,40.597274285088,-73.998653261922
2026,7,EB ATLANTIC AVE @ WA,RWICK ST,"ATLANTIC AVE AND WA RWICK ST, NEW YORK, NY",Red Light,40.677302014398,-73.886855018272
2026,7,SB EDWARD L GRANT HI,GHWAY @ NELSON AVE,"EDWARD L GRANT HI GHWAY AND NELSON AVE, NEW YORK, NY",Red Light,40.841766018812,-73.922468970494
2026,7,SB CYPRESS HILLS ST,@ CYPRESS AVE,"CYPRESS HILLS ST AND CYPRESS AVE, NEW YORK, NY",Red Light,40.6923109855,-73.882692984251
2026,7,NB AMBOY RD @ RICHMO,ND AVE,"AMBOY RD AND RICHMO ND AVE, NEW YORK, NY",Red Light,40.543303000994,-74.16423801061
2026,7,NB HYLAN BLVD @ NEW,DORP LN,"HYLAN BLVD AND NEW DORP LN, NEW YORK, NY",Red Light,40.570505000917,-74.109825964137
2026,7,NB ESSEX ST @ DELANC,EY ST,"ESSEX ST AND DELANC EY ST, NEW YORK, NY",Red Light,40.718459003008,-73.988256013947
2026,7,EB TILDEN AVE @ UTIC,A AVE,"TILDEN AVE AND UTIC A AVE, NEW YORK, NY",Red Light,40.648185001057,-73.930013018628
2026,7,NB BAISLEY BLVD @ GU,Y R BREWER BLVD,"BAISLEY BLVD AND GU Y R BREWER BLVD, NEW YORK, NY",Red Light,40.67837271871,-73.779486191356
2025,7,EB GRAND CENTRAL PKW,Y @ 164TH ST,"GRAND CENTRAL PKW Y AND 164TH ST, NEW YORK, NY",Red Light,40.716326018198,-73.80322198095
2025,7,NB BRUCKNER BLVD @ L,ONGWOOD AVE,"BRUCKNER BLVD AND L ONGWOOD AVE, NEW YORK, NY",Red Light,40.815843013495,-73.89540296695
2025,7,WB HORACE HARDING EX,PWY @ 164TH ST,"HORACE HARDING EX PWY AND 164TH ST, NEW YORK, NY",Red Light,40.738107986161,-73.80476198802
2025,7,NB HYLAN BLVD @ MIDL,AND AVE,"HYLAN BLVD AND MIDL AND AVE, NEW YORK, NY",Red Light,40.577945909732,-74.102322903509
2026,7,NB EASTCHESTER RD @,PELHAM PKWY S,"EASTCHESTER RD AND PELHAM PKWY S, NEW YORK, NY",Red Light,40.857152007919,-73.843784022072
2025,7,RANDALLS ISLAND,WARDS MEADOW,"RANDALLS ISLAND WARDS MEADOW, NEW YORK, NY",Red Light,40.783851,-73.929187
2026,7,SB 164TH ST @ UNION,TPKE,"164TH ST AND UNION TPKE, NEW YORK, NY",Red Light,40.721503016875,-73.804597032165
2026,7,NB COLLEGE POINT BLV,D @ ROOSEVELT AVE,"COLLEGE POINT BLV D AND ROOSEVELT AVE, NEW YORK, NY",Red Light,40.758266002293,-73.834367037674
2026,7,NB BOSTON RD @ BAYCH,ESTER AVE,"BOSTON RD AND BAYCH ESTER AVE, NEW YORK, NY",Red Light,40.881267288179,-73.838738786913
2026,7,WB DRUMGOOLE RD W @,MAGUIRE AVE,"DRUMGOOLE RD W AND MAGUIRE AVE, NEW YORK, NY",Red Light,40.530249988907,-74.211083964543
2026,7,NB CONEY ISLAND AVE,@ AVE M,"CONEY ISLAND AVE AND AVE M, NEW YORK, NY",Red Light,40.617583007839,-73.96385998184
2026,7,WB BROADWAY @ STEINW,AY ST,"BROADWAY AND STEINW AY ST, NEW YORK, NY",Red Light,40.758967986684,-73.919001963883
2026,7,EB BOSTON RD @ DYRE,AVE,"BOSTON RD AND DYRE AVE, NEW YORK, NY",Red Light,40.884711998927,-73.831298003826
2026,7,EB 147TH AVE @ SPRIN,GFIELD BLVD,"147TH AVE AND SPRIN GFIELD BLVD, NEW YORK, NY",Red Light,40.65944290285,-73.761398211942
2026,7,NB BAISLEY BLVD @ RO,CKAWAY BLVD,"BAISLEY BLVD AND RO CKAWAY BLVD, NEW YORK, NY",Red Light,40.672380579949,-73.78576381774
2026,7,NB WHITE PLAINS RD @,CROSS BRONX EXPWY,"WHITE PLAINS RD AND CROSS BRONX EXPWY, NEW YORK, NY",Red Light,40.833686995708,-73.862914458785
2026,7,SB BUFFALO AVE @ EAS,TERN PKWY,"BUFFALO AVE AND EAS TERN PKWY, NEW YORK, NY",Red Light,40.668465309156,-73.925604305195
2026,7,WB AVE X @ NOSTRAND,AVE,"AVE X AND NOSTRAND AVE, NEW YORK, NY",Red Light,40.593806985111,-73.940668010125
2016,7,HORACE HARDING EXPWY,(E/B) @ 159TH ST,"HORACE HARDING EXPWY AND 159TH ST, NEW YORK, NY",Red Light,40.73829498642,-73.809420985081
2016,7,VICTORY BLVD (W/B) @,MORANI ST,"VICTORY BLVD AND MORANI ST, NEW YORK, NY",Red Light,40.608092011236,-74.157374992109
2017,7,SO CONDUIT AVE (E/B),@ 89TH ST,"SO CONDUIT AVE AND 89TH ST, NEW YORK, NY",Red Light,40.669570211633,-73.846365564431
2016,7,GRAND CONCOURSE (S/B,) @ E 162 ST,"GRAND CONCOURSE AND E 162 ST, NEW YORK, NY",Red Light,40.827677715955,-73.922074182854
2017,7,HORACE HARDING EXPWY,(E/B) @ 173RD ST,"HORACE HARDING EXPWY AND 173RD ST, NEW YORK, NY",Red Light,40.73787155649,-73.796435961593
2016,7,NORTHERN BLVD (W/B),@ MARATHON PKWY,"NORTHERN BLVD AND MARATHON PKWY, NEW YORK, NY",Red Light,40.768396580018,-73.737527725165
2017,7,EB GRAND CENTRAL PKW,Y SVC RD @ 72ND RD,"GRAND CENTRAL PKW Y SVC RD AND 72ND RD, NEW YORK, NY",Red Light,40.749124992056,-73.72916996187
2016,7,BARTOW AVE (E/B) @ C,O-OP CITY BLVD,"BARTOW AVE AND C O-OP CITY BLVD, NEW YORK, NY",Red Light,40.869579981486,-73.826266012074
2016,7,OCEAN PKWY (S/B) @ S,HORE PKWY,"OCEAN PKWY AND S HORE PKWY, NEW YORK, NY",Red Light,40.583374994147,-73.96699900458
2017,7,GUN HILL RD (E/B) @,WHITE PLAINS RD,"GUN HILL RD AND WHITE PLAINS RD, NEW YORK, NY",Red Light,40.877645006812,-73.86740598542
2017,7,WOODHAVEN BLVD (N/B),@ ROCKAWAY BLVD,"WOODHAVEN BLVD AND ROCKAWAY BLVD, NEW YORK, NY",Red Light,40.68071868768,-73.84481088903
2017,7,HOWARD AVE (N/B) @ E,NEW YORK AVE,"HOWARD AVE AND E NEW YORK AVE, NEW YORK, NY",Red Light,40.668238997771,-73.920155984312
2016,7,SUNRISE HWY (W/B) @,BROOKVILLE BLVD,"SUNRISE HWY AND BROOKVILLE BLVD, NEW YORK, NY",Red Light,40.665253992502,-73.739553966438
2017,7,MCDONALD AVE (N/B) @,VANDERBILT ST,"MCDONALD AVE AND VANDERBILT ST, NEW YORK, NY",Red Light,40.65159899213,-73.981111028223
2017,7,BOOTH MEMORIAL AVE (,W/B) @ KISSENA BLVD,"BOOTH MEMORIAL AVE AND KISSENA BLVD, NEW YORK, NY",Red Light,40.74296798126,-73.814318028192
2017,7,WB QUEENS BLVD @ 70T,H ST / 45TH AVE,"QUEENS BLVD AND 70T H ST / 45TH AVE, NEW YORK, NY",Red Light,40.739905988211,-73.894214999813
2017,7,86TH ST (E/B) @ 7TH,AVE,"86TH ST AND 7TH AVE, NEW YORK, NY",Red Light,40.618476979722,-74.021217009994
2018,7,QUEENS BLVD (W/B) @,BROADWAY,"QUEENS BLVD AND BROADWAY, NEW YORK, NY",Red Light,40.736805019312,-73.877641965578
2018,7,BRUCKNER BLVD (E/B),@ HUNTS POINT AVE,"BRUCKNER BLVD AND HUNTS POINT AVE, NEW YORK, NY",Red Light,40.820244979495,-73.890711029009
2018,7,ASTORIA BLVD (E/B) @,108TH ST,"ASTORIA BLVD AND 108TH ST, NEW YORK, NY",Red Light,40.760406991821,-73.861433041217
2018,7,CLOVE RD (S/B) @ CHE,SHIRE PL,"CLOVE RD AND CHE SHIRE PL, NEW YORK, NY",Red Light,40.618260014159,-74.105254977059
2018,7,YORK AVE (N/B) @ E 7,9TH ST,"YORK AVE AND E 7 9TH ST, NEW YORK, NY",Red Light,40.771393990503,-73.950438962295
2018,7,BOSTON RD (E/B) @ PE,LHAM PKWY,"BOSTON RD AND PE LHAM PKWY, NEW YORK, NY",Red Light,40.857926998687,-73.868184999501
2018,7,WB ATLANTIC AVE @ LO,GAN ST,"ATLANTIC AVE AND LO GAN ST, NEW YORK, NY",Red Light,40.680093984436,-73.877392017225
2018,7,SB 108TH ST @ HORACE,HARDING EXPY N,"108TH ST AND HORACE HARDING EXPY N, NEW YORK, NY",Red Light,40.73768298176,-73.852103982983
2019,7,QUEENS MIDTOWN EXPWY,(W/B) @ 43RD ST,"QUEENS MIDTOWN EXPWY AND 43RD ST, NEW YORK, NY",Red Light,40.735626817092,-73.923064923809
2019,7,REMSEN AVE (N/B) @ W,INTHROP ST,"REMSEN AVE AND W INTHROP ST, NEW YORK, NY",Red Light,40.658650980638,-73.926487003419
2019,7,BARTOW AVE (E/B) @ C,O-OP CITY BLVD,"BARTOW AVE AND C O-OP CITY BLVD, NEW YORK, NY",Red Light,40.869579981486,-73.826266012074
2019,7,HILLSIDE AVE (W/B) @,188TH ST,"HILLSIDE AVE AND 188TH ST, NEW YORK, NY",Red Light,40.715075019149,-73.773537973768
2019,7,222ND ST (W/B) @ PAU,LDING AVE,"222ND ST AND PAU LDING AVE, NEW YORK, NY",Red Light,40.883026984931,-73.853247023119
2019,7,HORACE HARDING EXPWY,(W/B) @ UTOPIA PKWY,"HORACE HARDING EXPWY AND UTOPIA PKWY, NEW YORK, NY",Red Light,40.739471009345,-73.792834036887
2020,7,222ND ST (W/B) @ PAU,LDING AVE,"222ND ST AND PAU LDING AVE, NEW YORK, NY",Red Light,40.883026984931,-73.853247023119
2020,7,FLATBUSH AVE EXTENSI,ON (S/B) @ TILLARY S,"FLATBUSH AVE EXTENSI ON AND TILLARY S, NEW YORK, NY",Red Light,40.696112010952,-73.984660009846
2020,7,REMSEN AVE (N/B) @ W,INTHROP ST,"REMSEN AVE AND W INTHROP ST, NEW YORK, NY",Red Light,40.658650980638,-73.926487003419
2020,7,CLOVE RD (N/B) @ BAR,D AVE,"CLOVE RD AND BAR D AVE, NEW YORK, NY",Red Light,40.620771106622,-74.110044396534
2020,7,SO GANNON AVE (E/B),@ BRADLEY AVE,"SO GANNON AVE AND BRADLEY AVE, NEW YORK, NY",Red Light,40.607758998223,-74.132040019209
2020,7,CLASSON AVE (N/B) @,FLUSHING AVE,"CLASSON AVE AND FLUSHING AVE, NEW YORK, NY",Red Light,40.698207486746,-73.961894174089
2020,7,MCDONALD AVE (S/B) @,VANDERBILT ST,"MCDONALD AVE AND VANDERBILT ST, NEW YORK, NY",Red Light,40.65159899213,-73.981111028223
2020,7,BROADWAY (S/B) @ SHE,RMAN AVE,"BROADWAY AND SHE RMAN AVE, NEW YORK, NY",Red Light,40.862134211167,-73.929992566784
2020,7,ASTORIA BLVD (W/B) @,94TH ST,"ASTORIA BLVD AND 94TH ST, NEW YORK, NY",Red Light,40.763085009886,-73.875329985225
2020,7,CROSSBAY BLVD (S/B),@ 156TH AVE,"CROSSBAY BLVD AND 156TH AVE, NEW YORK, NY",Red Light,40.664182994824,-73.841211029254
2021,7,222ND ST (E/B) @ PAU,LDING AVE,"222ND ST AND PAU LDING AVE, NEW YORK, NY",Red Light,40.883026984931,-73.853247023119
2021,7,4TH AVE (N/B) @ 18TH,ST,"4TH AVE AND 18TH ST, NEW YORK, NY",Red Light,40.664448994521,-73.994013040324
2021,7,BEDFORD AVE (N/B) @,ATLANTIC AVE,"BEDFORD AVE AND ATLANTIC AVE, NEW YORK, NY",Red Light,40.678792987335,-73.953013966769
2021,7,ALLERTON AVE (W/B) @,BARNES AVE,"ALLERTON AVE AND BARNES AVE, NEW YORK, NY",Red Light,40.865509980761,-73.863524996612
2021,7,RICHMOND AVE (N/B) @,VICTORY BLVD,"RICHMOND AVE AND VICTORY BLVD, NEW YORK, NY",Red Light,40.607226998828,-74.162498011329
2021,7,ROCKAWAY PKWY (S/B),@ SEAVIEW AVE,"ROCKAWAY PKWY AND SEAVIEW AVE, NEW YORK, NY",Red Light,40.63381100103,-73.889824978025
2021,7,222ND ST (W/B) @ PAU,LDING AVE,"222ND ST AND PAU LDING AVE, NEW YORK, NY",Red Light,40.883026984931,-73.853247023119
2021,7,ROCKAWAY BLVD (N/B),@ BROOKVILLE BLVD,"ROCKAWAY BLVD AND BROOKVILLE BLVD, NEW YORK, NY",Red Light,40.640718988441,-73.74336102686
2021,7,KINGS HWY (E/B) @ NO,STRAND AVE,"KINGS HWY AND NO STRAND AVE, NEW YORK, NY",Red Light,40.616169986602,-73.944866002512
2021,7,FLATBUSH AVE (N/B) @,DEAN ST,"FLATBUSH AVE AND DEAN ST, NEW YORK, NY",Red Light,40.681814998706,-73.975820035662
2021,7,WOODHAVEN BLVD (S/B),@ 62ND RD,"WOODHAVEN BLVD AND 62ND RD, NEW YORK, NY",Red Light,40.726148016158,-73.870308973766
2021,7,QUEENS BLVD (E/B) @,58TH ST,"QUEENS BLVD AND 58TH ST, NEW YORK, NY",Red Light,40.741804992194,-73.907524959141
2022,7,SURF AVE (W/B) @ W 5,TH ST,"SURF AVE AND W 5 TH ST, NEW YORK, NY",Red Light,40.574745992466,-73.97346296067
2022,7,EB UNION TPKE @ WOOD,HAVEN BLVD,"UNION TPKE AND WOOD HAVEN BLVD, NEW YORK, NY",Red Light,40.705556990907,-73.858426033453
2022,7,12TH AVE (N/B) @ W 5,7TH ST,"12TH AVE AND W 5 7TH ST, NEW YORK, NY",Red Light,40.771558988267,-73.994197023098
2023,7,BRONX RIVER PKWY OFF,RAMP (S/B) @ E/B BR,"BRONX RIVER PKWY OFF RAMP AND BR, NEW YORK, NY",Red Light,40.872532401319,-73.871474819032
2023,7,WB QUEENS BLVD @ 70T,H ST / 45TH AVE,"QUEENS BLVD AND 70T H ST / 45TH AVE, NEW YORK, NY",Red Light,40.739905988211,-73.894214999813
2023,7,WEST ST (S/B) @ 14TH,STREET,"WEST ST AND 14TH STREET, NEW YORK, NY",Red Light,40.74235849117,-74.008705007848
2023,7,GRAND CONCOURSE (N/B,) @ E 162ND ST,"GRAND CONCOURSE AND E 162ND ST, NEW YORK, NY",Red Light,40.827677715955,-73.922074182854
2023,7,FLATBUSH AVE (S/B) @,AVIATOR SPORTS COMP,"FLATBUSH AVE AND AVIATOR SPORTS COMP, NEW YORK, NY",Red Light,40.590608,-73.902783
2024,7,LINDEN BLVD (E/B) @,FOUNTAIN AVE,"LINDEN BLVD AND FOUNTAIN AVE, NEW YORK, NY",Red Light,40.666804015947,-73.871985019125
2024,7,WILLIAMSBURG ST (S/B,) @ FLUSHING AVE,"WILLIAMSBURG ST AND FLUSHING AVE, NEW YORK, NY",Red Light,40.698062018816,-73.962818781828
2024,7,REMSEN AVE (N/B) @ L,ENOX RD,"REMSEN AVE AND L ENOX RD, NEW YORK, NY",Red Light,40.655853981458,-73.923374970408
2024,7,CROSS BRONX EXPWY (W,/B) @ ROSEDALE AVE,"CROSS BRONX EXPWY AND ROSEDALE AVE, NEW YORK, NY",Red Light,40.836315979639,-73.869993981845
2024,7,JAMAICA AVE (E/B) @,PENNSYLVANIA AVE,"JAMAICA AVE AND PENNSYLVANIA AVE, NEW YORK, NY",Red Light,40.67820478728,-73.897521995892
2024,7,WOODHAVEN BLVD (N/B),@ YELLOWSTONE BLVD,"WOODHAVEN BLVD AND YELLOWSTONE BLVD, NEW YORK, NY",Red Light,40.714000710619,-73.859751799079
2024,7,W FORDHAM RD (W/B) @,CEDAR AVE,"W FORDHAM RD AND CEDAR AVE, NEW YORK, NY",Red Light,40.861713984451,-73.911811967339
2024,7,FLATBUSH AVE (S/B) @,AVIATOR SPORTS COMP,"FLATBUSH AVE AND AVIATOR SPORTS COMP, NEW YORK, NY",Red Light,40.590608,-73.902783
2024,7,WB N CONDUIT AVE @ V,AN WYCK EXPWY SB / E,"N CONDUIT AVE AND V AN WYCK EXPWY / E, NEW YORK, NY",Red Light,40.666743498606,-73.801438814868
2024,7,ARTHUR KILL RD (E/B),@ GIFFORDS LN,"ARTHUR KILL RD AND GIFFORDS LN, NEW YORK, NY",Red Light,40.563733009884,-74.155879995858
2024,7,CONEY ISLAND AVE (S/,B) @ AVE P,"CONEY ISLAND AVE AND AVE P, NEW YORK, NY",Red Light,40.609977017441,-73.96243598031
2024,7,WOODHAVEN BLVD (N/B),@ 62ND RD,"WOODHAVEN BLVD AND 62ND RD, NEW YORK, NY",Red Light,40.726148016158,-73.870308973766
2025,7,GRAND CONCOURSE (N/B,) @ E 162ND ST,"GRAND CONCOURSE AND E 162ND ST, NEW YORK, NY",Red Light,40.827677715955,-73.922074182854
2025,7,3RD AVE (S/B) @ E 13,5TH ST,"3RD AVE AND E 13 5TH ST, NEW YORK, NY",Red Light,40.809417991345,-73.929631977309
2025,7,12TH AVE (N/B) @ 42N,D ST,"12TH AVE AND 42N D ST, NEW YORK, NY",Red Light,40.640278980434,-73.990241016257
2025,7,ASTORIA BLVD (W/B) @,94TH ST,"ASTORIA BLVD AND 94TH ST, NEW YORK, NY",Red Light,40.763085009886,-73.875329985225
2025,7,HAMILTON AVE (N/B) @,CLINTON ST,"HAMILTON AVE AND CLINTON ST, NEW YORK, NY",Red Light,40.676349201555,-74.001009833999
2025,7,CROSSBAY BLVD (S/B),@ SUTTER AVE,"CROSSBAY BLVD AND SUTTER AVE, NEW YORK, NY",Red Light,40.67679801056,-73.843870020399
2025,7,ASTORIA BLVD (W/B) @,STEINWAY ST,"ASTORIA BLVD AND STEINWAY ST, NEW YORK, NY",Red Light,40.769429314309,-73.910277827601
2025,7,OCEAN PKWY (N/B) @ S,HORE PKWY,"OCEAN PKWY AND S HORE PKWY, NEW YORK, NY",Red Light,40.583374994147,-73.96699900458
2025,7,WEST END AVE (S/B) @,66TH ST,"WEST END AVE AND 66TH ST, NEW YORK, NY",Red Light,40.776022980351,-73.987240965472
2025,7,HYLAN BLVD (E/B) @ T,YSENS LN,"HYLAN BLVD AND T YSENS LN, NEW YORK, NY",Red Light,40.563945994044,-74.116413972395
2025,7,ROCKAWAY BLVD (N/B),@ BROOKVILLE BLVD,"ROCKAWAY BLVD AND BROOKVILLE BLVD, NEW YORK, NY",Red Light,40.640718988441,-73.74336102686
2017,7,PENNSYLVANIA AVE (S/,B) @ LINDEN BLVD,"PENNSYLVANIA AVE AND LINDEN BLVD, NEW YORK, NY",Red Light,40.658685011165,-73.890809013457
2017,7,4TH AVE (S/B) @ 60TH,ST,"4TH AVE AND 60TH ST, NEW YORK, NY",Red Light,40.640883986205,-74.018488029958
2016,7,FATHER CAPODANNO BLV,D (S/B) @ PARK AND R,"FATHER CAPODANNO BLV D AND PARK AND R, NEW YORK, NY",Red Light,40.584487331871,-74.072312774025
2016,7,ROCKAWAY BLVD (S/B),@ BROOKVILLE BLVD,"ROCKAWAY BLVD AND BROOKVILLE BLVD, NEW YORK, NY",Red Light,40.640718988441,-73.74336102686
2016,7,BRUCKNER BLVD (E/B),@ WHITE PLAINS RD,"BRUCKNER BLVD AND WHITE PLAINS RD, NEW YORK, NY",Red Light,40.825615013403,-73.859418031694
2018,7,10TH AVE (N/B) @ WES,T 34TH ST,"10TH AVE AND WES T 34TH ST, NEW YORK, NY",Red Light,40.754589992927,-73.999148967675
2018,7,CROSSBAY BLVD (N/B),@ 156TH AVE,"CROSSBAY BLVD AND 156TH AVE, NEW YORK, NY",Red Light,40.664182994824,-73.841211029254
2019,7,N CONDUIT AVE (W/B),@ 114TH ST,"N CONDUIT AVE AND 114TH ST, NEW YORK, NY",Red Light,40.666101989646,-73.828068959447
2019,7,LUTEN AVE (S/B) @ HY,LAN BLVD,"LUTEN AVE AND HY LAN BLVD, NEW YORK, NY",Red Light,40.523165981529,-74.188501021913
2019,7,EB ATLANTIC AVE @ RO,CKAWAY AVE,"ATLANTIC AVE AND RO CKAWAY AVE, NEW YORK, NY",Red Light,40.676272004226,-73.910936980467
2019,7,BRUCKNER BLVD (E/B),@ HUNTS POINT AVE,"BRUCKNER BLVD AND HUNTS POINT AVE, NEW YORK, NY",Red Light,40.820244979495,-73.890711029009
2019,7,RICHMOND AVE (N/B) @,ARTHUR KILL RD,"RICHMOND AVE AND ARTHUR KILL RD, NEW YORK, NY",Red Light,40.561075988487,-74.16983200897
2020,7,RICHMOND AVE (S/B) @,DRAPER PL,"RICHMOND AVE AND DRAPER PL, NEW YORK, NY",Red Light,40.592652000763,-74.163308960462
2020,7,ASTORIA BLVD (W/B) @,STEINWAY ST,"ASTORIA BLVD AND STEINWAY ST, NEW YORK, NY",Red Light,40.769429314309,-73.910277827601
2020,7,JAMAICA AVE (W/B) @,PENNSYLVANIA AVE,"JAMAICA AVE AND PENNSYLVANIA AVE, NEW YORK, NY",Red Light,40.67820478728,-73.897521995892
2020,7,GUN HILL ROAD (E/B),@ EASTCHESTER RD,"GUN HILL ROAD AND EASTCHESTER RD, NEW YORK, NY",Red Light,40.868486017393,-73.842415005827
2020,7,PELHAM PKWY (E/B) @,BOSTON RD,"PELHAM PKWY AND BOSTON RD, NEW YORK, NY",Red Light,40.857926998687,-73.868184999501
2021,7,WOODHAVEN BLVD (S/B),@ YELLOWSTONE BLVD,"WOODHAVEN BLVD AND YELLOWSTONE BLVD, NEW YORK, NY",Red Light,40.714000710619,-73.859751799079
2022,7,BRUCKNER BLVD (E/B),@ BRONX RIVER PKWY R,"BRUCKNER BLVD AND BRONX RIVER PKWY R, NEW YORK, NY",Red Light,40.824586009059,-73.872502014913
2022,7,FLATBUSH AVE (S/B) @,DEAN ST,"FLATBUSH AVE AND DEAN ST, NEW YORK, NY",Red Light,40.681814998706,-73.975820035662
2022,7,WB ATLANTIC AVE @ RO,CKAWAY AVE,"ATLANTIC AVE AND RO CKAWAY AVE, NEW YORK, NY",Red Light,40.676272004226,-73.910936980467
2022,7,N CONDUIT AVE (W/B),@ 114TH ST,"N CONDUIT AVE AND 114TH ST, NEW YORK, NY",Red Light,40.666101989646,-73.828068959447
2022,7,86TH ST (E/B) @ 7TH,AVE,"86TH ST AND 7TH AVE, NEW YORK, NY",Red Light,40.618476979722,-74.021217009994
2022,7,FLATBUSH AVE (N/B) @,AVIATOR SPORTS COMP,"FLATBUSH AVE AND AVIATOR SPORTS COMP, NEW YORK, NY",Red Light,40.590608,-73.902783
2022,7,BEACH CHANNEL DR (S/,B) @ HASSOCK ST,"BEACH CHANNEL DR AND HASSOCK ST, NEW YORK, NY",Red Light,40.609514001109,-73.75371896371
2023,7,SB OCEAN PKWY @ 18TH,AVE,"OCEAN PKWY AND 18TH AVE, NEW YORK, NY",Red Light,40.633076997769,-73.97223802934
2023,7,LAFAYETTE AVE (S/B),@ MARCY AVE,"LAFAYETTE AVE AND MARCY AVE, NEW YORK, NY",Red Light,40.690240990692,-73.948184984712
2023,7,HORACE HARDING EXPWY,(W/B) @ 159TH ST,"HORACE HARDING EXPWY AND 159TH ST, NEW YORK, NY",Red Light,40.73829498642,-73.809420985081
2023,7,NORTHERN BLVD (E/B),@ 48TH ST,"NORTHERN BLVD AND 48TH ST, NEW YORK, NY",Red Light,40.753677497038,-73.914478669835
2023,7,39TH ST (N/B) @ NORT,HERN BLVD,"39TH ST AND NORT HERN BLVD, NEW YORK, NY",Red Light,40.752323987313,-73.924478028866
2024,7,NARROWS RD (W/B) @ R,ICHMOND RD,"NARROWS RD AND R ICHMOND RD, NEW YORK, NY",Red Light,40.608782386691,-74.090796110263
2025,7,ROCKAWAY BLVD (E/B),@ GUY R BREWER BLVD,"ROCKAWAY BLVD AND GUY R BREWER BLVD, NEW YORK, NY",Red Light,40.656143995307,-73.767468972955
2026,7,VICTORY BLVD (E/B) @,MORANI ST,"VICTORY BLVD AND MORANI ST, NEW YORK, NY",Red Light,40.608092011236,-74.157374992109
2026,7,MADISON AVE (N/B) @,E 96TH ST,"MADISON AVE AND E 96TH ST, NEW YORK, NY",Red Light,40.787256784172,-73.954155498163
2026,7,39TH ST (N/B) @ NORT,HERN BLVD,"39TH ST AND NORT HERN BLVD, NEW YORK, NY",Red Light,40.752323987313,-73.924478028866
2026,7,CONEY ISLAND AVE (S/,B) @ DORCHESTER RD,"CONEY ISLAND AVE AND DORCHESTER RD, NEW YORK, NY",Red Light,40.637289197481,-73.968221169882
2026,7,HORACE HARDING EXPWY,(E/B) @ 173RD ST,"HORACE HARDING EXPWY AND 173RD ST, NEW YORK, NY",Red Light,40.73787155649,-73.796435961593
2026,7,WEST ST (S/B) @ W HO,USTON ST,"WEST ST AND W HO USTON ST, NEW YORK, NY",Red Light,40.729111605663,-74.010544332681
2026,7,SO CONDUIT AVE (E/B),@ 89TH ST,"SO CONDUIT AVE AND 89TH ST, NEW YORK, NY",Red Light,40.669570211633,-73.846365564431
2026,7,BRONXDALE AVE (W/B),@ CRUGER AVE,"BRONXDALE AVE AND CRUGER AVE, NEW YORK, NY",Red Light,40.850956985192,-73.866808020448
2026,7,MILFORD DR (E/B) @ C,LOVE RD,"MILFORD DR AND C LOVE RD, NEW YORK, NY",Red Light,40.610265103453,-74.097428123512
2026,7,PELHAM PKWY (W/B) @,BOSTON RD,"PELHAM PKWY AND BOSTON RD, NEW YORK, NY",Red Light,40.857926998687,-73.868184999501
2026,7,WB W 51ST ST @ 11TH,AVE,"W 51ST ST AND 11TH AVE, NEW YORK, NY",Red Light,40.766510190799,-73.994172212665
2026,7,SB WILLIAMSBURG ST W,@ WYTHE AVE,"WILLIAMSBURG ST W AND WYTHE AVE, NEW YORK, NY",Red Light,40.701658986836,-73.961452028696
2026,7,EB HEMPSTEAD AVE @ 2,23RD ST,"HEMPSTEAD AVE AND 2 23RD ST, NEW YORK, NY",Red Light,40.712110214267,-73.731179523157
2026,7,WB LAFAYETTE AVE @ H,UTCHINSON RIVER PKWY,"LAFAYETTE AVE AND H UTCHINSON RIVER PKWY, NEW YORK, NY",Red Light,40.82502920219,-73.836342903709
2026,7,WB NORTHERN BLVD @ 6,9TH ST,"NORTHERN BLVD AND 6 9TH ST, NEW YORK, NY",Red Light,40.754335015432,-73.897507998113
2026,7,NB HOOK CREEK BLVD @,ST JOHNS AVE,"HOOK CREEK BLVD AND ST JOHNS AVE, NEW YORK, NY",Red Light,40.678096283543,-73.726009732916
2026,7,WB N CONDUIT AVE @ 2,25TH ST,"N CONDUIT AVE AND 2 25TH ST, NEW YORK, NY",Red Light,40.666403989618,-73.751757011633
2026,7,NB HYLAN BLVD @ BURG,HER AVE,"HYLAN BLVD AND BURG HER AVE, NEW YORK, NY",Red Light,40.590788997054,-74.088428976987
2025,7,WOODHAVEN BLVD (S/B),@ JAMAICA AVE,"WOODHAVEN BLVD AND JAMAICA AVE, NEW YORK, NY",Red Light,40.69356102063,-73.852402965469
2025,7,BEDFORD AVE (N/B) @,ATLANTIC AVE,"BEDFORD AVE AND ATLANTIC AVE, NEW YORK, NY",Red Light,40.678792987335,-73.953013966769
2025,7,MCDONALD AVE (S/B) @,GREENWOOD AVE,"MCDONALD AVE AND GREENWOOD AVE, NEW YORK, NY",Red Light,40.649528997321,-73.980711965813
2026,7,SO GANNON AVE (E/B),@ BRADLEY AVE,"SO GANNON AVE AND BRADLEY AVE, NEW YORK, NY",Red Light,40.607758998223,-74.132040019209
2026,7,EB E 135TH ST @ MADI,SON AVE,"E 135TH ST AND MADI SON AVE, NEW YORK, NY",Red Light,40.812080880074,-73.936032398574
2026,7,WB ARCHER AVE @ GUY,R BREWER BLVD,"ARCHER AVE AND GUY R BREWER BLVD, NEW YORK, NY",Red Light,40.703302007496,-73.796096022146
2026,7,WB E 23RD ST @ 1ST A,VE,"E 23RD ST AND 1ST A VE, NEW YORK, NY",Red Light,40.73690300376,-73.978549015698
2026,7,BOSTON RD (N/B) @ PE,LHAM PKWY,"BOSTON RD AND PE LHAM PKWY, NEW YORK, NY",Red Light,40.857926998687,-73.868184999501
2026,7,WOODHAVEN BLVD (N/B),@ FURMANVILLE AVE,"WOODHAVEN BLVD AND FURMANVILLE AVE, NEW YORK, NY",Red Light,40.720261992291,-73.865584011127
2026,7,EB GRAND CENTRAL PKW,Y @ 164TH ST,"GRAND CENTRAL PKW Y AND 164TH ST, NEW YORK, NY",Red Light,40.716326018198,-73.80322198095
2026,7,SB NEW LOTS AVE @ PE,NNSYLVANIA AVE,"NEW LOTS AVE AND PE NNSYLVANIA AVE, NEW YORK, NY",Red Light,40.661836983944,-73.893087969112
2026,7,NB 65TH ST @ 20TH AV,E,"65TH ST AND 20TH AV E, NEW YORK, NY",Red Light,40.616526007939,-73.985859963105
2026,7,SB KINGS HWY @ ROCKA,WAY PKWY,"KINGS HWY AND ROCKA WAY PKWY, NEW YORK, NY",Red Light,40.660841004299,-73.919890529439
2026,7,EB W 135TH ST @ BROA,DWAY,"W 135TH ST AND BROA DWAY, NEW YORK, NY",Red Light,40.815767350371,-73.944805422246
2026,7,EB VICTORY BLVD @ CL,OVE RD,"VICTORY BLVD AND CL OVE RD, NEW YORK, NY",Red Light,40.616430286605,-74.103494023021
2026,7,SB AMSTERDAM AVE @ W,181ST ST,"AMSTERDAM AVE AND W 181ST ST, NEW YORK, NY",Red Light,40.848158183903,-73.930865793457
2026,7,NB LEFFERTS BLVD @ 1,15TH AVE,"LEFFERTS BLVD AND 1 15TH AVE, NEW YORK, NY",Red Light,40.677008983063,-73.819644979117
2026,7,SB MANOR RD @ N GANN,ON AVE,"MANOR RD AND N GANN ON AVE, NEW YORK, NY",Red Light,40.610177009651,-74.121448981632
2026,7,EB LINDEN BLVD @ ASH,FORD ST,"LINDEN BLVD AND ASH FORD ST, NEW YORK, NY",Red Light,40.662922985229,-73.880954996627
2026,7,SB HERBERTON AVE @ P,OST AVE,"HERBERTON AVE AND P OST AVE, NEW YORK, NY",Red Light,40.634011079488,-74.133273595608
2026,7,EB POST AVE @ HEBERT,ON AVE,"POST AVE AND HEBERT ON AVE, NEW YORK, NY",Red Light,40.632798006121,-74.134051005418
2025,7,NB MAIN ST @ GRAND C,ENTRAL PKWY,"MAIN ST AND GRAND C ENTRAL PKWY, NEW YORK, NY",Red Light,40.715629984958,-73.816438984972
2025,7,WB ROCKAWAY BLVD @ B,AISLEY BLVD,"ROCKAWAY BLVD AND B AISLEY BLVD, NEW YORK, NY",Red Light,40.672380579949,-73.78576381774
2025,7,NB LINCOLN AVE @ E 1,35TH ST,"LINCOLN AVE AND E 1 35TH ST, NEW YORK, NY",Red Light,40.808790983078,-73.928791020964
2025,7,SB OCEAN PKWY @ AVE,S,"OCEAN PKWY AND AVE S, NEW YORK, NY",Red Light,40.60246901149,-73.966415959395
2026,7,EB AVE D @ ROCKAWAY,AVE,"AVE D AND ROCKAWAY AVE, NEW YORK, NY",Red Light,40.650965990802,-73.90596600897
2026,7,NORTHERN BLVD (E/B),@ MARATHON PKWY,"NORTHERN BLVD AND MARATHON PKWY, NEW YORK, NY",Red Light,40.768396580018,-73.737527725165
2026,7,WB GOETHALS RD N @ S,OUTH AVE,"GOETHALS RD N AND S OUTH AVE, NEW YORK, NY",Red Light,40.621562986924,-74.168478666883
2026,7,EB NEPTUNE AVE @ CRO,PSEY AVE,"NEPTUNE AVE AND CRO PSEY AVE, NEW YORK, NY",Red Light,40.578977302918,-73.985288484946
2026,7,NB MADISON AVE @ 135,TH ST,"MADISON AVE AND 135 TH ST, NEW YORK, NY",Red Light,40.812005987769,-73.936085036926
2026,7,WB GATES AVE @ THROO,P AVE,"GATES AVE AND THROO P AVE, NEW YORK, NY",Red Light,40.687223002635,-73.941788000028
2026,7,EB AVE U @ OCEAN PKW,Y,"AVE U AND OCEAN PKW Y, NEW YORK, NY",Red Light,40.597827993612,-73.965539966694
2017,7,ANTHONY AVE,E 130 ST,"ANTHONY AVE E 130 ST, NEW YORK, NY",Red Light,40.724543778182,-73.932211669766
2017,7,BORDEN AVE (E/B) @ G,REENPOINT AVE,"BORDEN AVE AND G REENPOINT AVE, NEW YORK, NY",Red Light,40.736826015979,-73.931603987669
2017,7,ATLANTIC AVE (W/B) @,KINGSTON AVE,"ATLANTIC AVE AND KINGSTON AVE, NEW YORK, NY",Red Light,40.678094020429,-73.941372006173
2016,7,BAY PKWY (S/B) @ 65T,H ST,"BAY PKWY AND 65T H ST, NEW YORK, NY",Red Light,40.613850001532,-73.981431971295
2016,7,NORTHERN BLVD (E/B),@ DOUGLASTON PKWY,"NORTHERN BLVD AND DOUGLASTON PKWY, NEW YORK, NY",Red Light,40.76534581872,-73.744281359829
2016,7,NB OCEAN PKWY @ AVEN,UE I,"OCEAN PKWY AND AVEN UE I, NEW YORK, NY",Red Light,40.607247995495,-73.96733402925
2017,7,ATLANTIC AVE (W/B) @,PENNSYLVANIA AVE,"ATLANTIC AVE AND PENNSYLVANIA AVE, NEW YORK, NY",Red Light,40.675783003995,-73.896890000392
2016,7,BROADWAY (S/B) @ SHE,RMAN AVE,"BROADWAY AND SHE RMAN AVE, NEW YORK, NY",Red Light,40.862134211167,-73.929992566784
2016,7,REMSEN AVE (N/B) @ L,ENOX RD,"REMSEN AVE AND L ENOX RD, NEW YORK, NY",Red Light,40.655853981458,-73.923374970408
2016,7,23RD AVE (E/B) @ 94T,H ST,"23RD AVE AND 94T H ST, NEW YORK, NY",Red Light,40.768189002186,-73.876261969039
2016,7,BRUCKNER BLVD (E/B),@ BRONX RIVER PKWY R,"BRUCKNER BLVD AND BRONX RIVER PKWY R, NEW YORK, NY",Red Light,40.824586009059,-73.872502014913
2016,7,GUN HILL ROAD (W/B),@ EASTCHESTER RD,"GUN HILL ROAD AND EASTCHESTER RD, NEW YORK, NY",Red Light,40.868486017393,-73.842415005827
2016,7,QUEENS BLVD (W/B) @,71ST AVE,"QUEENS BLVD AND 71ST AVE, NEW YORK, NY",Red Light,40.721623506733,-73.843853759507
2017,7,CLOVE RD (N/B) @ BAR,D AVE,"CLOVE RD AND BAR D AVE, NEW YORK, NY",Red Light,40.620771106622,-74.110044396534
2017,7,SO GANNON AVE (E/B),@ BRADLEY AVE,"SO GANNON AVE AND BRADLEY AVE, NEW YORK, NY",Red Light,40.607758998223,-74.132040019209
2016,7,EASTERN PKWY (W/B) @,HOWARD AVE,"EASTERN PKWY AND HOWARD AVE, NEW YORK, NY",Red Light,40.669381493083,-73.920077781156
2017,7,NORTHERN BLVD (W/B),@ MARATHON PKWY,"NORTHERN BLVD AND MARATHON PKWY, NEW YORK, NY",Red Light,40.768396580018,-73.737527725165
2017,7,KISSENA BLVD (S/B) @,BOOTH MEMORIAL AVE,"KISSENA BLVD AND BOOTH MEMORIAL AVE, NEW YORK, NY",Red Light,40.74296798126,-73.814318028192
2016,7,TILLARY ST (E/B) @ F,LATBUSH AVE,"TILLARY ST AND F LATBUSH AVE, NEW YORK, NY",Red Light,40.696112010952,-73.984660009846
2017,7,TILLARY ST (E/B) @ F,LATBUSH AVE,"TILLARY ST AND F LATBUSH AVE, NEW YORK, NY",Red Light,40.696112010952,-73.984660009846
2016,7,EASTCHESTER ROAD (S/,B) @ ALLERTON AVE,"EASTCHESTER ROAD AND ALLERTON AVE, NEW YORK, NY",Red Light,40.865210998275,-73.843350007126
2017,7,WHITE PLAINS RD (S/B,) @ WATSON AVE,"WHITE PLAINS RD AND WATSON AVE, NEW YORK, NY",Red Light,40.8284200173,-73.860672970238
2016,7,BOOTH MEMORIAL AVE (,W/B) @ KISSENA BLVD,"BOOTH MEMORIAL AVE AND KISSENA BLVD, NEW YORK, NY",Red Light,40.74296798126,-73.814318028192
2017,7,HORACE HARDING EXPWY,(E/B) @ OCEANIA ST,"HORACE HARDING EXPWY AND OCEANIA ST, NEW YORK, NY",Red Light,40.746024987076,-73.767854037587
2017,7,HORACE HARDING EXPWY,(E/B) @ UTOPIA PKWY,"HORACE HARDING EXPWY AND UTOPIA PKWY, NEW YORK, NY",Red Light,40.739471009345,-73.792834036887
2017,7,EASTCHESTER ROAD (S/,B) @ ALLERTON AVE,"EASTCHESTER ROAD AND ALLERTON AVE, NEW YORK, NY",Red Light,40.865210998275,-73.843350007126
2016,7,KISSENA BLVD (S/B) @,BOOTH MEMORIAL AVE,"KISSENA BLVD AND BOOTH MEMORIAL AVE, NEW YORK, NY",Red Light,40.74296798126,-73.814318028192
2017,7,ROCKAWAY BLVD (W/B),@ GUY R BREWER BLVD,"ROCKAWAY BLVD AND GUY R BREWER BLVD, NEW YORK, NY",Red Light,40.656143995307,-73.767468972955
2017,7,12TH AVE (N/B) @ W 5,7TH ST,"12TH AVE AND W 5 7TH ST, NEW YORK, NY",Red Light,40.771558988267,-73.994197023098
2017,7,RICHMOND AVE (S/B) @,ETON PL,"RICHMOND AVE AND ETON PL, NEW YORK, NY",Red Light,40.604637284113,-74.16227203522
2018,7,5TH AVE (S/B) @ 40TH,ST,"5TH AVE AND 40TH ST, NEW YORK, NY",Red Light,40.650731004146,-74.004500980491
2018,7,L.I.E. N. SVC ROAD (,W/B) @ COLLEGE PT BL,"L.I.E. N. SVC ROAD AND COLLEGE PT BL, NEW YORK, NY",Red Light,40.784669767158,-73.8457863722
2018,7,12TH AVE (N/B) @ W 5,7TH ST,"12TH AVE AND W 5 7TH ST, NEW YORK, NY",Red Light,40.771558988267,-73.994197023098
2018,7,WB ATLANTIC AVE @ RO,CKAWAY AVE,"ATLANTIC AVE AND RO CKAWAY AVE, NEW YORK, NY",Red Light,40.676272004226,-73.910936980467
2018,7,ROCKAWAY BLVD (W/B),@ GUY R BREWER BLVD,"ROCKAWAY BLVD AND GUY R BREWER BLVD, NEW YORK, NY",Red Light,40.656143995307,-73.767468972955
2018,7,ARTHUR KILL RD (E/B),@ GIFFORDS LN,"ARTHUR KILL RD AND GIFFORDS LN, NEW YORK, NY",Red Light,40.563733009884,-74.155879995858
2018,7,SB OCEAN PKWY @ AVEN,UE I,"OCEAN PKWY AND AVEN UE I, NEW YORK, NY",Red Light,40.607247995495,-73.96733402925
2018,7,RICHMOND AVE (N/B) @,DRAPER PL,"RICHMOND AVE AND DRAPER PL, NEW YORK, NY",Red Light,40.592652000763,-74.163308960462
2018,7,BAY ST (S/B) @ HANNA,H ST,"BAY ST AND HANNA H ST, NEW YORK, NY",Red Light,40.63593799278,-74.075836005656
2018,7,NB UTOPIA PKWY @ HOR,ACE HARDING EXPWY,"UTOPIA PKWY AND HOR ACE HARDING EXPWY, NEW YORK, NY",Red Light,40.739471009345,-73.792834036887
2019,7,BEACH CHANNEL DR (W/,B) @ B 140TH ST,"BEACH CHANNEL DR AND B 140TH ST, NEW YORK, NY",Red Light,40.58993400102,-73.804583034387
2019,7,FOREST AVE (W/B) @ S,OUTH AVE,"FOREST AVE AND S OUTH AVE, NEW YORK, NY",Red Light,40.627329987766,-74.166563988741
2019,7,EASTERN PKWY (W/B) @,HOWARD AVE,"EASTERN PKWY AND HOWARD AVE, NEW YORK, NY",Red Light,40.669381493083,-73.920077781156
2019,7,CADMAN PLAZA (E/B) @,PROSPECT ST,"CADMAN PLAZA AND PROSPECT ST, NEW YORK, NY",Red Light,40.700736600301,-73.989726702678
2019,7,ARTHUR KILL RD (W/B),@ GIFFORDS LN,"ARTHUR KILL RD AND GIFFORDS LN, NEW YORK, NY",Red Light,40.563733009884,-74.155879995858
2019,7,WHITESTONE EXPWY SVC,RD (N/B) @ 20TH AVE,"WHITESTONE EXPWY SVC RD AND 20TH AVE, NEW YORK, NY",Red Light,40.781715717531,-73.825686738745
2019,7,ATLANTIC AVE (W/B) @,WOODHAVEN BLVD,"ATLANTIC AVE AND WOODHAVEN BLVD, NEW YORK, NY",Red Light,40.68815398062,-73.849093035725
2019,7,N CONDUIT AVE (W/B),@ LEFFERTS BLVD,"N CONDUIT AVE AND LEFFERTS BLVD, NEW YORK, NY",Red Light,40.666071018514,-73.822277986362
2019,7,PENNSYLVANIA AVE (S/,B) @ SEAVIEW AVE,"PENNSYLVANIA AVE AND SEAVIEW AVE, NEW YORK, NY",Red Light,40.64395591181,-73.877571892868
2020,7,NB OCEAN PKWY @ 18TH,AVE,"OCEAN PKWY AND 18TH AVE, NEW YORK, NY",Red Light,40.633076997769,-73.97223802934
2020,7,SB OCEAN PKWY @ 18TH,AVE,"OCEAN PKWY AND 18TH AVE, NEW YORK, NY",Red Light,40.633076997769,-73.97223802934
2020,7,ATLANTIC AVE (E/B) @,BEDFORD AVE,"ATLANTIC AVE AND BEDFORD AVE, NEW YORK, NY",Red Light,40.678792987335,-73.953013966769
2020,7,BRONX RIVER PKWY OFF,RAMP (S/B) @ E/B BR,"BRONX RIVER PKWY OFF RAMP AND BR, NEW YORK, NY",Red Light,40.872532401319,-73.871474819032
2020,7,WOODHAVEN BLVD (N/B),@ UNION TPKE,"WOODHAVEN BLVD AND UNION TPKE, NEW YORK, NY",Red Light,40.705556990907,-73.858426033453
2020,7,FLATBUSH AVE (S/B) @,DEAN ST,"FLATBUSH AVE AND DEAN ST, NEW YORK, NY",Red Light,40.681814998706,-73.975820035662
2020,7,OCEAN PKWY (S/B) @ S,HORE PKWY,"OCEAN PKWY AND S HORE PKWY, NEW YORK, NY",Red Light,40.583374994147,-73.96699900458
2020,7,KISSENA BLVD (S/B) @,BOOTH MEMORIAL AVE,"KISSENA BLVD AND BOOTH MEMORIAL AVE, NEW YORK, NY",Red Light,40.74296798126,-73.814318028192
2020,7,RICHMOND AVE (N/B) @,DRAPER PL,"RICHMOND AVE AND DRAPER PL, NEW YORK, NY",Red Light,40.592652000763,-74.163308960462
2021,7,S CONDUIT AVE (E/B),@ BROOKVILLE BLVD,"S CONDUIT AVE AND BROOKVILLE BLVD, NEW YORK, NY",Red Light,40.665253992502,-73.739553966438
2021,7,ATLANTIC AVE (E/B) @,BEDFORD AVE,"ATLANTIC AVE AND BEDFORD AVE, NEW YORK, NY",Red Light,40.678792987335,-73.953013966769
2021,7,CLOVE RD (N/B) @ CHE,SHIRE PL,"CLOVE RD AND CHE SHIRE PL, NEW YORK, NY",Red Light,40.618260014159,-74.105254977059
2021,7,BRONX RIVER PKWY OFF,RAMP (S/B) @ E/B BR,"BRONX RIVER PKWY OFF RAMP AND BR, NEW YORK, NY",Red Light,40.872532401319,-73.871474819032
2021,7,S CONDUIT AVE (E/B),@ FARMERS BLVD,"S CONDUIT AVE AND FARMERS BLVD, NEW YORK, NY",Red Light,40.666708001246,-73.767122967992
2021,7,FLATBUSH AVE (N/B) @,EASTERN PKWY,"FLATBUSH AVE AND EASTERN PKWY, NEW YORK, NY",Red Light,40.673099998698,-73.969437970766
2021,7,REMSEN AVE (N/B) @ W,INTHROP ST,"REMSEN AVE AND W INTHROP ST, NEW YORK, NY",Red Light,40.658650980638,-73.926487003419
2021,7,NORTHERN BLVD (E/B),@ MARATHON PKWY,"NORTHERN BLVD AND MARATHON PKWY, NEW YORK, NY",Red Light,40.768396580018,-73.737527725165
2022,7,PENNSYLVANIA AVE (S/,B) @ LINDEN BLVD,"PENNSYLVANIA AVE AND LINDEN BLVD, NEW YORK, NY",Red Light,40.658685011165,-73.890809013457
2022,7,SB OCEAN PKWY @ AVEN,UE I,"OCEAN PKWY AND AVEN UE I, NEW YORK, NY",Red Light,40.607247995495,-73.96733402925
2022,7,OCEAN PKWY (N/B) @ A,VE W,"OCEAN PKWY AND A VE W, NEW YORK, NY",Red Light,40.58156198849,-73.967607027836
2022,7,FRANCIS LEWIS BLVD (,N/B) @ HILLSIDE AVE,"FRANCIS LEWIS BLVD AND HILLSIDE AVE, NEW YORK, NY",Red Light,40.721034007483,-73.759482025057
2022,7,NORTHERN BLVD (E/B),@ DOUGLASTON PKWY,"NORTHERN BLVD AND DOUGLASTON PKWY, NEW YORK, NY",Red Light,40.76534581872,-73.744281359829
2022,7,VICTORY BLVD (E/B) @,MORANI ST,"VICTORY BLVD AND MORANI ST, NEW YORK, NY",Red Light,40.608092011236,-74.157374992109
2022,7,222ND ST (E/B) @ PAU,LDING AVE,"222ND ST AND PAU LDING AVE, NEW YORK, NY",Red Light,40.883026984931,-73.853247023119
2023,7,BEACH CHANNEL DR (W/,B) @ B 140TH ST,"BEACH CHANNEL DR AND B 140TH ST, NEW YORK, NY",Red Light,40.58993400102,-73.804583034387
2023,7,OCEAN PKWY (S/B) @ A,VE W,"OCEAN PKWY AND A VE W, NEW YORK, NY",Red Light,40.58156198849,-73.967607027836
2023,7,CROPSEY AVE (W/B) @,21ST AVE,"CROPSEY AVE AND 21ST AVE, NEW YORK, NY",Red Light,40.598772005457,-74.000740020536
2023,7,RICHMOND AVE (S/B) @,LANDER AVE,"RICHMOND AVE AND LANDER AVE, NEW YORK, NY",Red Light,40.613023001055,-74.158826989196
2023,7,NB OCEAN PKWY @ 18TH,AVE,"OCEAN PKWY AND 18TH AVE, NEW YORK, NY",Red Light,40.633076997769,-73.97223802934
2023,7,CHRYSTIE ST (N/B) @,E HOUSTON ST,"CHRYSTIE ST AND E HOUSTON ST, NEW YORK, NY",Red Light,40.723593002522,-73.991080966774
2023,7,EB UNION TPKE @ WOOD,HAVEN BLVD,"UNION TPKE AND WOOD HAVEN BLVD, NEW YORK, NY",Red Light,40.705556990907,-73.858426033453
2023,7,WEST ST (N/B) @ W HO,USTON ST,"WEST ST AND W HO USTON ST, NEW YORK, NY",Red Light,40.729111605663,-74.010544332681
2023,7,WB NORTHERN BLVD @ 4,8TH ST,"NORTHERN BLVD AND 4 8TH ST, NEW YORK, NY",Red Light,40.753677497038,-73.914478669835
2023,7,BRUCKNER BLVD (W/B),@ WHITE PLAINS RD,"BRUCKNER BLVD AND WHITE PLAINS RD, NEW YORK, NY",Red Light,40.825615013403,-73.859418031694
2024,7,NORTHERN BLVD (E/B),@ DOUGLASTON PKWY,"NORTHERN BLVD AND DOUGLASTON PKWY, NEW YORK, NY",Red Light,40.76534581872,-73.744281359829
2024,7,E 135TH ST (W/B) @ A,LEXANDER AVE,"E 135TH ST AND A LEXANDER AVE, NEW YORK, NY",Red Light,40.808171015609,-73.926531008411
2024,7,RICHMOND AVE (N/B) @,ARTHUR KILL RD,"RICHMOND AVE AND ARTHUR KILL RD, NEW YORK, NY",Red Light,40.561075988487,-74.16983200897
2024,7,CADMAN PLAZA (E/B) @,PROSPECT ST,"CADMAN PLAZA AND PROSPECT ST, NEW YORK, NY",Red Light,40.700736600301,-73.989726702678
2024,7,WEST ST (N/B) @ W HO,USTON ST,"WEST ST AND W HO USTON ST, NEW YORK, NY",Red Light,40.729111605663,-74.010544332681
2024,7,EASTERN PKWY (W/B) @,BEDFORD AVE,"EASTERN PKWY AND BEDFORD AVE, NEW YORK, NY",Red Light,40.670309998407,-73.955193010138
2024,7,ATLANTIC AVE (W/B) @,WOODHAVEN BLVD,"ATLANTIC AVE AND WOODHAVEN BLVD, NEW YORK, NY",Red Light,40.68815398062,-73.849093035725
2024,7,CLOVE RD (N/B) @ CHE,SHIRE PL,"CLOVE RD AND CHE SHIRE PL, NEW YORK, NY",Red Light,40.618260014159,-74.105254977059
2024,7,CHRYSTIE ST (N/B) @,E HOUSTON ST,"CHRYSTIE ST AND E HOUSTON ST, NEW YORK, NY",Red Light,40.723593002522,-73.991080966774
2024,7,KINGS HWY (E/B) @ NO,STRAND AVE,"KINGS HWY AND NO STRAND AVE, NEW YORK, NY",Red Light,40.616169986602,-73.944866002512
2025,7,VICTORY BLVD (W/B) @,MORANI ST,"VICTORY BLVD AND MORANI ST, NEW YORK, NY",Red Light,40.608092011236,-74.157374992109
2025,7,KINGS HWY (E/B) @ NO,STRAND AVE,"KINGS HWY AND NO STRAND AVE, NEW YORK, NY",Red Light,40.616169986602,-73.944866002512
2025,7,WHITESTONE EXPWY SVC,RD (N/B) @ 20TH AVE,"WHITESTONE EXPWY SVC RD AND 20TH AVE, NEW YORK, NY",Red Light,40.781715717531,-73.825686738745
2025,7,MCDONALD AVE (N/B) @,VANDERBILT ST,"MCDONALD AVE AND VANDERBILT ST, NEW YORK, NY",Red Light,40.65159899213,-73.981111028223
2025,7,GRAND CONCOURSE (S/B,) @ E 162 ST,"GRAND CONCOURSE AND E 162 ST, NEW YORK, NY",Red Light,40.827677715955,-73.922074182854
2025,7,SEAGIRT BLVD (E/B) @,ROCKAWAY FREEWAY,"SEAGIRT BLVD AND ROCKAWAY FREEWAY, NEW YORK, NY",Red Light,40.596195995154,-73.766891040731
2025,7,HILLSIDE AVE (W/B) @,188TH ST,"HILLSIDE AVE AND 188TH ST, NEW YORK, NY",Red Light,40.715075019149,-73.773537973768
2025,7,HORACE HARDING EXPWY,(W/B) @ UTOPIA PKWY,"HORACE HARDING EXPWY AND UTOPIA PKWY, NEW YORK, NY",Red Light,40.739471009345,-73.792834036887
2025,7,RICHMOND RD (E/B) @,NEW DORP LANE,"RICHMOND RD AND NEW DORP LANE, NEW YORK, NY",Red Light,40.575848003186,-74.119818030912
2025,7,HYLAN BLVD (E/B) @ B,URBANK AVE,"HYLAN BLVD AND B URBANK AVE, NEW YORK, NY",Red Light,40.57217199382,-74.108156959577
2025,7,WB QUEENS BLVD @ 70T,H ST / 45TH AVE,"QUEENS BLVD AND 70T H ST / 45TH AVE, NEW YORK, NY",Red Light,40.739905988211,-73.894214999813
2025,7,FATHER CAPODANNO BLV,D (S/B) @ SAND LN,"FATHER CAPODANNO BLV D AND SAND LN, NEW YORK, NY",Red Light,40.590377990431,-74.06668799653
2025,7,FATHER CAPODANNO BLV,D (S/B) @ PARK AND R,"FATHER CAPODANNO BLV D AND PARK AND R, NEW YORK, NY",Red Light,40.584487331871,-74.072312774025
2025,7,WB N CONDUIT AVE @ V,AN WYCK EXPWY SB / E,"N CONDUIT AVE AND V AN WYCK EXPWY / E, NEW YORK, NY",Red Light,40.666743498606,-73.801438814868
2025,7,SB 108TH ST @ HORACE,HARDING EXPY N,"108TH ST AND HORACE HARDING EXPY N, NEW YORK, NY",Red Light,40.73768298176,-73.852103982983
2025,7,222ND ST (W/B) @ PAU,LDING AVE,"222ND ST AND PAU LDING AVE, NEW YORK, NY",Red Light,40.883026984931,-73.853247023119
2016,7,CROSSBAY BLVD (S/B),@ PITKIN AVE,"CROSSBAY BLVD AND PITKIN AVE, NEW YORK, NY",Red Light,40.67215799851,-73.843282029891
2017,7,PARK AVE (W/B) @ WAS,HINGTON AVE,"PARK AVE AND WAS HINGTON AVE, NEW YORK, NY",Red Light,40.696013020676,-73.967420027576
2016,7,8TH AVE (N/B) @ 57TH,ST,"8TH AVE AND 57TH ST, NEW YORK, NY",Red Light,40.637194984889,-74.00776900072
2018,7,OCEAN PKWY (N/B) @ A,VE X,"OCEAN PKWY AND A VE X, NEW YORK, NY",Red Light,40.574900668267,-73.968947749134
2018,7,ROCKAWAY BLVD (N/B),@ BROOKVILLE BLVD,"ROCKAWAY BLVD AND BROOKVILLE BLVD, NEW YORK, NY",Red Light,40.640718988441,-73.74336102686
2018,7,SB RICHMOND AVE @ AR,THUR KILL RD,"RICHMOND AVE AND AR THUR KILL RD, NEW YORK, NY",Red Light,40.561075988487,-74.16983200897
2018,7,WOODHAVEN BLVD (N/B),@ ROCKAWAY BLVD,"WOODHAVEN BLVD AND ROCKAWAY BLVD, NEW YORK, NY",Red Light,40.68071868768,-73.84481088903
2019,7,OCEAN PKWY (N/B) @ S,HORE PKWY,"OCEAN PKWY AND S HORE PKWY, NEW YORK, NY",Red Light,40.583374994147,-73.96699900458
2019,7,AMSTERDAM AVE (N/B),@ 96TH STREET,"AMSTERDAM AVE AND 96TH STREET, NEW YORK, NY",Red Light,40.794051993077,-73.9703629976
2020,7,OCEAN PKWY (N/B) @ A,VE W,"OCEAN PKWY AND A VE W, NEW YORK, NY",Red Light,40.58156198849,-73.967607027836
2020,7,EB UNION TPKE @ WOOD,HAVEN BLVD,"UNION TPKE AND WOOD HAVEN BLVD, NEW YORK, NY",Red Light,40.705556990907,-73.858426033453
2020,7,86TH ST (E/B) @ 7TH,AVE,"86TH ST AND 7TH AVE, NEW YORK, NY",Red Light,40.618476979722,-74.021217009994
2020,7,ROCKAWAY BLVD (E/B),@ N CONDUIT AVE,"ROCKAWAY BLVD AND N CONDUIT AVE, NEW YORK, NY",Red Light,40.667523015601,-73.780694023604
2020,7,CROSSBAY BLVD (N/B),@ 156TH AVE,"CROSSBAY BLVD AND 156TH AVE, NEW YORK, NY",Red Light,40.664182994824,-73.841211029254
2021,7,NARROWS RD (W/B) @ R,ICHMOND RD,"NARROWS RD AND R ICHMOND RD, NEW YORK, NY",Red Light,40.608782386691,-74.090796110263
2021,7,EB 65TH ST @ 16TH AV,E,"65TH ST AND 16TH AV E, NEW YORK, NY",Red Light,40.621993020467,-73.994909987783
2022,7,ASTORIA BLVD S (E/B),@ 77TH ST,"ASTORIA BLVD S AND 77TH ST, NEW YORK, NY",Red Light,40.76573100908,-73.891878041388
2022,7,QUEENS BLVD (W/B) @,BROADWAY,"QUEENS BLVD AND BROADWAY, NEW YORK, NY",Red Light,40.736805019312,-73.877641965578
2022,7,BOSTON RD (N/B) @ PE,LHAM PKWY,"BOSTON RD AND PE LHAM PKWY, NEW YORK, NY",Red Light,40.857926998687,-73.868184999501
2022,7,N CONDUIT AVE (W/B),@ LEFFERTS BLVD,"N CONDUIT AVE AND LEFFERTS BLVD, NEW YORK, NY",Red Light,40.666071018514,-73.822277986362
2022,7,HORACE HARDING EXPWY,(E/B) @ 108TH ST,"HORACE HARDING EXPWY AND 108TH ST, NEW YORK, NY",Red Light,40.73768298176,-73.852103982983
2022,7,ATLANTIC AVE (W/B) @,BEDFORD AVE,"ATLANTIC AVE AND BEDFORD AVE, NEW YORK, NY",Red Light,40.678792987335,-73.953013966769
2022,7,PENNSYLVANIA AVE (N/,B) @ LINDEN BLVD,"PENNSYLVANIA AVE AND LINDEN BLVD, NEW YORK, NY",Red Light,40.658685011165,-73.890809013457
2022,7,JAMAICA AVE (E/B) @,PENNSYLVANIA AVE,"JAMAICA AVE AND PENNSYLVANIA AVE, NEW YORK, NY",Red Light,40.67820478728,-73.897521995892
2022,7,RICHMOND AVE (N/B) @,LANDER AVE,"RICHMOND AVE AND LANDER AVE, NEW YORK, NY",Red Light,40.613023001055,-74.158826989196
2022,7,KINGS HWY (N/B) @ CH,URCH AVE,"KINGS HWY AND CH URCH AVE, NEW YORK, NY",Red Light,40.642371983567,-73.925527024048
2022,7,BRUCKNER BLVD (E/B),@ WHITE PLAINS RD,"BRUCKNER BLVD AND WHITE PLAINS RD, NEW YORK, NY",Red Light,40.825615013403,-73.859418031694
2023,7,BORDEN AVE (E/B) @ G,REENPOINT AVE,"BORDEN AVE AND G REENPOINT AVE, NEW YORK, NY",Red Light,40.736826015979,-73.931603987669
2023,7,PENNSYLVANIA AVE (S/,B) @ LINDEN BLVD,"PENNSYLVANIA AVE AND LINDEN BLVD, NEW YORK, NY",Red Light,40.658685011165,-73.890809013457
2023,7,222ND ST (E/B) @ PAU,LDING AVE,"222ND ST AND PAU LDING AVE, NEW YORK, NY",Red Light,40.883026984931,-73.853247023119
2023,7,HYLAN BLVD (E/B) @ B,URBANK AVE,"HYLAN BLVD AND B URBANK AVE, NEW YORK, NY",Red Light,40.57217199382,-74.108156959577
2023,7,SB RICHMOND RD @ NAR,ROWS RD N,"RICHMOND RD AND NAR ROWS RD N, NEW YORK, NY",Red Light,40.609410987519,-74.090104016517
2023,7,CONEY ISLAND AVE (S/,B) @ DORCHESTER RD,"CONEY ISLAND AVE AND DORCHESTER RD, NEW YORK, NY",Red Light,40.637289197481,-73.968221169882
2023,7,PELHAM PKWY (W/B) @,BOSTON RD,"PELHAM PKWY AND BOSTON RD, NEW YORK, NY",Red Light,40.857926998687,-73.868184999501
2024,7,12TH AVE (S/B) @ 23R,D ST,"12TH AVE AND 23R D ST, NEW YORK, NY",Red Light,40.749331019236,-74.008176025938
2024,7,GUN HILL RD (E/B) @,WHITE PLAINS RD,"GUN HILL RD AND WHITE PLAINS RD, NEW YORK, NY",Red Light,40.877645006812,-73.86740598542
2024,7,LUTEN AVE (S/B) @ HY,LAN BLVD,"LUTEN AVE AND HY LAN BLVD, NEW YORK, NY",Red Light,40.523165981529,-74.188501021913
2024,7,WEST END AVE (S/B) @,66TH ST,"WEST END AVE AND 66TH ST, NEW YORK, NY",Red Light,40.776022980351,-73.987240965472
2024,7,12TH AVE (N/B) @ 42N,D ST,"12TH AVE AND 42N D ST, NEW YORK, NY",Red Light,40.640278980434,-73.990241016257
2025,7,NB UTOPIA PKWY @ HOR,ACE HARDING EXPWY,"UTOPIA PKWY AND HOR ACE HARDING EXPWY, NEW YORK, NY",Red Light,40.739471009345,-73.792834036887
2019,7,NORTHERN BLVD (E/B),@ 114TH ST,"NORTHERN BLVD AND 114TH ST, NEW YORK, NY",Red Light,40.758365998398,-73.855623041212
2025,7,MILFORD DR (E/B) @ C,LOVE RD,"MILFORD DR AND C LOVE RD, NEW YORK, NY",Red Light,40.610265103453,-74.097428123512
2026,7,SEAGIRT BLVD (W/B) @,BEACH 9TH ST,"SEAGIRT BLVD AND BEACH 9TH ST, NEW YORK, NY",Red Light,40.596564002613,-73.744170970164
2026,7,W FORDHAM RD (W/B) @,CEDAR AVE,"W FORDHAM RD AND CEDAR AVE, NEW YORK, NY",Red Light,40.861713984451,-73.911811967339
2026,7,EB GRAND CENTRAL PKW,Y @ 168TH ST,"GRAND CENTRAL PKW Y AND 168TH ST, NEW YORK, NY",Red Light,40.717537999487,-73.798089993092
2026,7,NB UTICA AVE @ E NEW,YORK AVE,"UTICA AVE AND E NEW YORK AVE, NEW YORK, NY",Red Light,40.663232487004,-73.931601724556
2026,7,WB KINGS HWY @ FLATB,USH AVE,"KINGS HWY AND FLATB USH AVE, NEW YORK, NY",Red Light,40.622498994052,-73.936732036032
2026,7,NB SPRINGFIELD BLVD,@ 132ND RD,"SPRINGFIELD BLVD AND 132ND RD, NEW YORK, NY",Red Light,40.682438989488,-73.75189497776
2026,7,SB SHORE RD @ CITY I,SLAND RD,"SHORE RD AND CITY I SLAND RD, NEW YORK, NY",Red Light,40.862733005405,-73.815325436484
2026,7,NB FRANCIS LEWIS BLV,D @ UNION TPKE,"FRANCIS LEWIS BLV D AND UNION TPKE, NEW YORK, NY",Red Light,40.731819002299,-73.770213040416
2026,7,SB 130TH ST @ N COND,UIT AVE,"130TH ST AND N COND UIT AVE, NEW YORK, NY",Red Light,40.667095999544,-73.810342072421
2017,7,FLATBUSH AVE EXTENSI,ON (S/B) @ TILLARY S,"FLATBUSH AVE EXTENSI ON AND TILLARY S, NEW YORK, NY",Red Light,40.696112010952,-73.984660009846
2025,7,AMSTERDAM AVE (N/B),@ 96TH STREET,"AMSTERDAM AVE AND 96TH STREET, NEW YORK, NY",Red Light,40.794051993077,-73.9703629976
2026,7,OCEAN PKWY (N/B) @ A,VE X,"OCEAN PKWY AND A VE X, NEW YORK, NY",Red Light,40.574900668267,-73.968947749134
2026,7,HORACE HARDING EXPWY,(E/B) @ UTOPIA PKWY,"HORACE HARDING EXPWY AND UTOPIA PKWY, NEW YORK, NY",Red Light,40.739471009345,-73.792834036887
2026,7,GUN HILL RD (E/B) @,WHITE PLAINS RD,"GUN HILL RD AND WHITE PLAINS RD, NEW YORK, NY",Red Light,40.877645006812,-73.86740598542
2026,7,EB PARK AVE @ BEDFOR,D AVE,"PARK AVE AND BEDFOR D AVE, NEW YORK, NY",Red Light,40.696785999786,-73.956599996405
2026,7,ASTORIA BLVD (W/B) @,108TH ST,"ASTORIA BLVD AND 108TH ST, NEW YORK, NY",Red Light,40.760406991821,-73.861433041217
2026,7,RICHMOND AVE (N/B) @,LANDER AVE,"RICHMOND AVE AND LANDER AVE, NEW YORK, NY",Red Light,40.613023001055,-74.158826989196
2026,7,WB PELHAM PKWY N @ W,ILLIAMSBRIDGE RD,"PELHAM PKWY N AND W ILLIAMSBRIDGE RD, NEW YORK, NY",Red Light,40.858123009493,-73.856650997818
2026,7,EB ATLANTIC AVE @ EA,STERN PKWY,"ATLANTIC AVE AND EA STERN PKWY, NEW YORK, NY",Red Light,40.676138019504,-73.908162989611
2026,7,SB HALSEY ST @ WILSO,N AVE,"HALSEY ST AND WILSO N AVE, NEW YORK, NY",Red Light,40.691502006115,-73.909552960614
2026,7,SB WEBSTER AVE @ E G,UN HILL RD,"WEBSTER AVE AND E G UN HILL RD, NEW YORK, NY",Red Light,40.87867099367,-73.871670697756
2026,7,WB BEVERLEY RD @ OCE,AN AVE,"BEVERLEY RD AND OCE AN AVE, NEW YORK, NY",Red Light,40.64482758783,-73.960066164825
2026,7,SB HUTCHINSON RIVER,PKWY @ EINSTEIN LOOP,"HUTCHINSON RIVER PKWY AND EINSTEIN LOOP, NEW YORK, NY",Red Light,40.864733020246,-73.824258965358
2026,7,NB THROOP AVE @ VERN,ON AVE,"THROOP AVE AND VERN ON AVE, NEW YORK, NY",Red Light,40.695288991879,-73.943388021525
2026,7,WB JEROME AVE @ OGDE,N AVE,"JEROME AVE AND OGDE N AVE, NEW YORK, NY",Red Light,40.829670010521,-73.931082968568
2026,7,NB FRANCIS LEWIS BLV,D @ 104TH AVE,"FRANCIS LEWIS BLV D AND 104TH AVE, NEW YORK, NY",Red Light,40.710308985184,-73.752516998794
2026,7,NB SCHENCK AVE @ FLA,TLANDS AVE,"SCHENCK AVE AND FLA TLANDS AVE, NEW YORK, NY",Red Light,40.655496996201,-73.879732998963
2026,7,WB FLATLANDS AVE @ P,ENNSYLVANIA AVE,"FLATLANDS AVE AND P ENNSYLVANIA AVE, NEW YORK, NY",Red Light,40.652788007005,-73.886413040518
2026,7,NB HUGUENOT AVE @ DR,UMGOOLE RD W,"HUGUENOT AVE AND DR UMGOOLE RD W, NEW YORK, NY",Red Light,40.535833006974,-74.193779022523
2026,7,EB 57TH AVE @ 80TH S,T,"57TH AVE AND 80TH S T, NEW YORK, NY",Red Light,40.728989020329,-73.882388972623
2026,7,NB MADISON AVE @ E 1,16TH ST,"MADISON AVE AND E 1 16TH ST, NEW YORK, NY",Red Light,40.799984997511,-73.944833983642
2025,7,NB OCEAN PKWY @ AVE,U,"OCEAN PKWY AND AVE U, NEW YORK, NY",Red Light,40.597827993612,-73.965539966694
2025,7,EB EASTERN PKWY @ BU,FFALO AVE,"EASTERN PKWY AND BU FFALO AVE, NEW YORK, NY",Red Light,40.668465309156,-73.925604305195
2025,7,WB W 207TH ST @ 10TH,AVE,"W 207TH ST AND 10TH AVE, NEW YORK, NY",Red Light,40.864493004449,-73.91896499969
2025,7,WB E 23RD ST @ 1ST A,VE,"E 23RD ST AND 1ST A VE, NEW YORK, NY",Red Light,40.73690300376,-73.978549015698
2025,7,EB ATLANTIC AVE @ 11,1TH ST,"ATLANTIC AVE AND 11 1TH ST, NEW YORK, NY",Red Light,40.692207007991,-73.834871963521
2025,7,EB AVE J @ NEW YORK,AVE,"AVE J AND NEW YORK AVE, NEW YORK, NY",Red Light,40.627092989454,-73.944023034509
2026,7,NB UTICA AVE @ ATLAN,TIC AVE,"UTICA AVE AND ATLAN TIC AVE, NEW YORK, NY",Red Light,40.677405991907,-73.930315018599
2026,7,NB MANHATTAN BRIDGE,@ BOWERY,"MANHATTAN BRIDGE AND BOWERY, NEW YORK, NY",Red Light,40.716209719291,-73.996150677091
2026,7,NB NOSTRAND AVE @ AV,E L,"NOSTRAND AVE AND AV E L, NEW YORK, NY",Red Light,40.694495709718,-73.95239458491
2026,7,WB SEAVIEW AVE @ REM,SEN AVE,"SEAVIEW AVE AND REM SEN AVE, NEW YORK, NY",Red Light,40.630393992472,-73.895124017212
2026,7,NB BRONX RIVER AVE @,BRUCKNER BLVD,"BRONX RIVER AVE AND BRUCKNER BLVD, NEW YORK, NY",Red Light,40.822823001455,-73.882675968987
2026,7,NB 1ST AVE @ E 62ND,ST,"1ST AVE AND E 62ND ST, NEW YORK, NY",Red Light,40.761485994217,-73.960608976875
2016,7,2ND AVE (S/B) @ 26TH,ST,"2ND AVE AND 26TH ST, NEW YORK, NY",Red Light,40.739775984893,-73.979500026433
2017,7,NORTHERN BLVD (E/B),@ MARATHON PKWY,"NORTHERN BLVD AND MARATHON PKWY, NEW YORK, NY",Red Light,40.768396580018,-73.737527725165
2017,7,ATLANTIC AVE (E/B) @,LOGAN ST,"ATLANTIC AVE AND LOGAN ST, NEW YORK, NY",Red Light,40.680093984436,-73.877392017225
2017,7,WHITESTONE EXPWY SVC,RD (N/B) @ 20TH AVE,"WHITESTONE EXPWY SVC RD AND 20TH AVE, NEW YORK, NY",Red Light,40.781715717531,-73.825686738745
2016,7,BRONX RIVER PKWY OFF,RAMP (S/B) @ E/B BR,"BRONX RIVER PKWY OFF RAMP AND BR, NEW YORK, NY",Red Light,40.872532401319,-73.871474819032
2016,7,ATLANTIC AVE (E/B) @,BEDFORD AVE,"ATLANTIC AVE AND BEDFORD AVE, NEW YORK, NY",Red Light,40.678792987335,-73.953013966769
2016,7,WEST ST (S/B) @ 14TH,STREET,"WEST ST AND 14TH STREET, NEW YORK, NY",Red Light,40.74235849117,-74.008705007848
2016,7,KINGS HWY (N/B) @ BE,VERLEY RD,"KINGS HWY AND BE VERLEY RD, NEW YORK, NY",Red Light,40.646636989269,-73.924767958897
2016,7,NB OCEAN PKWY @ 18TH,AVE,"OCEAN PKWY AND 18TH AVE, NEW YORK, NY",Red Light,40.633076997769,-73.97223802934
2017,7,BRUCKNER BLVD (E/B),@ BRONX RIVER PKWY R,"BRUCKNER BLVD AND BRONX RIVER PKWY R, NEW YORK, NY",Red Light,40.824586009059,-73.872502014913
2017,7,CONEY ISLAND AVE (S/,B) @ AVE P,"CONEY ISLAND AVE AND AVE P, NEW YORK, NY",Red Light,40.609977017441,-73.96243598031
2016,7,GRAND CONCOURSE (N/B,) @ E 162ND ST,"GRAND CONCOURSE AND E 162ND ST, NEW YORK, NY",Red Light,40.827677715955,-73.922074182854
2017,7,EB QUEENS BLVD @ GRA,ND AVE / BROADWAY,"QUEENS BLVD AND GRA ND AVE / BROADWAY, NEW YORK, NY",Red Light,40.736805019312,-73.877641965578
2016,7,ARTHUR KILL RD (E/B),@ GIFFORDS LN,"ARTHUR KILL RD AND GIFFORDS LN, NEW YORK, NY",Red Light,40.563733009884,-74.155879995858
2016,7,EASTERN PKWY (W/B) @,BEDFORD AVE,"EASTERN PKWY AND BEDFORD AVE, NEW YORK, NY",Red Light,40.670309998407,-73.955193010138
2016,7,ROCKAWAY PKWY (N/B),@ SEAVIEW AVE,"ROCKAWAY PKWY AND SEAVIEW AVE, NEW YORK, NY",Red Light,40.63381100103,-73.889824978025
2017,7,CROSS BRONX EXPWY (W,/B) @ ROSEDALE AVE,"CROSS BRONX EXPWY AND ROSEDALE AVE, NEW YORK, NY",Red Light,40.836315979639,-73.869993981845
2017,7,QUEENS BLVD (W/B) @,71ST AVE,"QUEENS BLVD AND 71ST AVE, NEW YORK, NY",Red Light,40.721623506733,-73.843853759507
2017,7,WOODHAVEN BLVD (N/B),@ 62ND RD,"WOODHAVEN BLVD AND 62ND RD, NEW YORK, NY",Red Light,40.726148016158,-73.870308973766
2016,7,QUEENS BLVD (E/B) @,58TH ST,"QUEENS BLVD AND 58TH ST, NEW YORK, NY",Red Light,40.741804992194,-73.907524959141
2017,7,WOODHAVEN BLVD (N/B),@ YELLOWSTONE BLVD,"WOODHAVEN BLVD AND YELLOWSTONE BLVD, NEW YORK, NY",Red Light,40.714000710619,-73.859751799079
2016,7,ARTHUR KILL RD (W/B),@ GIFFORDS LN,"ARTHUR KILL RD AND GIFFORDS LN, NEW YORK, NY",Red Light,40.563733009884,-74.155879995858
2017,7,EB 65TH ST @ 16TH AV,E,"65TH ST AND 16TH AV E, NEW YORK, NY",Red Light,40.621993020467,-73.994909987783
2016,7,BAY PKWY (E/B) @ STI,LLWELL AVE,"BAY PKWY AND STI LLWELL AVE, NEW YORK, NY",Red Light,40.608165981531,-73.987354037346
2017,7,QUEENS BLVD (E/B) @,58TH ST,"QUEENS BLVD AND 58TH ST, NEW YORK, NY",Red Light,40.741804992194,-73.907524959141
2016,7,SURF AVE (W/B) @ W 5,TH ST,"SURF AVE AND W 5 TH ST, NEW YORK, NY",Red Light,40.574745992466,-73.97346296067
2018,7,WB N CONDUIT AVE @ V,AN WYCK EXPWY SB / E,"N CONDUIT AVE AND V AN WYCK EXPWY / E, NEW YORK, NY",Red Light,40.666743498606,-73.801438814868
2018,7,HORACE HARDING EXPWY,(E/B) @ 173RD ST,"HORACE HARDING EXPWY AND 173RD ST, NEW YORK, NY",Red Light,40.73787155649,-73.796435961593
2018,7,PENNSYLVANIA AVE (N/,B) @ LINDEN BLVD,"PENNSYLVANIA AVE AND LINDEN BLVD, NEW YORK, NY",Red Light,40.658685011165,-73.890809013457
2018,7,KINGS HWY (N/B) @ BE,VERLEY RD,"KINGS HWY AND BE VERLEY RD, NEW YORK, NY",Red Light,40.646636989269,-73.924767958897
2018,7,ATLANTIC AVE (E/B) @,BEDFORD AVE,"ATLANTIC AVE AND BEDFORD AVE, NEW YORK, NY",Red Light,40.678792987335,-73.953013966769
2018,7,QUEENS BLVD (E/B) @,39TH ST,"QUEENS BLVD AND 39TH ST, NEW YORK, NY",Red Light,40.743872011427,-73.926192966255
2018,7,CLOVE RD (N/B) @ BAR,D AVE,"CLOVE RD AND BAR D AVE, NEW YORK, NY",Red Light,40.620771106622,-74.110044396534
2019,7,WB N CONDUIT AVE @ V,AN WYCK EXPWY SB / E,"N CONDUIT AVE AND V AN WYCK EXPWY / E, NEW YORK, NY",Red Light,40.666743498606,-73.801438814868
2019,7,CROSS BRONX EXPWY (W,/B) @ ROSEDALE AVE,"CROSS BRONX EXPWY AND ROSEDALE AVE, NEW YORK, NY",Red Light,40.836315979639,-73.869993981845
2019,7,OCEAN PKWY (N/B) @ A,VE W,"OCEAN PKWY AND A VE W, NEW YORK, NY",Red Light,40.58156198849,-73.967607027836
2019,7,EASTERN PKWY (W/B) @,BEDFORD AVE,"EASTERN PKWY AND BEDFORD AVE, NEW YORK, NY",Red Light,40.670309998407,-73.955193010138
2019,7,CLOVE RD (N/B) @ BAR,D AVE,"CLOVE RD AND BAR D AVE, NEW YORK, NY",Red Light,40.620771106622,-74.110044396534
2019,7,EASTERN PKWY (E/B) @,UTICA AVE,"EASTERN PKWY AND UTICA AVE, NEW YORK, NY",Red Light,40.668588020219,-73.931142982995
2019,7,EB QUEENS BLVD @ GRA,ND AVE / BROADWAY,"QUEENS BLVD AND GRA ND AVE / BROADWAY, NEW YORK, NY",Red Light,40.736805019312,-73.877641965578
2019,7,WOODHAVEN BLVD (N/B),@ 62ND RD,"WOODHAVEN BLVD AND 62ND RD, NEW YORK, NY",Red Light,40.726148016158,-73.870308973766
2020,7,CONEY ISLAND AVE (S/,B) @ AVE P,"CONEY ISLAND AVE AND AVE P, NEW YORK, NY",Red Light,40.609977017441,-73.96243598031
2020,7,HORACE HARDING EXPWY,(E/B) @ UTOPIA PKWY,"HORACE HARDING EXPWY AND UTOPIA PKWY, NEW YORK, NY",Red Light,40.739471009345,-73.792834036887
2020,7,QUEENS BLVD (W/B) @,39TH ST,"QUEENS BLVD AND 39TH ST, NEW YORK, NY",Red Light,40.743872011427,-73.926192966255
2020,7,BRONXDALE AVE (W/B),@ CRUGER AVE,"BRONXDALE AVE AND CRUGER AVE, NEW YORK, NY",Red Light,40.850956985192,-73.866808020448
2020,7,REMSEN AVE (N/B) @ L,ENOX RD,"REMSEN AVE AND L ENOX RD, NEW YORK, NY",Red Light,40.655853981458,-73.923374970408
2020,7,NORTHERN BLVD (E/B),@ 48TH ST,"NORTHERN BLVD AND 48TH ST, NEW YORK, NY",Red Light,40.753677497038,-73.914478669835
2020,7,EB QUEENS BLVD @ 71S,T AVE / CONTINENTAL,"QUEENS BLVD AND 71S T AVE / CONTINENTAL, NEW YORK, NY",Red Light,40.721623506733,-73.843853759507
2020,7,4TH AVE (S/B) @ 60TH,ST,"4TH AVE AND 60TH ST, NEW YORK, NY",Red Light,40.640883986205,-74.018488029958
2020,7,QUEENS BLVD (E/B) @,39TH ST,"QUEENS BLVD AND 39TH ST, NEW YORK, NY",Red Light,40.743872011427,-73.926192966255
2020,7,HORACE HARDING EXPWY,(E/B) @ OCEANIA ST,"HORACE HARDING EXPWY AND OCEANIA ST, NEW YORK, NY",Red Light,40.746024987076,-73.767854037587
2020,7,RICHMOND AVE (S/B) @,ETON PL,"RICHMOND AVE AND ETON PL, NEW YORK, NY",Red Light,40.604637284113,-74.16227203522
2021,7,ATLANTIC AVE (W/B) @,KINGSTON AVE,"ATLANTIC AVE AND KINGSTON AVE, NEW YORK, NY",Red Light,40.678094020429,-73.941372006173
2021,7,N CONDUIT AVE (W/B),@ 114TH ST,"N CONDUIT AVE AND 114TH ST, NEW YORK, NY",Red Light,40.666101989646,-73.828068959447
2021,7,12TH AVE (S/B) @ 34T,H ST,"12TH AVE AND 34T H ST, NEW YORK, NY",Red Light,40.75697900297,-74.004799962977
2021,7,GUN HILL ROAD (W/B),@ EASTCHESTER RD,"GUN HILL ROAD AND EASTCHESTER RD, NEW YORK, NY",Red Light,40.868486017393,-73.842415005827
2021,7,WEST ST (S/B) @ 14TH,STREET,"WEST ST AND 14TH STREET, NEW YORK, NY",Red Light,40.74235849117,-74.008705007848
2021,7,FLATBUSH AVE (S/B) @,AVIATOR SPORTS COMP,"FLATBUSH AVE AND AVIATOR SPORTS COMP, NEW YORK, NY",Red Light,40.590608,-73.902783
2021,7,12TH AVE (N/B) @ W 5,7TH ST,"12TH AVE AND W 5 7TH ST, NEW YORK, NY",Red Light,40.771558988267,-73.994197023098
2021,7,VICTORY BLVD (W/B) @,MORANI ST,"VICTORY BLVD AND MORANI ST, NEW YORK, NY",Red Light,40.608092011236,-74.157374992109
2021,7,12TH AVE (N/B) @ 42N,D ST,"12TH AVE AND 42N D ST, NEW YORK, NY",Red Light,40.640278980434,-73.990241016257
2022,7,ASTORIA BLVD (W/B) @,94TH ST,"ASTORIA BLVD AND 94TH ST, NEW YORK, NY",Red Light,40.763085009886,-73.875329985225
2022,7,222ND ST (W/B) @ PAU,LDING AVE,"222ND ST AND PAU LDING AVE, NEW YORK, NY",Red Light,40.883026984931,-73.853247023119
2022,7,BAY ST (S/B) @ HANNA,H ST,"BAY ST AND HANNA H ST, NEW YORK, NY",Red Light,40.63593799278,-74.075836005656
2022,7,GUN HILL ROAD (W/B),@ EASTCHESTER RD,"GUN HILL ROAD AND EASTCHESTER RD, NEW YORK, NY",Red Light,40.868486017393,-73.842415005827
2023,7,L.I.E. N. SVC ROAD (,W/B) @ COLLEGE PT BL,"L.I.E. N. SVC ROAD AND COLLEGE PT BL, NEW YORK, NY",Red Light,40.784669767158,-73.8457863722
2023,7,FLATBUSH AVE (N/B) @,EASTERN PKWY,"FLATBUSH AVE AND EASTERN PKWY, NEW YORK, NY",Red Light,40.673099998698,-73.969437970766
2023,7,MADISON AVE (N/B) @,E 96TH ST,"MADISON AVE AND E 96TH ST, NEW YORK, NY",Red Light,40.787256784172,-73.954155498163
2024,7,12TH AVE (N/B) @ W 5,7TH ST,"12TH AVE AND W 5 7TH ST, NEW YORK, NY",Red Light,40.771558988267,-73.994197023098
2024,7,EASTERN PKWY (W/B) @,HOWARD AVE,"EASTERN PKWY AND HOWARD AVE, NEW YORK, NY",Red Light,40.669381493083,-73.920077781156
2024,7,EASTERN PKWY (E/B) @,ROCHESTER AVE,"EASTERN PKWY AND ROCHESTER AVE, NEW YORK, NY",Red Light,40.66842000497,-73.928377960775
2024,7,3RD AVE (S/B) @ E 13,5TH ST,"3RD AVE AND E 13 5TH ST, NEW YORK, NY",Red Light,40.809417991345,-73.929631977309
2024,7,ATLANTIC AVE (W/B) @,FT GREENE PL,"ATLANTIC AVE AND FT GREENE PL, NEW YORK, NY",Red Light,40.683412296084,-73.975917768653
2024,7,FRANCIS LEWIS BLVD (,N/B) @ HILLSIDE AVE,"FRANCIS LEWIS BLVD AND HILLSIDE AVE, NEW YORK, NY",Red Light,40.721034007483,-73.759482025057
2024,7,BAY PKWY (S/B) @ 65T,H ST,"BAY PKWY AND 65T H ST, NEW YORK, NY",Red Light,40.613850001532,-73.981431971295
2024,7,LINDEN BLVD (E/B) @,PENNSYLVANIA AVE,"LINDEN BLVD AND PENNSYLVANIA AVE, NEW YORK, NY",Red Light,40.658685011165,-73.890809013457
2024,7,ROCKAWAY PKWY (S/B),@ SEAVIEW AVE,"ROCKAWAY PKWY AND SEAVIEW AVE, NEW YORK, NY",Red Light,40.63381100103,-73.889824978025
2025,7,86TH ST (E/B) @ 7TH,AVE,"86TH ST AND 7TH AVE, NEW YORK, NY",Red Light,40.618476979722,-74.021217009994
2025,7,PENNSYLVANIA AVE (N/,B) @ LINDEN BLVD,"PENNSYLVANIA AVE AND LINDEN BLVD, NEW YORK, NY",Red Light,40.658685011165,-73.890809013457
2025,7,WB NORTHERN BLVD @ 4,8TH ST,"NORTHERN BLVD AND 4 8TH ST, NEW YORK, NY",Red Light,40.753677497038,-73.914478669835
2025,7,12TH AVE (N/B) @ W 5,7TH ST,"12TH AVE AND W 5 7TH ST, NEW YORK, NY",Red Light,40.771558988267,-73.994197023098
2025,7,23RD AVE (E/B) @ 94T,H ST,"23RD AVE AND 94T H ST, NEW YORK, NY",Red Light,40.768189002186,-73.876261969039
2025,7,WB QUEENS BLVD @ 58T,H ST,"QUEENS BLVD AND 58T H ST, NEW YORK, NY",Red Light,40.741804992194,-73.907524959141
2025,7,NWB REMSEN AVE @ LIN,DEN BLVD,"NWB REMSEN AVE AND LIN DEN BLVD, NEW YORK, NY",Red Light,40.654401020452,-73.921746031345
2025,7,QUEENS BLVD (E/B) @,39TH ST,"QUEENS BLVD AND 39TH ST, NEW YORK, NY",Red Light,40.743872011427,-73.926192966255
2025,7,CROSSBAY BLVD (S/B),@ PITKIN AVE,"CROSSBAY BLVD AND PITKIN AVE, NEW YORK, NY",Red Light,40.67215799851,-73.843282029891
2017,7,EB QUEENS BLVD @ 71S,T AVE / CONTINENTAL,"QUEENS BLVD AND 71S T AVE / CONTINENTAL, NEW YORK, NY",Red Light,40.721623506733,-73.843853759507
2017,7,EASTERN PKWY (E/B) @,UTICA AVE,"EASTERN PKWY AND UTICA AVE, NEW YORK, NY",Red Light,40.668588020219,-73.931142982995
2016,7,WOODHAVEN BLVD (N/B),@ FURMANVILLE AVE,"WOODHAVEN BLVD AND FURMANVILLE AVE, NEW YORK, NY",Red Light,40.720261992291,-73.865584011127
2017,7,FOREST AVE (E/B) @ S,OUTH AVE,"FOREST AVE AND S OUTH AVE, NEW YORK, NY",Red Light,40.627329987766,-74.166563988741
2018,7,FLATBUSH AVE (N/B) @,BERGEN ST,"FLATBUSH AVE AND BERGEN ST, NEW YORK, NY",Red Light,40.680840979647,-73.975119979109
2018,7,FATHER CAPODANNO BLV,D (N/B) @ PARK AND R,"FATHER CAPODANNO BLV D AND PARK AND R, NEW YORK, NY",Red Light,40.584487331871,-74.072312774025
2018,7,NARROWS RD (W/B) @ R,ICHMOND RD,"NARROWS RD AND R ICHMOND RD, NEW YORK, NY",Red Light,40.608782386691,-74.090796110263
2018,7,ROCKAWAY PKWY (S/B),@ SEAVIEW AVE,"ROCKAWAY PKWY AND SEAVIEW AVE, NEW YORK, NY",Red Light,40.63381100103,-73.889824978025
2019,7,WOODHAVEN BLVD (S/B),@ 62ND RD,"WOODHAVEN BLVD AND 62ND RD, NEW YORK, NY",Red Light,40.726148016158,-73.870308973766
2019,7,4TH AVE (N/B) @ 18TH,ST,"4TH AVE AND 18TH ST, NEW YORK, NY",Red Light,40.664448994521,-73.994013040324
2019,7,WOODHAVEN BLVD (N/B),@ YELLOWSTONE BLVD,"WOODHAVEN BLVD AND YELLOWSTONE BLVD, NEW YORK, NY",Red Light,40.714000710619,-73.859751799079
2019,7,RICHMOND AVE (N/B) @,LANDER AVE,"RICHMOND AVE AND LANDER AVE, NEW YORK, NY",Red Light,40.613023001055,-74.158826989196
2019,7,WOODHAVEN BLVD (S/B),@ YELLOWSTONE BLVD,"WOODHAVEN BLVD AND YELLOWSTONE BLVD, NEW YORK, NY",Red Light,40.714000710619,-73.859751799079
2019,7,OCEAN PKWY (S/B) @ S,HORE PKWY,"OCEAN PKWY AND S HORE PKWY, NEW YORK, NY",Red Light,40.583374994147,-73.96699900458
2019,7,NB UTOPIA PKWY @ HOR,ACE HARDING EXPWY,"UTOPIA PKWY AND HOR ACE HARDING EXPWY, NEW YORK, NY",Red Light,40.739471009345,-73.792834036887
2020,7,E 135TH ST (W/B) @ 3,RD AVE,"E 135TH ST AND 3 RD AVE, NEW YORK, NY",Red Light,40.809417991345,-73.929631977309
2020,7,BAY PKWY (E/B) @ STI,LLWELL AVE,"BAY PKWY AND STI LLWELL AVE, NEW YORK, NY",Red Light,40.608165981531,-73.987354037346
2021,7,EB GRAND CENTRAL PKW,Y SVC RD @ 72ND RD,"GRAND CENTRAL PKW Y SVC RD AND 72ND RD, NEW YORK, NY",Red Light,40.749124992056,-73.72916996187
2021,7,WOODHAVEN BLVD (N/B),@ UNION TPKE,"WOODHAVEN BLVD AND UNION TPKE, NEW YORK, NY",Red Light,40.705556990907,-73.858426033453
2021,7,CROSSBAY BLVD (S/B),@ 156TH AVE,"CROSSBAY BLVD AND 156TH AVE, NEW YORK, NY",Red Light,40.664182994824,-73.841211029254
2021,7,NB WOODHAVEN BLVD @,ATLANTIC AVE,"WOODHAVEN BLVD AND ATLANTIC AVE, NEW YORK, NY",Red Light,40.68815398062,-73.849093035725
2021,7,EASTCHESTER ROAD (S/,B) @ ALLERTON AVE,"EASTCHESTER ROAD AND ALLERTON AVE, NEW YORK, NY",Red Light,40.865210998275,-73.843350007126
2021,7,4TH AVE (S/B) @ 60TH,ST,"4TH AVE AND 60TH ST, NEW YORK, NY",Red Light,40.640883986205,-74.018488029958
2021,7,ATLANTIC AVE (W/B) @,PENNSYLVANIA AVE,"ATLANTIC AVE AND PENNSYLVANIA AVE, NEW YORK, NY",Red Light,40.675783003995,-73.896890000392
2022,7,WEST END AVE (S/B) @,66TH ST,"WEST END AVE AND 66TH ST, NEW YORK, NY",Red Light,40.776022980351,-73.987240965472
2022,7,ASTORIA BLVD (W/B) @,STEINWAY ST,"ASTORIA BLVD AND STEINWAY ST, NEW YORK, NY",Red Light,40.769429314309,-73.910277827601
2022,7,HORACE HARDING EXPWY,(W/B) @ 159TH ST,"HORACE HARDING EXPWY AND 159TH ST, NEW YORK, NY",Red Light,40.73829498642,-73.809420985081
2022,7,QUEENS BLVD (W/B) @,JACOBUS ST,"QUEENS BLVD AND JACOBUS ST, NEW YORK, NY",Red Light,40.73857460671,-73.887233461201
2022,7,CONEY ISLAND AVE (S/,B) @ DORCHESTER RD,"CONEY ISLAND AVE AND DORCHESTER RD, NEW YORK, NY",Red Light,40.637289197481,-73.968221169882
2022,7,WOODHAVEN BLVD (N/B),@ UNION TPKE,"WOODHAVEN BLVD AND UNION TPKE, NEW YORK, NY",Red Light,40.705556990907,-73.858426033453
2022,7,ARTHUR KILL RD (W/B),@ GIFFORDS LN,"ARTHUR KILL RD AND GIFFORDS LN, NEW YORK, NY",Red Light,40.563733009884,-74.155879995858
2024,7,HYLAN BLVD (E/B) @ T,YSENS LN,"HYLAN BLVD AND T YSENS LN, NEW YORK, NY",Red Light,40.563945994044,-74.116413972395
2024,7,EASTERN PKWY (E/B) @,UTICA AVE,"EASTERN PKWY AND UTICA AVE, NEW YORK, NY",Red Light,40.668588020219,-73.931142982995
2025,7,RICHMOND AVE (S/B) @,LANDER AVE,"RICHMOND AVE AND LANDER AVE, NEW YORK, NY",Red Light,40.613023001055,-74.158826989196
2019,7,ROCKAWAY BLVD (E/B),@ N CONDUIT AVE,"ROCKAWAY BLVD AND N CONDUIT AVE, NEW YORK, NY",Red Light,40.667523015601,-73.780694023604
2019,7,ATLANTIC AVE (W/B) @,FT GREENE PL,"ATLANTIC AVE AND FT GREENE PL, NEW YORK, NY",Red Light,40.683412296084,-73.975917768653
2026,7,BRUCKNER BLVD (E/B),@ BRONX RIVER PKWY R,"BRUCKNER BLVD AND BRONX RIVER PKWY R, NEW YORK, NY",Red Light,40.824586009059,-73.872502014913
2026,7,E 135TH ST (W/B) @ 3,RD AVE,"E 135TH ST AND 3 RD AVE, NEW YORK, NY",Red Light,40.809417991345,-73.929631977309
2026,7,ATLANTIC AVE (E/B) @,PENNSYLVANIA AVE,"ATLANTIC AVE AND PENNSYLVANIA AVE, NEW YORK, NY",Red Light,40.675783003995,-73.896890000392
2026,7,NB CROSS BAY BLVD @,W 17TH RD,"CROSS BAY BLVD AND W 17TH RD, NEW YORK, NY",Red Light,40.600952012744,-73.82045500624
2026,7,ATLANTIC AVE (E/B) @,KINGSTON AVE,"ATLANTIC AVE AND KINGSTON AVE, NEW YORK, NY",Red Light,40.678094020429,-73.941372006173
2026,7,WOODHAVEN BLVD (S/B),@ FURMANVILLE AVE,"WOODHAVEN BLVD AND FURMANVILLE AVE, NEW YORK, NY",Red Light,40.720261992291,-73.865584011127
2026,7,FLATBUSH AVE (N/B) @,BERGEN ST,"FLATBUSH AVE AND BERGEN ST, NEW YORK, NY",Red Light,40.680840979647,-73.975119979109
2026,7,SB WEBSTER AVE @ CLE,RMONT PKWY,"WEBSTER AVE AND CLE RMONT PKWY, NEW YORK, NY",Red Light,40.839680517483,-73.905339713164
2026,7,EB CLAREMONT PKWY @,CROTONA AVE,"CLAREMONT PKWY AND CROTONA AVE, NEW YORK, NY",Red Light,40.836479007656,-73.897771022235
2026,7,EB BARTOW AVE @ EDSO,N AVE,"BARTOW AVE AND EDSO N AVE, NEW YORK, NY",Red Light,40.868380992146,-73.833174963404
2026,7,WB CLAREMONT PKWY @,CROTONA AVE,"CLAREMONT PKWY AND CROTONA AVE, NEW YORK, NY",Red Light,40.836479007656,-73.897771022235
2026,7,NB WEBSTER AVE @ E 1,66TH ST,"WEBSTER AVE AND E 1 66TH ST, NEW YORK, NY",Red Light,40.829158001965,-73.911453976255
2026,7,WB KINGS HWY @ UTICA,AVE,"KINGS HWY AND UTICA AVE, NEW YORK, NY",Red Light,40.634312993211,-73.928521961872
2026,7,NB AMSTERDAM AVE @ W,165TH ST,"AMSTERDAM AVE AND W 165TH ST, NEW YORK, NY",Red Light,40.83788800558,-73.93837698453
2026,7,NB SPRINGFIELD BLVD,@ 118TH AVE,"SPRINGFIELD BLVD AND 118TH AVE, NEW YORK, NY",Red Light,40.694569992225,-73.74421899847
2026,7,WB SUNRISE HWY @ HOO,K CREEK BLVD,"SUNRISE HWY AND HOO K CREEK BLVD, NEW YORK, NY",Red Light,40.665357006092,-73.729869012595
2026,7,WB E 135TH ST @ WILL,IS AVE,"E 135TH ST AND WILL IS AVE, NEW YORK, NY",Red Light,40.80718320832,-73.924242832663
2026,7,NB 164TH ST @ UNION,TPKE,"164TH ST AND UNION TPKE, NEW YORK, NY",Red Light,40.721503016875,-73.804597032165
2026,7,EB BAISLEY BLVD @ GU,Y R BREWER BLVD,"BAISLEY BLVD AND GU Y R BREWER BLVD, NEW YORK, NY",Red Light,40.67837271871,-73.779486191356
2026,7,NORTHERN BLVD (W/B),@ DOUGLASTON PKWY,"NORTHERN BLVD AND DOUGLASTON PKWY, NEW YORK, NY",Red Light,40.76534581872,-73.744281359829
2026,7,NB NEW LOTS AVE @ PE,NNSYLVANIA AVE,"NEW LOTS AVE AND PE NNSYLVANIA AVE, NEW YORK, NY",Red Light,40.661836983944,-73.893087969112
2024,7,WOODHAVEN BLVD (N/B),@ ROCKAWAY BLVD,"WOODHAVEN BLVD AND ROCKAWAY BLVD, NEW YORK, NY",Red Light,40.68071868768,-73.84481088903
2026,7,QUEENS BLVD (E/B) @,70TH ST,"QUEENS BLVD AND 70TH ST, NEW YORK, NY",Red Light,40.739905988211,-73.894214999813
2026,7,CROSSBAY BLVD (N/B),@ LIBERTY AVE,"CROSSBAY BLVD AND LIBERTY AVE, NEW YORK, NY",Red Light,40.680263801795,-73.844728997836
2026,7,NB SPRINGFIELD BLVD,@ SOUTH CONDUIT AVE,"SPRINGFIELD BLVD AND SOUTH CONDUIT AVE, NEW YORK, NY",Red Light,40.665649995518,-73.758242006301
2026,7,WHITE PLAINS RD (S/B,) @ WATSON AVE,"WHITE PLAINS RD AND WATSON AVE, NEW YORK, NY",Red Light,40.8284200173,-73.860672970238
2026,7,SB OCEAN PKWY @ CORT,ELYOU RD,"OCEAN PKWY AND CORT ELYOU RD, NEW YORK, NY",Red Light,40.638517984486,-73.973257017309
2026,7,SB FARMERS BLVD @ ME,RRICK BLVD,"FARMERS BLVD AND ME RRICK BLVD, NEW YORK, NY",Red Light,40.679252483267,-73.761737176106
2026,7,SB CROTONA AVE @ E 1,82ND ST,"CROTONA AVE AND E 1 82ND ST, NEW YORK, NY",Red Light,40.850308980257,-73.886437012761
2026,7,NB OCEAN PKWY @ BEVE,RLEY RD,"OCEAN PKWY AND BEVE RLEY RD, NEW YORK, NY",Red Light,40.643300991805,-73.974161005567
2026,7,QUEENS BLVD (E/B) @,ASCAN AVE,"QUEENS BLVD AND ASCAN AVE, NEW YORK, NY",Red Light,40.719742984846,-73.839651995264
2026,7,NB DEKALB AVE @ EVER,GREEN AVE,"DEKALB AVE AND EVER GREEN AVE, NEW YORK, NY",Red Light,40.696137994852,-73.927257970873
2026,7,WB W 145TH ST @ BROA,DWAY,"W 145TH ST AND BROA DWAY, NEW YORK, NY",Red Light,40.821639497681,-73.939070503199
2026,7,SB ALBANY AVE @ LENO,X RD,"ALBANY AVE AND LENO X RD, NEW YORK, NY",Red Light,40.654787007093,-73.939422962228
2026,7,WB AVE N @ MCDONALD,AVE,"AVE N AND MCDONALD AVE, NEW YORK, NY",Red Light,40.614033104206,-73.973920612584
2026,7,SB GRAND CONCOURSE @,E 158TH ST,"GRAND CONCOURSE AND E 158TH ST, NEW YORK, NY",Red Light,40.825449596544,-73.923565910162
2026,7,WB N CONDUIT @ CROSS,BAY BLVD,"N CONDUIT AND CROSS BAY BLVD, NEW YORK, NY",Red Light,40.668760980791,-73.842378041634
2026,7,EB BROADWAY @ STEINW,AY ST,"BROADWAY AND STEINW AY ST, NEW YORK, NY",Red Light,40.758967986684,-73.919001963883
2026,7,SB BROADWAY @ W 196T,H ST,"BROADWAY AND W 196T H ST, NEW YORK, NY",Red Light,40.860656020632,-73.930764037152
2026,7,N CONDUIT AVE (W/B),@ LEFFERTS BLVD,"N CONDUIT AVE AND LEFFERTS BLVD, NEW YORK, NY",Red Light,40.666071018514,-73.822277986362
2026,7,WB ATLANTIC AVE @ AL,BANY AVE,"ATLANTIC AVE AND AL BANY AVE, NEW YORK, NY",Red Light,40.677859704326,-73.938626010874
2026,7,WB NORTHERN BLVD @ U,NION ST,"NORTHERN BLVD AND U NION ST, NEW YORK, NY",Red Light,40.763844619861,-73.828145570042
2026,7,WB FOCH BLVD @ GUY R,BREWER BLVD,"FOCH BLVD AND GUY R BREWER BLVD, NEW YORK, NY",Red Light,40.684283008186,-73.783017990078
2026,7,EB AVE S @ MCDONALD,AVE,"AVE S AND MCDONALD AVE, NEW YORK, NY",Red Light,40.60179900406,-73.972559978241
2025,7,EB DITMAS AVE @ REMS,EN AVE,"DITMAS AVE AND REMS EN AVE, NEW YORK, NY",Red Light,40.648096991073,-73.914738005919
2025,7,SB KINGS HWY @ CLARE,NDON RD,"KINGS HWY AND CLARE NDON RD, NEW YORK, NY",Red Light,40.644709989729,-73.925112036022
2026,7,NB E 98TH ST @ NEWPO,RT ST,"E 98TH ST AND NEWPO RT ST, NEW YORK, NY",Red Light,40.658407989265,-73.915611986963
2026,7,WB HORACE HARDING EX,PWY @ SPRINGFIELD BL,"HORACE HARDING EX PWY AND SPRINGFIELD BL, NEW YORK, NY",Red Light,40.749584990903,-73.756994024737
2026,7,SB SHELL RD @ NEPTUN,E AVE,"SHELL RD AND NEPTUN E AVE, NEW YORK, NY",Red Light,40.579762980612,-73.976281962346
2026,7,NB 14TH AVE @ 52ND S,T,"14TH AVE AND 52ND S T, NEW YORK, NY",Red Light,40.632016016465,-73.99166300613
2026,7,SB SPRINGFIELD BLVD,@ LUCAS ST,"SPRINGFIELD BLVD AND LUCAS ST, NEW YORK, NY",Red Light,40.682438989488,-73.75189497776
